{
  "chroma_mean": [
    0.43975743651390076,
    0.39845672249794006,
    0.4984963536262512,
    0.37070468068122864,
    0.5827497839927673,
    0.31449681520462036,
    0.39993801712989807,
    0.4349410831928253,
    0.2962762117385864,
    0.35728076100349426,
    0.3315161466598511,
    0.5356281995773315
  ],
  "chroma_std": [
    0.3056016266345978,
    0.2655385434627533,
    0.31033602356910706,
    0.2077922821044922,
    0.32297271490097046,
    0.19086496531963348,
    0.24195952713489532,
    0.28659024834632874,
    0.18607382476329803,
    0.25579774379730225,
    0.21863678097724915,
    0.29841652512550354
  ],
  "key_estimation": {
    "key": "C_major",
    "confidence": 0.3296614767646101
  },
  "tonal_complexity": 0.08544040471315384
}