{
  "tempo_bpm": 184.5703125,
  "tempo_confidence": 0.9829947428279517,
  "beat_positions": [
    1.1145578231292517,
    1.3931972789115645,
    1.6718367346938776,
    1.9736961451247166,
    2.2987755102040817,
    2.6006349206349206,
    2.9024943310657596,
    3.2043537414965986,
    3.5062131519274375,
    3.8080725623582765,
    4.1099319727891155,
    4.435011337868481,
    4.760090702947846,
    5.085170068027211,
    5.410249433106576,
    5.735328798185941,
    6.060408163265306,
    6.3854875283446715,
    6.733786848072563,
    7.012426303854875,
    7.314285714285714,
    7.616145124716553,
    7.918004535147392,
    8.219863945578231,
    8.52172335600907,
    8.823582766439909,
    9.125442176870749,
    9.47374149659864,
    9.775600907029478,
    10.077460317460318,
    10.402539682539683,
    10.727619047619047,
    11.052698412698414,
    11.377777777777778,
    11.702857142857143,
    12.027936507936507,
    12.353015873015874,
    12.654875283446712,
    12.979954648526077,
    13.305034013605443,
    13.630113378684808,
    13.931972789115646,
    14.257052154195012,
    14.55891156462585,
    14.86077097505669,
    15.162630385487528,
    15.487709750566893,
    15.81278911564626,
    16.137868480725622,
    16.46294784580499,
    16.788027210884355,
    17.11310657596372,
    17.438185941043084,
    17.76326530612245,
    18.088344671201813,
    18.436643990929706,
    18.784943310657596,
    19.06358276643991,
    19.388662131519276,
    19.71374149659864,
    20.038820861678005,
    20.36390022675737,
    20.688979591836734,
    20.990839002267574,
    21.31591836734694,
    21.61777777777778,
    21.942857142857143,
    22.31437641723356,
    22.639455782312925,
    22.941315192743765,
    23.26639455782313,
    23.591473922902495,
    23.893333333333334,
    24.19519274376417,
    24.52027210884354,
    24.822131519274375,
    25.14721088435374,
    25.44907029478458,
    25.75092970521542,
    26.05278911564626,
    26.354648526077096,
    26.679727891156464,
    26.9815873015873,
    27.28344671201814,
    27.58530612244898,
    27.88716553287982,
    28.189024943310656,
    28.514104308390024,
    28.81596371882086,
    29.1178231292517,
    29.489342403628118
  ],
  "onset_times": [
    0.16253968253968254,
    0.5804988662131519,
    1.1145578231292517,
    1.3931972789115645,
    1.6486167800453515,
    1.9736961451247166,
    2.2755555555555556,
    2.461315192743764,
    2.6006349206349206,
    2.995374149659864,
    3.2043537414965986,
    3.320453514739229,
    3.3901133786848074,
    3.5062131519274375,
    3.7616326530612243,
    3.9938321995464854,
    4.063492063492063,
    4.4117913832199545,
    4.73687074829932,
    4.876190476190477,
    4.922630385487528,
    6.733786848072563,
    6.965986394557823,
    7.198185941043084,
    7.291065759637188,
    7.500045351473923,
    7.848344671201814,
    9.102222222222222,
    9.264761904761905,
    9.450521541950113,
    10.00780045351474,
    10.263219954648527,
    10.402539682539683,
    10.565079365079365,
    10.65795918367347,
    11.19201814058957,
    12.027936507936507,
    12.167256235827665,
    12.469115646258503,
    12.631655328798185,
    12.794195011337868,
    12.979954648526077,
    13.119274376417234,
    13.630113378684808,
    14.721451247165533,
    14.86077097505669,
    14.953650793650795,
    15.162630385487528,
    15.696689342403628,
    15.998548752834466,
    17.066666666666666,
    17.438185941043084,
    18.784943310657596,
    19.040362811791383,
    19.365442176870747,
    19.59764172335601,
    21.501678004535147,
    21.61777777777778,
    21.803537414965987,
    21.91963718820862,
    22.128616780045352,
    22.291156462585032,
    22.453696145124717,
    22.639455782312925,
    22.755555555555556,
    22.941315192743765,
    23.08063492063492,
    23.1502947845805,
    23.939773242630384,
    24.055873015873015,
    24.19519274376417,
    24.3112925170068,
    24.636371882086166,
    24.79891156462585,
    25.054331065759637,
    25.14721088435374,
    25.26331065759637,
    25.402630385487527,
    25.44907029478458,
    25.75092970521542,
    26.05278911564626,
    26.354648526077096,
    26.656507936507936,
    26.958367346938775,
    27.051247165532878,
    27.213786848072562,
    27.28344671201814,
    27.58530612244898,
    27.77106575963719,
    27.88716553287982,
    28.189024943310656,
    28.514104308390024,
    29.094603174603176,
    29.41968253968254,
    29.489342403628118
  ],
  "rhythm_regularity": 0.9451291174656617,
  "syncopation_index": 0.35789473684210527,
  "beat_count": 91,
  "onset_count": 95
}