{
  "snr_db": 34.02616903687346,
  "dynamic_range_db": 19.46601648041419,
  "rms_energy": 0.13903623819351196,
  "zero_crossing_rate": 0.14911857408131352
}