{
  "meta": {
    "path": "../../data/raw/MIREX-like_mood/dataset/Audio/619.mp3",
    "file_hash": "b05baa83a3dc438f20bfd0cdc77cc92448171f2b",
    "duration_sec": 29.675102040816327,
    "sample_rate": 22050,
    "analysis_timestamp": "2025-10-24T20:07:19.406336",
    "config": {
      "sr": 22050,
      "n_fft": 2048,
      "hop_length": 512,
      "n_mels": 128,
      "n_mfcc": 13,
      "n_chroma": 12,
      "frame_length": 2048,
      "workers": 4,
      "use_crepe": false,
      "save_matrices": false,
      "save_plots": true,
      "force": true,
      "quick": false,
      "verbose": false
    },
    "processing_time_sec": 3.311802625656128
  },
  "acoustic": {
    "mfcc_mean": [
      -61.65877914428711,
      83.5920639038086,
      -46.877384185791016,
      29.408903121948242,
      -9.09433650970459,
      14.03172779083252,
      -7.329985618591309,
      5.68166971206665,
      -1.4261847734451294,
      5.161159038543701,
      -4.40965461730957,
      4.015449523925781,
      -4.598840713500977
    ],
    "mfcc_std": [
      64.50091552734375,
      36.88326644897461,
      22.45305061340332,
      12.494915962219238,
      13.004223823547363,
      13.871879577636719,
      10.142959594726562,
      7.961272239685059,
      10.621675491333008,
      8.80733871459961,
      9.911861419677734,
      9.652345657348633,
      6.648956775665283
    ],
    "spectral_centroid_mean": 2527.22275725068,
    "spectral_centroid_std": 594.8115879096133,
    "spectral_bandwidth_mean": 2037.4958412703713,
    "spectral_bandwidth_std": 320.9962736679702,
    "spectral_rolloff_mean": 4591.185320868354,
    "spectral_rolloff_std": 1028.820129547783,
    "spectral_flux_mean": 3625.855224609375,
    "spectral_flux_std": 2465.451171875,
    "spectral_flatness_mean": 0.021003762260079384,
    "spectral_flatness_std": 0.03870652988553047,
    "spectral_slope_mean": -0.0005636070171448832,
    "spectral_spread_mean": 2037.4958424502306,
    "spectral_skewness_mean": 1.2339078591705586,
    "spectral_kurtosis_mean": 4.672210243343182
  },
  "rhythm": {
    "tempo_bpm": 135.99917763157896,
    "tempo_confidence": 0.9760568901012919,
    "beat_positions": [
      0.13931972789115646,
      0.6965986394557823,
      1.1377777777777778,
      1.5789569160997732,
      2.020136054421769,
      2.4380952380952383,
      2.8328344671201813,
      3.2275736961451247,
      3.622312925170068,
      4.017052154195011,
      4.458231292517007,
      4.899410430839002,
      5.317369614512471,
      5.7817687074829935,
      6.246167800453515,
      6.710566893424036,
      7.174965986394557,
      7.616145124716553,
      8.057324263038549,
      8.498503401360544,
      8.916462585034013,
      9.357641723356009,
      9.775600907029478,
      10.216780045351474,
      10.65795918367347,
      11.099138321995465,
      11.517097505668934,
      11.95827664399093,
      12.376235827664399,
      12.794195011337868,
      13.212154195011339,
      13.653333333333334,
      14.117732426303855,
      14.55891156462585,
      14.97687074829932,
      15.418049886621315,
      15.85922902494331,
      16.27718820861678,
      16.718367346938777,
      17.136326530612244,
      17.554285714285715,
      17.99546485260771,
      18.413424036281178,
      18.83138321995465,
      19.272562358276645,
      19.667301587301587,
      20.154920634920636,
      20.59609977324263,
      21.0140589569161,
      21.455238095238094,
      21.89641723356009,
      22.31437641723356,
      22.755555555555556,
      23.196734693877552,
      23.637913832199548,
      24.055873015873015,
      24.473832199546486,
      24.91501133786848,
      25.33297052154195,
      25.774149659863944,
      26.21532879818594,
      26.656507936507936,
      27.09768707482993,
      27.515646258503402,
      27.910385487528345,
      28.305124716553287,
      28.746303854875283,
      29.18748299319728
    ],
    "onset_times": [
      0.13931972789115646,
      0.25541950113378686,
      0.5572789115646258,
      0.6965986394557823,
      0.9752380952380952,
      1.1377777777777778,
      1.3931972789115645,
      1.555736961451247,
      1.8575963718820863,
      1.9969160997732427,
      2.4380952380952383,
      3.111473922902494,
      3.622312925170068,
      3.9938321995464854,
      4.156371882086168,
      4.435011337868481,
      4.597551020408163,
      4.876190476190477,
      5.038730158730159,
      5.317369614512471,
      5.479909297052155,
      6.106848072562358,
      6.6873469387755105,
      7.012426303854875,
      7.151746031746032,
      7.476825396825397,
      7.616145124716553,
      7.87156462585034,
      7.918004535147392,
      8.057324263038549,
      8.335963718820862,
      8.498503401360544,
      8.730702947845804,
      8.916462585034013,
      9.1718820861678,
      9.729160997732427,
      9.775600907029478,
      10.193560090702947,
      10.47219954648526,
      10.565079365079365,
      10.65795918367347,
      11.099138321995465,
      11.354557823129252,
      11.493877551020407,
      11.77251700680272,
      11.95827664399093,
      12.19047619047619,
      12.399455782312925,
      12.631655328798185,
      13.212154195011339,
      13.630113378684808,
      14.117732426303855,
      14.396371882086168,
      14.535691609977324,
      14.837551020408164,
      14.97687074829932,
      15.232290249433106,
      15.418049886621315,
      15.650249433106575,
      15.85922902494331,
      15.952108843537415,
      16.091428571428573,
      16.27718820861678,
      16.46294784580499,
      16.579047619047618,
      16.718367346938777,
      17.04344671201814,
      17.205986394557822,
      17.554285714285715,
      17.832925170068027,
      17.99546485260771,
      18.274104308390022,
      18.854603174603174,
      19.388662131519276,
      19.644081632653062,
      19.99238095238095,
      20.154920634920636,
      20.456780045351476,
      20.59609977324263,
      20.874739229024943,
      20.990839002267574,
      21.223038548752836,
      21.455238095238094,
      21.687437641723356,
      22.175056689342405,
      22.31437641723356,
      22.453696145124717,
      22.6162358276644,
      22.755555555555556,
      23.034195011337868,
      23.173514739229024,
      23.45215419501134,
      23.61469387755102,
      23.91655328798186,
      24.055873015873015,
      24.450612244897957,
      24.91501133786848,
      25.170430839002268,
      25.774149659863944,
      26.21532879818594,
      26.63328798185941,
      27.074467120181406,
      27.515646258503402,
      28.281904761904762,
      28.606984126984127,
      29.141043083900225,
      29.512562358276643,
      29.6518820861678
    ],
    "rhythm_regularity": 0.9434201810737443,
    "syncopation_index": 0.4444444444444444,
    "beat_count": 68,
    "onset_count": 108
  },
  "harmony": {
    "chroma_mean": [
      0.4437412917613983,
      0.4200209379196167,
      0.44506826996803284,
      0.48138517141342163,
      0.6968321204185486,
      0.4903061091899872,
      0.43335747718811035,
      0.5934286713600159,
      0.5692623853683472,
      0.6269183158874512,
      0.4626297950744629,
      0.4591559171676636
    ],
    "chroma_std": [
      0.2109299898147583,
      0.18611226975917816,
      0.19391393661499023,
      0.20502176880836487,
      0.24971948564052582,
      0.1889062076807022,
      0.18082387745380402,
      0.269599974155426,
      0.20689159631729126,
      0.29814985394477844,
      0.19769270718097687,
      0.1814141720533371
    ],
    "key_estimation": {
      "key": "C_major",
      "confidence": 0.2863061715430611
    },
    "tonal_complexity": 0.08546954393386841
  },
  "quality": {
    "snr_db": 33.47324827640873,
    "dynamic_range_db": 19.598521476207814,
    "rms_energy": 0.13741935789585114,
    "zero_crossing_rate": 0.168947221339914
  },
  "lyrics": {
    "word_count": 148,
    "unique_word_count": 70,
    "sentence_count": 1,