{
  "mfcc_mean": [
    -72.4603500366211,
    92.69696044921875,
    -10.383155822753906,
    30.58426856994629,
    12.239189147949219,
    4.994294166564941,
    7.125238418579102,
    8.252582550048828,
    5.528692245483398,
    6.353405475616455,
    -0.6111829280853271,
    3.458648681640625,
    -0.5014920830726624
  ],
  "mfcc_std": [
    65.20223236083984,
    20.766695022583008,
    16.616426467895508,
    12.735674858093262,
    7.964847087860107,
    7.272705078125,
    8.49935531616211,
    6.124110698699951,
    6.821101188659668,
    8.3781099319458,
    5.816919326782227,
    6.208002090454102,
    5.951310634613037
  ],
  "spectral_centroid_mean": 2232.710393183363,
  "spectral_centroid_std": 530.4968292731011,
  "spectral_bandwidth_mean": 2452.3696606099584,
  "spectral_bandwidth_std": 384.8183616431191,
  "spectral_rolloff_mean": 4757.800145896084,
  "spectral_rolloff_std": 1312.7686409113044,
  "spectral_flux_mean": 4919.0322265625,
  "spectral_flux_std": 5767.69384765625,
  "spectral_flatness_mean": 0.019509514793753624,
  "spectral_flatness_std": 0.03430049866437912,
  "spectral_slope_mean": -0.00040227947382466176,
  "spectral_spread_mean": 2452.369662561069,
  "spectral_skewness_mean": 1.5036885414809669,
  "spectral_kurtosis_mean": 4.956730919430581
}