{
  "mfcc_mean": [
    -262.721435546875,
    169.69432067871094,
    -0.2439551204442978,
    11.85013484954834,
    9.135414123535156,
    -1.7439059019088745,
    -1.4245942831039429,
    -2.8958253860473633,
    -3.7060914039611816,
    -5.455904006958008,
    -3.0048835277557373,
    -3.2183122634887695,
    -4.025493144989014
  ],
  "mfcc_std": [
    63.20783233642578,
    36.46701431274414,
    26.033958435058594,
    24.450014114379883,
    15.684032440185547,
    11.9542818069458,
    9.117283821105957,
    10.610445022583008,
    9.933187484741211,
    9.08523178100586,
    7.971893787384033,
    7.90462064743042,
    8.134360313415527
  ],
  "spectral_centroid_mean": 838.6543340543917,
  "spectral_centroid_std": 334.199658090785,
  "spectral_bandwidth_mean": 1038.7795931948926,
  "spectral_bandwidth_std": 296.36394465386684,
  "spectral_rolloff_mean": 1509.739315257353,
  "spectral_rolloff_std": 783.2131913511197,
  "spectral_flux_mean": 1347.702880859375,
  "spectral_flux_std": 2612.435546875,
  "spectral_flatness_mean": 0.0016074491431936622,
  "spectral_flatness_std": 0.03228452056646347,
  "spectral_slope_mean": -0.0007263109448421437,
  "spectral_spread_mean": 1038.7795939069001,
  "spectral_skewness_mean": 3.7458760354125578,
  "spectral_kurtosis_mean": 25.55515205959637
}