{
  "snr_db": 52.243544367904306,
  "dynamic_range_db": 20.711426671619016,
  "rms_energy": 0.14247609674930573,
  "zero_crossing_rate": 0.11294716282894737
}