{
  "mfcc_mean": [
    -75.23065948486328,
    85.2829818725586,
    -7.122175693511963,
    35.312286376953125,
    -9.742444038391113,
    21.652740478515625,
    -9.191739082336426,
    17.482162475585938,
    -12.059693336486816,
    8.409441947937012,
    -5.438238620758057,
    4.3839006423950195,
    -8.056506156921387
  ],
  "mfcc_std": [
    84.92527770996094,
    28.98202896118164,
    17.325746536254883,
    15.62804126739502,
    14.424759864807129,
    11.489689826965332,
    10.030608177185059,
    8.683263778686523,
    9.96695327758789,
    9.491098403930664,
    8.298908233642578,
    10.003589630126953,
    8.25090217590332
  ],
  "spectral_centroid_mean": 2549.4138913583697,
  "spectral_centroid_std": 692.8110697320601,
  "spectral_bandwidth_mean": 2436.0727602560273,
  "spectral_bandwidth_std": 331.83008881188454,
  "spectral_rolloff_mean": 5502.992698852634,
  "spectral_rolloff_std": 1230.152172727927,
  "spectral_flux_mean": 3770.560791015625,
  "spectral_flux_std": 3467.21923828125,
  "spectral_flatness_mean": 0.015965759754180908,
  "spectral_flatness_std": 0.03202700987458229,
  "spectral_slope_mean": -0.0005387089180409794,
  "spectral_spread_mean": 2436.0727589918374,
  "spectral_skewness_mean": 1.044411520830436,
  "spectral_kurtosis_mean": 3.3794813645549246
}