{
  "snr_db": 35.23633976886151,
  "dynamic_range_db": 18.504136445896677,
  "rms_energy": 0.16029296815395355,
  "zero_crossing_rate": 0.13281514753582493
}