{
  "meta": {
    "path": "../../data/raw/MIREX-like_mood/dataset/Audio/266.mp3",
    "file_hash": "7c6b8f28df70c82f9c834571ac59b47bdce63a1e",
    "duration_sec": 29.675102040816327,
    "sample_rate": 22050,
    "analysis_timestamp": "2025-10-24T20:01:16.255720",
    "config": {
      "sr": 22050,
      "n_fft": 2048,
      "hop_length": 512,
      "n_mels": 128,
      "n_mfcc": 13,
      "n_chroma": 12,
      "frame_length": 2048,
      "workers": 4,
      "use_crepe": false,
      "save_matrices": false,
      "save_plots": true,
      "force": true,
      "quick": false,
      "verbose": false
    },
    "processing_time_sec": 3.135049343109131
  },
  "acoustic": {
    "mfcc_mean": [
      -55.124961853027344,
      86.3643569946289,
      0.5339456796646118,
      22.352991104125977,
      -0.394456148147583,
      10.92210865020752,
      -3.339496374130249,
      7.562596321105957,
      -2.7164039611816406,
      2.531702995300293,
      -1.2895314693450928,
      4.7235589027404785,
      -0.6098009943962097
    ],
    "mfcc_std": [
      79.97216796875,
      27.5065860748291,
      17.948318481445312,
      13.255838394165039,
      10.609624862670898,
      10.73814868927002,
      8.252211570739746,
      7.7358808517456055,
      8.373396873474121,
      7.089747905731201,
      6.876516342163086,
      6.600095272064209,
      5.992648601531982
    ],
    "spectral_centroid_mean": 2512.4573395343555,
    "spectral_centroid_std": 699.9177898417371,
    "spectral_bandwidth_mean": 2583.579032545543,
    "spectral_bandwidth_std": 366.0740583473023,
    "spectral_rolloff_mean": 5478.659704236708,
    "spectral_rolloff_std": 1339.667522829171,
    "spectral_flux_mean": 6114.29345703125,
    "spectral_flux_std": 4747.0556640625,
    "spectral_flatness_mean": 0.029185213148593903,
    "spectral_flatness_std": 0.04111538082361221,
    "spectral_slope_mean": -0.00036221981926574324,
    "spectral_spread_mean": 2583.579032128363,
    "spectral_skewness_mean": 1.2511184312416788,
    "spectral_kurtosis_mean": 3.997532492288921
  },
  "rhythm": {
    "tempo_bpm": 151.99908088235293,
    "tempo_confidence": 0.9863636004407446,
    "beat_positions": [
      0.626938775510204,
      0.9984580498866213,
      1.3931972789115645,
      1.787936507936508,
      2.2058956916099772,
      2.6238548752834467,
      2.972154195011338,
      3.3668934240362813,
      3.7616326530612243,
      4.133151927437642,
      4.527891156462585,
      4.922630385487528,
      5.294149659863946,
      5.6656689342403626,
      6.060408163265306,
      6.455147392290249,
      6.826666666666667,
      7.22140589569161,
      7.616145124716553,
      7.987664399092971,
      8.382403628117913,
      8.753922902494331,
      9.148662131519274,
      9.520181405895691,
      9.914920634920636,
      10.309659863945578,
      10.704399092970522,
      11.099138321995465,
      11.470657596371883,
      11.842176870748299,
      12.236916099773243,
      12.631655328798185,
      13.003174603174603,
      13.397913832199546,
      13.79265306122449,
      14.187392290249432,
      14.55891156462585,
      14.953650793650795,
      15.32517006802721,
      15.696689342403628,
      16.091428571428573,
      16.486167800453515,
      16.880907029478458,
      17.252426303854875,
      17.647165532879818,
      18.04190476190476,
      18.413424036281178,
      18.83138321995465,
      19.22612244897959,
      19.59764172335601,
      19.969160997732427,
      20.36390022675737,
      20.758639455782312,
      21.153378684807254,
      21.524897959183672,
      21.89641723356009,
      22.267936507936508,
      22.639455782312925,
      23.010975056689343,
      23.38249433106576,
      23.777233560090703,
      24.14875283446712,
      24.52027210884354,
      24.891791383219953,
      25.2865306122449,
      25.658049886621317,
      26.02956916099773,
      26.424308390022677,
      26.79582766439909,
      27.16734693877551,
      27.538866213151927,
      27.910385487528345,
      28.305124716553287,
      28.69986394557823,
      29.071383219954647,
      29.442902494331065
    ],
    "onset_times": [
      0.23219954648526078,
      0.626938775510204,
      0.9287981859410431,
      1.253877551020408,
      1.6253968253968254,
      1.787936507936508,
      2.2058956916099772,
      2.4380952380952383,
      2.6238548752834467,
      2.809614512471655,
      2.972154195011338,
      3.3668934240362813,
      3.7848526077097504,
      4.133151927437642,
      4.527891156462585,
      4.899410430839002,
      5.131609977324263,
      5.294149659863946,
      5.50312925170068,
      5.6656689342403626,
      5.874648526077097,
      6.03718820861678,
      6.246167800453515,
      6.455147392290249,
      6.640907029478458,
      6.826666666666667,
      7.035646258503402,
      7.22140589569161,
      7.430385487528345,
      7.616145124716553,
      7.801904761904762,
      7.987664399092971,
      8.196643990929704,
      8.382403628117913,
      8.753922902494331,
      8.986122448979591,
      9.148662131519274,
      9.357641723356009,
      9.520181405895691,
      9.752380952380953,
      9.914920634920636,
      10.286439909297052,
      10.518639455782314,
      10.704399092970522,
      11.679637188208616,
      11.842176870748299,
      12.051156462585034,
      12.213696145124716,
      12.631655328798185,
      12.84063492063492,
      13.003174603174603,
      13.397913832199546,
      13.630113378684808,
      13.769433106575963,
      14.164172335600908,
      14.744671201814059,
      14.930430839002268,
      15.162630385487528,
      15.32517006802721,
      15.51092970521542,
      15.696689342403628,
      15.928888888888888,
      16.091428571428573,
      16.300408163265306,
      16.486167800453515,
      16.69514739229025,
      16.857687074829933,
      17.066666666666666,
      17.252426303854875,
      17.438185941043084,
      17.647165532879818,
      18.018684807256236,
      18.22766439909297,
      18.413424036281178,
      18.92426303854875,
      19.365442176870747,
      19.481541950113378,
      19.9459410430839,
      20.456780045351476,
      20.59609977324263,
      20.96761904761905,
      21.153378684807254,
      21.339138321995463,
      21.524897959183672,
      21.71065759637188,
      21.89641723356009,
      22.0821768707483,
      22.267936507936508,
      22.453696145124717,
      22.639455782312925,
      22.825215419501134,
      23.010975056689343,
      23.196734693877552,
      23.38249433106576,
      23.56825396825397,
      23.939773242630384,
      24.14875283446712,
      24.33451247165533,
      24.52027210884354,
      24.706031746031748,
      24.891791383219953,
      25.077551020408162,
      25.26331065759637,
      25.44907029478458,
      25.63482993197279,
      25.820589569160997,
      26.02956916099773,
      26.21532879818594,
      26.40108843537415,
      26.586848072562358,
      26.79582766439909,
      26.958367346938775,
      27.88716553287982,
      28.281904761904762,
      28.606984126984127,
      29.071383219954647,
      29.442902494331065
    ],
    "rhythm_regularity": 0.9640175446224559,
    "syncopation_index": 0.4358974358974359,
    "beat_count": 76,
    "onset_count": 117
  },
  "harmony": {
    "chroma_mean": [
      0.36506858468055725,
      0.44100409746170044,
      0.6994154453277588,
      0.4800723195075989,
      0.394036203622818,
      0.3821471631526947,
      0.374237060546875,
      0.4102014899253845,
      0.4085226058959961,
      0.5539286732673645,
      0.44693759083747864,
      0.4264638125896454
    ],
    "chroma_std": [
      0.1705344319343567,
      0.21963772177696228,
      0.31139707565307617,
      0.18268044292926788,
      0.1911902129650116,
      0.19522355496883392,
      0.18908430635929108,
      0.27498993277549744,
      0.21596357226371765,
      0.2827094793319702,
      0.23432134091854095,
      0.22134649753570557
    ],