{
  "mfcc_mean": [
    -21.78934669494629,
    85.21342468261719,
    11.462867736816406,
    9.57177448272705,
    1.9837253093719482,
    2.317432165145874,
    -5.660089015960693,
    1.1398296356201172,
    -5.503756046295166,
    5.829772472381592,
    0.3332667052745819,
    2.290592670440674,
    1.736897349357605
  ],
  "mfcc_std": [
    72.19241333007812,
    27.64017105102539,
    22.325803756713867,
    18.63656997680664,
    16.77576446533203,
    15.198020935058594,
    11.603940963745117,
    9.90599536895752,
    8.745829582214355,
    9.869529724121094,
    7.892397403717041,
    7.812934398651123,
    7.41426944732666
  ],
  "spectral_centroid_mean": 2512.6104950943363,
  "spectral_centroid_std": 839.5341441632031,
  "spectral_bandwidth_mean": 2782.8434931590177,
  "spectral_bandwidth_std": 454.2678926106041,
  "spectral_rolloff_mean": 5697.988082980256,
  "spectral_rolloff_std": 1836.3146738861292,
  "spectral_flux_mean": 24015.56640625,
  "spectral_flux_std": 19282.51953125,
  "spectral_flatness_mean": 0.02958635613322258,
  "spectral_flatness_std": 0.040933046489953995,
  "spectral_slope_mean": -0.0002088704691894333,
  "spectral_spread_mean": 2782.8434934851716,
  "spectral_skewness_mean": 1.375274719856674,
  "spectral_kurtosis_mean": 4.296401790609647
}