{
  "snr_db": 34.56835009234385,
  "dynamic_range_db": 17.4732983452267,
  "rms_energy": 0.17852625250816345,
  "zero_crossing_rate": 0.07844087953039751
}