{
  "meta": {
    "path": "../../data/raw/MIREX-like_mood/dataset/Audio/456.mp3",
    "file_hash": "4db3f4abddfff8dc3b740da53daa7fda14d1aac3",
    "duration_sec": 29.76798185941043,
    "sample_rate": 22050,
    "analysis_timestamp": "2025-10-24T20:12:31.309766",
    "config": {
      "sr": 22050,
      "n_fft": 2048,
      "hop_length": 512,
      "n_mels": 128,
      "n_mfcc": 13,
      "n_chroma": 12,
      "frame_length": 2048,
      "workers": 4,
      "use_crepe": false,
      "save_matrices": false,
      "save_plots": true,
      "force": true,
      "quick": false,
      "verbose": false
    },
    "processing_time_sec": 2.568671464920044
  },
  "acoustic": {
    "mfcc_mean": [
      -103.72808074951172,
      104.27641296386719,
      11.220746040344238,
      25.283231735229492,
      9.91364860534668,
      12.233034133911133,
      0.9527815580368042,
      15.03852367401123,
      0.6797371506690979,
      2.799633502960205,
      -2.1231017112731934,
      2.860513210296631,
      -3.804696559906006
    ],
    "mfcc_std": [
      67.66758728027344,
      32.100467681884766,
      19.552257537841797,
      14.98937702178955,
      12.805822372436523,
      8.84387493133545,
      10.512353897094727,
      8.29455280303955,
      9.749860763549805,
      9.385741233825684,
      10.271100997924805,
      8.427580833435059,
      7.7222208976745605
    ],
    "spectral_centroid_mean": 2033.4414954905403,
    "spectral_centroid_std": 869.0037832180668,
    "spectral_bandwidth_mean": 2444.35468809188,
    "spectral_bandwidth_std": 503.9894194188163,
    "spectral_rolloff_mean": 4507.320679376949,
    "spectral_rolloff_std": 1918.054496551742,
    "spectral_flux_mean": 4648.21630859375,
    "spectral_flux_std": 6868.72314453125,
    "spectral_flatness_mean": 0.015165872871875763,
    "spectral_flatness_std": 0.03656540811061859,
    "spectral_slope_mean": -0.00038773119248972733,
    "spectral_spread_mean": 2444.354689648766,
    "spectral_skewness_mean": 1.728694692671152,
    "spectral_kurtosis_mean": 6.0386345342450625
  },
  "rhythm": {
    "tempo_bpm": 117.45383522727273,
    "tempo_confidence": 0.9894819361638145,
    "beat_positions": [
      0.16253968253968254,
      0.6733786848072563,
      1.18421768707483,
      1.6718367346938776,
      2.182675736961451,
      2.693514739229025,
      3.2275736961451247,
      3.7151927437641725,
      4.2260317460317465,
      4.73687074829932,
      5.224489795918367,
      5.735328798185941,
      6.246167800453515,
      6.757006802721088,
      7.267845804988662,
      7.778684807256236,
      8.266303854875284,
      8.777142857142858,
      9.287981859410431,
      9.798820861678005,
      10.309659863945578,
      10.820498866213152,
      11.331337868480725,
      11.842176870748299,
      12.353015873015874,
      12.863854875283447,
      13.374693877551021,
      13.862312925170068,
      14.373151927437641,
      14.883990929705215,
      15.394829931972788,
      15.905668934240364,
      16.416507936507937,
      16.92734693877551,
      17.438185941043084,
      17.949024943310658,
      18.45986394557823,
      18.94748299319728,
      19.481541950113378,
      19.969160997732427,
      20.48,
      20.96761904761905,
      21.478458049886623,
      22.01251700680272,
      22.523356009070294,
      23.010975056689343,
      23.521814058956917,
      24.03265306122449,
      24.543492063492064,
      25.054331065759637,
      25.56517006802721,
      26.076009070294784,
      26.586848072562358,
      27.09768707482993,
      27.58530612244898,
      28.096145124716553,
      28.606984126984127,
      29.1178231292517,
      29.628662131519274
    ],
    "onset_times": [
      0.16253968253968254,
      0.6501587301587302,
      0.905578231292517,
      1.1609977324263039,
      1.4164172335600906,
      1.6718367346938776,
      1.9272562358276644,
      2.159455782312925,
      2.461315192743764,
      2.693514739229025,
      2.948934240362812,
      3.2043537414965986,
      3.4597732426303853,
      3.6919727891156464,
      3.947392290249433,
      4.133151927437642,
      4.20281179138322,
      4.713650793650793,
      4.992290249433107,
      5.479909297052155,
      5.735328798185941,
      5.990748299319728,
      6.246167800453515,
      6.524807256235827,
      6.757006802721088,
      7.012426303854875,
      7.267845804988662,
      7.778684807256236,
      8.010884353741497,
      8.266303854875284,
      8.753922902494331,
      9.05578231292517,
      9.380861678004536,
      9.798820861678005,
      10.054240362811791,
      10.309659863945578,
      10.588299319727891,
      10.820498866213152,
      11.075918367346938,
      11.331337868480725,
      11.586757369614512,
      11.842176870748299,
      12.097596371882085,
      12.329795918367347,
      12.84063492063492,
      13.096054421768708,
      13.351473922902494,
      13.606893424036281,
      13.862312925170068,
      14.117732426303855,
      14.373151927437641,
      14.651791383219955,
      14.883990929705215,
      15.139410430839002,
      15.371609977324264,
      15.673469387755102,
      15.905668934240364,
      16.16108843537415,
      16.416507936507937,
      16.904126984126986,
      17.182766439909297,
      17.438185941043084,
      17.647165532879818,
      17.925804988662133,
      18.06512471655329,
      18.18122448979592,
      18.436643990929706,
      18.715283446712018,
      18.94748299319728,
      19.202902494331067,
      19.481541950113378,
      19.71374149659864,
      19.969160997732427,
      20.224580498866214,
      20.456780045351476,
      20.735419501133787,
      20.96761904761905,
      21.24625850340136,
      21.478458049886623,
      21.73387755102041,
      22.01251700680272,
      22.244716553287983,
      22.50013605442177,
      23.010975056689343,
      23.289614512471655,
      23.521814058956917,
      23.777233560090703,
      24.03265306122449,
      24.288072562358277,
      24.52027210884354,
      25.054331065759637,
      25.56517006802721,
      25.820589569160997,
      26.05278911564626,
      26.308208616780046,
      26.563628117913833,
      26.865487528344673,
      27.074467120181406,
      27.562086167800455,
      27.840725623582767,
      28.096145124716553,
      28.35156462585034,
      28.46766439909297,
      28.583764172335602,
      29.1178231292517,
      29.60544217687075
    ],
    "rhythm_regularity": 0.9790765673012587,
    "syncopation_index": 0.44339622641509435,
    "beat_count": 59,
    "onset_count": 106
  },
  "harmony": {
    "chroma_mean": [
      0.38073351979255676,
      0.34356871247291565,
      0.5698400735855103,
      0.5419595837593079,
      0.5684207677841187,
      0.429622083902359,
      0.42930155992507935,
      0.5762177109718323,
      0.38465434312820435,
      0.5504550933837891,
      0.30645743012428284,
      0.34433192014694214
    ],
    "chroma_std": [
      0.3038988709449768,
      0.16730326414108276,
      0.27369269728660583,
      0.25525209307670593,
      0.26512619853019714,
      0.20987160503864288,
      0.23728793859481812,
      0.3065263032913208,
      0.17201896011829376,
      0.3122171461582184,
      0.15328708291053772,
      0.23253196477890015
    ],
    "key_estimation": {
      "key": "C_major",
      "confidence": 0.3235477910272151
    },
    "tonal_complexity": 0.0982423797249794
  },
  "quality": {
    "snr_db": 34.56835009234385,
    "dynamic_range_db": 17.4732983452267,
    "rms_energy": 0.17852625250816345,
    "zero_crossing_rate": 0.07844087953039751
  },
  "lyrics": {
    "word_count": 201,
    "unique_word_count": 87,
    "sentence_count": 19,
    "avg_words_per_sentence": 10.578947368421053,
    "readability": null,
    "sentiment_analysis": null,
    "topic_keywords": [
      "you",
      "Bachelor",
      "Kisses",
      "now,",
      "won't",
      "your",
      "Oh,",
      "save",
      "these",
      "they're"
    ],