{
  "snr_db": 35.34372348641751,
  "dynamic_range_db": 15.006877949231319,
  "rms_energy": 0.23832246661186218,
  "zero_crossing_rate": 0.10367773748507166
}