{
  "chroma_mean": [
    0.22794540226459503,
    0.26616939902305603,
    0.33022820949554443,
    0.23418502509593964,
    0.27773210406303406,
    0.2413938045501709,
    0.35099929571151733,
    0.35928428173065186,
    0.2758033573627472,
    0.40524375438690186,
    0.26009997725486755,
    0.247197687625885
  ],
  "chroma_std": [
    0.3238374590873718,
    0.317160427570343,
    0.3711034953594208,
    0.30022329092025757,
    0.3448754847049713,
    0.30463269352912903,
    0.3730199635028839,
    0.3814140558242798,
    0.307760089635849,
    0.39712345600128174,
    0.33096596598625183,
    0.3299992084503174
  ],
  "key_estimation": {
    "key": "C_major",
    "confidence": 0.03904707469302599
  },
  "tonal_complexity": 0.05507127568125725
}