{
  "mfcc_mean": [
    -81.29395294189453,
    103.10380554199219,
    9.429021835327148,
    24.719709396362305,
    7.480427265167236,
    10.5703763961792,
    1.4132122993469238,
    6.311269283294678,
    -4.31968879699707,
    3.7849888801574707,
    -6.0179362297058105,
    -1.6423135995864868,
    -0.8058874607086182
  ],
  "mfcc_std": [
    65.32705688476562,
    26.320350646972656,
    18.981836318969727,
    12.213248252868652,
    10.240942001342773,
    7.619961261749268,
    8.813579559326172,
    7.966797828674316,
    9.335206985473633,
    7.657858848571777,
    7.311639785766602,
    6.488729000091553,
    6.925295829772949
  ],
  "spectral_centroid_mean": 2104.1026720778177,
  "spectral_centroid_std": 753.8770253148334,
  "spectral_bandwidth_mean": 2476.912398840376,
  "spectral_bandwidth_std": 469.7879838383474,
  "spectral_rolloff_mean": 4682.247614497848,
  "spectral_rolloff_std": 1602.9416315660358,
  "spectral_flux_mean": 4347.3623046875,
  "spectral_flux_std": 4306.07421875,
  "spectral_flatness_mean": 0.013898808509111404,
  "spectral_flatness_std": 0.03294502943754196,
  "spectral_slope_mean": -0.0003990736560402717,
  "spectral_spread_mean": 2476.912400960627,
  "spectral_skewness_mean": 1.605854340966677,
  "spectral_kurtosis_mean": 5.2538261217864015
}