{
  "meta": {
    "path": "../../data/raw/MIREX-like_mood/dataset/Audio/677.mp3",
    "file_hash": "9d71c3ac056f2768920ac4df3f3c545758137567",
    "duration_sec": 29.442902494331065,
    "sample_rate": 22050,
    "analysis_timestamp": "2025-10-24T20:09:43.235210",
    "config": {
      "sr": 22050,
      "n_fft": 2048,
      "hop_length": 512,
      "n_mels": 128,
      "n_mfcc": 13,
      "n_chroma": 12,
      "frame_length": 2048,
      "workers": 4,
      "use_crepe": false,
      "save_matrices": false,
      "save_plots": true,
      "force": true,
      "quick": false,
      "verbose": false
    },
    "processing_time_sec": 2.1168484687805176
  },
  "acoustic": {
    "mfcc_mean": [
      -115.13172149658203,
      140.42764282226562,
      -19.344757080078125,
      21.151615142822266,
      -3.777914047241211,
      1.5599920749664307,
      -7.774973392486572,
      6.128021717071533,
      -2.2760839462280273,
      -0.03036443702876568,
      -7.5212860107421875,
      -3.287358283996582,
      -5.290191173553467
    ],
    "mfcc_std": [
      80.54116821289062,
      39.68627166748047,
      21.923707962036133,
      12.579145431518555,
      10.40004825592041,
      9.535969734191895,
      10.04001235961914,
      8.776296615600586,
      8.53890609741211,
      7.1488728523254395,
      8.640218734741211,
      6.647082328796387,
      8.37266731262207
    ],
    "spectral_centroid_mean": 1671.2902042738685,
    "spectral_centroid_std": 741.2252069452849,
    "spectral_bandwidth_mean": 1867.0338167982422,
    "spectral_bandwidth_std": 608.6546647314426,
    "spectral_rolloff_mean": 3404.4095952460107,
    "spectral_rolloff_std": 1631.9477814482304,
    "spectral_flux_mean": 3184.34228515625,
    "spectral_flux_std": 3691.440185546875,
    "spectral_flatness_mean": 0.009172698482871056,
    "spectral_flatness_std": 0.03252002224326134,
    "spectral_slope_mean": -0.0006354252661736094,
    "spectral_spread_mean": 1867.0338155302143,
    "spectral_skewness_mean": 2.0414146713531216,
    "spectral_kurtosis_mean": 8.262036728686914
  },
  "rhythm": {
    "tempo_bpm": 129.19921875,
    "tempo_confidence": 0.977232603721862,
    "beat_positions": [
      0.7198185941043084,
      1.1609977324263039,
      1.6253968253968254,
      2.1130158730158732,
      2.5541950113378684,
      3.01859410430839,
      3.5294331065759637,
      4.040272108843538,
      4.551111111111111,
      5.085170068027211,
      5.5495691609977325,
      6.013968253968254,
      6.478367346938776,
      6.942766439909297,
      7.4071655328798185,
      7.87156462585034,
      8.335963718820862,
      8.800362811791382,
      9.264761904761905,
      9.729160997732427,
      10.193560090702947,
      10.634739229024943,
      11.099138321995465,
      11.563537414965987,
      12.004716553287983,
      12.469115646258503,
      12.956734693877552,
      13.397913832199546,
      13.862312925170068,
      14.32671201814059,
      14.79111111111111,
      15.255510204081633,
      15.696689342403628,
      16.16108843537415,
      16.62548752834467,
      17.066666666666666,
      17.531065759637187,
      17.99546485260771,
      18.45986394557823,
      18.92426303854875,
      19.388662131519276,
      19.82984126984127,
      20.317460317460316,
      20.78185941043084,
      21.24625850340136,
      21.71065759637188,
      22.175056689342405,
      22.639455782312925,
      23.103854875283446,
      23.54503401360544,
      23.939773242630384,
      24.33451247165533,
      24.729251700680273,
      25.193650793650793,
      25.68126984126984,
      26.145668934240362,
      26.586848072562358,
      27.051247165532878,
      27.515646258503402,
      27.980045351473922,
      28.444444444444443,
      28.908843537414967
    ],
    "onset_times": [
      0.16253968253968254,
      0.25541950113378686,
      0.4876190476190476,
      0.6965986394557823,
      0.9287981859410431,
      1.1609977324263039,
      1.3931972789115645,
      1.6253968253968254,
      1.8575963718820863,
      2.089795918367347,
      2.5309750566893423,
      2.995374149659864,
      3.2275736961451247,
      3.7151927437641725,
      4.040272108843538,
      4.179591836734694,
      5.085170068027211,
      5.479909297052155,
      5.990748299319728,
      6.2693877551020405,
      6.478367346938776,
      6.710566893424036,
      6.919546485260771,
      7.174965986394557,
      7.383945578231293,
      7.592925170068027,
      7.732244897959184,
      7.848344671201814,
      8.103764172335602,
      8.312743764172335,
      8.568163265306122,
      8.777142857142858,
      9.032562358276644,
      9.264761904761905,
      9.636281179138322,
      9.961360544217687,
      10.193560090702947,
      10.402539682539683,
      10.634739229024943,
      10.866938775510205,
      11.42421768707483,
      11.563537414965987,
      12.26013605442177,
      12.469115646258503,
      12.701315192743763,
      12.956734693877552,
      13.397913832199546,
      13.630113378684808,
      13.839092970521541,
      14.094512471655328,
      14.303492063492063,
      14.55891156462585,
      15.023310657596372,
      15.232290249433106,
      15.487709750566893,
      15.696689342403628,
      15.928888888888888,
      16.16108843537415,
      16.370068027210884,
      16.602267573696146,
      16.81124716553288,
      17.205986394557822,
      17.531065759637187,
      17.972244897959182,
      18.204444444444444,
      18.436643990929706,
      18.692063492063493,
      18.901043083900227,
      19.156462585034014,
      19.365442176870747,
      19.620861678004534,
      19.82984126984127,
      20.085260770975058,
      20.29424036281179,
      20.54965986394558,
      20.758639455782312,
      21.0140589569161,
      21.24625850340136,
      21.455238095238094,
      21.687437641723356,
      21.942857142857143,
      22.151836734693877,
      22.407256235827663,
      22.6162358276644,
      22.871655328798187,
      23.08063492063492,
      23.336054421768708,
      23.54503401360544,
      23.777233560090703,
      24.009433106575965,
      24.264852607709752,
      24.473832199546486,
      24.706031746031748,
      24.961451247165535,
      25.170430839002268,
      25.402630385487527,
      25.658049886621317,
      25.890249433106575,
      26.122448979591837,
      26.33142857142857,
      26.586848072562358,
      26.79582766439909,
      27.051247165532878,
      27.260226757369615,
      27.515646258503402,
      27.724625850340136,
      27.980045351473922,
      28.189024943310656,
      28.421224489795918,
      28.676643990929705,
      28.88562358276644,
      29.141043083900225,
      29.373242630385487
    ],
    "rhythm_regularity": 0.9495843698579923,
    "syncopation_index": 0.504424778761062,
    "beat_count": 62,
    "onset_count": 113
  },
  "harmony": {
    "chroma_mean": [
      0.4839409291744232,
      0.41832149028778076,
      0.663555920124054,
      0.420276403427124,
      0.3288889229297638,
      0.4101371169090271,
      0.3837842345237732,
      0.7006339430809021,
      0.41671812534332275,
      0.3929077386856079,
      0.44636985659599304,
      0.5130777359008789
    ],
    "chroma_std": [
      0.2525731921195984,
      0.19384290277957916,
      0.276822030544281,
      0.23179474472999573,
      0.19015800952911377,
      0.2336365282535553,
      0.18646621704101562,
      0.23854880034923553,
      0.19589900970458984,
      0.18452854454517365,
      0.24956999719142914,
      0.24590641260147095
    ],
    "key_estimation": {
      "key": "C_minor",
      "confidence": 0.3553424265677459
    },
    "tonal_complexity": 0.10716211050748825
  },
  "quality": {
    "snr_db": 36.013057196895645,
    "dynamic_range_db": 19.515004904264398,
    "rms_energy": 0.14376643300056458,
    "zero_crossing_rate": 0.08231329110027581
  },
  "lyrics": {
    "word_count": 194,
    "unique_word_count": 104,
    "sentence_count": 1,