{
  "mfcc_mean": [
    -48.010101318359375,
    67.53731536865234,
    -6.230203151702881,
    12.845378875732422,
    10.82402515411377,
    4.404903888702393,
    -7.826335430145264,
    7.027673244476318,
    -3.624141216278076,
    0.031911708414554596,
    3.058651924133301,
    5.56972599029541,
    -4.538327217102051
  ],
  "mfcc_std": [
    57.44538879394531,
    22.726404190063477,
    17.461811065673828,
    11.418086051940918,
    10.311212539672852,
    7.83073091506958,
    9.032198905944824,
    7.542233467102051,
    7.2844109535217285,
    7.100628852844238,
    7.461386680603027,
    6.5801897048950195,
    6.398829460144043
  ],
  "spectral_centroid_mean": 3044.490513791784,
  "spectral_centroid_std": 705.4505239270557,
  "spectral_bandwidth_mean": 2784.725240117607,
  "spectral_bandwidth_std": 299.7803591132695,
  "spectral_rolloff_mean": 6281.683889701204,
  "spectral_rolloff_std": 1338.6155785861763,
  "spectral_flux_mean": 4274.29150390625,
  "spectral_flux_std": 3375.239013671875,
  "spectral_flatness_mean": 0.06219855323433876,
  "spectral_flatness_std": 0.05619800090789795,
  "spectral_slope_mean": -0.0002926074676761275,
  "spectral_spread_mean": 2784.725241813167,
  "spectral_skewness_mean": 1.0521748656825998,
  "spectral_kurtosis_mean": 3.371969000849951
}