{
  "snr_db": 34.39218309603817,
  "dynamic_range_db": 16.614136920373063,
  "rms_energy": 0.1988757848739624,
  "zero_crossing_rate": 0.0671117150792874
}