{
  "chroma_mean": [
    0.5916247367858887,
    0.3737747371196747,
    0.5558888912200928,
    0.4372533857822418,
    0.5336140990257263,
    0.41287949681282043,
    0.5424226522445679,
    0.740710437297821,
    0.4971475601196289,
    0.6778545379638672,
    0.496890127658844,
    0.5581660866737366
  ],
  "chroma_std": [
    0.2607927620410919,
    0.14475837349891663,
    0.22763760387897491,
    0.1659216433763504,
    0.1994990110397339,
    0.1310892254114151,
    0.1992730051279068,
    0.22902242839336395,
    0.17223317921161652,
    0.2577238976955414,
    0.1766548454761505,
    0.2543857991695404
  ],
  "key_estimation": {
    "key": "C_major",
    "confidence": 0.5559584759187453
  },
  "tonal_complexity": 0.10012779384851456
}