{
  "snr_db": 32.590882860600125,
  "dynamic_range_db": 17.593825737080692,
  "rms_energy": 0.16890299320220947,
  "zero_crossing_rate": 0.10259365532154027
}