{
  "tempo_bpm": 129.19921875,
  "tempo_confidence": 0.9794509104800169,
  "beat_positions": [
    0.13931972789115646,
    0.626938775510204,
    1.0913378684807256,
    1.5325170068027212,
    1.9736961451247166,
    2.461315192743764,
    2.9024943310657596,
    3.3901133786848074,
    3.8312925170068026,
    4.295691609977324,
    4.760090702947846,
    5.224489795918367,
    5.642448979591837,
    6.130068027210885,
    6.594467120181406,
    7.035646258503402,
    7.476825396825397,
    7.9412244897959186,
    8.40562358276644,
    8.870022675736962,
    9.311201814058958,
    9.798820861678005,
    10.263219954648527,
    10.681179138321996,
    11.145578231292516,
    11.609977324263038,
    12.07437641723356,
    12.515555555555556,
    12.956734693877552,
    13.444353741496599,
    13.885532879818594,
    14.349931972789115,
    14.814331065759637,
    15.27873015873016,
    15.74312925170068,
    16.184308390022675,
    16.648707482993196,
    17.08988662131519,
    17.554285714285715,
    18.04190476190476,
    18.483083900226756,
    18.92426303854875,
    19.365442176870747,
    19.82984126984127,
    20.29424036281179,
    20.78185941043084,
    21.292698412698414,
    21.803537414965987,
    22.31437641723356,
    22.801995464852606,
    23.289614512471655,
    23.777233560090703,
    24.241632653061224,
    24.706031746031748,
    25.170430839002268,
    25.658049886621317,
    26.122448979591837,
    26.610068027210886,
    27.074467120181406,
    27.562086167800455,
    28.026485260770976
  ],
  "onset_times": [
    0.11609977324263039,
    0.603718820861678,
    0.8823582766439909,
    1.0681179138321995,
    1.3467573696145125,
    1.5325170068027212,
    1.787936507936508,
    1.9272562358276644,
    1.9736961451247166,
    2.345215419501134,
    2.4380952380952383,
    2.716734693877551,
    2.8792743764172335,
    3.297233560090703,
    3.3901133786848074,
    3.645532879818594,
    3.8080725623582765,
    4.295691609977324,
    4.73687074829932,
    5.015510204081632,
    5.224489795918367,
    5.456689342403628,
    5.526349206349207,
    5.61922902494331,
    6.060408163265306,
    6.130068027210885,
    6.408707482993197,
    6.5712471655328795,
    6.873106575963718,
    7.035646258503402,
    7.337505668934241,
    7.476825396825397,
    7.616145124716553,
    7.732244897959184,
    7.9412244897959186,
    8.103764172335602,
    8.40562358276644,
    8.684263038548753,
    8.846802721088435,
    9.009342403628118,
    9.1718820861678,
    9.287981859410431,
    9.798820861678005,
    10.24,
    10.518639455782314,
    10.750839002267574,
    11.145578231292516,
    11.470657596371883,
    11.888616780045352,
    12.051156462585034,
    12.353015873015874,
    12.561995464852608,
    12.817414965986394,
    12.956734693877552,
    13.235374149659863,
    13.421133786848072,
    13.722993197278912,
    13.862312925170068,
    14.187392290249432,
    14.349931972789115,
    14.535691609977324,
    14.651791383219955,
    14.79111111111111,
    14.953650793650795,
    15.255510204081633,
    15.603809523809524,
    15.719909297052155,
    15.998548752834466,
    16.137868480725622,
    16.184308390022675,
    16.439727891156462,
    16.50938775510204,
    16.62548752834467,
    17.08988662131519,
    17.554285714285715,
    17.809705215419502,
    18.45986394557823,
    18.901043083900227,
    19.17968253968254,
    19.342222222222222,
    19.644081632653062,
    19.806621315192743,
    19.853061224489796,
    20.06204081632653,
    20.271020408163267,
    20.990839002267574,
    22.105396825396827,
    22.291156462585032,
    22.68589569160998,
    23.26639455782313,
    23.800453514739228,
    24.079092970521543,
    24.2184126984127,
    24.61315192743764,
    25.170430839002268,
    25.495510204081633,
    25.63482993197279,
    25.820589569160997,
    25.959909297052153,
    26.09922902494331,
    27.051247165532878,
    27.538866213151927,
    27.77106575963719,
    28.026485260770976,
    28.096145124716553,
    28.444444444444443,
    28.978503401360545
  ],
  "rhythm_regularity": 0.9548604956921574,
  "syncopation_index": 0.4392523364485981,
  "beat_count": 61,
  "onset_count": 107
}