{
  "snr_db": 37.52957453985286,
  "dynamic_range_db": 23.44334878940608,
  "rms_energy": 0.10185353457927704,
  "zero_crossing_rate": 0.059711010118125483
}