{
  "mfcc_mean": [
    -65.62761688232422,
    84.69532775878906,
    -14.226720809936523,
    31.262256622314453,
    29.133737564086914,
    17.078201293945312,
    1.6267445087432861,
    -0.4598906338214874,
    3.5509424209594727,
    1.3043979406356812,
    -0.04839931055903435,
    4.332784175872803,
    -1.7392040491104126
  ],
  "mfcc_std": [
    61.516456604003906,
    16.257659912109375,
    18.152862548828125,
    11.858259201049805,
    11.599752426147461,
    10.13992977142334,
    7.822724342346191,
    6.287006378173828,
    7.484550476074219,
    6.817449569702148,
    6.839951515197754,
    7.265012741088867,
    7.096887111663818
  ],
  "spectral_centroid_mean": 2276.349091115901,
  "spectral_centroid_std": 366.110446813987,
  "spectral_bandwidth_mean": 2446.432431483844,
  "spectral_bandwidth_std": 358.65802355443253,
  "spectral_rolloff_mean": 4628.985134970817,
  "spectral_rolloff_std": 1111.375768579907,
  "spectral_flux_mean": 5822.98828125,
  "spectral_flux_std": 4293.0068359375,
  "spectral_flatness_mean": 0.013528277166187763,
  "spectral_flatness_std": 0.030289411544799805,
  "spectral_slope_mean": -0.0003704523149593534,
  "spectral_spread_mean": 2446.4324312816307,
  "spectral_skewness_mean": 1.5441426504327889,
  "spectral_kurtosis_mean": 5.131254933880826
}