{
  "mfcc_mean": [
    -45.587623596191406,
    108.33391571044922,
    6.560518264770508,
    26.910892486572266,
    9.13920783996582,
    3.115302562713623,
    -1.133399486541748,
    2.2764949798583984,
    -2.8450396060943604,
    0.11613813042640686,
    -0.5920165777206421,
    -0.24356971681118011,
    -0.7544266581535339
  ],
  "mfcc_std": [
    54.0823860168457,
    31.580284118652344,
    27.93563461303711,
    17.102088928222656,
    13.836679458618164,
    9.647164344787598,
    10.70363998413086,
    8.254146575927734,
    7.053651809692383,
    7.734884262084961,
    7.504231929779053,
    7.1039533615112305,
    7.5125579833984375
  ],
  "spectral_centroid_mean": 2089.4988911080573,
  "spectral_centroid_std": 1001.5868880202709,
  "spectral_bandwidth_mean": 2443.743294066295,
  "spectral_bandwidth_std": 697.3945655180888,
  "spectral_rolloff_mean": 4582.396830897177,
  "spectral_rolloff_std": 2234.1603636186446,
  "spectral_flux_mean": 9443.1103515625,
  "spectral_flux_std": 8491.7802734375,
  "spectral_flatness_mean": 0.01467913668602705,
  "spectral_flatness_std": 0.02179478295147419,
  "spectral_slope_mean": -0.00027877702373354466,
  "spectral_spread_mean": 2443.743294461814,
  "spectral_skewness_mean": 1.7474426545281072,
  "spectral_kurtosis_mean": 6.267620558381502
}