{
  "chroma_mean": [
    0.5774960517883301,
    0.3443582355976105,
    0.45375126600265503,
    0.281432181596756,
    0.4461148679256439,
    0.4128817021846771,
    0.3340223729610443,
    0.489000141620636,
    0.22412753105163574,
    0.33633336424827576,
    0.309236615896225,
    0.3652355670928955
  ],
  "chroma_std": [
    0.32194069027900696,
    0.22673799097537994,
    0.27402156591415405,
    0.18667379021644592,
    0.289321631193161,
    0.286787211894989,
    0.2170543670654297,
    0.30112072825431824,
    0.1357336789369583,
    0.2576011121273041,
    0.25392135977745056,
    0.24135880172252655
  ],
  "key_estimation": {
    "key": "C_major",
    "confidence": 0.9041978042327472
  },
  "tonal_complexity": 0.0941140204668045
}