{
  "meta": {
    "path": "../../data/raw/MIREX-like_mood/dataset/Audio/349.mp3",
    "file_hash": "370543c6dfe9b6b613a84f04a77dbce4c8efaa56",
    "duration_sec": 29.814421768707483,
    "sample_rate": 22050,
    "analysis_timestamp": "2025-10-24T20:04:32.635640",
    "config": {
      "sr": 22050,
      "n_fft": 2048,
      "hop_length": 512,
      "n_mels": 128,
      "n_mfcc": 13,
      "n_chroma": 12,
      "frame_length": 2048,
      "workers": 4,
      "use_crepe": false,
      "save_matrices": false,
      "save_plots": true,
      "force": true,
      "quick": false,
      "verbose": false
    },
    "processing_time_sec": 3.0942890644073486
  },
  "acoustic": {
    "mfcc_mean": [
      -90.58649444580078,
      104.555419921875,
      -13.216261863708496,
      36.311126708984375,
      0.6347169280052185,
      7.397809982299805,
      3.0012075901031494,
      -0.1983586549758911,
      -8.527304649353027,
      12.074333190917969,
      -6.631640434265137,
      7.817061901092529,
      -6.926523685455322
    ],
    "mfcc_std": [
      69.1002197265625,
      26.095420837402344,
      17.96887969970703,
      17.46995735168457,
      13.14553165435791,
      11.782258987426758,
      9.65783405303955,
      9.447731018066406,
      11.692676544189453,
      10.257963180541992,
      9.673051834106445,
      9.63596248626709,
      8.716737747192383
    ],
    "spectral_centroid_mean": 2067.9081030081143,
    "spectral_centroid_std": 586.7287707542731,
    "spectral_bandwidth_mean": 2199.9247475085417,
    "spectral_bandwidth_std": 382.3737450022264,
    "spectral_rolloff_mean": 4203.029889652237,
    "spectral_rolloff_std": 1193.9808622339408,
    "spectral_flux_mean": 3628.12451171875,
    "spectral_flux_std": 3572.465576171875,
    "spectral_flatness_mean": 0.013140677474439144,
    "spectral_flatness_std": 0.04897310584783554,
    "spectral_slope_mean": -0.0004801890770887344,
    "spectral_spread_mean": 2199.924745778495,
    "spectral_skewness_mean": 1.5792054513142821,
    "spectral_kurtosis_mean": 5.43892216087108
  },
  "rhythm": {
    "tempo_bpm": 112.34714673913044,
    "tempo_confidence": 0.9745881918772359,
    "beat_positions": [
      0.18575963718820862,
      0.8823582766439909,
      1.4164172335600906,
      1.9504761904761905,
      2.48453514739229,
      2.995374149659864,
      3.5294331065759637,
      4.063492063492063,
      4.597551020408163,
      5.131609977324263,
      5.6656689342403626,
      6.199727891156463,
      6.710566893424036,
      7.244625850340136,
      7.75546485260771,
      8.312743764172335,
      8.823582766439909,
      9.357641723356009,
      9.868480725623582,
      10.402539682539683,
      10.936598639455783,
      11.470657596371883,
      11.981496598639456,
      12.515555555555556,
      13.02639455782313,
      13.56045351473923,
      14.071292517006803,
      14.605351473922903,
      15.116190476190477,
      15.650249433106575,
      16.16108843537415,
      16.69514739229025,
      17.22920634920635,
      17.786485260770974,
      18.297324263038547,
      18.83138321995465,
      19.342222222222222,
      19.87628117913832,
      20.410340136054423,
      20.94439909297052,
      21.478458049886623,
      22.01251700680272,
      22.523356009070294,
      23.08063492063492,
      23.591473922902495,
      24.125532879818593,
      24.636371882086166,
      25.170430839002268,
      25.704489795918366,
      26.23854875283447,
      26.749387755102042,
      27.28344671201814,
      27.817505668934242,
      28.35156462585034,
      28.862403628117914
    ],
    "onset_times": [
      0.13931972789115646,
      0.37151927437641724,
      0.626938775510204,
      0.8591383219954648,
      1.1377777777777778,
      1.207437641723356,
      1.4164172335600906,
      1.6486167800453515,
      1.6950566893424037,
      1.9504761904761905,
      2.2058956916099772,
      2.461315192743764,
      2.7399546485260773,
      2.995374149659864,
      3.250793650793651,
      3.5062131519274375,
      3.8080725623582765,
      4.08671201814059,
      4.31891156462585,
      4.574331065759637,
      5.131609977324263,
      5.363809523809524,
      5.642448979591837,
      6.199727891156463,
      6.431927437641724,
      6.710566893424036,
      6.965986394557823,
      7.22140589569161,
      7.500045351473923,
      7.732244897959184,
      8.057324263038549,
      8.289523809523809,
      8.591383219954649,
      8.777142857142858,
      9.334421768707482,
      9.636281179138322,
      9.868480725623582,
      10.147120181405896,
      10.402539682539683,
      10.681179138321996,
      11.447437641723356,
      11.95827664399093,
      12.49233560090703,
      12.956734693877552,
      13.02639455782313,
      13.305034013605443,
      13.537233560090703,
      13.885532879818594,
      14.071292517006803,
      14.373151927437641,
      14.605351473922903,
      14.86077097505669,
      15.116190476190477,
      15.371609977324264,
      15.603809523809524,
      15.650249433106575,
      15.905668934240364,
      16.137868480725622,
      16.34684807256236,
      16.532607709750568,
      16.671927437641724,
      17.11310657596372,
      17.22920634920635,
      17.507845804988662,
      17.76326530612245,
      17.972244897959182,
      18.297324263038547,
      18.413424036281178,
      18.808163265306124,
      19.11002267573696,
      19.342222222222222,
      19.620861678004534,
      19.853061224489796,
      20.131700680272107,
      20.317460317460316,
      20.387120181405894,
      20.688979591836734,
      20.94439909297052,
      21.199818594104308,
      21.455238095238094,
      21.757097505668934,
      21.989297052154196,
      22.244716553287983,
      22.523356009070294,
      22.825215419501134,
      22.918095238095237,
      23.057414965986396,
      23.312834467120183,
      23.56825396825397,
      23.84689342403628,
      24.102312925170068,
      24.38095238095238,
      24.636371882086166,
      25.170430839002268,
      25.425850340136055,
      25.68126984126984,
      26.21532879818594,
      26.493968253968255,
      26.726167800453513,
      27.051247165532878,
      27.260226757369615,
      27.562086167800455,
      27.794285714285714,
      28.07292517006803,
      28.328344671201815,
      28.606984126984127,
      28.83918367346939,
      29.024943310657598,
      29.164263038548754,
      29.396462585034012,
      29.559002267573696,
      29.698321995464852
    ],
    "rhythm_regularity": 0.9509001848233344,
    "syncopation_index": 0.49107142857142855,
    "beat_count": 55,
    "onset_count": 112
  },
  "harmony": {
    "chroma_mean": [
      0.6753435134887695,
      0.381926566362381,
      0.4559783637523651,
      0.34801316261291504,
      0.48053252696990967,
      0.6780429482460022,
      0.38883912563323975,
      0.5371884703636169,
      0.3180873990058899,
      0.4011457562446594,
      0.31172171235084534,
      0.26732534170150757
    ],
    "chroma_std": [
      0.26658594608306885,
      0.167130708694458,
      0.22047071158885956,
      0.16994130611419678,
      0.21931840479373932,
      0.29201027750968933,
      0.16385610401630402,
      0.2714071273803711,
      0.15230128169059753,
      0.25818008184432983,
      0.25493672490119934,
      0.14579826593399048
    ],
    "key_estimation": {
      "key": "C_major",
      "confidence": 0.8337286307121784
    },
    "tonal_complexity": 0.12922312319278717
  },
  "quality": {
    "snr_db": 35.16367943365821,
    "dynamic_range_db": 18.85625983699849,
    "rms_energy": 0.1555996537208557,
    "zero_crossing_rate": 0.099760609192607
  },
  "lyrics": {
    "word_count": 236,
    "unique_word_count": 111,
    "sentence_count": 1,
    "avg_words_per_sentence": 236.0,
    "readability": null,
    "sentiment_analysis": null,