{
  "mfcc_mean": [
    -148.778076171875,
    83.52458190917969,
    11.534039497375488,
    26.320384979248047,
    -6.297718048095703,
    3.4142563343048096,
    4.149681091308594,
    7.116200923919678,
    -9.51640796661377,
    -2.7376275062561035,
    -6.990870952606201,
    2.6988861560821533,
    -6.702808856964111
  ],
  "mfcc_std": [
    89.71266174316406,
    30.63522720336914,
    29.342689514160156,
    15.911688804626465,
    18.343534469604492,
    15.586629867553711,
    15.449441909790039,
    12.687505722045898,
    12.141317367553711,
    10.226301193237305,
    13.25570011138916,
    10.412664413452148,
    10.854955673217773
  ],
  "spectral_centroid_mean": 2434.5942083235086,
  "spectral_centroid_std": 880.8606105816615,
  "spectral_bandwidth_mean": 2533.751838723487,
  "spectral_bandwidth_std": 438.19366073051316,
  "spectral_rolloff_mean": 5220.614822065579,
  "spectral_rolloff_std": 1592.552622126904,
  "spectral_flux_mean": 2886.443359375,
  "spectral_flux_std": 3410.037841796875,
  "spectral_flatness_mean": 0.01882828027009964,
  "spectral_flatness_std": 0.0431964211165905,
  "spectral_slope_mean": -0.000363684005357351,
  "spectral_spread_mean": 2533.751838779647,
  "spectral_skewness_mean": 1.3508878581498047,
  "spectral_kurtosis_mean": 4.45249177088726
}