{
  "meta": {
    "path": "../../data/raw/MIREX-like_mood/dataset/Audio/705.mp3",
    "file_hash": "1c61184a42eb882de3eea50650cd2913c12ba862",
    "duration_sec": 29.675102040816327,
    "sample_rate": 22050,
    "analysis_timestamp": "2025-10-24T20:09:07.946894",
    "config": {
      "sr": 22050,
      "n_fft": 2048,
      "hop_length": 512,
      "n_mels": 128,
      "n_mfcc": 13,
      "n_chroma": 12,
      "frame_length": 2048,
      "workers": 4,
      "use_crepe": false,
      "save_matrices": false,
      "save_plots": true,
      "force": true,
      "quick": false,
      "verbose": false
    },
    "processing_time_sec": 2.796541452407837
  },
  "acoustic": {
    "mfcc_mean": [
      -148.778076171875,
      83.52458190917969,
      11.534039497375488,
      26.320384979248047,
      -6.297718048095703,
      3.4142563343048096,
      4.149681091308594,
      7.116200923919678,
      -9.51640796661377,
      -2.7376275062561035,
      -6.990870952606201,
      2.6988861560821533,
      -6.702808856964111
    ],
    "mfcc_std": [
      89.71266174316406,
      30.63522720336914,
      29.342689514160156,
      15.911688804626465,
      18.343534469604492,
      15.586629867553711,
      15.449441909790039,
      12.687505722045898,
      12.141317367553711,
      10.226301193237305,
      13.25570011138916,
      10.412664413452148,
      10.854955673217773
    ],
    "spectral_centroid_mean": 2434.5942083235086,
    "spectral_centroid_std": 880.8606105816615,
    "spectral_bandwidth_mean": 2533.751838723487,
    "spectral_bandwidth_std": 438.19366073051316,
    "spectral_rolloff_mean": 5220.614822065579,
    "spectral_rolloff_std": 1592.552622126904,
    "spectral_flux_mean": 2886.443359375,
    "spectral_flux_std": 3410.037841796875,
    "spectral_flatness_mean": 0.01882828027009964,
    "spectral_flatness_std": 0.0431964211165905,
    "spectral_slope_mean": -0.000363684005357351,
    "spectral_spread_mean": 2533.751838779647,
    "spectral_skewness_mean": 1.3508878581498047,
    "spectral_kurtosis_mean": 4.45249177088726
  },
  "rhythm": {
    "tempo_bpm": 123.046875,
    "tempo_confidence": 0.9784254967871837,
    "beat_positions": [
      1.0681179138321995,
      1.5325170068027212,
      1.9736961451247166,
      2.461315192743764,
      2.948934240362812,
      3.436553287981859,
      3.924172335600907,
      4.435011337868481,
      4.9458503401360545,
      5.433469387755102,
      5.921088435374149,
      6.431927437641724,
      6.942766439909297,
      7.500045351473923,
      7.9412244897959186,
      8.382403628117913,
      8.823582766439909,
      9.264761904761905,
      9.752380952380953,
      10.24,
      10.727619047619047,
      11.23845804988662,
      11.749297052154194,
      12.26013605442177,
      12.770975056689343,
      13.281814058956916,
      13.769433106575963,
      14.280272108843537,
      14.79111111111111,
      15.27873015873016,
      15.766349206349206,
      16.253968253968253,
      16.764807256235827,
      17.252426303854875,
      17.740045351473924,
      18.250884353741498,
      18.76172335600907,
      19.249342403628116,
      19.736961451247165,
      20.24780045351474,
      20.758639455782312,
      21.24625850340136,
      21.757097505668934,
      22.244716553287983,
      22.755555555555556,
      23.26639455782313,
      23.754013605442175,
      24.264852607709752,
      24.752471655328797,
      25.26331065759637,
      25.727709750566895,
      26.23854875283447,
      26.726167800453513,
      27.213786848072562,
      27.724625850340136,
      28.212244897959184,
      28.69986394557823
    ],
    "onset_times": [
      1.0681179138321995,
      1.230657596371882,
      1.555736961451247,
      1.9736961451247166,
      2.786394557823129,
      2.948934240362812,
      3.3901133786848074,
      4.6439909297052155,
      4.876190476190477,
      4.9458503401360545,
      5.201269841269841,
      5.572789115646258,
      5.921088435374149,
      6.2693877551020405,
      7.267845804988662,
      7.476825396825397,
      9.032562358276644,
      9.241541950113378,
      10.704399092970522,
      11.215238095238096,
      11.749297052154194,
      12.422675736961452,
      12.770975056689343,
      13.165714285714285,
      13.281814058956916,
      13.746213151927437,
      14.140952380952381,
      14.767891156462586,
      15.27873015873016,
      15.766349206349206,
      16.091428571428573,
      16.253968253968253,
      16.764807256235827,
      17.11310657596372,
      17.252426303854875,
      17.740045351473924,
      18.088344671201813,
      18.22766439909297,
      18.738503401360543,
      19.202902494331067,
      19.249342403628116,
      19.71374149659864,
      20.224580498866214,
      20.735419501133787,
      20.990839002267574,
      21.24625850340136,
      21.757097505668934,
      22.244716553287983,
      22.755555555555556,
      23.26639455782313,
      23.637913832199548,
      23.754013605442175,
      24.102312925170068,
      24.241632653061224,
      24.752471655328797,
      25.123990929705215,
      25.240090702947846,
      25.727709750566895,
      26.21532879818594,
      26.726167800453513,
      26.958367346938775,
      27.213786848072562,
      27.562086167800455,
      27.70140589569161,
      27.88716553287982,
      28.07292517006803,
      28.212244897959184,
      28.69986394557823,
      29.00172335600907,
      29.30358276643991,
      29.53578231292517,
      29.675102040816327
    ],
    "rhythm_regularity": 0.9553118124359383,
    "syncopation_index": 0.3611111111111111,
    "beat_count": 57,
    "onset_count": 72
  },
  "harmony": {
    "chroma_mean": [
      0.3804469406604767,
      0.3148099482059479,
      0.43041181564331055,
      0.2928837239742279,
      0.47069838643074036,
      0.3411494791507721,
      0.5151934623718262,
      0.6428837776184082,
      0.42950791120529175,
      0.5355955958366394,
      0.3319482207298279,
      0.3903977870941162
    ],
    "chroma_std": [
      0.2307068109512329,
      0.1868746429681778,
      0.2887992560863495,
      0.1650983840227127,
      0.2876482903957367,
      0.20157262682914734,
      0.25428348779678345,
      0.3022696077823639,
      0.21162149310112,
      0.30419039726257324,
      0.19193316996097565,
      0.22325097024440765
    ],
    "key_estimation": {
      "key": "C_major",
      "confidence": 0.3880986222867395
    },
    "tonal_complexity": 0.0993301048874855
  },
  "quality": {
    "snr_db": 38.74388291549571,
    "dynamic_range_db": 21.555424746319453,
    "rms_energy": 0.12252737581729889,
    "zero_crossing_rate": 0.10564550857603597
  },
  "lyrics": {
    "word_count": 298,
    "unique_word_count": 124,
    "sentence_count": 35,
    "avg_words_per_sentence": 8.514285714285714,
    "readability": null,
    "sentiment_analysis": null,
    "topic_keywords": [
      "the",
      "look",
      "Always",
      "side",
      "[whistle]",
      "bright",
      "life!",
      "and",
      "you",
      "life."
    ],
    "repetition_analysis": {
      "repetition_ratio": 0.5838926174496644,
      "most_common_words": [
        [
          "the",
          22
        ],
        [
          "look",
          16
        ],
        [
          "Always",
          15
        ],
        [
          "side",
          15
        ],
        [
          "[whistle]",
          15
        ]
      ]
    }
  }
}