{
  "snr_db": 34.51633773645007,
  "dynamic_range_db": 20.729558006630363,
  "rms_energy": 0.12354087829589844,
  "zero_crossing_rate": 0.12374932808835028
}