{
  "mfcc_mean": [
    -58.144535064697266,
    50.8434944152832,
    -9.126389503479004,
    38.36012649536133,
    5.938381195068359,
    14.363892555236816,
    -0.3072376251220703,
    3.8627071380615234,
    -1.328857660293579,
    9.780041694641113,
    1.815752625465393,
    6.65066385269165,
    -5.539231300354004
  ],
  "mfcc_std": [
    59.90420913696289,
    22.028364181518555,
    16.709260940551758,
    13.321483612060547,
    9.80137825012207,
    8.713122367858887,
    8.579340934753418,
    7.275318622589111,
    6.3737030029296875,
    6.919290065765381,
    6.443246364593506,
    6.522536754608154,
    6.371152400970459
  ],
  "spectral_centroid_mean": 3055.7497723983256,
  "spectral_centroid_std": 632.9296305687731,
  "spectral_bandwidth_mean": 2664.168828805168,
  "spectral_bandwidth_std": 274.7550623589219,
  "spectral_rolloff_mean": 6087.81028192802,
  "spectral_rolloff_std": 1059.0602818670234,
  "spectral_flux_mean": 3777.694091796875,
  "spectral_flux_std": 2991.834228515625,
  "spectral_flatness_mean": 0.04564370587468147,
  "spectral_flatness_std": 0.048183079808950424,
  "spectral_slope_mean": -0.00033373171993983906,
  "spectral_spread_mean": 2664.1688275393362,
  "spectral_skewness_mean": 0.85730149569924,
  "spectral_kurtosis_mean": 3.023410440305994
}