{
  "snr_db": 36.801985059490605,
  "dynamic_range_db": 22.031074954646172,
  "rms_energy": 0.1124548390507698,
  "zero_crossing_rate": 0.15916136263682565
}