{
  "mfcc_mean": [
    -116.1820297241211,
    86.18750762939453,
    2.707700252532959,
    26.73375129699707,
    4.638871192932129,
    14.572221755981445,
    -5.119558334350586,
    13.528779029846191,
    -11.636977195739746,
    1.5139645338058472,
    -2.2968177795410156,
    -4.628589153289795,
    -5.285012722015381
  ],
  "mfcc_std": [
    80.79421997070312,
    38.31281661987305,
    26.942092895507812,
    17.485586166381836,
    14.345043182373047,
    12.796831130981445,
    12.4330415725708,
    12.17619800567627,
    12.220087051391602,
    10.274371147155762,
    9.790533065795898,
    8.859200477600098,
    7.888264179229736
  ],
  "spectral_centroid_mean": 2503.7110060202976,
  "spectral_centroid_std": 972.8860549211784,
  "spectral_bandwidth_mean": 2482.9520067217336,
  "spectral_bandwidth_std": 510.6811518157684,
  "spectral_rolloff_mean": 5319.4251185007815,
  "spectral_rolloff_std": 1831.956116198773,
  "spectral_flux_mean": 5075.9736328125,
  "spectral_flux_std": 6935.75830078125,
  "spectral_flatness_mean": 0.026037417352199554,
  "spectral_flatness_std": 0.043711885809898376,
  "spectral_slope_mean": -0.0004100450970427464,
  "spectral_spread_mean": 2482.9520079799818,
  "spectral_skewness_mean": 1.2750788898046015,
  "spectral_kurtosis_mean": 4.502854658666364
}