{
  "chroma_mean": [
    0.4303542971611023,
    0.46350201964378357,
    0.352915495634079,
    0.5069891810417175,
    0.29801955819129944,
    0.2589876651763916,
    0.21035136282444,
    0.2412482649087906,
    0.24898268282413483,
    0.23201604187488556,
    0.33104488253593445,
    0.25681525468826294
  ],
  "chroma_std": [
    0.39349165558815,
    0.4009827673435211,
    0.32704564929008484,
    0.41642439365386963,
    0.296417236328125,
    0.3022513687610626,
    0.2592370808124542,
    0.25972500443458557,
    0.2775912880897522,
    0.2693552076816559,
    0.32741278409957886,
    0.27396467328071594
  ],
  "key_estimation": {
    "key": "C_minor",
    "confidence": 0.4786093149714272
  },
  "tonal_complexity": 0.0949307233095169
}