{
  "tempo_bpm": 123.046875,
  "tempo_confidence": 0.9748476080787678,
  "beat_positions": [
    0.5572789115646258,
    1.0448979591836736,
    1.5325170068027212,
    1.9969160997732427,
    2.461315192743764,
    2.948934240362812,
    3.4597732426303853,
    4.040272108843538,
    4.504671201814059,
    4.96907029478458,
    5.456689342403628,
    5.990748299319728,
    6.455147392290249,
    6.942766439909297,
    7.500045351473923,
    8.010884353741497,
    8.475283446712018,
    8.962902494331066,
    9.47374149659864,
    10.00780045351474,
    10.541859410430838,
    11.052698412698414,
    11.563537414965987,
    12.051156462585034,
    12.515555555555556,
    12.979954648526077,
    13.444353741496599,
    13.931972789115646,
    14.44281179138322,
    14.953650793650795,
    15.441269841269841,
    15.952108843537415,
    16.46294784580499,
    16.950566893424035,
    17.438185941043084,
    17.925804988662133,
    18.390204081632653,
    18.854603174603174,
    19.342222222222222,
    19.82984126984127,
    20.317460317460316,
    20.805079365079365,
    21.292698412698414,
    21.78031746031746,
    22.267936507936508,
    22.77877551020408,
    23.2431746031746,
    23.73079365079365,
    24.2184126984127,
    24.706031746031748,
    25.170430839002268,
    25.611609977324264,
    26.05278911564626,
    26.493968253968255,
    26.9815873015873,
    27.46920634920635,
    27.956825396825398,
    28.421224489795918,
    28.908843537414967,
    29.396462585034012
  ],
  "onset_times": [
    0.16253968253968254,
    0.2089795918367347,
    0.37151927437641724,
    0.5340589569160997,
    0.6965986394557823,
    0.905578231292517,
    1.0216780045351475,
    1.207437641723356,
    1.3467573696145125,
    1.509297052154195,
    1.811156462585034,
    1.9736961451247166,
    2.2987755102040817,
    2.4380952380952383,
    2.5774149659863945,
    2.7631746031746034,
    2.9257142857142857,
    3.0882539682539685,
    3.2275736961451247,
    3.436553287981859,
    3.5526530612244898,
    3.7616326530612243,
    3.877732426303855,
    4.040272108843538,
    4.179591836734694,
    4.342131519274377,
    4.481451247165533,
    4.667210884353741,
    4.806530612244898,
    4.96907029478458,
    5.131609977324263,
    5.178049886621316,
    5.317369614512471,
    5.433469387755102,
    5.7817687074829935,
    5.9675283446712015,
    6.246167800453515,
    6.431927437641724,
    6.5712471655328795,
    6.873106575963718,
    6.919546485260771,
    7.058866213151927,
    7.244625850340136,
    7.500045351473923,
    7.685804988662132,
    7.732244897959184,
    7.987664399092971,
    8.17342403628118,
    8.382403628117913,
    8.591383219954649,
    8.962902494331066,
    9.357641723356009,
    9.450521541950113,
    9.613061224489796,
    9.659501133786849,
    10.24,
    10.565079365079365,
    10.820498866213152,
    10.913378684807256,
    11.23845804988662,
    11.400997732426303,
    11.563537414965987,
    11.702857142857143,
    11.865396825396825,
    12.027936507936507,
    12.19047619047619,
    12.353015873015874,
    12.515555555555556,
    12.654875283446712,
    12.817414965986394,
    13.003174603174603,
    13.142494331065759,
    13.25859410430839,
    13.305034013605443,
    13.421133786848072,
    13.746213151927437,
    13.908752834467121,
    14.721451247165533,
    15.32517006802721,
    15.441269841269841,
    15.789569160997733,
    15.928888888888888,
    15.975328798185942,
    16.137868480725622,
    16.46294784580499,
    16.648707482993196,
    16.788027210884355,
    17.252426303854875,
    17.57750566893424,
    17.786485260770974,
    17.925804988662133,
    18.06512471655329,
    18.390204081632653,
    18.552743764172334,
    18.692063492063493,
    19.017142857142858,
    19.22612244897959,
    19.667301587301587,
    19.82984126984127,
    19.969160997732427,
    20.29424036281179,
    20.59609977324263,
    20.94439909297052,
    21.13015873015873,
    21.269478458049885,
    21.640997732426303,
    21.78031746031746,
    21.942857142857143,
    22.128616780045352,
    22.407256235827663,
    22.593015873015872,
    22.77877551020408,
    22.918095238095237,
    23.08063492063492,
    23.2431746031746,
    23.405714285714286,
    23.56825396825397,
    23.707573696145126,
    23.870113378684806,
    24.079092970521543,
    24.19519274376417,
    24.357732426303855,
    24.52027210884354,
    24.68281179138322,
    24.86857142857143,
    25.007891156462584,
    25.170430839002268,
    25.356190476190477,
    25.495510204081633,
    25.820589569160997,
    26.145668934240362,
    26.308208616780046,
    26.470748299319727,
    26.79582766439909,
    26.958367346938775,
    27.12090702947846,
    27.28344671201814,
    27.538866213151927,
    27.608526077097505,
    27.74784580498866,
    27.93360544217687,
    28.07292517006803,
    28.258684807256238,
    28.398004535147393,
    28.583764172335602,
    28.723083900226758,
    28.88562358276644,
    29.048163265306123,
    29.23392290249433,
    29.396462585034012,
    29.559002267573696,
    29.72154195011338
  ],
  "rhythm_regularity": 0.9472148682670407,
  "syncopation_index": 0.6578947368421053,
  "beat_count": 60,
  "onset_count": 152
}