{
  "meta": {
    "path": "../../data/raw/MIREX-like_mood/dataset/Audio/831.mp3",
    "file_hash": "224442a007180201cbff02b0cd4e87b4f6466e9e",
    "duration_sec": 29.675102040816327,
    "sample_rate": 22050,
    "analysis_timestamp": "2025-10-24T20:15:20.465424",
    "config": {
      "sr": 22050,
      "n_fft": 2048,
      "hop_length": 512,
      "n_mels": 128,
      "n_mfcc": 13,
      "n_chroma": 12,
      "frame_length": 2048,
      "workers": 4,
      "use_crepe": false,
      "save_matrices": false,
      "save_plots": true,
      "force": true,
      "quick": false,
      "verbose": false
    },
    "processing_time_sec": 2.88252854347229
  },
  "acoustic": {
    "mfcc_mean": [
      -214.71224975585938,
      129.20455932617188,
      6.974646091461182,
      6.894318103790283,
      -10.393186569213867,
      -11.92588996887207,
      -13.095868110656738,
      -10.298492431640625,
      -13.739624977111816,
      -14.76041030883789,
      -5.134121417999268,
      -11.134105682373047,
      -3.2740278244018555
    ],
    "mfcc_std": [
      87.75398254394531,
      40.85186767578125,
      19.5277042388916,
      18.471269607543945,
      11.26638412475586,
      12.307469367980957,
      10.034541130065918,
      9.246186256408691,
      10.22846794128418,
      10.371514320373535,
      9.624186515808105,
      13.448169708251953,
      13.239105224609375
    ],
    "spectral_centroid_mean": 1388.2340100036486,
    "spectral_centroid_std": 668.5146731967387,
    "spectral_bandwidth_mean": 1742.8781785937558,
    "spectral_bandwidth_std": 594.9163326393613,
    "spectral_rolloff_mean": 2555.7588745785283,
    "spectral_rolloff_std": 1588.752819403536,
    "spectral_flux_mean": 2128.31103515625,
    "spectral_flux_std": 3948.521484375,
    "spectral_flatness_mean": 0.00414004223421216,
    "spectral_flatness_std": 0.04567885026335716,
    "spectral_slope_mean": -0.0004941470947919734,
    "spectral_spread_mean": 1742.8781782591277,
    "spectral_skewness_mean": 3.122299065073772,
    "spectral_kurtosis_mean": 16.785270336655625
  },
  "rhythm": {
    "tempo_bpm": 143.5546875,
    "tempo_confidence": 0.9804593461033536,
    "beat_positions": [
      1.811156462585034,
      2.2523356009070294,
      2.693514739229025,
      3.111473922902494,
      3.575873015873016,
      3.9938321995464854,
      4.435011337868481,
      4.85297052154195,
      5.294149659863946,
      5.735328798185941,
      6.15328798185941,
      6.594467120181406,
      7.035646258503402,
      7.476825396825397,
      7.918004535147392,
      8.335963718820862,
      8.777142857142858,
      9.218321995464853,
      9.659501133786849,
      10.077460317460318,
      10.518639455782314,
      10.95981859410431,
      11.400997732426303,
      11.818956916099774,
      12.236916099773243,
      12.678095238095239,
      13.119274376417234,
      13.56045351473923,
      13.978412698412699,
      14.396371882086168,
      14.814331065759637,
      15.301950113378684,
      15.74312925170068,
      16.184308390022675,
      16.62548752834467,
      17.020226757369613,
      17.438185941043084,
      17.856145124716555,
      18.274104308390022,
      18.715283446712018,
      19.13324263038549,
      19.620861678004534,
      20.085260770975058,
      20.526439909297054,
      20.96761904761905,
      21.385578231292516,
      21.849977324263037,
      22.267936507936508,
      22.709115646258503,
      23.1502947845805,
      23.591473922902495,
      24.009433106575965,
      24.49705215419501,
      24.91501133786848,
      25.309750566893424,
      25.727709750566895,
      26.16888888888889,
      26.610068027210886,
      27.028027210884353,
      27.445986394557824,
      27.840725623582767,
      28.305124716553287,
      28.76952380952381,
      29.210702947845807
    ],
    "onset_times": [
      1.811156462585034,
      2.2291156462585033,
      2.670294784580499,
      3.0882539682539685,
      3.575873015873016,
      4.295691609977324,
      4.4117913832199545,
      4.85297052154195,
      6.130068027210885,
      6.5712471655328795,
      6.849886621315193,
      7.035646258503402,
      7.918004535147392,
      8.335963718820862,
      8.777142857142858,
      9.218321995464853,
      9.659501133786849,
      10.077460317460318,
      10.518639455782314,
      10.843718820861678,
      10.95981859410431,
      11.377777777777778,
      11.818956916099774,
      12.097596371882085,
      12.236916099773243,
      12.979954648526077,
      13.119274376417234,
      13.56045351473923,
      14.001632653061224,
      14.814331065759637,
      15.069750566893424,
      15.301950113378684,
      15.534149659863946,
      15.719909297052155,
      16.068208616780044,
      16.602267573696146,
      16.973786848072564,
      17.41496598639456,
      18.3437641723356,
      18.784943310657596,
      19.13324263038549,
      20.06204081632653,
      20.619319727891156,
      20.96761904761905,
      21.385578231292516,
      21.826757369614512,
      21.873197278911565,
      22.38403628117914,
      22.54657596371882,
      22.709115646258503,
      23.127074829931974,
      23.56825396825397,
      24.009433106575965,
      24.241632653061224,
      24.49705215419501,
      25.309750566893424,
      25.425850340136055,
      25.704489795918366,
      26.16888888888889,
      26.586848072562358,
      27.028027210884353,
      27.445986394557824,
      27.678185941043083,
      27.817505668934242,
      28.63020408163265,
      28.76952380952381,
      29.210702947845807,
      29.30358276643991,
      29.628662131519274
    ],
    "rhythm_regularity": 0.9541745564928961,
    "syncopation_index": 0.21739130434782608,
    "beat_count": 64,
    "onset_count": 69
  },
  "harmony": {
    "chroma_mean": [
      0.42359229922294617,
      0.22477057576179504,
      0.2529847025871277,
      0.3126372992992401,
      0.16928304731845856,
      0.5174877643585205,
      0.23033569753170013,
      0.47520387172698975,
      0.37863776087760925,
      0.1557488739490509,
      0.1988728940486908,
      0.2616758644580841
    ],
    "chroma_std": [
      0.3216433525085449,
      0.22948622703552246,
      0.22443874180316925,
      0.3310617506504059,
      0.16012880206108093,
      0.33388450741767883,
      0.2037362903356552,
      0.3221752941608429,
      0.2939700484275818,
      0.10066071897745132,
      0.19215655326843262,
      0.2654496729373932
    ],
    "key_estimation": {
      "key": "C_minor",
      "confidence": 0.6381984275089126
    },
    "tonal_complexity": 0.11616425961256027
  },
  "quality": {
    "snr_db": 43.1049944588777,
    "dynamic_range_db": 19.25316665127755,
    "rms_energy": 0.15946827828884125,
    "zero_crossing_rate": 0.05690251783620016
  },
  "lyrics": {
    "word_count": 82,
    "unique_word_count": 61,
    "sentence_count": 1,
    "avg_words_per_sentence": 82.0,
    "readability": null,
    "sentiment_analysis": null,
    "topic_keywords": [
      "you",
      "equally",
      "You'll",
      "will",
      "damaged",
      "your",
      "the",
      "Signal",
      "when",
      "can't"
    ],
    "repetition_analysis": {
      "repetition_ratio": 0.25609756097560976,
      "most_common_words": [
        [
          "you",
          5
        ],
        [
          "equally",
          3
        ],
        [
          "You'll",
          3
        ],
        [
          "will",
          2
        ],
        [
          "damaged",
          2
        ]
      ]
    }
  }
}