{
  "meta": {
    "path": "../../data/raw/MIREX-like_mood/dataset/Audio/001.mp3",
    "file_hash": "280d7ec6554c1479b66394d3fc1fcbf0e41f8948",
    "duration_sec": 29.628662131519274,
    "sample_rate": 22050,
    "analysis_timestamp": "2025-10-24T20:22:51.536928",
    "config": {
      "sr": 22050,
      "n_fft": 2048,
      "hop_length": 512,
      "n_mels": 128,
      "n_mfcc": 13,
      "n_chroma": 12,
      "frame_length": 2048,
      "workers": 4,
      "use_crepe": false,
      "save_matrices": false,
      "save_plots": true,
      "force": true,
      "quick": false,
      "verbose": false
    },
    "processing_time_sec": 3.1066765785217285
  },
  "acoustic": {
    "mfcc_mean": [
      -111.95083618164062,
      73.52120208740234,
      11.424908638000488,
      31.087265014648438,
      -3.7887656688690186,
      5.502578258514404,
      4.41699743270874,
      -2.8031580448150635,
      -5.5032525062561035,
      3.703947067260742,
      -6.049595832824707,
      1.4068738222122192,
      -5.6229681968688965
    ],
    "mfcc_std": [
      91.39879608154297,
      30.255929946899414,
      31.020761489868164,
      18.122865676879883,
      11.796687126159668,
      13.643244743347168,
      11.746665954589844,
      9.109373092651367,
      9.803589820861816,
      11.017507553100586,
      8.386280059814453,
      7.578519821166992,
      7.244100093841553
    ],
    "spectral_centroid_mean": 2810.2819296584084,
    "spectral_centroid_std": 853.7736171572026,
    "spectral_bandwidth_mean": 2625.2365104823198,
    "spectral_bandwidth_std": 534.055190497681,
    "spectral_rolloff_mean": 5666.984291644235,
    "spectral_rolloff_std": 1773.2207556384526,
    "spectral_flux_mean": 5702.404296875,
    "spectral_flux_std": 8654.5341796875,
    "spectral_flatness_mean": 0.028123080730438232,
    "spectral_flatness_std": 0.04405859112739563,
    "spectral_slope_mean": -0.00032935528404510285,
    "spectral_spread_mean": 2625.2365101121104,
    "spectral_skewness_mean": 1.11686542680103,
    "spectral_kurtosis_mean": 3.972847397261743
  },
  "rhythm": {
    "tempo_bpm": 60.09265988372093,
    "tempo_confidence": 0.9797252319897587,
    "beat_positions": [
      0.18575963718820862,
      1.18421768707483,
      2.182675736961451,
      3.1579138321995464,
      4.156371882086168,
      5.154829931972789,
      6.130068027210885,
      7.128526077097506,
      8.126984126984127,
      9.125442176870749,
      10.077460317460318,
      11.099138321995465,
      12.051156462585034,
      13.049614512471654,
      14.048072562358277,
      15.046530612244897,
      16.021768707482995,
      16.99700680272109,
      17.972244897959182,
      18.99392290249433,
      19.99238095238095,
      20.96761904761905,
      21.966077097505668,
      22.941315192743765,
      23.91655328798186,
      24.86857142857143,
      25.890249433106575,
      26.911927437641722,
      27.910385487528345,
      28.862403628117914
    ],
    "onset_times": [
      0.16253968253968254,
      0.2089795918367347,
      0.5108390022675737,
      0.6501587301587302,
      0.9984580498866213,
      1.0448979591836736,
      1.18421768707483,
      1.4628571428571429,
      1.6253968253968254,
      1.9736961451247166,
      2.136235827664399,
      2.182675736961451,
      2.48453514739229,
      2.647074829931973,
      3.1346938775510202,
      3.4829931972789114,
      3.9706122448979593,
      4.156371882086168,
      4.458231292517007,
      4.6439909297052155,
      4.992290249433107,
      5.131609977324263,
      5.456689342403628,
      5.642448979591837,
      6.0836281179138325,
      6.15328798185941,
      6.455147392290249,
      6.617687074829932,
      7.1053061224489795,
      7.453605442176871,
      7.63936507936508,
      8.126984126984127,
      8.452063492063493,
      8.498503401360544,
      8.6378231292517,
      9.125442176870749,
      9.404081632653062,
      9.450521541950113,
      9.566621315192744,
      10.054240362811791,
      10.402539682539683,
      10.565079365079365,
      10.866938775510205,
      11.099138321995465,
      11.400997732426303,
      11.586757369614512,
      11.865396825396825,
      12.051156462585034,
      12.376235827664399,
      12.445895691609977,
      12.561995464852608,
      12.863854875283447,
      13.02639455782313,
      13.374693877551021,
      13.537233560090703,
      13.722993197278912,
      13.908752834467121,
      14.048072562358277,
      14.373151927437641,
      14.512471655328799,
      14.837551020408164,
      15.023310657596372,
      15.348390022675737,
      15.998548752834466,
      16.34684807256236,
      16.50938775510204,
      16.69514739229025,
      16.880907029478458,
      16.973786848072564,
      17.322086167800453,
      17.46140589569161,
      17.76326530612245,
      17.949024943310658,
      18.320544217687075,
      18.45986394557823,
      18.506303854875284,
      18.76172335600907,
      18.99392290249433,
      19.156462585034014,
      19.29578231292517,
      19.342222222222222,
      19.52798185941043,
      19.82984126984127,
      19.9459410430839,
      20.340680272108845,
      20.66575963718821,
      20.78185941043084,
      20.94439909297052,
      21.24625850340136,
      21.31591836734694,
      21.455238095238094,
      21.61777777777778,
      21.942857142857143,
      22.244716553287983,
      22.453696145124717,
      22.941315192743765,
      23.103854875283446,
      23.2431746031746,
      23.870113378684806,
      23.939773242630384,
      24.2184126984127,
      24.79891156462585,
      24.86857142857143,
      25.14721088435374,
      25.33297052154195,
      25.704489795918366,
      25.86702947845805,
      26.261768707482993,
      26.354648526077096,
      26.888707482993198,
      27.213786848072562,
      27.422766439909296,
      27.724625850340136,
      27.86394557823129,
      27.910385487528345,
      28.212244897959184,
      28.398004535147393,
      28.69986394557823,
      28.862403628117914,
      29.048163265306123,
      29.257142857142856,
      29.350022675736962
    ],
    "rhythm_regularity": 0.9790723109581863,
    "syncopation_index": 0.7049180327868853,
    "beat_count": 30,
    "onset_count": 122
  },
  "harmony": {
    "chroma_mean": [
      0.37885782122612,
      0.4677000343799591,
      0.40359264612197876,
      0.48298031091690063,
      0.2914913296699524,
      0.43166643381118774,
      0.34925708174705505,
      0.5375744104385376,
      0.6374935507774353,
      0.36122143268585205,
      0.3454796373844147,
      0.35660287737846375
    ],
    "chroma_std": [
      0.22850975394248962,
      0.28487691283226013,
      0.2693740427494049,
      0.27886292338371277,
      0.1940923035144806,
      0.2699049711227417,
      0.20402278006076813,
      0.26748761534690857,
      0.2822554111480713,
      0.1988835483789444,
      0.2281988114118576,
      0.2190026342868805
    ],
    "key_estimation": {
      "key": "C_minor",
      "confidence": 0.37002370617353436
    },
    "tonal_complexity": 0.09310036897659302
  },
  "quality": {
    "snr_db": 39.083454568320384,
    "dynamic_range_db": 19.258380269055362,
    "rms_energy": 0.16084778308868408,
    "zero_crossing_rate": 0.14677726727682067
  },
  "lyrics": {
    "word_count": 167,
    "unique_word_count": 65,
    "sentence_count": 1,
    "avg_words_per_sentence": 167.0,
    "readability": null,
    "sentiment_analysis": null,
    "topic_keywords": [
      "Mama",
      "treats",
      "your",
      "daughter",
      "mean",
      "the",
      "man",
      "I've",
      "him",
      "He's"
    ],
    "repetition_analysis": {
      "repetition_ratio": 0.6107784431137724,