{
  "meta": {
    "path": "../../data/raw/MIREX-like_mood/dataset/Audio/030.mp3",
    "file_hash": "b19bc79e8e47a1f2330f8e3259b3531aef255218",
    "duration_sec": 29.58222222222222,
    "sample_rate": 22050,
    "analysis_timestamp": "2025-10-24T20:24:06.779833",
    "config": {
      "sr": 22050,
      "n_fft": 2048,
      "hop_length": 512,
      "n_mels": 128,
      "n_mfcc": 13,
      "n_chroma": 12,
      "frame_length": 2048,
      "workers": 4,
      "use_crepe": false,
      "save_matrices": false,
      "save_plots": true,
      "force": true,
      "quick": false,
      "verbose": false
    },
    "processing_time_sec": 2.787909984588623
  },
  "acoustic": {
    "mfcc_mean": [
      -129.97816467285156,
      114.67462921142578,
      -29.14302635192871,
      39.433143615722656,
      -4.868931293487549,
      7.190473556518555,
      -3.633664131164551,
      16.382389068603516,
      -6.763763904571533,
      11.964805603027344,
      6.044806957244873,
      5.888484477996826,
      2.234391450881958
    ],
    "mfcc_std": [
      78.18553924560547,
      31.924537658691406,
      26.26476287841797,
      16.767040252685547,
      15.327803611755371,
      14.512502670288086,
      12.711198806762695,
      12.812439918518066,
      13.44548511505127,
      12.560224533081055,
      10.318855285644531,
      10.39773178100586,
      9.735077857971191
    ],
    "spectral_centroid_mean": 1909.8215210718176,
    "spectral_centroid_std": 634.3001612812855,
    "spectral_bandwidth_mean": 1893.3703129085943,
    "spectral_bandwidth_std": 390.26522475943887,
    "spectral_rolloff_mean": 3710.964671415441,
    "spectral_rolloff_std": 1223.0430557991906,
    "spectral_flux_mean": 4058.394775390625,
    "spectral_flux_std": 3837.38720703125,
    "spectral_flatness_mean": 0.011045495048165321,
    "spectral_flatness_std": 0.044493094086647034,
    "spectral_slope_mean": -0.0006143761263968034,
    "spectral_spread_mean": 1893.3703117566213,
    "spectral_skewness_mean": 1.6501689065309897,
    "spectral_kurtosis_mean": 6.461123951545154
  },
  "rhythm": {
    "tempo_bpm": 151.99908088235293,
    "tempo_confidence": 0.9839675026177992,
    "beat_positions": [
      0.37151927437641724,
      0.7662585034013606,
      1.1609977324263039,
      1.555736961451247,
      1.9272562358276644,
      2.345215419501134,
      2.7399546485260773,
      3.111473922902494,
      3.5062131519274375,
      3.900952380952381,
      4.295691609977324,
      4.690430839002268,
      5.085170068027211,
      5.479909297052155,
      5.874648526077097,
      6.2693877551020405,
      6.664126984126984,
      7.058866213151927,
      7.453605442176871,
      7.825124716553288,
      8.219863945578231,
      8.6378231292517,
      9.032562358276644,
      9.427301587301587,
      9.822040816326531,
      10.216780045351474,
      10.611519274376418,
      11.00625850340136,
      11.400997732426303,
      11.795736961451247,
      12.167256235827665,
      12.585215419501134,
      12.956734693877552,
      13.374693877551021,
      13.769433106575963,
      14.164172335600908,
      14.55891156462585,
      14.953650793650795,
      15.348390022675737,
      15.74312925170068,
      16.137868480725622,
      16.532607709750568,
      16.880907029478458,
      17.22920634920635,
      17.600725623582765,
      17.972244897959182,
      18.36698412698413,
      18.76172335600907,
      19.13324263038549,
      19.551201814058956,
      19.9459410430839,
      20.340680272108845,
      20.735419501133787,
      21.106938775510205,
      21.524897959183672,
      21.91963718820862,
      22.31437641723356,
      22.709115646258503,
      23.103854875283446,
      23.521814058956917,
      23.962993197278912,
      24.404172335600908,
      24.79891156462585,
      25.21687074829932,
      25.611609977324264,
      26.006349206349206,
      26.377868480725624,
      26.772607709750567,
      27.144126984126984,
      27.538866213151927,
      27.956825396825398,
      28.35156462585034,
      28.746303854875283,
      29.141043083900225
    ],
    "onset_times": [
      0.2089795918367347,
      0.626938775510204,
      0.7662585034013606,
      1.0216780045351475,
      1.18421768707483,
      1.5325170068027212,
      1.8343764172335602,
      1.9272562358276644,
      1.9736961451247166,
      2.2058956916099772,
      2.3219954648526078,
      2.6006349206349206,
      3.0882539682539685,
      3.3436734693877552,
      3.5062131519274375,
      3.622312925170068,
      3.7616326530612243,
      3.877732426303855,
      4.156371882086168,
      4.295691609977324,
      4.527891156462585,
      4.667210884353741,
      4.876190476190477,
      4.9458503401360545,
      5.061950113378685,
      5.317369614512471,
      5.456689342403628,
      5.712108843537415,
      6.060408163265306,
      6.246167800453515,
      6.501587301587302,
      6.640907029478458,
      6.896326530612245,
      7.035646258503402,
      7.291065759637188,
      7.453605442176871,
      7.825124716553288,
      8.103764172335602,
      8.219863945578231,
      8.40562358276644,
      8.498503401360544,
      8.870022675736962,
      9.032562358276644,
      9.148662131519274,
      9.404081632653062,
      9.659501133786849,
      9.822040816326531,
      10.054240362811791,
      10.216780045351474,
      10.448979591836734,
      10.588299319727891,
      10.89015873015873,
      10.983038548752834,
      11.23845804988662,
      11.377777777777778,
      11.656417233560092,
      11.77251700680272,
      12.027936507936507,
      12.167256235827665,
      12.561995464852608,
      12.817414965986394,
      12.956734693877552,
      13.212154195011339,
      13.351473922902494,
      13.630113378684808,
      13.769433106575963,
      14.140952380952381,
      14.419591836734694,
      14.535691609977324,
      14.79111111111111,
      14.930430839002268,
      15.139410430839002,
      15.232290249433106,
      15.32517006802721,
      15.62702947845805,
      15.719909297052155,
      15.975328798185942,
      16.114648526077097,
      16.370068027210884,
      16.532607709750568,
      16.788027210884355,
      16.92734693877551,
      17.22920634920635,
      17.29886621315193,
      17.554285714285715,
      17.600725623582765,
      17.716825396825396,
      17.949024943310658,
      18.11156462585034,
      18.3437641723356,
      18.506303854875284,
      18.738503401360543,
      18.877823129251702,
      19.13324263038549,
      19.29578231292517,
      19.551201814058956,
      19.690521541950112,
      19.9459410430839,
      20.108480725623583,
      20.410340136054423,
      20.456780045351476,
      20.735419501133787,
      20.851519274376418,
      21.106938775510205,
      21.24625850340136,
      21.501678004535147,
      21.66421768707483,
      21.89641723356009,
      22.035736961451246,
      22.291156462585032,
      22.430476190476192,
      22.709115646258503,
      22.84843537414966,
      23.08063492063492,
      23.2431746031746,
      23.475374149659864,
      23.521814058956917,
      23.61469387755102,
      23.870113378684806,
      24.404172335600908,
      24.79891156462585,
      25.170430839002268,
      25.21687074829932,
      25.425850340136055,
      26.006349206349206,
      26.377868480725624,
      26.493968253968255,
      26.610068027210886,
      26.749387755102042,
      26.79582766439909,
      27.00480725623583,
      27.12090702947846,
      27.260226757369615,
      27.39954648526077,
      27.538866213151927,
      27.654965986394558,
      27.77106575963719,
      27.93360544217687,
      28.212244897959184,
      28.35156462585034,
      28.606984126984127,
      28.723083900226758,
      28.978503401360545,
      29.1178231292517,
      29.373242630385487
    ],
    "rhythm_regularity": 0.9586561792578993,
    "syncopation_index": 0.46206896551724136,
    "beat_count": 74,
    "onset_count": 145
  },