{
  "chroma_mean": [
    0.29029592871665955,
    0.3123469352722168,
    0.316150039434433,
    0.2826811969280243,
    0.3063635528087616,
    0.33552369475364685,
    0.5977689027786255,
    0.7634879350662231,
    0.8009364008903503,
    0.6225234270095825,
    0.4610818922519684,
    0.34014755487442017
  ],
  "chroma_std": [
    0.1738644689321518,
    0.18797756731510162,
    0.18180765211582184,
    0.1848628669977188,
    0.1962222456932068,
    0.17307749390602112,
    0.26319044828414917,
    0.24891170859336853,
    0.19935408234596252,
    0.30604857206344604,
    0.24239708483219147,
    0.18853726983070374
  ],
  "key_estimation": {
    "key": "C_major",
    "confidence": -0.07058422717037163
  },
  "tonal_complexity": 0.18467341363430023
}