{
  "mfcc_mean": [
    -85.58330535888672,
    97.3442611694336,
    13.661164283752441,
    15.29387092590332,
    9.818914413452148,
    6.089346885681152,
    5.205651760101318,
    1.2050819396972656,
    -2.03682017326355,
    1.6471812725067139,
    -7.603726863861084,
    -2.0106396675109863,
    -1.8892910480499268
  ],
  "mfcc_std": [
    94.70528411865234,
    43.9638557434082,
    25.06046485900879,
    16.145137786865234,
    13.750871658325195,
    19.021883010864258,
    12.796435356140137,
    14.700600624084473,
    12.576537132263184,
    12.318604469299316,
    10.510880470275879,
    10.060235023498535,
    10.816071510314941
  ],
  "spectral_centroid_mean": 2216.700471936041,
  "spectral_centroid_std": 1076.8499175534046,
  "spectral_bandwidth_mean": 2534.549002661928,
  "spectral_bandwidth_std": 667.7520839131271,
  "spectral_rolloff_mean": 4842.374439122963,
  "spectral_rolloff_std": 2366.429697566615,
  "spectral_flux_mean": 13099.7060546875,
  "spectral_flux_std": 19754.26953125,
  "spectral_flatness_mean": 0.030912049114704132,
  "spectral_flatness_std": 0.06144784018397331,
  "spectral_slope_mean": -0.00024156439926156112,
  "spectral_spread_mean": 2534.549002809904,
  "spectral_skewness_mean": 1.799804922028769,
  "spectral_kurtosis_mean": 7.202178068493035
}