{
  "chroma_mean": [
    0.3836890757083893,
    0.47853681445121765,
    0.3212050199508667,
    0.30129367113113403,
    0.2675965130329132,
    0.366024374961853,
    0.29248279333114624,
    0.3624649941921234,
    0.556390106678009,
    0.294486403465271,
    0.2704358994960785,
    0.2767085134983063
  ],
  "chroma_std": [
    0.35744187235832214,
    0.41178131103515625,
    0.32043617963790894,
    0.3071666359901428,
    0.30436351895332336,
    0.37042751908302307,
    0.31644704937934875,
    0.3455471694469452,
    0.3903579115867615,
    0.29749128222465515,
    0.30828413367271423,
    0.3202284276485443
  ],
  "key_estimation": {
    "key": "C_minor",
    "confidence": 0.19320143625906383
  },
  "tonal_complexity": 0.085965596139431
}