{
  "chroma_mean": [
    0.4361168146133423,
    0.610061764717102,
    0.5063455700874329,
    0.42107629776000977,
    0.5812405347824097,
    0.4524478018283844,
    0.46278220415115356,
    0.4558873176574707,
    0.595372200012207,
    0.6587062478065491,
    0.4235607981681824,
    0.4418466091156006
  ],
  "chroma_std": [
    0.213510200381279,
    0.2563472390174866,
    0.24238336086273193,
    0.18945461511611938,
    0.2379167228937149,
    0.18912838399410248,
    0.24014778435230255,
    0.23215678334236145,
    0.265369713306427,
    0.2589576244354248,
    0.16740761697292328,
    0.21425752341747284
  ],
  "key_estimation": {
    "key": "C_major",
    "confidence": -0.1435372824115959
  },
  "tonal_complexity": 0.08061864972114563
}