{
  "chroma_mean": [
    0.32216838002204895,
    0.26351436972618103,
    0.3176438808441162,
    0.27420204877853394,
    0.4014456272125244,
    0.42050665616989136,
    0.3430524170398712,
    0.36965784430503845,
    0.20455092191696167,
    0.20246247947216034,
    0.2511719763278961,
    0.20895539224147797
  ],
  "chroma_std": [
    0.3459967374801636,
    0.29710036516189575,
    0.33376380801200867,
    0.2982423007488251,
    0.3861425817012787,
    0.37263381481170654,
    0.330361008644104,
    0.3700377345085144,
    0.23423099517822266,
    0.23727498948574066,
    0.3160301744937897,
    0.23091237246990204
  ],
  "key_estimation": {
    "key": "C_major",
    "confidence": 0.5263734865896752
  },
  "tonal_complexity": 0.07278969138860703
}