{
  "snr_db": 63.18714791014622,
  "dynamic_range_db": 20.69199514466235,
  "rms_energy": 0.14369019865989685,
  "zero_crossing_rate": 0.1119739032701078
}