{
  "tempo_bpm": 112.34714673913044,
  "tempo_confidence": 0.976060623373033,
  "beat_positions": [
    2.2058956916099772,
    2.7631746031746034,
    3.297233560090703,
    3.877732426303855,
    4.342131519274377,
    4.899410430839002,
    5.479909297052155,
    5.990748299319728,
    6.524807256235827,
    7.1053061224489795,
    7.662585034013605,
    8.150204081632653,
    8.684263038548753,
    9.241541950113378,
    9.798820861678005,
    10.356099773242631,
    10.913378684807256,
    11.470657596371883,
    12.051156462585034,
    12.60843537414966,
    13.072834467120181,
    13.606893424036281,
    14.164172335600908,
    14.721451247165533,
    15.255510204081633,
    15.766349206349206,
    16.300408163265306,
    16.904126984126986,
    17.46140589569161,
    17.972244897959182,
    18.52952380952381,
    19.086802721088436,
    19.620861678004534,
    20.17814058956916,
    20.735419501133787,
    21.269478458049885,
    21.826757369614512,
    22.407256235827663,
    22.941315192743765,
    23.45215419501134,
    23.986213151927437,
    24.543492063492064,
    25.123990929705215,
    25.658049886621317,
    26.145668934240362,
    26.70294784580499,
    27.260226757369615,
    27.794285714285714,
    28.305124716553287,
    28.88562358276644,
    29.466122448979593,
    30.023401360544216,
    30.603900226757368,
    31.13795918367347,
    31.741678004535146,
    32.3221768707483,
    32.879455782312924,
    33.45995464852608,
    33.99401360544218,
    34.5512925170068,
    35.10857142857143,
    35.64263038548753,
    36.17668934240363,
    36.710748299319725,
    37.268027210884355,
    37.82530612244898,
    38.33614512471655,
    38.89342403628118,
    39.450702947845805,
    39.9847619047619,
    40.518820861678,
    41.07609977324263,
    41.633378684807255,
    42.190657596371885,
    42.72471655328798,
    43.25877551020408,
    43.79283446712018,
    44.32689342403628,
    44.860952380952384,
    45.39501133786848,
    45.92907029478458,
    46.46312925170068,
    46.99718820861678,
    47.53124716553288,
    48.06530612244898,
    48.59936507936508,
    49.13342403628118,
    49.66748299319728,
    50.20154195011338,
    50.758820861678004,
    51.316099773242634,
    51.87337868480726,
    52.360997732426306,
    52.91827664399093,
    53.47555555555556,
    54.00961451247166,
    54.497233560090706,
    55.031292517006804,
    55.5653514739229,
    56.14585034013606,
    56.65668934240363,
    57.2604081632653,
    57.84090702947846,
    58.37496598639456,
    58.93224489795919,
    59.48952380952381,
    60.00036281179138,
    60.51120181405896,
    61.11492063492064,
    61.67219954648526,
    62.22947845804989,
    62.74031746031746,
    63.297596371882086,
    63.85487528344671,
    64.41215419501134,
    64.94621315192744,
    65.48027210884354,
    66.01433106575963,
    66.57160997732426,
    67.10566893424036,
    67.68616780045352,
    68.22022675736962,
    68.75428571428571,
    69.31156462585034,
    69.84562358276644,
    70.37968253968253,
    70.91374149659863,
    71.44780045351474,
    72.00507936507937,
    72.53913832199547,
    73.09641723356009,
    73.65369614512471,
    74.18775510204081,
    74.72181405895692,
    75.25587301587302,
    75.81315192743764,
    76.37043083900227,
    76.90448979591837,
    77.46176870748299,
    77.99582766439909,
    78.55310657596372,
    79.08716553287982,
    79.64444444444445,
    80.20172335600907,
    80.73578231292517,
    81.29306122448979,
    81.78068027210884,
    82.38439909297053,
    82.91845804988662,
    83.4292970521542,
    83.9633560090703,
    84.56707482993197,
    85.1243537414966,
    85.6584126984127,
    86.21569160997733,
    86.77297052154195,
    87.30702947845805,
    87.84108843537415,
    88.39836734693877,
    88.90920634920634,
    89.46648526077098,
    90.0237641723356,
    90.5578231292517,
    91.0918820861678,
    91.64916099773242
  ],
  "onset_times": [
    1.3699773242630386,
    1.9040362811791383,
    2.182675736961451,
    2.36843537414966,
    2.461315192743764,
    2.7399546485260773,
    3.297233560090703,
    3.877732426303855,
    4.1099319727891155,
    4.31891156462585,
    4.6439909297052155,
    4.85297052154195,
    4.899410430839002,
    5.178049886621316,
    5.50312925170068,
    5.735328798185941,
    5.990748299319728,
    6.246167800453515,
    6.524807256235827,
    6.710566893424036,
    6.896326530612245,
    7.546485260770975,
    7.662585034013605,
    7.918004535147392,
    8.150204081632653,
    8.475283446712018,
    8.661043083900227,
    8.962902494331066,
    9.984580498866213,
    10.356099773242631,
    10.913378684807256,
    11.168798185941043,
    11.447437641723356,
    12.353015873015874,
    12.585215419501134,
    13.049614512471654,
    13.583673469387755,
    14.140952380952381,
    14.698231292517006,
    15.232290249433106,
    15.766349206349206,
    15.836009070294784,
    16.300408163265306,
    16.648707482993196,
    16.857687074829933,
    17.182766439909297,
    17.438185941043084,
    17.972244897959182,
    18.506303854875284,
    19.086802721088436,
    19.59764172335601,
    20.01560090702948,
    20.154920634920636,
    20.410340136054423,
    20.735419501133787,
    21.24625850340136,
    21.571337868480725,
    22.105396825396827,
    22.38403628117914,
    22.941315192743765,
    23.42893424036281,
    23.56825396825397,
    23.754013605442175,
    23.986213151927437,
    24.288072562358277,
    24.543492063492064,
    24.822131519274375,
    25.123990929705215,
    25.379410430839002,
    25.658049886621317,
    25.890249433106575,
    26.145668934240362,
    26.424308390022677,
    27.144126984126984,
    27.260226757369615,
    27.562086167800455,
    27.77106575963719,
    28.11936507936508,
    28.305124716553287,
    28.606984126984127,
    29.442902494331065,
    29.6518820861678,
    30.00018140589569,
    30.48780045351474,
    30.603900226757368,
    30.72,
    30.859319727891158,
    31.114739229024945,
    32.113197278911564,
    32.298956916099776,
    32.670476190476194,
    32.74013605442177,
    32.8562358276644,
    33.01877551020408,
    33.111655328798186,
    33.274195011337866,
    33.45995464852608,
    33.645714285714284,
    33.80825396825397,
    33.97079365079365,
    34.365532879818595,
    34.853151927437644,
    34.969251700680275,
    35.10857142857143,
    35.22467120181406,
    35.48009070294785,
    35.92126984126984,
    36.03736961451247,
    36.1534693877551,
    36.29278911564626,
    36.57142857142857,
    36.85006802721088,
    37.08226757369614,
    37.1287074829932,
    37.268027210884355,
    37.384126984126986,
    37.63954648526077,
    37.82530612244898,
    37.94140589569161,
    38.034285714285716,
    38.17360544217687,
    38.33614512471655,
    38.47546485260771,
    38.70766439909297,
    39.07918367346939,
    39.24172335600907,
    39.288163265306125,
    39.450702947845805,
    39.566802721088436,
    39.68290249433107,
    39.82222222222222,
    39.9847619047619,
    40.100861678004534,
    40.24018140589569,
    40.35628117913832,
    41.05287981859411,
    49.13342403628118,
    49.31918367346939,
    49.92290249433107,
    50.48018140589569,
    50.758820861678004,
    51.06068027210885,
    51.2928798185941,
    51.87337868480726,
    52.10557823129252,
    52.360997732426306,
    52.63963718820862,
    52.91827664399093,
    53.173696145124715,
    53.47555555555556,
    53.75419501133787,
    54.03283446712018,
    54.24181405895692,
    54.381133786848075,
    54.497233560090706,
    54.79909297052154,
    55.54213151927438,
    55.68145124716553,
    55.913650793650795,
    56.122630385487525,
    56.47092970521542,
    56.65668934240363,
    56.98176870748299,
    57.58548752834467,
    57.84090702947846,
    58.00344671201814,
    58.35174603174603,
    58.792925170068024,
    58.93224489795919,
    59.07156462585034,
    59.187664399092974,
    59.48952380952381,
    60.48798185941043,
