{
  "meta": {
    "path": "../../data/raw/MIREX-like_mood/dataset/Audio/526.mp3",
    "file_hash": "d198997d2bdade76ecc442b6ceb7061fc189a157",
    "duration_sec": 29.675102040816327,
    "sample_rate": 22050,
    "analysis_timestamp": "2025-10-24T19:59:09.060472",
    "config": {
      "sr": 22050,
      "n_fft": 2048,
      "hop_length": 512,
      "n_mels": 128,
      "n_mfcc": 13,
      "n_chroma": 12,
      "frame_length": 2048,
      "workers": 4,
      "use_crepe": false,
      "save_matrices": false,
      "save_plots": true,
      "force": true,
      "quick": false,
      "verbose": false
    },
    "processing_time_sec": 3.8200793266296387
  },
  "acoustic": {
    "mfcc_mean": [
      -203.1288604736328,
      130.58505249023438,
      -0.07470860332250595,
      27.17919921875,
      8.588658332824707,
      -3.577420711517334,
      15.521106719970703,
      -0.7467013597488403,
      4.124336242675781,
      4.78416633605957,
      -14.434502601623535,
      4.837178707122803,
      -8.121444702148438
    ],
    "mfcc_std": [
      60.43281173706055,
      27.263017654418945,
      24.470134735107422,
      17.60654640197754,
      14.896523475646973,
      18.028732299804688,
      18.640249252319336,
      14.250628471374512,
      9.982385635375977,
      12.105592727661133,
      10.276695251464844,
      10.600472450256348,
      10.96444320678711
    ],
    "spectral_centroid_mean": 1555.9455581178709,
    "spectral_centroid_std": 637.9700162754721,
    "spectral_bandwidth_mean": 1958.9400939400832,
    "spectral_bandwidth_std": 477.3391626613878,
    "spectral_rolloff_mean": 3127.861904594654,
    "spectral_rolloff_std": 1456.9742173503826,
    "spectral_flux_mean": 2051.811279296875,
    "spectral_flux_std": 3702.423095703125,
    "spectral_flatness_mean": 0.0029961182735860348,
    "spectral_flatness_std": 0.029698463156819344,
    "spectral_slope_mean": -0.0004769828647026153,
    "spectral_spread_mean": 1958.9400936296927,
    "spectral_skewness_mean": 2.4165443780312965,
    "spectral_kurtosis_mean": 10.004900473438212
  },
  "rhythm": {
    "tempo_bpm": 112.34714673913044,
    "tempo_confidence": 0.9717406529269702,
    "beat_positions": [
      0.23219954648526078,
      0.8126984126984127,
      1.3235374149659864,
      1.8343764172335602,
      2.345215419501134,
      2.8560544217687074,
      3.3901133786848074,
      3.900952380952381,
      4.435011337868481,
      4.9458503401360545,
      5.479909297052155,
      5.990748299319728,
      6.524807256235827,
      7.035646258503402,
      7.546485260770975,
      8.057324263038549,
      8.591383219954649,
      9.102222222222222,
      9.613061224489796,
      10.12390022675737,
      10.634739229024943,
      11.168798185941043,
      11.679637188208616,
      12.167256235827665,
      12.701315192743763,
      13.235374149659863,
      13.769433106575963,
      14.280272108843537,
      14.814331065759637,
      15.32517006802721,
      15.836009070294784,
      16.370068027210884,
      16.880907029478458,
      17.39174603174603,
      17.925804988662133,
      18.436643990929706,
      18.92426303854875,
      19.435102040816325,
      19.969160997732427,
      20.456780045351476,
      20.94439909297052,
      21.385578231292516,
      21.826757369614512,
      22.337596371882086,
      22.825215419501134,
      23.289614512471655,
      23.823673469387757,
      24.427392290249433,
      25.031111111111112,
      25.56517006802721,
      26.122448979591837,
      26.63328798185941,
      27.144126984126984,
      27.631746031746033,
      28.189024943310656,
      28.723083900226758,
      29.23392290249433
    ],
    "onset_times": [
      0.16253968253968254,
      0.301859410430839,
      0.8126984126984127,
      0.9520181405895691,
      1.1377777777777778,
      1.811156462585034,
      2.136235827664399,
      2.3219954648526078,
      2.8560544217687074,
      3.3668934240362813,
      3.7151927437641725,
      3.900952380952381,
      4.4117913832199545,
      4.9458503401360545,
      5.270929705215419,
      5.456689342403628,
      5.7817687074829935,
      5.990748299319728,
      6.501587301587302,
      6.849886621315193,
      7.012426303854875,
      7.337505668934241,
      7.546485260770975,
      7.87156462585034,
      8.057324263038549,
      8.382403628117913,
      8.591383219954649,
      9.079002267573696,
      9.613061224489796,
      10.309659863945578,
      10.425759637188209,
      10.611519274376418,
      10.797278911564625,
      10.936598639455783,
      11.145578231292516,
      11.447437641723356,
      11.656417233560092,
      12.004716553287983,
      12.167256235827665,
      12.538775510204081,
      12.701315192743763,
      12.933514739229025,
      13.049614512471654,
      13.235374149659863,
      13.49079365079365,
      13.583673469387755,
      13.839092970521541,
      14.048072562358277,
      14.257052154195012,
      14.55891156462585,
      14.814331065759637,
      14.97687074829932,
      15.116190476190477,
      15.32517006802721,
      15.394829931972788,
      15.603809523809524,
      15.766349206349206,
      16.16108843537415,
      16.370068027210884,
      16.69514739229025,
      16.834467120181404,
      16.880907029478458,
      16.99700680272109,
      17.182766439909297,
      17.368526077097506,
      17.670385487528346,
      17.925804988662133,
      18.204444444444444,
      18.413424036281178,
      18.92426303854875,
      19.202902494331067,
      19.388662131519276,
      19.435102040816325,
      19.736961451247165,
      19.9459410430839,
      20.921179138321996,
      21.292698412698414,
      21.478458049886623,
      21.61777777777778,
      21.757097505668934,
      21.803537414965987,
      22.035736961451246,
      22.31437641723356,
      22.639455782312925,
      22.825215419501134,
      22.987755102040815,
      23.034195011337868,
      23.289614512471655,
      23.591473922902495,
      23.800453514739228,
      24.125532879818593,
      24.52027210884354,
      24.659591836734695,
      24.86857142857143,
      25.031111111111112,
      25.356190476190477,
      25.541950113378686,
      25.774149659863944,
      25.913469387755104,
      25.959909297052153,
      26.09922902494331,
      26.447528344671202,
      26.610068027210886,
      27.144126984126984,
      27.422766439909296,
      27.608526077097505,
      27.956825396825398,
      28.07292517006803,
      28.189024943310656,
      28.444444444444443,
      28.723083900226758,
      29.23392290249433,
      29.466122448979593,
      29.58222222222222
    ],
    "rhythm_regularity": 0.9438466109044067,
    "syncopation_index": 0.47368421052631576,
    "beat_count": 57,
    "onset_count": 114
  },
  "harmony": {
    "chroma_mean": [
      0.20099413394927979,
      0.302464097738266,
      0.1531631201505661,
      0.2751755714416504,
      0.3904246687889099,
      0.2277367264032364,
      0.5620073676109314,
      0.22067005932331085,
      0.2487448900938034,
      0.16240805387496948,
      0.26178431510925293,
      0.6457398533821106
    ],
    "chroma_std": [
      0.13781307637691498,
      0.26356416940689087,
      0.12142911553382874,
      0.23838907480239868,
      0.35967788100242615,
      0.16424447298049927,
      0.342570424079895,
      0.17456644773483276,
      0.20945759117603302,
      0.11433833092451096,
      0.2001459002494812,
      0.3446325957775116
    ],
    "key_estimation": {
      "key": "C_major",
      "confidence": -0.329784087097927
    },
    "tonal_complexity": 0.14794732630252838
  },
  "quality": {
    "snr_db": 35.94382306091051,
    "dynamic_range_db": 21.89744330385664,
    "rms_energy": 0.1123727560043335,
    "zero_crossing_rate": 0.0679909688965989
  },
  "lyrics": {
    "word_count": 473,
    "unique_word_count": 155,
    "sentence_count": 35,
    "avg_words_per_sentence": 13.514285714285714,
    "readability": null,
    "sentiment_analysis": null,