{
  "chroma_mean": [
    0.7355273962020874,
    0.4799233376979828,
    0.5364300012588501,
    0.48649272322654724,
    0.6589382290840149,
    0.5758951306343079,
    0.3985677659511566,
    0.5987717509269714,
    0.3682701587677002,
    0.5269400477409363,
    0.41693463921546936,
    0.47998031973838806
  ],
  "chroma_std": [
    0.26631271839141846,
    0.2105506807565689,
    0.22530750930309296,
    0.19870835542678833,
    0.23944693803787231,
    0.2723066508769989,
    0.16188856959342957,
    0.23071742057800293,
    0.1463785022497177,
    0.24269719421863556,
    0.18798241019248962,
    0.17729917168617249
  ],
  "key_estimation": {
    "key": "C_major",
    "confidence": 0.9137106727255195
  },
  "tonal_complexity": 0.10331225395202637
}