{
  "mfcc_mean": [
    -57.55524826049805,
    89.79882049560547,
    -10.642744064331055,
    20.95006561279297,
    7.6134467124938965,
    0.8459346890449524,
    0.018552277237176895,
    13.119630813598633,
    -2.982990264892578,
    0.006971441209316254,
    -4.709808349609375,
    -2.32346773147583,
    -8.596041679382324
  ],
  "mfcc_std": [
    56.86463165283203,
    18.90094757080078,
    14.81725025177002,
    11.272046089172363,
    11.443958282470703,
    7.949124336242676,
    7.258955955505371,
    6.8440842628479,
    7.43228006362915,
    6.2679033279418945,
    7.0081706047058105,
    8.136594772338867,
    8.359114646911621
  ],
  "spectral_centroid_mean": 2290.0047185768303,
  "spectral_centroid_std": 480.5457047254606,
  "spectral_bandwidth_mean": 2442.534523710572,
  "spectral_bandwidth_std": 282.9925497215383,
  "spectral_rolloff_mean": 4741.98508661552,
  "spectral_rolloff_std": 1127.047092796577,
  "spectral_flux_mean": 3809.529052734375,
  "spectral_flux_std": 4286.521484375,
  "spectral_flatness_mean": 0.0138547969982028,
  "spectral_flatness_std": 0.032755300402641296,
  "spectral_slope_mean": -0.00036458107610932647,
  "spectral_spread_mean": 2442.53452408664,
  "spectral_skewness_mean": 1.5148131746540487,
  "spectral_kurtosis_mean": 4.779256635195048
}