{
  "snr_db": 33.36752262316051,
  "dynamic_range_db": 16.986405515754285,
  "rms_energy": 0.18389254808425903,
  "zero_crossing_rate": 0.17994404808444098
}