{
  "chroma_mean": [
    0.6065026521682739,
    0.6265268921852112,
    0.605476438999176,
    0.7208529114723206,
    0.830609142780304,
    0.8221119046211243,
    0.676537275314331,
    0.7686396241188049,
    0.6943967342376709,
    0.7829770445823669,
    0.5956681370735168,
    0.6735633611679077
  ],
  "chroma_std": [
    0.13666051626205444,
    0.14947925508022308,
    0.12446281313896179,
    0.14264598488807678,
    0.1630534529685974,
    0.14672218263149261,
    0.13584288954734802,
    0.14550215005874634,
    0.14629991352558136,
    0.20684152841567993,
    0.17327746748924255,
    0.16178439557552338
  ],
  "key_estimation": {
    "key": "C_major",
    "confidence": 0.2374771260605439
  },
  "tonal_complexity": 0.08126138150691986
}