{
  "tempo_bpm": 135.99917763157896,
  "tempo_confidence": 0.9780491490904302,
  "beat_positions": [
    0.16253968253968254,
    0.5572789115646258,
    0.9520181405895691,
    1.3467573696145125,
    1.787936507936508,
    2.2523356009070294,
    2.693514739229025,
    3.1811337868480725,
    3.622312925170068,
    4.08671201814059,
    4.527891156462585,
    5.015510204081632,
    5.479909297052155,
    5.921088435374149,
    6.3854875283446715,
    6.826666666666667,
    7.267845804988662,
    7.7090249433106575,
    8.150204081632653,
    8.614603174603175,
    9.05578231292517,
    9.520181405895691,
    9.984580498866213,
    10.425759637188209,
    10.866938775510205,
    11.3081179138322,
    11.77251700680272,
    12.213696145124716,
    12.678095238095239,
    13.119274376417234,
    13.56045351473923,
    14.02485260770975,
    14.466031746031746,
    14.907210884353741,
    15.348390022675737,
    15.81278911564626,
    16.253968253968253,
    16.69514739229025,
    17.136326530612244,
    17.600725623582765,
    18.06512471655329,
    18.483083900226756,
    18.92426303854875,
    19.365442176870747,
    19.806621315192743,
    20.271020408163267,
    20.712199546485262,
    21.153378684807254,
    21.61777777777778,
    22.058956916099774,
    22.47691609977324,
    22.941315192743765,
    23.38249433106576,
    23.84689342403628,
    24.288072562358277,
    24.729251700680273,
    25.14721088435374,
    25.56517006802721,
    25.93668934240363,
    26.354648526077096,
    26.749387755102042,
    27.144126984126984,
    27.58530612244898,
    28.026485260770976
  ],
  "onset_times": [
    0.13931972789115646,
    0.4179591836734694,
    0.626938775510204,
    0.8591383219954648,
    1.1609977324263039,
    1.3467573696145125,
    1.6486167800453515,
    1.7647165532879818,
    2.2523356009070294,
    3.1579138321995464,
    3.622312925170068,
    4.040272108843538,
    4.08671201814059,
    4.527891156462585,
    4.85297052154195,
    5.015510204081632,
    5.294149659863946,
    5.712108843537415,
    5.828208616780046,
    5.897868480725624,
    6.826666666666667,
    7.22140589569161,
    7.453605442176871,
    7.7090249433106575,
    8.614603174603175,
    9.47374149659864,
    9.520181405895691,
    9.984580498866213,
    10.402539682539683,
    11.284897959183674,
    11.749297052154194,
    12.213696145124716,
    12.654875283446712,
    14.907210884353741,
    15.580589569160997,
    15.74312925170068,
    15.81278911564626,
    16.69514739229025,
    16.92734693877551,
    17.066666666666666,
    17.600725623582765,
    18.018684807256236,
    18.06512471655329,
    18.45986394557823,
    18.92426303854875,
    19.22612244897959,
    19.806621315192743,
    20.06204081632653,
    20.271020408163267,
    20.712199546485262,
    21.13015873015873,
    22.035736961451246,
    22.941315192743765,
    23.2431746031746,
    24.706031746031748,
    25.56517006802721,
    26.02956916099773,
    26.470748299319727,
    27.12090702947846,
    27.376326530612246,
    27.58530612244898,
    28.258684807256238,
    28.676643990929705
  ],
  "rhythm_regularity": 0.9492555421745387,
  "syncopation_index": 0.25396825396825395,
  "beat_count": 64,
  "onset_count": 63
}