{
  "chroma_mean": [
    0.39826565980911255,
    0.6500634551048279,
    0.3672366440296173,
    0.5891414880752563,
    0.4985232353210449,
    0.3916209936141968,
    0.5241729021072388,
    0.35978031158447266,
    0.5160834193229675,
    0.3025877773761749,
    0.31477662920951843,
    0.5418890118598938
  ],
  "chroma_std": [
    0.18523213267326355,
    0.2946436107158661,
    0.1583629697561264,
    0.27992624044418335,
    0.25377464294433594,
    0.1568261831998825,
    0.27561047673225403,
    0.19627916812896729,
    0.2295175939798355,
    0.15309695899486542,
    0.1458897739648819,
    0.3044673502445221
  ],
  "key_estimation": {
    "key": "C_minor",
    "confidence": -0.09909570876867875
  },
  "tonal_complexity": 0.10835813730955124
}