{
  "mfcc_mean": [
    -75.09569549560547,
    93.86479187011719,
    -43.18310546875,
    25.105384826660156,
    4.325504779815674,
    12.795400619506836,
    -5.672449588775635,
    6.917603492736816,
    -0.9852009415626526,
    3.844938039779663,
    -2.069760322570801,
    2.3653876781463623,
    -3.2944271564483643
  ],
  "mfcc_std": [
    64.27957916259766,
    30.553123474121094,
    24.73356819152832,
    16.26155662536621,
    10.099425315856934,
    12.363533973693848,
    8.946206092834473,
    10.40317440032959,
    8.194580078125,
    7.896404266357422,
    7.082935810089111,
    6.453272819519043,
    6.835506916046143
  ],
  "spectral_centroid_mean": 2321.3500563896278,
  "spectral_centroid_std": 586.7695938600624,
  "spectral_bandwidth_mean": 2099.752531298109,
  "spectral_bandwidth_std": 378.11344089746643,
  "spectral_rolloff_mean": 4382.893497242647,
  "spectral_rolloff_std": 1165.0754199743515,
  "spectral_flux_mean": 3692.677490234375,
  "spectral_flux_std": 3479.301025390625,
  "spectral_flatness_mean": 0.01928458735346794,
  "spectral_flatness_std": 0.0404459610581398,
  "spectral_slope_mean": -0.0005330592402863658,
  "spectral_spread_mean": 2099.752530284438,
  "spectral_skewness_mean": 1.420400905973804,
  "spectral_kurtosis_mean": 5.149103616509708
}