{
  "chroma_mean": [
    0.31632089614868164,
    0.3550393283367157,
    0.28232523798942566,
    0.2828146517276764,
    0.2489139586687088,
    0.2809833288192749,
    0.4993487596511841,
    0.278967946767807,
    0.30354800820350647,
    0.2405456155538559,
    0.35975098609924316,
    0.43682578206062317
  ],
  "chroma_std": [
    0.3189305067062378,
    0.35893216729164124,
    0.31879356503486633,
    0.32545456290245056,
    0.3014376759529114,
    0.3050544857978821,
    0.38016682863235474,
    0.294484406709671,
    0.3335610330104828,
    0.27996596693992615,
    0.34753772616386414,
    0.40558484196662903
  ],
  "key_estimation": {
    "key": "C_minor",
    "confidence": -0.26092145682263473
  },
  "tonal_complexity": 0.07422319054603577
}