{
  "snr_db": 92.67029917114624,
  "dynamic_range_db": 22.48150748910506,
  "rms_energy": 0.12408673018217087,
  "zero_crossing_rate": 0.1596221640943641
}