{
  "tempo_bpm": 75.99954044117646,
  "tempo_confidence": 0.9798662880033094,
  "beat_positions": [
    0.16253968253968254,
    0.8359183673469388,
    1.6253968253968254,
    2.414875283446712,
    3.2043537414965986,
    3.9938321995464854,
    4.783310657596372,
    5.596009070294785,
    6.3854875283446715,
    7.174965986394557,
    7.964444444444444,
    8.753922902494331,
    9.543401360544218,
    10.332879818594105,
    11.145578231292516,
    11.935056689342403,
    12.72453514739229,
    13.514013605442177,
    14.303492063492063,
    15.09297052154195,
    15.882448979591837,
    16.671927437641724,
    17.46140589569161,
    18.274104308390022,
    19.06358276643991,
    19.853061224489796,
    20.64253968253968,
    21.43201814058957,
    22.221496598639455,
    23.010975056689343,
    23.800453514739228,
    24.61315192743764,
    25.402630385487527,
    26.192108843537415,
    26.9815873015873,
    27.77106575963719,
    28.560544217687074,
    29.350022675736962
  ],
  "onset_times": [
    0.13931972789115646,
    0.44117913832199546,
    0.8126984126984127,
    1.230657596371882,
    1.4396371882086167,
    1.6021768707482993,
    2.020136054421769,
    2.2291156462585033,
    2.391655328798186,
    2.6238548752834467,
    2.809614512471655,
    3.2043537414965986,
    3.5062131519274375,
    3.622312925170068,
    3.9938321995464854,
    4.4117913832199545,
    4.597551020408163,
    4.783310657596372,
    5.201269841269841,
    5.410249433106576,
    5.572789115646258,
    5.804988662131519,
    5.9675283446712015,
    6.362267573696145,
    6.780226757369615,
    7.151746031746032,
    7.569705215419501,
    7.9412244897959186,
    8.382403628117913,
    8.568163265306122,
    8.753922902494331,
    8.962902494331066,
    9.1718820861678,
    9.543401360544218,
    9.961360544217687,
    10.170340136054422,
    10.332879818594105,
    10.518639455782314,
    10.750839002267574,
    11.122358276643991,
    11.54031746031746,
    11.72607709750567,
    11.911836734693878,
    12.120816326530612,
    12.329795918367347,
    12.701315192743763,
    13.119274376417234,
    13.49079365079365,
    13.908752834467121,
    14.280272108843537,
    14.698231292517006,
    14.907210884353741,
    15.069750566893424,
    15.301950113378684,
    15.487709750566893,
    15.696689342403628,
    15.882448979591837,
    16.300408163265306,
    16.671927437641724,
    17.08988662131519,
    17.322086167800453,
    17.46140589569161,
    17.87936507936508,
    18.06512471655329,
    18.250884353741498,
    18.483083900226756,
    18.64562358276644,
    19.040362811791383,
    19.458321995464853,
    19.82984126984127,
    20.131700680272107,
    20.24780045351474,
    20.456780045351476,
    20.619319727891156,
    20.851519274376418,
    21.037278911564627,
    21.223038548752836,
    21.43201814058957,
    21.61777777777778,
    21.826757369614512,
    22.221496598639455,
    22.6162358276644,
    22.871655328798187,
    23.010975056689343,
    23.42893424036281,
    23.637913832199548,
    23.800453514739228,
    24.19519274376417,
    24.404172335600908,
    24.589931972789117,
    24.79891156462585,
    25.007891156462584,
    25.193650793650793,
    25.379410430839002,
    25.797369614512473,
    26.006349206349206,
    26.16888888888889,
    26.586848072562358,
    26.79582766439909,
    26.958367346938775,
    27.376326530612246,
    27.58530612244898,
    27.74784580498866,
    27.980045351473922,
    28.16580498866213,
    28.53732426303855,
    28.76952380952381,
    28.955283446712016,
    29.18748299319728,
    29.350022675736962
  ],
  "rhythm_regularity": 0.9739527358094751,
  "syncopation_index": 0.6545454545454545,
  "beat_count": 38,
  "onset_count": 110
}