{
  "snr_db": 35.87386591721447,
  "dynamic_range_db": 20.47490300654183,
  "rms_energy": 0.13301639258861542,
  "zero_crossing_rate": 0.12586470448103987
}