{
  "chroma_mean": [
    0.6722398400306702,
    0.6310260891914368,
    0.811928391456604,
    0.7094860076904297,
    0.6298164129257202,
    0.5492535829544067,
    0.49983611702919006,
    0.4854417145252228,
    0.4096214771270752,
    0.4309769570827484,
    0.3612929582595825,
    0.3902515769004822
  ],
  "chroma_std": [
    0.2758750319480896,
    0.19951686263084412,
    0.22319607436656952,
    0.20526623725891113,
    0.19438660144805908,
    0.21556001901626587,
    0.19068603217601776,
    0.1921684890985489,
    0.15460461378097534,
    0.14446380734443665,
    0.10077608376741409,
    0.12623371183872223
  ],
  "key_estimation": {
    "key": "C_minor",
    "confidence": 0.3150718395213406
  },
  "tonal_complexity": 0.1364973932504654
}