{
  "tempo_bpm": 184.5703125,
  "tempo_confidence": 0.9821567202454149,
  "beat_positions": [
    2.182675736961451,
    2.507755102040816,
    2.8328344671201813,
    3.1579138321995464,
    3.4829931972789114,
    3.8080725623582765,
    4.1099319727891155,
    4.4117913832199545,
    4.713650793650793,
    4.992290249433107,
    5.294149659863946,
    5.596009070294785,
    5.897868480725624,
    6.222947845804988,
    6.524807256235827,
    6.8034467120181406,
    7.1053061224489795,
    7.430385487528345,
    7.75546485260771,
    8.080544217687075,
    8.40562358276644,
    8.730702947845804,
    9.05578231292517,
    9.380861678004536,
    9.659501133786849,
    9.984580498866213,
    10.286439909297052,
    10.588299319727891,
    10.936598639455783,
    11.261678004535147,
    11.586757369614512,
    11.911836734693878,
    12.213696145124716,
    12.538775510204081,
    12.863854875283447,
    13.188934240362812,
    13.514013605442177,
    13.815873015873017,
    14.140952380952381,
    14.466031746031746,
    14.79111111111111,
    15.116190476190477,
    15.418049886621315,
    15.719909297052155,
    16.021768707482995,
    16.32362811791383,
    16.648707482993196,
    16.973786848072564,
    17.2756462585034,
    17.57750566893424,
    17.87936507936508,
    18.18122448979592,
    18.483083900226756,
    18.83138321995465,
    19.17968253968254,
    19.52798185941043,
    19.82984126984127,
    20.131700680272107,
    20.456780045351476,
    20.78185941043084,
    21.13015873015873,
    21.455238095238094,
    21.803537414965987,
    22.128616780045352,
    22.430476190476192,
    22.732335600907028,
    23.034195011337868,
    23.336054421768708,
    23.637913832199548,
    23.91655328798186,
    24.241632653061224,
    24.56671201814059,
    24.891791383219953,
    25.21687074829932,
    25.541950113378686,
    25.86702947845805,
    26.192108843537415,
    26.540408163265305,
    26.888707482993198,
    27.260226757369615,
    27.58530612244898,
    27.93360544217687,
    28.258684807256238,
    28.583764172335602,
    28.908843537414967,
    29.257142857142856,
    29.58222222222222,
    29.90730158730159,
    30.232380952380954,
    30.55746031746032,
    30.859319727891158,
    31.207619047619048,
    31.60235827664399,
    31.927437641723355,
    32.275736961451244,
    32.60081632653061,
    32.92589569160998,
    33.25097505668934,
    33.57605442176871,
    33.924353741496596,
    34.249433106575964,
    34.59773242630386,
    34.94603174603174,
    35.27111111111111,
    35.59619047619048,
    35.944489795918365,
    36.26956916099773,
    36.617868480725626,
    36.94294784580499,
    37.268027210884355,
    37.56988662131519,
    37.871746031746035,
    38.196825396825396,
    38.54512471655329,
    38.91664399092971,
    39.24172335600907,
    39.566802721088436,
    39.8918820861678,
    40.216961451247165,
    40.542040816326534,
    40.867120181405895,
    41.21541950113379,
    41.56371882086168,
    41.88879818594104,
    42.21387755102041,
    42.53895691609977,
    42.86403628117914,
    43.1891156462585,
    43.51419501133787,
    43.86249433106576,
    44.18757369614512,
    44.51265306122449,
    44.860952380952384,
    45.20925170068027,
    45.53433106575964,
    45.859410430839006,
    46.18448979591837,
    46.53278911564626,
    46.85786848072562,
    47.206167800453514,
    47.55446712018141,
    47.9027664399093,
    48.251065759637186,
    48.576145124716554,
    48.901224489795915,
    49.22630385487528,
    49.55138321995465,
    49.87646258503401,
    50.20154195011338,
    50.52662131519274,
    50.85170068027211,
    51.17678004535147,
    51.50185941043084,
    51.85015873015873,
    52.19845804988662,
    52.54675736961451,
    52.895056689342404,
    53.2433560090703,
    53.59165532879818,
    53.939954648526076,
    54.28825396825397,
    54.590113378684805,
    54.91519274376417,
    55.240272108843534,
    55.5653514739229,
    55.89043083900227,
    56.23873015873016,
    56.58702947845805,
    56.91210884353742,
    57.23718820861678,
    57.56226757369615,
    57.88734693877551,
    58.2356462585034,
    58.583945578231294,
    58.93224489795919,
    59.25732426303855,
    59.582403628117916,
    59.953922902494334,
    60.279002267573695,
    60.60408163265306,
    60.929160997732424,
    61.23102040816327,
    61.55609977324263,
    61.881179138322,
    62.18303854875283,
    62.48489795918368,
    62.78675736961451,
    63.15827664399093,
    63.506575963718824,
    63.85487528344671,
    64.17995464852608,
    64.48181405895691,
    64.80689342403628,
    65.13197278911565,
    65.45705215419501,
    65.78213151927437,
    66.08399092970521,
    66.40907029478458,
    66.73414965986395,
    67.03600907029478,
    67.36108843537414,
    67.68616780045352,
    68.01124716553288,
    68.33632653061224,
    68.66140589569162,
    69.0097052154195,
    69.35800453514739,
    69.68308390022676,
    69.9849433106576,
    70.31002267573696,
    70.6118820861678,
    70.93696145124717,
    71.23882086167801,
    71.54068027210884,
    71.8657596371882,
    72.16761904761904,
    72.49269841269842,
    72.81777777777778,
    73.16607709750566,
    73.49115646258504,
    73.83945578231292,
    74.18775510204081,
    74.53605442176871,
    74.83791383219955,
    75.13977324263038,
    75.44163265306122,
    75.74349206349207,
    76.0453514739229
  ],