{
  "mfcc_mean": [
    -56.58169174194336,
    88.53292083740234,
    -8.085786819458008,
    33.67898178100586,
    9.990778923034668,
    12.787099838256836,
    2.7051782608032227,
    4.791219711303711,
    -2.2841339111328125,
    0.8971326351165771,
    -1.2271453142166138,
    3.0602245330810547,
    -4.80265474319458
  ],
  "mfcc_std": [
    63.663238525390625,
    26.04953956604004,
    26.03746223449707,
    11.235608100891113,
    11.154115676879883,
    8.9584321975708,
    9.895851135253906,
    8.576085090637207,
    8.055513381958008,
    6.994665622711182,
    6.3407301902771,
    6.45809268951416,
    6.0418243408203125
  ],
  "spectral_centroid_mean": 2351.7962124320243,
  "spectral_centroid_std": 654.0443380432095,
  "spectral_bandwidth_mean": 2451.3802339258,
  "spectral_bandwidth_std": 402.095251201578,
  "spectral_rolloff_mean": 4919.250994123827,
  "spectral_rolloff_std": 1301.829522283354,
  "spectral_flux_mean": 3918.361572265625,
  "spectral_flux_std": 3352.569580078125,
  "spectral_flatness_mean": 0.02298358455300331,
  "spectral_flatness_std": 0.0347488708794117,
  "spectral_slope_mean": -0.0004050463042781213,
  "spectral_spread_mean": 2451.3802336752847,
  "spectral_skewness_mean": 1.3597820055400225,
  "spectral_kurtosis_mean": 4.541724070478462
}