,precision,recall,f1-score,support
Cluster 1,0.24,0.17647058823529413,0.2033898305084746,34.0
Cluster 2,0.22727272727272727,0.15151515151515152,0.18181818181818182,33.0
Cluster 3,0.4909090909090909,0.627906976744186,0.5510204081632653,43.0
Cluster 4,0.21739130434782608,0.2631578947368421,0.23809523809523808,38.0
Cluster 5,0.42424242424242425,0.42424242424242425,0.42424242424242425,33.0
accuracy,0.3425414364640884,0.3425414364640884,0.3425414364640884,0.3425414364640884
macro avg,0.31996310935441374,0.3286586070947796,0.3197132165655168,181.0
weighted avg,0.32613237831109554,0.3425414364640884,0.32959530848578783,181.0
