{
  "mfcc_mean": [
    -32.340084075927734,
    88.52777099609375,
    2.3485419750213623,
    16.146564483642578,
    12.108665466308594,
    7.758719444274902,
    0.4861687123775482,
    10.354268074035645,
    -2.789246082305908,
    6.799625873565674,
    -5.03418493270874,
    -2.29118275642395,
    -2.6513094902038574
  ],
  "mfcc_std": [
    64.15385437011719,
    27.9381103515625,
    18.04043197631836,
    13.859353065490723,
    11.627020835876465,
    10.24269962310791,
    9.184150695800781,
    9.68715763092041,
    7.830930233001709,
    8.691947937011719,
    7.463717460632324,
    7.844381332397461,
    7.099307060241699
  ],
  "spectral_centroid_mean": 2583.649288337209,
  "spectral_centroid_std": 863.584919350278,
  "spectral_bandwidth_mean": 2750.38043591854,
  "spectral_bandwidth_std": 445.83008108833525,
  "spectral_rolloff_mean": 5869.771312173724,
  "spectral_rolloff_std": 1775.4691179889885,
  "spectral_flux_mean": 7487.5703125,
  "spectral_flux_std": 5738.48828125,
  "spectral_flatness_mean": 0.029642915353178978,
  "spectral_flatness_std": 0.04673968255519867,
  "spectral_slope_mean": -0.00034036539094176705,
  "spectral_spread_mean": 2750.3804328034307,
  "spectral_skewness_mean": 1.2749060116536175,
  "spectral_kurtosis_mean": 3.943980273921332
}