{
  "mfcc_mean": [
    -176.9589385986328,
    116.61993408203125,
    32.44904708862305,
    26.12080192565918,
    24.156898498535156,
    1.9020373821258545,
    3.274803400039673,
    5.399412631988525,
    -5.371663570404053,
    12.30858325958252,
    -4.746144771575928,
    -1.3331782817840576,
    -1.468870759010315
  ],
  "mfcc_std": [
    95.54486083984375,
    46.37966537475586,
    22.94675636291504,
    19.67103385925293,
    14.909892082214355,
    15.044001579284668,
    12.299570083618164,
    11.235431671142578,
    11.885154724121094,
    12.719061851501465,
    10.225810050964355,
    10.895853996276855,
    9.619365692138672
  ],
  "spectral_centroid_mean": 1789.5877609176357,
  "spectral_centroid_std": 1264.7432588875402,
  "spectral_bandwidth_mean": 2307.383248232388,
  "spectral_bandwidth_std": 848.1214614356986,
  "spectral_rolloff_mean": 3921.515099347161,
  "spectral_rolloff_std": 2698.034497735075,
  "spectral_flux_mean": 2513.232421875,
  "spectral_flux_std": 4935.1171875,
  "spectral_flatness_mean": 0.01704631932079792,
  "spectral_flatness_std": 0.059460196644067764,
  "spectral_slope_mean": -0.0002782676045661552,
  "spectral_spread_mean": 2307.6059690585103,
  "spectral_skewness_mean": 2.47309692903751,
  "spectral_kurtosis_mean": 14.671750499460146
}