{
  "meta": {
    "path": "../../data/raw/MIREX-like_mood/dataset/Audio/106.mp3",
    "file_hash": "500791bc0cc9a287cf7e3b7946947db8e76ec253",
    "duration_sec": 29.814421768707483,
    "sample_rate": 22050,
    "analysis_timestamp": "2025-10-24T20:24:00.208085",
    "config": {
      "sr": 22050,
      "n_fft": 2048,
      "hop_length": 512,
      "n_mels": 128,
      "n_mfcc": 13,
      "n_chroma": 12,
      "frame_length": 2048,
      "workers": 4,
      "use_crepe": false,
      "save_matrices": false,
      "save_plots": true,
      "force": true,
      "quick": false,
      "verbose": false
    },
    "processing_time_sec": 2.6867783069610596
  },
  "acoustic": {
    "mfcc_mean": [
      -119.17926788330078,
      117.89832305908203,
      6.967801570892334,
      22.224651336669922,
      5.750394344329834,
      9.00861930847168,
      0.5601924657821655,
      7.147590160369873,
      0.17337514460086823,
      7.756785869598389,
      -0.07896599918603897,
      1.242300033569336,
      -0.11403761059045792
    ],
    "mfcc_std": [
      68.18666076660156,
      23.635725021362305,
      14.487957954406738,
      11.21255874633789,
      11.40101146697998,
      8.830032348632812,
      8.928494453430176,
      7.870344161987305,
      7.186980724334717,
      7.341854095458984,
      7.90570592880249,
      7.716868877410889,
      7.060856819152832
    ],
    "spectral_centroid_mean": 1762.2620475807107,
    "spectral_centroid_std": 692.2706018686939,
    "spectral_bandwidth_mean": 2280.4556104160224,
    "spectral_bandwidth_std": 407.8864690378592,
    "spectral_rolloff_mean": 3815.5243988630837,
    "spectral_rolloff_std": 1562.5751021380695,
    "spectral_flux_mean": 3790.2265625,
    "spectral_flux_std": 4552.9375,
    "spectral_flatness_mean": 0.010213580913841724,
    "spectral_flatness_std": 0.036028049886226654,
    "spectral_slope_mean": -0.0004116388034654328,
    "spectral_spread_mean": 2280.4556085638214,
    "spectral_skewness_mean": 1.9802924884921962,
    "spectral_kurtosis_mean": 6.8130800875243445
  },
  "rhythm": {
    "tempo_bpm": 99.38401442307692,
    "tempo_confidence": 0.9717480974453726,
    "beat_positions": [
      0.7662585034013606,
      1.3931972789115645,
      1.9504761904761905,
      2.6006349206349206,
      3.2043537414965986,
      3.7848526077097504,
      4.31891156462585,
      4.829750566893424,
      5.363809523809524,
      5.944308390022676,
      6.548027210884354,
      7.174965986394557,
      7.778684807256236,
      8.382403628117913,
      8.986122448979591,
      9.613061224489796,
      10.216780045351474,
      10.843718820861678,
      11.447437641723356,
      12.051156462585034,
      12.678095238095239,
      13.281814058956916,
      13.862312925170068,
      14.466031746031746,
      15.069750566893424,
      15.673469387755102,
      16.27718820861678,
      16.880907029478458,
      17.484625850340137,
      18.088344671201813,
      18.692063492063493,
      19.29578231292517,
      19.87628117913832,
      20.48,
      21.083718820861677,
      21.66421768707483,
      22.267936507936508,
      22.871655328798187,
      23.475374149659864,
      24.079092970521543,
      24.659591836734695,
      25.240090702947846,
      25.86702947845805,
      26.470748299319727,
      27.051247165532878,
      27.654965986394558,
      28.258684807256238,
      28.83918367346939,
      29.326802721088434
    ],
    "onset_times": [
      0.16253968253968254,
      0.2089795918367347,
      0.5572789115646258,
      0.626938775510204,
      0.7430385487528345,
      1.0216780045351475,
      1.3931972789115645,
      1.6021768707482993,
      1.9272562358276644,
      2.136235827664399,
      2.2523356009070294,
      2.36843537414966,
      2.6006349206349206,
      2.7631746031746034,
      2.9024943310657596,
      3.2043537414965986,
      3.3668934240362813,
      3.5294331065759637,
      3.7848526077097504,
      4.1099319727891155,
      4.295691609977324,
      4.4117913832199545,
      4.574331065759637,
      4.713650793650793,
      5.038730158730159,
      5.224489795918367,
      5.340589569160998,
      5.804988662131519,
      6.222947845804988,
      6.548027210884354,
      6.6873469387755105,
      6.849886621315193,
      7.151746031746032,
      7.453605442176871,
      7.75546485260771,
      7.918004535147392,
      8.057324263038549,
      8.219863945578231,
      8.382403628117913,
      8.568163265306122,
      8.684263038548753,
      8.962902494331066,
      9.311201814058958,
      9.58984126984127,
      10.147120181405896,
      10.216780045351474,
      10.704399092970522,
      10.820498866213152,
      10.913378684807256,
      11.122358276643991,
      11.42421768707483,
      11.633197278911565,
      11.749297052154194,
      12.027936507936507,
      12.654875283446712,
      12.979954648526077,
      13.142494331065759,
      13.281814058956916,
      13.421133786848072,
      13.583673469387755,
      13.722993197278912,
      13.862312925170068,
      14.140952380952381,
      14.466031746031746,
      14.744671201814059,
      15.069750566893424,
      15.487709750566893,
      15.650249433106575,
      15.905668934240364,
      16.068208616780044,
      16.27718820861678,
      16.46294784580499,
      16.857687074829933,
      17.182766439909297,
      17.484625850340137,
      17.69360544217687,
      17.949024943310658,
      18.088344671201813,
      18.250884353741498,
      18.390204081632653,
      18.668843537414965,
      18.970702947845805,
      19.272562358276645,
      19.574421768707484,
      19.853061224489796,
      20.17814058956916,
      20.317460317460316,
      20.456780045351476,
      20.64253968253968,
      20.758639455782312,
      20.921179138321996,
      21.060498866213152,
      21.36235827664399,
      21.640997732426303,
      21.966077097505668,
      22.128616780045352,
      22.267936507936508,
      22.430476190476192,
      22.593015873015872,
      22.732335600907028,
      23.034195011337868,
      23.173514739229024,
      23.336054421768708,
      23.45215419501134,
      23.754013605442175,
      24.055873015873015,
      24.357732426303855,
      24.636371882086166,
      24.822131519274375,
      25.054331065759637,
      25.10077097505669,
      25.240090702947846,
      25.518730158730158,
      25.704489795918366,
      25.843809523809522,
      26.447528344671202,
      26.749387755102042,
      27.028027210884353,
      27.422766439909296,
      27.515646258503402,
      27.654965986394558,
      27.794285714285714,
      27.93360544217687,
      28.23546485260771,
      28.53732426303855,
      28.83918367346939,
      29.141043083900225,
      29.326802721088434,
      29.442902494331065,
      29.76798185941043
    ],
    "rhythm_regularity": 0.951138279020108,
    "syncopation_index": 0.6230769230769231,
    "beat_count": 49,
    "onset_count": 130
  },
  "harmony": {
    "chroma_mean": [
      0.32019945979118347,
      0.5375536680221558,
      0.3042171597480774,
      0.4061669111251831,
      0.6527355909347534,
      0.3486345112323761,
      0.3718028962612152,
      0.3157236576080322,
      0.4190973937511444,
      0.2593417167663574,
      0.3204202950000763,
      0.524848461151123
    ],
    "chroma_std": [
      0.1904207170009613,
      0.33687785267829895,
      0.16619326174259186,
      0.2111847698688507,
      0.3060629069805145,
      0.160042867064476,
      0.20021814107894897,
      0.16236452758312225,
      0.2406948357820511,
      0.1607908308506012,
      0.1973177045583725,
      0.273354709148407
    ],
    "key_estimation": {
      "key": "C_major",
      "confidence": -0.20897785410922445
    },
    "tonal_complexity": 0.11215740442276001
  },
  "quality": {
    "snr_db": 37.53222291920505,
    "dynamic_range_db": 18.439141044580335,
    "rms_energy": 0.16301630437374115,
    "zero_crossing_rate": 0.06733265442607003
  },
  "lyrics": {
    "word_count": 162,