{
  "chroma_mean": [
    0.5855072736740112,
    0.4289444088935852,
    0.6714273691177368,
    0.5863127708435059,
    0.4158528745174408,
    0.4344916045665741,
    0.3283059895038605,
    0.45318999886512756,
    0.37195539474487305,
    0.4778745770454407,
    0.4555109739303589,
    0.49918386340141296
  ],
  "chroma_std": [
    0.2757013142108917,
    0.1889069676399231,
    0.286514014005661,
    0.2723313271999359,
    0.22018592059612274,
    0.24959953129291534,
    0.170781210064888,
    0.26659494638442993,
    0.22610591351985931,
    0.2685617208480835,
    0.20480354130268097,
    0.221482053399086
  ],
  "key_estimation": {
    "key": "C_minor",
    "confidence": 0.5198628166789196
  },
  "tonal_complexity": 0.09310673177242279
}