{
  "tempo_bpm": 117.45383522727273,
  "tempo_confidence": 0.9865076301796522,
  "beat_positions": [
    0.5340589569160997,
    1.0448979591836736,
    1.555736961451247,
    2.043356009070295,
    2.5541950113378684,
    3.0650340136054424,
    3.575873015873016,
    4.08671201814059,
    4.574331065759637,
    5.085170068027211,
    5.596009070294785,
    6.106848072562358,
    6.617687074829932,
    7.128526077097506,
    7.616145124716553,
    8.126984126984127,
    8.6378231292517,
    9.148662131519274,
    9.659501133786849,
    10.170340136054422,
    10.681179138321996,
    11.168798185941043,
    11.679637188208616,
    12.19047619047619,
    12.701315192743763,
    13.188934240362812,
    13.699773242630386,
    14.210612244897959,
    14.721451247165533,
    15.232290249433106,
    15.74312925170068,
    16.253968253968253,
    16.764807256235827,
    17.252426303854875,
    17.76326530612245,
    18.274104308390022,
    18.784943310657596,
    19.272562358276645,
    19.783401360544218,
    20.29424036281179,
    20.805079365079365,
    21.31591836734694,
    21.803537414965987,
    22.31437641723356,
    22.825215419501134,
    23.336054421768708,
    23.823673469387757,
    24.33451247165533,
    24.845351473922904,
    25.356190476190477,
    25.86702947845805,
    26.377868480725624,
    26.888707482993198,
    27.376326530612246,
    27.86394557823129,
    28.305124716553287,
    28.76952380952381
  ],
  "onset_times": [
    0.16253968253968254,
    0.2786394557823129,
    0.4179591836734694,
    0.5340589569160997,
    0.6501587301587302,
    0.7662585034013606,
    0.905578231292517,
    1.0216780045351475,
    1.3003174603174603,
    1.4164172335600906,
    1.5325170068027212,
    1.6718367346938776,
    1.787936507936508,
    1.9272562358276644,
    2.043356009070295,
    2.182675736961451,
    2.2987755102040817,
    2.4380952380952383,
    2.5541950113378684,
    2.670294784580499,
    2.809614512471655,
    2.9257142857142857,
    3.0650340136054424,
    3.320453514739229,
    3.575873015873016,
    4.08671201814059,
    4.342131519274377,
    4.574331065759637,
    5.015510204081632,
    5.108390022675737,
    5.596009070294785,
    5.735328798185941,
    5.7817687074829935,
    6.106848072562358,
    6.362267573696145,
    6.501587301587302,
    6.617687074829932,
    6.733786848072563,
    6.849886621315193,
    6.989206349206349,
    7.1053061224489795,
    7.244625850340136,
    7.360725623582766,
    7.500045351473923,
    7.592925170068027,
    7.894784580498866,
    8.126984126984127,
    8.266303854875284,
    8.382403628117913,
    8.52172335600907,
    8.6378231292517,
    8.893242630385487,
    9.148662131519274,
    9.404081632653062,
    9.636281179138322,
    9.891700680272109,
    10.031020408163265,
    10.147120181405896,
    10.402539682539683,
    10.541859410430838,
    10.65795918367347,
    10.913378684807256,
    11.052698412698414,
    11.168798185941043,
    11.3081179138322,
    11.42421768707483,
    11.679637188208616,
    12.167256235827665,
    12.585215419501134,
    12.701315192743763,
    12.817414965986394,
    12.933514739229025,
    13.072834467120181,
    13.188934240362812,
    13.467573696145125,
    13.699773242630386,
    13.839092970521541,
    13.955192743764172,
    14.210612244897959,
    14.466031746031746,
    14.721451247165533,
    14.837551020408164,
    14.97687074829932,
    15.09297052154195,
    15.209070294784581,
    15.487709750566893,
    15.719909297052155,
    15.975328798185942,
    16.114648526077097,
    16.23074829931973,
    16.486167800453515,
    16.741587301587302,
    16.880907029478458,
    16.99700680272109,
    17.136326530612244,
    17.252426303854875,
    17.647165532879818,
    17.76326530612245,
    17.902585034013605,
    18.018684807256236,
    18.134784580498867,
    18.250884353741498,
    18.506303854875284,
    18.64562358276644,
    18.784943310657596,
    19.017142857142858,
    19.249342403628116,
    19.388662131519276,
    19.644081632653062,
    19.760181405895693,
    19.922721088435374,
    20.038820861678005,
    20.29424036281179,
    20.54965986394558,
    20.66575963718821,
    20.805079365079365,
    21.037278911564627,
    21.292698412698414,
    21.571337868480725,
    21.78031746031746,
    22.0821768707483,
    22.31437641723356,
    22.569795918367348,
    22.68589569160998,
    22.825215419501134,
    23.057414965986396,
    23.219954648526077,
    23.336054421768708,
    23.56825396825397,
    23.823673469387757,
    24.079092970521543,
    24.3112925170068,
    24.589931972789117,
    24.729251700680273,
    25.10077097505669,
    25.356190476190477,
    25.611609977324264,
    25.843809523809522,
    25.98312925170068,
    26.09922902494331,
    26.23854875283447,
    26.354648526077096,
    26.63328798185941,
    26.749387755102042,
    27.00480725623583,
    27.12090702947846,
    27.260226757369615,
    27.376326530612246,
    27.631746031746033,
    27.86394557823129,
    28.11936507936508,
    28.398004535147393,
    28.65342403628118,
    28.76952380952381,
    28.908843537414967,
    29.141043083900225,
    29.396462585034012
  ],
  "rhythm_regularity": 0.9728743050946211,
  "syncopation_index": 0.643312101910828,
  "beat_count": 57,
  "onset_count": 157
}