{
  "snr_db": 90.89283903328993,
  "dynamic_range_db": 23.887029954190574,
  "rms_energy": 0.1133921667933464,
  "zero_crossing_rate": 0.2139593031634293
}