{
  "tempo_bpm": 117.45383522727273,
  "tempo_confidence": 0.9827602263427357,
  "beat_positions": [
    0.18575963718820862,
    0.7662585034013606,
    1.3235374149659864,
    1.8343764172335602,
    2.3219954648526078,
    2.809614512471655,
    3.320453514739229,
    3.8312925170068026,
    4.31891156462585,
    4.806530612244898,
    5.317369614512471,
    5.828208616780046,
    6.315827664399093,
    6.826666666666667,
    7.314285714285714,
    7.825124716553288,
    8.312743764172335,
    8.800362811791382,
    9.311201814058958,
    9.822040816326531,
    10.309659863945578,
    10.820498866213152,
    11.331337868480725,
    11.842176870748299,
    12.329795918367347,
    12.84063492063492,
    13.351473922902494,
    13.862312925170068,
    14.349931972789115,
    14.837551020408164,
    15.348390022675737,
    15.85922902494331,
    16.34684807256236,
    16.834467120181404,
    17.345306122448978,
    17.832925170068027,
    18.320544217687075,
    18.808163265306124,
    19.319002267573698,
    19.82984126984127,
    20.340680272108845,
    20.82829931972789,
    21.339138321995463,
    21.803537414965987,
    22.31437641723356,
    22.825215419501134,
    23.312834467120183,
    23.823673469387757,
    24.3112925170068,
    24.822131519274375,
    25.33297052154195,
    25.820589569160997,
    26.308208616780046,
    26.81904761904762,
    27.329886621315193,
    27.840725623582767,
    28.328344671201815,
    28.83918367346939,
    29.350022675736962
  ],
  "onset_times": [
    0.16253968253968254,
    0.3250793650793651,
    0.8591383219954648,
    1.3235374149659864,
    2.2987755102040817,
    2.786394557823129,
    2.8328344671201813,
    3.0418140589569163,
    3.320453514739229,
    3.575873015873016,
    3.8312925170068026,
    4.017052154195011,
    4.31891156462585,
    4.806530612244898,
    5.061950113378685,
    5.317369614512471,
    5.5495691609977325,
    5.804988662131519,
    6.060408163265306,
    6.292607709750567,
    6.8034467120181406,
    7.058866213151927,
    7.291065759637188,
    7.825124716553288,
    8.057324263038549,
    8.289523809523809,
    8.568163265306122,
    8.800362811791382,
    9.311201814058958,
    9.822040816326531,
    10.054240362811791,
    10.309659863945578,
    10.565079365079365,
    10.797278911564625,
    11.052698412698414,
    11.3081179138322,
    11.563537414965987,
    11.818956916099774,
    12.07437641723356,
    12.30657596371882,
    12.561995464852608,
    12.817414965986394,
    13.072834467120181,
    13.328253968253968,
    13.583673469387755,
    13.839092970521541,
    14.071292517006803,
    14.32671201814059,
    14.837551020408164,
    15.069750566893424,
    15.32517006802721,
    15.580589569160997,
    15.836009070294784,
    16.068208616780044,
    16.32362811791383,
    16.834467120181404,
    17.066666666666666,
    17.322086167800453,
    17.57750566893424,
    17.809705215419502,
    18.06512471655329,
    18.297324263038547,
    18.76172335600907,
    19.040362811791383,
    19.319002267573698,
    19.574421768707484,
    19.82984126984127,
    20.085260770975058,
    20.317460317460316,
    20.82829931972789,
    21.060498866213152,
    21.339138321995463,
    21.571337868480725,
    21.78031746031746,
    21.849977324263037,
    22.058956916099774,
    22.31437641723356,
    22.569795918367348,
    22.801995464852606,
    23.057414965986396,
    23.312834467120183,
    23.56825396825397,
    23.823673469387757,
    24.009433106575965,
    24.055873015873015,
    24.288072562358277,
    24.79891156462585,
    25.054331065759637,
    25.309750566893424,
    25.588390022675735,
    25.820589569160997,
    26.05278911564626,
    26.308208616780046,
    26.563628117913833,
    26.79582766439909,
    27.051247165532878,
    27.329886621315193,
    27.58530612244898,
    27.840725623582767,
    28.07292517006803,
    28.305124716553287,
    28.606984126984127,
    28.83918367346939,
    29.094603174603176,
    29.326802721088434
  ],
  "rhythm_regularity": 0.9651132128977603,
  "syncopation_index": 0.42857142857142855,
  "beat_count": 59,
  "onset_count": 105
}