{
  "snr_db": 43.326847656962144,
  "dynamic_range_db": 22.07027883644895,
  "rms_energy": 0.1274319589138031,
  "zero_crossing_rate": 0.16158553372161316
}