{
  "meta": {
    "path": "../../data/raw/MIREX-like_mood/dataset/Audio/620.mp3",
    "file_hash": "f4b3cedc02bbedec5c4c1cf0cf29b25749ccd240",
    "duration_sec": 29.628662131519274,
    "sample_rate": 22050,
    "analysis_timestamp": "2025-10-24T20:08:50.446232",
    "config": {
      "sr": 22050,
      "n_fft": 2048,
      "hop_length": 512,
      "n_mels": 128,
      "n_mfcc": 13,
      "n_chroma": 12,
      "frame_length": 2048,
      "workers": 4,
      "use_crepe": false,
      "save_matrices": false,
      "save_plots": true,
      "force": true,
      "quick": false,
      "verbose": false
    },
    "processing_time_sec": 2.193716049194336
  },
  "acoustic": {
    "mfcc_mean": [
      -133.02542114257812,
      93.58235168457031,
      -30.67544174194336,
      32.12351989746094,
      -9.585413932800293,
      -1.1542446613311768,
      -11.289533615112305,
      1.9521551132202148,
      -9.612869262695312,
      -0.888211190700531,
      -5.556460857391357,
      -2.907252073287964,
      -8.374265670776367
    ],
    "mfcc_std": [
      84.88536834716797,
      47.810546875,
      25.69643211364746,
      19.842918395996094,
      15.337356567382812,
      14.547114372253418,
      10.901765823364258,
      12.94701862335205,
      9.419352531433105,
      8.376404762268066,
      7.476590633392334,
      8.271730422973633,
      7.568251609802246
    ],
    "spectral_centroid_mean": 2452.1515769370335,
    "spectral_centroid_std": 1006.0565421509996,
    "spectral_bandwidth_mean": 2023.152325854304,
    "spectral_bandwidth_std": 512.2026169133042,
    "spectral_rolloff_mean": 4441.859697716817,
    "spectral_rolloff_std": 1791.4042278809734,
    "spectral_flux_mean": 2975.175048828125,
    "spectral_flux_std": 3655.593017578125,
    "spectral_flatness_mean": 0.03820202872157097,
    "spectral_flatness_std": 0.06639455258846283,
    "spectral_slope_mean": -0.0005603802665086549,
    "spectral_spread_mean": 2023.152326252003,
    "spectral_skewness_mean": 1.3424153361642046,
    "spectral_kurtosis_mean": 5.441878989404702
  },
  "rhythm": {
    "tempo_bpm": 95.703125,
    "tempo_confidence": 0.9570633266580542,
    "beat_positions": [
      0.7430385487528345,
      1.3467573696145125,
      2.020136054421769,
      2.6006349206349206,
      3.2275736961451247,
      3.877732426303855,
      4.527891156462585,
      5.154829931972789,
      5.804988662131519,
      6.5712471655328795,
      7.22140589569161,
      7.801904761904762,
      8.428843537414966,
      9.079002267573696,
      9.798820861678005,
      10.356099773242631,
      11.00625850340136,
      11.702857142857143,
      12.353015873015874,
      12.979954648526077,
      13.676553287981859,
      14.396371882086168,
      15.046530612244897,
      15.673469387755102,
      16.300408163265306,
      16.92734693877551,
      17.554285714285715,
      18.18122448979592,
      18.784943310657596,
      19.551201814058956,
      20.271020408163267,
      20.921179138321996,
      21.571337868480725,
      22.19827664399093,
      22.84843537414966,
      23.475374149659864,
      24.102312925170068,
      24.752471655328797,
      25.379410430839002,
      26.02956916099773,
      26.679727891156464,
      27.329886621315193,
      27.956825396825398,
      28.514104308390024,
      29.094603174603176
    ],
    "onset_times": [
      0.16253968253968254,
      0.301859410430839,
      0.4179591836734694,
      0.603718820861678,
      0.7198185941043084,
      0.9520181405895691,
      1.1377777777777778,
      1.3235374149659864,
      1.509297052154195,
      1.6253968253968254,
      1.7182766439909296,
      1.8343764172335602,
      1.9272562358276644,
      2.020136054421769,
      2.136235827664399,
      2.48453514739229,
      2.5774149659863945,
      2.693514739229025,
      2.7631746031746034,
      2.9024943310657596,
      3.320453514739229,
      3.8545124716553287,
      3.9938321995464854,
      4.2260317460317465,
      4.504671201814059,
      4.597551020408163,
      4.992290249433107,
      5.131609977324263,
      5.270929705215419,
      5.479909297052155,
      5.596009070294785,
      5.758548752834467,
      5.921088435374149,
      6.176507936507937,
      6.292607709750567,
      6.478367346938776,
      6.5712471655328795,
      6.780226757369615,
      7.22140589569161,
      7.569705215419501,
      7.75546485260771,
      7.87156462585034,
      8.080544217687075,
      8.40562358276644,
      8.452063492063493,
      8.614603174603175,
      8.730702947845804,
      8.986122448979591,
      9.079002267573696,
      9.148662131519274,
      9.380861678004536,
      9.543401360544218,
      9.682721088435374,
      9.798820861678005,
      10.170340136054422,
      10.356099773242631,
      10.448979591836734,
      10.681179138321996,
      10.797278911564625,
      10.983038548752834,
      11.122358276643991,
      11.284897959183674,
      11.54031746031746,
      11.702857142857143,
      12.144036281179138,
      12.353015873015874,
      12.538775510204081,
      12.979954648526077,
      13.79265306122449,
      14.419591836734694,
      14.86077097505669,
      15.046530612244897,
      15.487709750566893,
      15.673469387755102,
      16.300408163265306,
      16.50938775510204,
      16.904126984126986,
      17.2756462585034,
      17.531065759637187,
      17.647165532879818,
      17.99546485260771,
      18.15800453514739,
      18.390204081632653,
      18.76172335600907,
      19.156462585034014,
      19.52798185941043,
      19.99238095238095,
      20.271020408163267,
      20.735419501133787,
      20.921179138321996,
      21.5481179138322,
      21.78031746031746,
      22.01251700680272,
      22.19827664399093,
      22.38403628117914,
      22.593015873015872,
      22.68589569160998,
      22.825215419501134,
      23.289614512471655,
      23.45215419501134,
      23.661133786848072,
      23.870113378684806,
      23.91655328798186,
      24.079092970521543,
      24.33451247165533,
      24.61315192743764,
      24.729251700680273,
      24.891791383219953,
      25.14721088435374,
      25.26331065759637,
      25.379410430839002,
      25.820589569160997,
      25.98312925170068,
      26.23854875283447,
      26.377868480725624,
      26.656507936507936,
      26.842267573696144,
      27.074467120181406,
      27.213786848072562,
      27.30666666666667,
      27.608526077097505,
      27.724625850340136,
      27.93360544217687,
      28.16580498866213,
      28.305124716553287,
      28.490884353741496,
      28.606984126984127,
      28.76952380952381,
      29.094603174603176,
      29.23392290249433,
      29.559002267573696
    ],
    "rhythm_regularity": 0.9303752957478881,
    "syncopation_index": 0.5801526717557252,
    "beat_count": 45,
    "onset_count": 131
  },
  "harmony": {
    "chroma_mean": [
      0.49655774235725403,
      0.4309670925140381,
      0.44761958718299866,
      0.5571456551551819,
      0.7147669196128845,
      0.4465617835521698,
      0.4213530123233795,
      0.4665619730949402,
      0.4425528645515442,
      0.6843273639678955,
      0.5153611302375793,
      0.5210261344909668
    ],
    "chroma_std": [
      0.23965704441070557,
      0.20620961487293243,
      0.2252492755651474,
      0.2694026529788971,
      0.24673397839069366,
      0.22486259043216705,
      0.202207550406456,
      0.21451255679130554,
      0.21693311631679535,
      0.26283201575279236,
      0.22588863968849182,
      0.2095150351524353
    ],
    "key_estimation": {
      "key": "C_major",
      "confidence": 0.1808056782140116
    },
    "tonal_complexity": 0.09277130663394928
  },
  "quality": {
    "snr_db": 43.326847656962144,
    "dynamic_range_db": 22.07027883644895,
    "rms_energy": 0.1274319589138031,
    "zero_crossing_rate": 0.16158553372161316
  },
  "lyrics": {
    "word_count": 385,
    "unique_word_count": 217,
    "sentence_count": 6,