{
  "snr_db": 80.34656844794219,
  "dynamic_range_db": 21.264383083105074,
  "rms_energy": 0.13800275325775146,
  "zero_crossing_rate": 0.15474382651904475
}