{
  "snr_db": 37.891547710082946,
  "dynamic_range_db": 18.44115270516505,
  "rms_energy": 0.15873701870441437,
  "zero_crossing_rate": 0.1208868317533229
}