{
  "tempo_bpm": 123.046875,
  "tempo_confidence": 0.9947618786062917,
  "beat_positions": [
    0.37151927437641724,
    0.8359183673469388,
    1.3235374149659864,
    1.811156462585034,
    2.2987755102040817,
    2.809614512471655,
    3.297233560090703,
    3.7848526077097504,
    4.272471655328798,
    4.760090702947846,
    5.2477097505668935,
    5.735328798185941,
    6.222947845804988,
    6.710566893424036,
    7.198185941043084,
    7.685804988662132,
    8.17342403628118,
    8.661043083900227,
    9.148662131519274,
    9.636281179138322,
    10.12390022675737,
    10.611519274376418,
    11.099138321995465,
    11.586757369614512,
    12.07437641723356,
    12.561995464852608,
    13.049614512471654,
    13.537233560090703,
    14.02485260770975,
    14.512471655328799,
    15.000090702947846,
    15.487709750566893,
    15.975328798185942,
    16.46294784580499,
    16.950566893424035,
    17.438185941043084,
    17.925804988662133,
    18.413424036281178,
    18.901043083900227,
    19.388662131519276,
    19.89950113378685,
    20.387120181405894,
    20.874739229024943,
    21.36235827664399,
    21.849977324263037,
    22.337596371882086,
    22.825215419501134,
    23.312834467120183,
    23.800453514739228,
    24.288072562358277,
    24.775691609977326,
    25.26331065759637,
    25.75092970521542,
    26.23854875283447,
    26.726167800453513,
    27.213786848072562,
    27.70140589569161,
    28.189024943310656,
    28.676643990929705
  ],
  "onset_times": [
    0.13931972789115646,
    0.34829931972789113,
    0.5572789115646258,
    0.626938775510204,
    0.8359183673469388,
    1.0913378684807256,
    1.3235374149659864,
    1.5789569160997732,
    1.811156462585034,
    2.043356009070295,
    2.2987755102040817,
    2.5309750566893423,
    2.786394557823129,
    3.0418140589569163,
    3.274013605442177,
    3.5294331065759637,
    3.7616326530612243,
    3.9706122448979593,
    4.017052154195011,
    4.249251700680272,
    4.504671201814059,
    4.760090702947846,
    5.015510204081632,
    5.2477097505668935,
    5.50312925170068,
    5.735328798185941,
    5.9675283446712015,
    6.222947845804988,
    6.455147392290249,
    6.710566893424036,
    6.965986394557823,
    7.198185941043084,
    7.453605442176871,
    7.685804988662132,
    7.918004535147392,
    8.150204081632653,
    8.40562358276644,
    8.6378231292517,
    8.893242630385487,
    9.148662131519274,
    9.380861678004536,
    9.636281179138322,
    9.868480725623582,
    10.100680272108843,
    10.356099773242631,
    10.611519274376418,
    10.843718820861678,
    11.075918367346938,
    11.331337868480725,
    11.563537414965987,
    11.818956916099774,
    12.051156462585034,
    12.283356009070294,
    12.329795918367347,
    12.561995464852608,
    12.817414965986394,
    13.02639455782313,
    13.305034013605443,
    13.514013605442177,
    13.769433106575963,
    14.001632653061224,
    14.257052154195012,
    14.512471655328799,
    14.767891156462586,
    15.000090702947846,
    15.255510204081633,
    15.487709750566893,
    15.719909297052155,
    15.975328798185942,
    16.207528344671204,
    16.46294784580499,
    16.718367346938777,
    16.950566893424035,
    17.205986394557822,
    17.438185941043084,
    17.670385487528346,
    17.925804988662133,
    18.18122448979592,
    18.413424036281178,
    18.668843537414965,
    18.901043083900227,
    19.156462585034014,
    19.388662131519276,
    19.644081632653062,
    19.87628117913832,
    20.108480725623583,
    20.36390022675737,
    20.64253968253968,
    20.851519274376418,
    21.106938775510205,
    21.36235827664399,
    21.59455782312925,
    21.826757369614512,
    22.058956916099774,
    22.31437641723356,
    22.569795918367348,
    22.801995464852606,
    23.057414965986396,
    23.289614512471655,
    23.54503401360544,
    23.800453514739228,
    24.009433106575965,
    24.264852607709752,
    24.52027210884354,
    24.775691609977326,
    25.007891156462584,
    25.240090702947846,
    25.472290249433108,
    25.727709750566895,
    25.959909297052153,
    26.21532879818594,
    26.470748299319727,
    26.70294784580499,
    26.958367346938775,
    27.190566893424037,
    27.39954648526077,
    27.445986394557824,
    27.58530612244898,
    27.678185941043083,
    27.88716553287982,
    28.16580498866213,
    28.421224489795918,
    28.65342403628118,
    28.908843537414967,
    29.141043083900225,
    29.396462585034012,
    29.628662131519274
  ],
  "rhythm_regularity": 0.989210052142768,
  "syncopation_index": 0.5354330708661418,
  "beat_count": 59,
  "onset_count": 127
}