{
  "tempo_bpm": 151.99908088235293,
  "tempo_confidence": 0.9847853559098251,
  "beat_positions": [
    0.34829931972789113,
    0.7198185941043084,
    1.0913378684807256,
    1.509297052154195,
    1.9040362811791383,
    2.2755555555555556,
    2.670294784580499,
    3.0882539682539685,
    3.5062131519274375,
    3.900952380952381,
    4.272471655328798,
    4.667210884353741,
    5.061950113378685,
    5.479909297052155,
    5.851428571428571,
    6.2693877551020405,
    6.664126984126984,
    7.058866213151927,
    7.453605442176871,
    7.848344671201814,
    8.266303854875284,
    8.661043083900227,
    9.05578231292517,
    9.450521541950113,
    9.845260770975056,
    10.24,
    10.634739229024943,
    11.029478458049887,
    11.400997732426303,
    11.818956916099774,
    12.213696145124716,
    12.631655328798185,
    13.02639455782313,
    13.444353741496599,
    13.839092970521541,
    14.210612244897959,
    14.628571428571428,
    15.023310657596372,
    15.418049886621315,
    15.836009070294784,
    16.253968253968253,
    16.671927437641724,
    17.066666666666666,
    17.46140589569161,
    17.856145124716555,
    18.274104308390022,
    18.668843537414965,
    19.06358276643991,
    19.458321995464853,
    19.853061224489796,
    20.24780045351474,
    20.66575963718821,
    21.060498866213152,
    21.455238095238094,
    21.849977324263037,
    22.244716553287983,
    22.66267573696145,
    23.057414965986396,
    23.475374149659864,
    23.870113378684806,
    24.264852607709752,
    24.659591836734695,
    25.054331065759637,
    25.44907029478458,
    25.86702947845805,
    26.284988662131518,
    26.656507936507936,
    27.051247165532878,
    27.445986394557824,
    27.86394557823129,
    28.23546485260771,
    28.63020408163265,
    28.978503401360545
  ],
  "onset_times": [
    0.13931972789115646,
    0.2786394557823129,
    0.4876190476190476,
    0.5572789115646258,
    0.6965986394557823,
    1.0681179138321995,
    1.2770975056689342,
    1.509297052154195,
    1.7182766439909296,
    1.8808163265306121,
    1.9272562358276644,
    2.089795918367347,
    2.136235827664399,
    2.2755555555555556,
    2.461315192743764,
    2.670294784580499,
    3.0418140589569163,
    3.0882539682539685,
    3.297233560090703,
    3.645532879818594,
    3.877732426303855,
    4.08671201814059,
    4.249251700680272,
    4.458231292517007,
    4.667210884353741,
    4.85297052154195,
    5.061950113378685,
    5.270929705215419,
    5.479909297052155,
    5.851428571428571,
    6.060408163265306,
    6.246167800453515,
    6.640907029478458,
    6.873106575963718,
    6.919546485260771,
    7.035646258503402,
    7.430385487528345,
    7.662585034013605,
    7.825124716553288,
    8.057324263038549,
    8.243083900226758,
    8.6378231292517,
    8.893242630385487,
    9.032562358276644,
    9.241541950113378,
    9.496961451247165,
    9.822040816326531,
    10.031020408163265,
    10.077460317460318,
    10.216780045351474,
    10.425759637188209,
    10.565079365079365,
    10.634739229024943,
    10.820498866213152,
    11.23845804988662,
    11.377777777777778,
    11.609977324263038,
    11.795736961451247,
    12.004716553287983,
    12.19047619047619,
    12.422675736961452,
    12.817414965986394,
    13.003174603174603,
    13.212154195011339,
    13.281814058956916,
    13.421133786848072,
    13.815873015873017,
    14.048072562358277,
    14.187392290249432,
    14.44281179138322,
    14.628571428571428,
    14.837551020408164,
    15.023310657596372,
    15.394829931972788,
    15.81278911564626,
    16.04498866213152,
    16.091428571428573,
    16.439727891156462,
    16.671927437641724,
    16.857687074829933,
    17.04344671201814,
    17.252426303854875,
    17.438185941043084,
    17.647165532879818,
    17.832925170068027,
    18.04190476190476,
    18.274104308390022,
    18.45986394557823,
    18.64562358276644,
    18.854603174603174,
    19.06358276643991,
    19.435102040816325,
    19.667301587301587,
    19.853061224489796,
    20.06204081632653,
    20.224580498866214,
    20.456780045351476,
    20.66575963718821,
    20.874739229024943,
    21.037278911564627,
    21.66421768707483,
    21.849977324263037,
    22.0821768707483,
    22.244716553287983,
    22.639455782312925,
    22.77877551020408,
    22.871655328798187,
    23.057414965986396,
    23.26639455782313,
    23.45215419501134,
    23.661133786848072,
    23.84689342403628,
    24.055873015873015,
    24.241632653061224,
    24.450612244897957,
    24.636371882086166,
    24.706031746031748,
    24.86857142857143,
    24.938231292517006,
    25.054331065759637,
    25.170430839002268,
    25.26331065759637,
    25.44907029478458,
    25.658049886621317,
    25.843809523809522,
    26.02956916099773,
    26.284988662131518,
    26.470748299319727,
    26.656507936507936,
    26.865487528344673,
    27.051247165532878,
    27.260226757369615,
    27.422766439909296,
    27.840725623582767,
    28.0497052154195,
    28.23546485260771,
    28.444444444444443,
    28.606984126984127,
    28.83918367346939,
    29.024943310657598,
    29.23392290249433,
    29.396462585034012
  ],
  "rhythm_regularity": 0.9611466680713598,
  "syncopation_index": 0.49295774647887325,
  "beat_count": 73,
  "onset_count": 142
}