{
  "mfcc_mean": [
    -81.66925048828125,
    97.06304931640625,
    -0.7051542401313782,
    38.85836410522461,
    8.027443885803223,
    4.15166711807251,
    3.192171335220337,
    3.702441692352295,
    -4.897653579711914,
    3.8776867389678955,
    -0.8456888198852539,
    0.1612410843372345,
    -3.796525716781616
  ],
  "mfcc_std": [
    107.35105895996094,
    34.38107681274414,
    20.506473541259766,
    18.375591278076172,
    11.470602989196777,
    11.336004257202148,
    9.217636108398438,
    8.43058967590332,
    8.307516098022461,
    8.214458465576172,
    7.772100925445557,
    7.023322582244873,
    6.7457594871521
  ],
  "spectral_centroid_mean": 2122.590083492811,
  "spectral_centroid_std": 828.6717302274669,
  "spectral_bandwidth_mean": 2322.027072065742,
  "spectral_bandwidth_std": 582.6164407614647,
  "spectral_rolloff_mean": 4513.773684157539,
  "spectral_rolloff_std": 1785.6492391708732,
  "spectral_flux_mean": 8359.3642578125,
  "spectral_flux_std": 10124.1611328125,
  "spectral_flatness_mean": 0.023740775883197784,
  "spectral_flatness_std": 0.0312875360250473,
  "spectral_slope_mean": -0.000334820653207686,
  "spectral_spread_mean": 2322.027071582478,
  "spectral_skewness_mean": 1.635723356484583,
  "spectral_kurtosis_mean": 6.441080853358629
}