{
  "meta": {
    "path": "../../data/raw/MIREX-like_mood/dataset/Audio/903.mp3",
    "file_hash": "482451ce5c4f022e168026a8b461e62301660c5c",
    "duration_sec": 29.675102040816327,
    "sample_rate": 22050,
    "analysis_timestamp": "2025-10-24T20:17:46.524449",
    "config": {
      "sr": 22050,
      "n_fft": 2048,
      "hop_length": 512,
      "n_mels": 128,
      "n_mfcc": 13,
      "n_chroma": 12,
      "frame_length": 2048,
      "workers": 4,
      "use_crepe": false,
      "save_matrices": false,
      "save_plots": true,
      "force": true,
      "quick": false,
      "verbose": false
    },
    "processing_time_sec": 2.932543992996216
  },
  "acoustic": {
    "mfcc_mean": [
      27.78264808654785,
      37.94229507446289,
      -9.588072776794434,
      25.80145263671875,
      7.256218910217285,
      6.623525619506836,
      -3.566776990890503,
      11.175352096557617,
      2.7073729038238525,
      3.3722634315490723,
      -1.7391752004623413,
      7.888888835906982,
      -0.6241562962532043
    ],
    "mfcc_std": [
      57.345943450927734,
      16.512378692626953,
      13.647850036621094,
      9.585054397583008,
      9.773091316223145,
      6.1976165771484375,
      7.018192768096924,
      8.224178314208984,
      6.400847911834717,
      5.970216751098633,
      5.718682765960693,
      6.7560625076293945,
      5.9859619140625
    ],
    "spectral_centroid_mean": 3708.5872603353923,
    "spectral_centroid_std": 500.22739893214475,
    "spectral_bandwidth_mean": 2825.910437893667,
    "spectral_bandwidth_std": 206.00376157923955,
    "spectral_rolloff_mean": 7182.619611726691,
    "spectral_rolloff_std": 809.7594363123516,
    "spectral_flux_mean": 10173.943359375,
    "spectral_flux_std": 5718.30712890625,
    "spectral_flatness_mean": 0.1351594179868698,
    "spectral_flatness_std": 0.07127823680639267,
    "spectral_slope_mean": -0.00026837152388446857,
    "spectral_spread_mean": 2825.910435545567,
    "spectral_skewness_mean": 0.6318147540104286,
    "spectral_kurtosis_mean": 2.499021042879893
  },
  "rhythm": {
    "tempo_bpm": 117.45383522727273,
    "tempo_confidence": 0.9671820179829286,
    "beat_positions": [
      0.16253968253968254,
      0.5804988662131519,
      1.0913378684807256,
      1.6021768707482993,
      2.136235827664399,
      2.6238548752834467,
      3.0882539682539685,
      3.5526530612244898,
      4.063492063492063,
      4.6439909297052155,
      5.154829931972789,
      5.735328798185941,
      6.222947845804988,
      6.664126984126984,
      7.128526077097506,
      7.662585034013605,
      8.17342403628118,
      8.70748299319728,
      9.241541950113378,
      9.868480725623582,
      10.402539682539683,
      10.913378684807256,
      11.400997732426303,
      11.911836734693878,
      12.445895691609977,
      12.956734693877552,
      13.467573696145125,
      14.001632653061224,
      14.466031746031746,
      14.930430839002268,
      15.418049886621315,
      15.928888888888888,
      16.416507936507937,
      16.950566893424035,
      17.484625850340137,
      17.99546485260771,
      18.506303854875284,
      19.017142857142858,
      19.52798185941043,
      20.06204081632653,
      20.572879818594103,
      21.060498866213152,
      21.524897959183672,
      21.966077097505668,
      22.47691609977324,
      23.010975056689343,
      23.521814058956917,
      24.03265306122449,
      24.543492063492064,
      25.054331065759637,
      25.588390022675735,
      26.09922902494331,
      26.610068027210886,
      27.09768707482993,
      27.631746031746033,
      28.16580498866213,
      28.676643990929705,
      29.18748299319728
    ],
    "onset_times": [
      0.13931972789115646,
      0.2089795918367347,
      0.5572789115646258,
      0.7430385487528345,
      0.8359183673469388,
      0.9984580498866213,
      1.0913378684807256,
      1.253877551020408,
      1.4164172335600906,
      1.5325170068027212,
      1.6021768707482993,
      1.7647165532879818,
      1.9504761904761905,
      2.136235827664399,
      2.2058956916099772,
      2.345215419501134,
      2.6238548752834467,
      2.809614512471655,
      2.9024943310657596,
      3.5062131519274375,
      3.5526530612244898,
      5.38702947845805,
      5.642448979591837,
      5.712108843537415,
      6.965986394557823,
      7.1053061224489795,
      7.291065759637188,
      7.63936507936508,
      7.987664399092971,
      8.150204081632653,
      8.498503401360544,
      9.079002267573696,
      9.241541950113378,
      9.543401360544218,
      9.868480725623582,
      10.402539682539683,
      10.913378684807256,
      11.215238095238096,
      12.631655328798185,
      13.142494331065759,
      13.676553287981859,
      14.001632653061224,
      15.232290249433106,
      15.394829931972788,
      15.603809523809524,
      15.905668934240364,
      16.416507936507937,
      16.950566893424035,
      17.11310657596372,
      17.29886621315193,
      17.39174603174603,
      17.809705215419502,
      17.99546485260771,
      18.15800453514739,
      18.320544217687075,
      18.506303854875284,
      19.017142857142858,
      19.17968253968254,
      19.365442176870747,
      19.52798185941043,
      19.71374149659864,
      19.87628117913832,
      20.06204081632653,
      20.572879818594103,
      20.735419501133787,
      20.921179138321996,
      21.083718820861677,
      21.24625850340136,
      21.43201814058957,
      21.687437641723356,
      21.942857142857143,
      22.128616780045352,
      22.291156462585032,
      22.47691609977324,
      22.639455782312925,
      22.825215419501134,
      23.336054421768708,
      23.49859410430839,
      23.684353741496597,
      23.84689342403628,
      24.009433106575965,
      24.706031746031748,
      24.891791383219953,
      25.054331065759637,
      25.402630385487527,
      25.588390022675735,
      26.076009070294784,
      26.261768707482993,
      27.794285714285714,
      28.16580498866213,
      28.35156462585034,
      28.676643990929705,
      28.862403628117914,
      29.024943310657598,
      29.373242630385487,
      29.53578231292517
    ],
    "rhythm_regularity": 0.9333642738465319,
    "syncopation_index": 0.5416666666666666,
    "beat_count": 58,
    "onset_count": 96
  },
  "harmony": {
    "chroma_mean": [
      0.6256670951843262,
      0.6263102889060974,
      0.6533175110816956,
      0.5904610753059387,
      0.6080632209777832,
      0.6210538744926453,
      0.6001527309417725,
      0.6242933869361877,
      0.6972795724868774,
      0.6343501806259155,
      0.5577617287635803,
      0.6152248978614807
    ],
    "chroma_std": [
      0.20269247889518738,
      0.2072281837463379,
      0.23312638700008392,
      0.21345166862010956,
      0.22953666746616364,
      0.2380666881799698,
      0.23253166675567627,
      0.21279063820838928,
      0.22804473340511322,
      0.18694838881492615,
      0.16520696878433228,
      0.17690634727478027
    ],
    "key_estimation": {
      "key": "C_major",
      "confidence": 0.1094072117743721
    },
    "tonal_complexity": 0.032492004334926605
  },
  "quality": {
    "snr_db": 32.00808318776382,
    "dynamic_range_db": 14.903738892239954,
    "rms_energy": 0.22664190828800201,
    "zero_crossing_rate": 0.23769485437842064
  },
  "lyrics": {
    "word_count": 165,
    "unique_word_count": 112,
    "sentence_count": 19,
    "avg_words_per_sentence": 8.68421052631579,
    "readability": null,
    "sentiment_analysis": null,
    "topic_keywords": [
      "up!",
      "The",
      "and",
      "the",
      "Deutschland",
      "has",
      "gotta",
      "die!",
      "Wake",
      "wake"
    ],
    "repetition_analysis": {
      "repetition_ratio": 0.32121212121212117,