{
  "chroma_mean": [
    0.3394750952720642,
    0.2518514096736908,
    0.26192739605903625,
    0.29225412011146545,
    0.3336939811706543,
    0.35093027353286743,
    0.2720103859901428,
    0.9243993163108826,
    0.35349270701408386,
    0.3736037611961365,
    0.47278204560279846,
    0.34684184193611145
  ],
  "chroma_std": [
    0.2507467269897461,
    0.15991055965423584,
    0.16186918318271637,
    0.20080198347568512,
    0.21205145120620728,
    0.20770396292209625,
    0.15676526725292206,
    0.16045770049095154,
    0.20979566872119904,
    0.24730731546878815,
    0.26183098554611206,
    0.20410899817943573
  ],
  "key_estimation": {
    "key": "C_major",
    "confidence": 0.4020214534398763
  },
  "tonal_complexity": 0.1734847128391266
}