{
  "meta": {
    "path": "../../data/raw/MIREX-like_mood/dataset/Audio/054.mp3",
    "file_hash": "bf5787ea1f349a453d4d387b5c0820f012d2429c",
    "duration_sec": 29.628662131519274,
    "sample_rate": 22050,
    "analysis_timestamp": "2025-10-24T20:13:32.351285",
    "config": {
      "sr": 22050,
      "n_fft": 2048,
      "hop_length": 512,
      "n_mels": 128,
      "n_mfcc": 13,
      "n_chroma": 12,
      "frame_length": 2048,
      "workers": 4,
      "use_crepe": false,
      "save_matrices": false,
      "save_plots": true,
      "force": true,
      "quick": false,
      "verbose": false
    },
    "processing_time_sec": 3.294502019882202
  },
  "acoustic": {
    "mfcc_mean": [
      -110.44276428222656,
      96.50567626953125,
      22.019977569580078,
      23.193510055541992,
      7.937537670135498,
      10.171578407287598,
      -5.397322654724121,
      6.917190074920654,
      -9.93506908416748,
      0.7978634834289551,
      -5.749948501586914,
      -0.8846157193183899,
      -2.6158831119537354
    ],
    "mfcc_std": [
      73.97012329101562,
      25.521800994873047,
      21.66524887084961,
      14.930554389953613,
      8.927960395812988,
      10.71278190612793,
      8.798176765441895,
      6.672630786895752,
      6.38570499420166,
      5.739260196685791,
      6.84224796295166,
      5.75877046585083,
      4.8937811851501465
    ],
    "spectral_centroid_mean": 2140.9897227517476,
    "spectral_centroid_std": 661.0499174980557,
    "spectral_bandwidth_mean": 2607.0511999501523,
    "spectral_bandwidth_std": 355.43349631349895,
    "spectral_rolloff_mean": 5108.469997277555,
    "spectral_rolloff_std": 1500.8449836752236,
    "spectral_flux_mean": 4419.98828125,
    "spectral_flux_std": 5392.8798828125,
    "spectral_flatness_mean": 0.012194204144179821,
    "spectral_flatness_std": 0.03295282647013664,
    "spectral_slope_mean": -0.00035437301462300897,
    "spectral_spread_mean": 2607.051199029486,
    "spectral_skewness_mean": 1.5352086383911054,
    "spectral_kurtosis_mean": 4.646576005423814
  },
  "rhythm": {
    "tempo_bpm": 112.34714673913044,
    "tempo_confidence": 0.9915157236478321,
    "beat_positions": [
      0.44117913832199546,
      0.9752380952380952,
      1.509297052154195,
      2.043356009070295,
      2.5774149659863945,
      3.0882539682539685,
      3.622312925170068,
      4.156371882086168,
      4.690430839002268,
      5.224489795918367,
      5.758548752834467,
      6.2693877551020405,
      6.8034467120181406,
      7.337505668934241,
      7.87156462585034,
      8.40562358276644,
      8.93968253968254,
      9.47374149659864,
      10.00780045351474,
      10.541859410430838,
      11.075918367346938,
      11.609977324263038,
      12.144036281179138,
      12.678095238095239,
      13.188934240362812,
      13.722993197278912,
      14.257052154195012,
      14.79111111111111,
      15.32517006802721,
      15.85922902494331,
      16.39328798185941,
      16.92734693877551,
      17.46140589569161,
      17.99546485260771,
      18.506303854875284,
      19.040362811791383,
      19.574421768707484,
      20.085260770975058,
      20.619319727891156,
      21.153378684807254,
      21.687437641723356,
      22.221496598639455,
      22.755555555555556,
      23.289614512471655,
      23.823673469387757,
      24.33451247165533,
      24.86857142857143,
      25.402630385487527,
      25.93668934240363,
      26.470748299319727,
      26.9815873015873,
      27.538866213151927,
      28.07292517006803,
      28.606984126984127,
      29.141043083900225
    ],
    "onset_times": [
      0.2786394557823129,
      0.44117913832199546,
      0.7894784580498866,
      0.9752380952380952,
      1.253877551020408,
      1.509297052154195,
      2.043356009070295,
      2.36843537414966,
      2.5541950113378684,
      2.9257142857142857,
      3.0882539682539685,
      3.4133333333333336,
      3.622312925170068,
      3.9706122448979593,
      4.133151927437642,
      4.458231292517007,
      4.667210884353741,
      4.829750566893424,
      4.992290249433107,
      5.224489795918367,
      5.5495691609977325,
      5.735328798185941,
      6.0836281179138325,
      6.2693877551020405,
      6.617687074829932,
      6.8034467120181406,
      7.174965986394557,
      7.337505668934241,
      7.662585034013605,
      7.87156462585034,
      8.219863945578231,
      8.40562358276644,
      8.753922902494331,
      8.93968253968254,
      9.287981859410431,
      9.47374149659864,
      9.822040816326531,
      10.00780045351474,
      10.379319727891156,
      10.541859410430838,
      10.913378684807256,
      11.052698412698414,
      11.42421768707483,
      11.586757369614512,
      11.935056689342403,
      12.120816326530612,
      12.49233560090703,
      12.654875283446712,
      13.003174603174603,
      13.165714285714285,
      13.56045351473923,
      13.722993197278912,
      14.001632653061224,
      14.257052154195012,
      14.466031746031746,
      14.79111111111111,
      15.116190476190477,
      15.301950113378684,
      15.673469387755102,
      15.85922902494331,
      16.207528344671204,
      16.39328798185941,
      16.741587301587302,
      16.92734693877551,
      17.252426303854875,
      17.438185941043084,
      17.809705215419502,
      17.972244897959182,
      18.320544217687075,
      18.506303854875284,
      18.877823129251702,
      19.040362811791383,
      19.388662131519276,
      19.574421768707484,
      19.922721088435374,
      20.085260770975058,
      20.433560090702947,
      20.619319727891156,
      20.990839002267574,
      21.153378684807254,
      21.478458049886623,
      21.687437641723356,
      22.058956916099774,
      22.221496598639455,
      22.54657596371882,
      22.732335600907028,
      22.77877551020408,
      23.103854875283446,
      23.26639455782313,
      23.56825396825397,
      23.962993197278912,
      24.079092970521543,
      24.14875283446712,
      24.357732426303855,
      24.636371882086166,
      24.86857142857143,
      25.031111111111112,
      25.240090702947846,
      25.402630385487527,
      25.75092970521542,
      25.93668934240363,
      26.284988662131518,
      26.447528344671202,
      26.749387755102042,
      26.911927437641722,
      26.9815873015873,
      27.190566893424037,
      27.329886621315193,
      27.538866213151927,
      28.07292517006803,
      28.444444444444443,
      28.490884353741496,
      28.606984126984127,
      28.955283446712016,
      29.1178231292517,
      29.512562358276643
    ],
    "rhythm_regularity": 0.9838998796584688,
    "syncopation_index": 0.5172413793103449,
    "beat_count": 55,
    "onset_count": 116
  },
  "harmony": {
    "chroma_mean": [
      0.5406573414802551,
      0.40215417742729187,
      0.3006246089935303,
      0.3752346634864807,
      0.5278081297874451,
      0.913907527923584,
      0.38277921080589294,
      0.33353039622306824,
      0.40381404757499695,
      0.4698851406574249,
      0.5142889618873596,
      0.4965211749076843
    ],
    "chroma_std": [
      0.17284198105335236,
      0.14880473911762238,
      0.15513509511947632,
      0.18468457460403442,
      0.1939368098974228,
      0.15690189599990845,
      0.1536940336227417,
      0.1564665287733078,
      0.23432856798171997,
      0.19931036233901978,
      0.267956018447876,
      0.1847703605890274
    ],
    "key_estimation": {
      "key": "C_major",
      "confidence": 0.24716909478957394
    },
    "tonal_complexity": 0.15299758315086365
  },
  "quality": {
    "snr_db": 35.730800109917396,
    "dynamic_range_db": 18.821610476805418,
    "rms_energy": 0.1584492325782776,
    "zero_crossing_rate": 0.08218496109044636
  },
  "lyrics": {
    "word_count": 129,
    "unique_word_count": 59,
    "sentence_count": 2,
    "avg_words_per_sentence": 64.5,
    "readability": null,
    "sentiment_analysis": null,