{
  "mfcc_mean": [
    -105.47793579101562,
    82.88621520996094,
    12.308294296264648,
    48.39014434814453,
    -8.767664909362793,
    26.231204986572266,
    -10.442499160766602,
    20.081680297851562,
    -13.373976707458496,
    10.54908561706543,
    -6.072935581207275,
    6.775249481201172,
    -2.330587387084961
  ],
  "mfcc_std": [
    72.6622314453125,
    29.37630271911621,
    19.05438232421875,
    13.432183265686035,
    11.350515365600586,
    9.39571762084961,
    11.138860702514648,
    8.473814010620117,
    8.711923599243164,
    7.738491058349609,
    8.586634635925293,
    7.2103447914123535,
    7.107204437255859
  ],
  "spectral_centroid_mean": 2564.288554318984,
  "spectral_centroid_std": 833.7396002983213,
  "spectral_bandwidth_mean": 2516.887450895811,
  "spectral_bandwidth_std": 251.16186024412255,
  "spectral_rolloff_mean": 5644.847544773749,
  "spectral_rolloff_std": 1084.2211836400322,
  "spectral_flux_mean": 3375.6298828125,
  "spectral_flux_std": 2960.90771484375,
  "spectral_flatness_mean": 0.01660001464188099,
  "spectral_flatness_std": 0.0348527692258358,
  "spectral_slope_mean": -0.0004760455138886334,
  "spectral_spread_mean": 2516.8874501414753,
  "spectral_skewness_mean": 0.9374855188300687,
  "spectral_kurtosis_mean": 3.148916279562682
}