{
  "mfcc_mean": [
    -70.64302062988281,
    50.07022476196289,
    -1.089599847793579,
    17.956771850585938,
    9.205400466918945,
    13.357327461242676,
    0.30490776896476746,
    10.533461570739746,
    1.3331639766693115,
    8.622455596923828,
    0.901740550994873,
    3.0899782180786133,
    -0.2757655084133148
  ],
  "mfcc_std": [
    92.90289306640625,
    27.268447875976562,
    17.083040237426758,
    13.345385551452637,
    14.272104263305664,
    11.53481674194336,
    11.790562629699707,
    10.1011962890625,
    9.297505378723145,
    9.871846199035645,
    9.697335243225098,
    8.644803047180176,
    7.374997615814209
  ],
  "spectral_centroid_mean": 3306.242737844751,
  "spectral_centroid_std": 783.400598404388,
  "spectral_bandwidth_mean": 2924.7378089831527,
  "spectral_bandwidth_std": 300.93233649272287,
  "spectral_rolloff_mean": 6908.06706289093,
  "spectral_rolloff_std": 1185.8975830561365,
  "spectral_flux_mean": 4598.07666015625,
  "spectral_flux_std": 4823.3935546875,
  "spectral_flatness_mean": 0.07850363105535507,
  "spectral_flatness_std": 0.07605397701263428,
  "spectral_slope_mean": -0.0002691798015555241,
  "spectral_spread_mean": 2924.7378109537262,
  "spectral_skewness_mean": 0.7925092720747506,
  "spectral_kurtosis_mean": 2.7114447574241747
}