{
  "chroma_mean": [
    0.6415029168128967,
    0.8645068407058716,
    0.6740455031394958,
    0.7475066184997559,
    0.6204386353492737,
    0.6384062767028809,
    0.6488064527511597,
    0.6343119740486145,
    0.7991201281547546,
    0.7532404661178589,
    0.8055741786956787,
    0.6714233756065369
  ],
  "chroma_std": [
    0.16166238486766815,
    0.15881496667861938,
    0.13323114812374115,
    0.1595829427242279,
    0.14458927512168884,
    0.137526735663414,
    0.15349093079566956,
    0.16995249688625336,
    0.1526472419500351,
    0.18169528245925903,
    0.1366744190454483,
    0.17026782035827637
  ],
  "key_estimation": {
    "key": "C_minor",
    "confidence": -0.18208250451532612
  },
  "tonal_complexity": 0.07867733389139175
}