{
  "snr_db": 34.40380065436984,
  "dynamic_range_db": 18.707676139918597,
  "rms_energy": 0.15516294538974762,
  "zero_crossing_rate": 0.11216168265465935
}