{
  "tempo_bpm": 123.046875,
  "tempo_confidence": 0.98987864306983,
  "beat_positions": [
    0.7662585034013606,
    1.2770975056689342,
    1.787936507936508,
    2.2755555555555556,
    2.7631746031746034,
    3.250793650793651,
    3.7616326530612243,
    4.249251700680272,
    4.73687074829932,
    5.2477097505668935,
    5.735328798185941,
    6.222947845804988,
    6.710566893424036,
    7.198185941043084,
    7.685804988662132,
    8.196643990929704,
    8.684263038548753,
    9.1718820861678,
    9.682721088435374,
    10.170340136054422,
    10.65795918367347,
    11.145578231292516,
    11.656417233560092,
    12.144036281179138,
    12.631655328798185,
    13.142494331065759,
    13.653333333333334,
    14.140952380952381,
    14.628571428571428,
    15.139410430839002,
    15.62702947845805,
    16.114648526077097,
    16.602267573696146,
    17.11310657596372,
    17.600725623582765,
    18.088344671201813,
    18.599183673469387,
    19.086802721088436,
    19.574421768707484,
    20.06204081632653,
    20.572879818594103,
    21.060498866213152,
    21.5481179138322,
    22.035736961451246,
    22.523356009070294,
    23.010975056689343,
    23.49859410430839,
    23.986213151927437,
    24.473832199546486,
    24.961451247165535,
    25.44907029478458,
    25.93668934240363,
    26.447528344671202,
    26.93514739229025,
    27.422766439909296,
    27.910385487528345,
    28.398004535147393,
    28.908843537414967
  ],
  "onset_times": [
    0.13931972789115646,
    0.25541950113378686,
    0.5108390022675737,
    0.7662585034013606,
    1.0448979591836736,
    1.253877551020408,
    1.509297052154195,
    1.7647165532879818,
    2.020136054421769,
    2.2291156462585033,
    2.5309750566893423,
    2.7399546485260773,
    3.01859410430839,
    3.250793650793651,
    3.5062131519274375,
    3.7384126984126986,
    4.017052154195011,
    4.249251700680272,
    4.481451247165533,
    4.713650793650793,
    5.015510204081632,
    5.2477097505668935,
    5.50312925170068,
    5.735328798185941,
    5.990748299319728,
    6.199727891156463,
    6.478367346938776,
    6.710566893424036,
    6.989206349206349,
    7.198185941043084,
    7.453605442176871,
    7.685804988662132,
    7.9412244897959186,
    8.17342403628118,
    8.428843537414966,
    8.661043083900227,
    9.1718820861678,
    9.427301587301587,
    9.659501133786849,
    9.914920634920636,
    10.147120181405896,
    10.425759637188209,
    10.65795918367347,
    11.122358276643991,
    11.400997732426303,
    11.633197278911565,
    11.888616780045352,
    12.097596371882085,
    12.144036281179138,
    12.399455782312925,
    12.60843537414966,
    12.910294784580499,
    13.119274376417234,
    13.397913832199546,
    13.630113378684808,
    13.862312925170068,
    14.094512471655328,
    14.140952380952381,
    14.373151927437641,
    14.605351473922903,
    14.837551020408164,
    15.116190476190477,
    15.348390022675737,
    15.62702947845805,
    15.85922902494331,
    16.114648526077097,
    16.370068027210884,
    16.602267573696146,
    17.08988662131519,
    17.345306122448978,
    17.600725623582765,
    17.856145124716555,
    18.06512471655329,
    18.36698412698413,
    18.575963718820862,
    18.854603174603174,
    19.086802721088436,
    19.342222222222222,
    19.52798185941043,
    19.574421768707484,
    19.806621315192743,
    20.038820861678005,
    20.317460317460316,
    20.54965986394558,
    20.82829931972789,
    20.94439909297052,
    21.060498866213152,
    21.292698412698414,
    21.5481179138322,
    21.78031746031746,
    22.01251700680272,
    22.291156462585032,
    22.50013605442177,
    22.77877551020408,
    23.010975056689343,
    23.26639455782313,
    23.49859410430839,
    23.73079365079365,
    23.986213151927437,
    24.2184126984127,
    24.450612244897957,
    24.706031746031748,
    24.938231292517006,
    25.193650793650793,
    25.425850340136055,
    25.913469387755104,
    26.21532879818594,
    26.447528344671202,
    26.911927437641722,
    27.16734693877551,
    27.39954648526077,
    27.678185941043083,
    27.88716553287982,
    28.189024943310656,
    28.398004535147393,
    28.88562358276644,
    29.164263038548754,
    29.373242630385487
  ],
  "rhythm_regularity": 0.9792905934026219,
  "syncopation_index": 0.4830508474576271,
  "beat_count": 58,
  "onset_count": 118
}