{
  "snr_db": 36.73237207366484,
  "dynamic_range_db": 20.98180349348999,
  "rms_energy": 0.12305651605129242,
  "zero_crossing_rate": 0.1903124695537802
}