{
  "chroma_mean": [
    0.5491359829902649,
    0.5003941655158997,
    0.667296290397644,
    0.5402579307556152,
    0.6711897850036621,
    0.6264703869819641,
    0.5903381705284119,
    0.6714110374450684,
    0.46385252475738525,
    0.6073035001754761,
    0.4629477858543396,
    0.5428738594055176
  ],
  "chroma_std": [
    0.2303810864686966,
    0.18728074431419373,
    0.2150372713804245,
    0.20281696319580078,
    0.23689882457256317,
    0.23662877082824707,
    0.22627772390842438,
    0.2531997561454773,
    0.19510675966739655,
    0.22976112365722656,
    0.20963314175605774,
    0.23246857523918152
  ],
  "key_estimation": {
    "key": "C_major",
    "confidence": 0.546470870594041
  },
  "tonal_complexity": 0.07324282079935074
}