{
  "meta": {
    "path": "../../data/raw/MIREX-like_mood/dataset/Audio/462.mp3",
    "file_hash": "16548d9544c1b18c90484f4cb415c6d8603cd692",
    "duration_sec": 29.675102040816327,
    "sample_rate": 22050,
    "analysis_timestamp": "2025-10-24T20:19:32.185545",
    "config": {
      "sr": 22050,
      "n_fft": 2048,
      "hop_length": 512,
      "n_mels": 128,
      "n_mfcc": 13,
      "n_chroma": 12,
      "frame_length": 2048,
      "workers": 4,
      "use_crepe": false,
      "save_matrices": false,
      "save_plots": true,
      "force": true,
      "quick": false,
      "verbose": false
    },
    "processing_time_sec": 3.0669379234313965
  },
  "acoustic": {
    "mfcc_mean": [
      -156.5321044921875,
      105.87985229492188,
      15.154993057250977,
      28.334230422973633,
      6.090113162994385,
      8.207942962646484,
      -3.8002445697784424,
      7.068756580352783,
      -7.165820121765137,
      -3.243863344192505,
      -2.493670701980591,
      -1.5738537311553955,
      -1.8506008386611938
    ],
    "mfcc_std": [
      75.00462341308594,
      32.392906188964844,
      21.320384979248047,
      13.116028785705566,
      11.697113037109375,
      9.879570960998535,
      9.99181079864502,
      8.598308563232422,
      8.84177303314209,
      7.922339916229248,
      7.785677909851074,
      8.026382446289062,
      7.5145649909973145
    ],
    "spectral_centroid_mean": 2047.216760681496,
    "spectral_centroid_std": 732.426344110302,
    "spectral_bandwidth_mean": 2430.5197837562564,
    "spectral_bandwidth_std": 547.0895648362957,
    "spectral_rolloff_mean": 4637.341127253958,
    "spectral_rolloff_std": 1776.5064356861935,
    "spectral_flux_mean": 2341.408447265625,
    "spectral_flux_std": 3408.7705078125,
    "spectral_flatness_mean": 0.013379926793277264,
    "spectral_flatness_std": 0.033920370042324066,
    "spectral_slope_mean": -0.00038714493990745565,
    "spectral_spread_mean": 2430.5197843775877,
    "spectral_skewness_mean": 1.7002975043277073,
    "spectral_kurtosis_mean": 5.956488439521989
  },
  "rhythm": {
    "tempo_bpm": 117.45383522727273,
    "tempo_confidence": 0.9863420805372416,
    "beat_positions": [
      0.9520181405895691,
      1.486077097505669,
      1.9969160997732427,
      2.5309750566893423,
      3.0418140589569163,
      3.5294331065759637,
      4.063492063492063,
      4.574331065759637,
      5.108390022675737,
      5.61922902494331,
      6.130068027210885,
      6.664126984126984,
      7.198185941043084,
      7.7090249433106575,
      8.219863945578231,
      8.730702947845804,
      9.264761904761905,
      9.775600907029478,
      10.309659863945578,
      10.843718820861678,
      11.354557823129252,
      11.865396825396825,
      12.399455782312925,
      12.910294784580499,
      13.444353741496599,
      13.955192743764172,
      14.466031746031746,
      15.000090702947846,
      15.51092970521542,
      15.998548752834466,
      16.555827664399093,
      17.08988662131519,
      17.623945578231293,
      18.134784580498867,
      18.64562358276644,
      19.156462585034014,
      19.690521541950112,
      20.201360544217685,
      20.712199546485262,
      21.24625850340136,
      21.757097505668934,
      22.291156462585032,
      22.801995464852606,
      23.336054421768708,
      23.84689342403628,
      24.38095238095238,
      24.891791383219953,
      25.425850340136055,
      25.959909297052153,
      26.470748299319727,
      27.00480725623583,
      27.515646258503402,
      28.026485260770976,
      28.53732426303855,
      29.071383219954647
    ],
    "onset_times": [
      0.16253968253968254,
      0.4179591836734694,
      0.6965986394557823,
      0.9520181405895691,
      1.207437641723356,
      1.4628571428571429,
      1.7414965986394557,
      1.9736961451247166,
      2.2523356009070294,
      2.507755102040816,
      2.7631746031746034,
      3.01859410430839,
      3.1579138321995464,
      3.274013605442177,
      3.5062131519274375,
      3.7848526077097504,
      4.040272108843538,
      4.249251700680272,
      4.295691609977324,
      4.551111111111111,
      4.760090702947846,
      4.96907029478458,
      5.085170068027211,
      5.317369614512471,
      5.363809523809524,
      5.596009070294785,
      5.874648526077097,
      6.130068027210885,
      6.3854875283446715,
      6.640907029478458,
      6.896326530612245,
      7.174965986394557,
      7.430385487528345,
      7.7090249433106575,
      8.219863945578231,
      8.475283446712018,
      8.684263038548753,
      8.986122448979591,
      9.264761904761905,
      9.520181405895691,
      9.775600907029478,
      10.054240362811791,
      10.309659863945578,
      10.565079365079365,
      10.820498866213152,
      11.075918367346938,
      11.354557823129252,
      11.609977324263038,
      11.865396825396825,
      12.120816326530612,
      12.376235827664399,
      12.654875283446712,
      12.887074829931972,
      13.421133786848072,
      13.653333333333334,
      13.955192743764172,
      14.210612244897959,
      14.466031746031746,
      14.721451247165533,
      15.000090702947846,
      15.139410430839002,
      15.51092970521542,
      15.74312925170068,
      15.975328798185942,
      16.300408163265306,
      16.555827664399093,
      16.81124716553288,
      17.066666666666666,
      17.345306122448978,
      17.600725623582765,
      17.856145124716555,
      18.11156462585034,
      18.390204081632653,
      18.622403628117915,
      18.877823129251702,
      19.156462585034014,
      19.4118820861678,
      19.667301587301587,
      19.922721088435374,
      20.17814058956916,
      20.456780045351476,
      20.712199546485262,
      20.96761904761905,
      21.24625850340136,
      21.757097505668934,
      21.989297052154196,
      22.267936507936508,
      22.54657596371882,
      22.801995464852606,
      23.057414965986396,
      23.312834467120183,
      23.591473922902495,
      23.84689342403628,
      24.102312925170068,
      24.357732426303855,
      24.636371882086166,
      24.891791383219953,
      25.14721088435374,
      25.402630385487527,
      25.93668934240363,
      26.192108843537415,
      26.470748299319727,
      26.726167800453513,
      26.9815873015873,
      27.260226757369615,
      27.492426303854874,
      27.77106575963719,
      28.026485260770976,
      28.258684807256238,
      28.53732426303855,
      28.81596371882086,
      29.048163265306123,
      29.326802721088434,
      29.58222222222222
    ],
    "rhythm_regularity": 0.9734083531162598,
    "syncopation_index": 0.5175438596491229,
    "beat_count": 55,
    "onset_count": 114
  },
  "harmony": {
    "chroma_mean": [
      0.5491359829902649,
      0.5003941655158997,
      0.667296290397644,
      0.5402579307556152,
      0.6711897850036621,
      0.6264703869819641,
      0.5903381705284119,
      0.6714110374450684,
      0.46385252475738525,
      0.6073035001754761,
      0.4629477858543396,
      0.5428738594055176
    ],
    "chroma_std": [
      0.2303810864686966,
      0.18728074431419373,
      0.2150372713804245,
      0.20281696319580078,
      0.23689882457256317,
      0.23662877082824707,
      0.22627772390842438,
      0.2531997561454773,
      0.19510675966739655,
      0.22976112365722656,
      0.20963314175605774,
      0.23246857523918152
    ],
    "key_estimation": {
      "key": "C_major",
      "confidence": 0.546470870594041
    },
    "tonal_complexity": 0.07324282079935074
  },
  "quality": {
    "snr_db": 36.32655524548453,
    "dynamic_range_db": 23.02547686339462,
    "rms_energy": 0.101549431681633,
    "zero_crossing_rate": 0.084145862856724
  },
  "lyrics": {
    "word_count": 256,
    "unique_word_count": 157,
    "sentence_count": 1,
    "avg_words_per_sentence": 256.0,
    "readability": null,
    "sentiment_analysis": null,