{
  "chroma_mean": [
    0.23123976588249207,
    0.27198901772499084,
    0.378143310546875,
    0.2966550588607788,
    0.40974050760269165,
    0.22112908959388733,
    0.312701553106308,
    0.4326304495334625,
    0.26837703585624695,
    0.3504975140094757,
    0.24195194244384766,
    0.4102206230163574
  ],
  "chroma_std": [
    0.19194389879703522,
    0.2173607051372528,
    0.3291517496109009,
    0.23119020462036133,
    0.3532988727092743,
    0.1858997642993927,
    0.23477254807949066,
    0.3084441125392914,
    0.19641974568367004,
    0.29998457431793213,
    0.17826129496097565,
    0.33261293172836304
  ],
  "key_estimation": {
    "key": "C_major",
    "confidence": 0.1396247150308786
  },
  "tonal_complexity": 0.07216011732816696
}