{
  "snr_db": 32.34019402026048,
  "dynamic_range_db": 15.861057493434402,
  "rms_energy": 0.20718587934970856,
  "zero_crossing_rate": 0.07358342554095136
}