{
  "mfcc_mean": [
    -290.3214416503906,
    37.47821044921875,
    -19.56538200378418,
    -6.377917289733887,
    -16.674531936645508,
    -6.06564998626709,
    -4.509191989898682,
    -5.986047744750977,
    -9.02409839630127,
    4.05034875869751,
    -18.562177658081055,
    -7.198144912719727,
    -5.34427547454834
  ],
  "mfcc_std": [
    122.38970184326172,
    43.3322639465332,
    30.868730545043945,
    25.71403694152832,
    18.737472534179688,
    17.098342895507812,
    14.603792190551758,
    17.214981079101562,
    13.195515632629395,
    10.683552742004395,
    15.66810417175293,
    9.992616653442383,
    10.372806549072266
  ],
  "spectral_centroid_mean": 2828.8819439272015,
  "spectral_centroid_std": 1324.4561748785643,
  "spectral_bandwidth_mean": 2460.236482913844,
  "spectral_bandwidth_std": 522.9563115614798,
  "spectral_rolloff_mean": 5352.036086529917,
  "spectral_rolloff_std": 2240.1034849626453,
  "spectral_flux_mean": 2921.687744140625,
  "spectral_flux_std": 4485.6484375,
  "spectral_flatness_mean": 0.054583240300416946,
  "spectral_flatness_std": 0.08200544118881226,
  "spectral_slope_mean": -0.0002443944953390457,
  "spectral_spread_mean": 2460.2364820985963,
  "spectral_skewness_mean": 1.414523304376512,
  "spectral_kurtosis_mean": 5.333204881978573
}