{
  "mfcc_mean": [
    -275.9178466796875,
    56.33515930175781,
    -19.321563720703125,
    19.89472198486328,
    -14.946056365966797,
    -7.786859512329102,
    7.039469242095947,
    -4.329319000244141,
    0.48096129298210144,
    1.6933358907699585,
    -10.693191528320312,
    3.450444221496582,
    -9.54852294921875
  ],
  "mfcc_std": [
    88.42063903808594,
    37.942317962646484,
    29.21966552734375,
    28.811960220336914,
    19.36983871459961,
    18.43076515197754,
    13.232132911682129,
    15.784741401672363,
    14.419243812561035,
    11.12384033203125,
    11.33383560180664,
    9.024333000183105,
    10.52977466583252
  ],
  "spectral_centroid_mean": 2324.7759946160963,
  "spectral_centroid_std": 1195.997514239162,
  "spectral_bandwidth_mean": 2131.2851624246005,
  "spectral_bandwidth_std": 497.70510675985383,
  "spectral_rolloff_mean": 4241.958267944869,
  "spectral_rolloff_std": 2043.8059994755395,
  "spectral_flux_mean": 2440.17529296875,
  "spectral_flux_std": 4472.59716796875,
  "spectral_flatness_mean": 0.04639161378145218,
  "spectral_flatness_std": 0.11845843493938446,
  "spectral_slope_mean": -0.00034242057773056957,
  "spectral_spread_mean": 2131.285162942281,
  "spectral_skewness_mean": 1.730437910099381,
  "spectral_kurtosis_mean": 7.214682679300415
}