{
  "chroma_mean": [
    0.34851309657096863,
    0.3107523024082184,
    0.33995288610458374,
    0.4624817371368408,
    0.3077380955219269,
    0.3599216639995575,
    0.2794616222381592,
    0.35449275374412537,
    0.32975396513938904,
    0.28420573472976685,
    0.3669789135456085,
    0.26677432656288147
  ],
  "chroma_std": [
    0.36386436223983765,
    0.3425052762031555,
    0.3249876797199249,
    0.3956716060638428,
    0.3020222783088684,
    0.3608246147632599,
    0.29464036226272583,
    0.34085574746131897,
    0.34239208698272705,
    0.3039385676383972,
    0.3714716136455536,
    0.30643966794013977
  ],
  "key_estimation": {
    "key": "C_minor",
    "confidence": 0.660320941462205
  },
  "tonal_complexity": 0.05012793838977814
}