{
  "track_id": "Avercage_-_Embers",
  "provenance": {
    "original_audio_path": "../../jamando_processed/transcoded/Avercage_-_Embers.wav",
    "original_lyrics_path": "../../data/raw/jam-alt/lyrics/Avercage_-_Embers.txt",
    "processing_date": "2025-10-24T22:00:57.894598+00:00",
    "script_version": "1.0.0"
  },
  "audio_properties": {
    "original_sr": 22050,
    "target_sr": 44100,
    "channels": 1
  },
  "audio_features": {
    "duration_seconds": 242.55691609977325,
    "integrated_loudness_lufs": -13.2235821095478,
    "snr_percentile_db": 10.041421637525831,
    "clipping_percentage": 0.0,
    "rms_energy_mean": 0.06453367322683334,
    "rms_energy_std": 0.024487297981977463,
    "zcr_mean": 0.06501366804222707,
    "zcr_std": 0.03329968656567538,
    "spectral_centroid_mean": 2395.5651762101766,
    "spectral_bandwidth_mean": 2349.2010629927877,
    "mfcc_0_mean": -241.92133744315424,
    "mfcc_0_std": 83.37075629893272,
    "mfcc_1_mean": 168.39805676914963,
    "mfcc_1_std": 28.605159774725223,
    "mfcc_2_mean": -68.24729583827954,
    "mfcc_2_std": 34.61141085791057,
    "mfcc_3_mean": 59.82701076764626,
    "mfcc_3_std": 21.64597649290826,
    "mfcc_4_mean": -6.7039311131509,
    "mfcc_4_std": 16.403959856115012,
    "mfcc_5_mean": 14.024763623967536,
    "mfcc_5_std": 10.276089806983306,
    "mfcc_6_mean": 12.502205727332154,
    "mfcc_6_std": 9.32802973537308,
    "mfcc_7_mean": -9.779389633865778,
    "mfcc_7_std": 8.294206159251942,
    "mfcc_8_mean": 17.79027370486113,
    "mfcc_8_std": 10.605190045199658,
    "mfcc_9_mean": -9.163810515142167,
    "mfcc_9_std": 8.4789108577921,
    "mfcc_10_mean": 10.869414100384109,
    "mfcc_10_std": 9.421519412904923,
    "mfcc_11_mean": -2.2065307114452906,
    "mfcc_11_std": 8.88429450250034,
    "mfcc_12_mean": -5.65840258454548,
    "mfcc_12_std": 7.077557105695403,
    "vocal_dominance_score_hpss": 0.8107438829753667
  },
  "lyrics_features": {
    "cleaned_text": "Through days of thunders Continuing stolid smiles to wear We're going on We nearly carried it to the end And every whisper And every beat of windy heart We're holding on For the moment when we unite No face Is seen at dusk of a raining day No name Is spoken in a loud voice Still, still One day it all Will gone forever, will gone forever Don't close your eyes You'll gone forever, you'll gone forever Just reach the border To throw your past and go ahead Hey, light your heart As we're led by a winding thread No face Is seen at dusk of a raining day No name Is spoken with the loud voice Still, still One day it all Will gone forever, will gone forever Don't close your eyes You'll gone forever, you'll gone forever And we are one, so I promise Mmm-ah, ah, ah-ah-ah One day it all Will gone forever, will gone forever Don't close your eyes You'll gone forever, you'll gone forever There's no more pain Which lasts forever And never severs Once in the end The flame was rendered But living embers Will burn",
    "language_code": "en",
    "completeness_heuristic": 1.0,
    "word_count": 192,
    "char_count": 1007,
    "sentence_count": 1,
    "type_token_ratio": 0.53125
  },
  "is_high_quality": false,
  "normalized_audio_path": "processed_dataset/jam-alt/audio_rejected/Avercage_-_Embers.wav"
}