{
  "track_id": "dich_gehen_zu_sehn._-_Wingenbach_Frank",
  "provenance": {
    "original_audio_path": "../../jamando_processed/transcoded/dich_gehen_zu_sehn._-_Wingenbach_Frank.wav",
    "original_lyrics_path": "../../data/raw/jam-alt/lyrics/dich_gehen_zu_sehn._-_Wingenbach_Frank.txt",
    "processing_date": "2025-10-24T22:00:26.405393+00:00",
    "script_version": "1.0.0"
  },
  "audio_properties": {
    "original_sr": 22050,
    "target_sr": 44100,
    "channels": 1
  },
  "audio_features": {
    "duration_seconds": 192.87197278911566,
    "integrated_loudness_lufs": -20.414870380727688,
    "snr_percentile_db": 11.967305031265987,
    "clipping_percentage": 0.0,
    "rms_energy_mean": 0.06475271284580231,
    "rms_energy_std": 0.038440439850091934,
    "zcr_mean": 0.03193682093842172,
    "zcr_std": 0.023036317302117287,
    "spectral_centroid_mean": 1540.2227871670393,
    "spectral_bandwidth_mean": 1964.9571744023337,
    "mfcc_0_mean": -267.01240408788436,
    "mfcc_0_std": 61.36796313406934,
    "mfcc_1_mean": 167.98938744789598,
    "mfcc_1_std": 22.497696547089685,
    "mfcc_2_mean": -16.111660381206526,
    "mfcc_2_std": 24.36244260267494,
    "mfcc_3_mean": 37.07896063587179,
    "mfcc_3_std": 22.36023951990897,
    "mfcc_4_mean": 4.201882941763916,
    "mfcc_4_std": 12.642411222767928,
    "mfcc_5_mean": 2.6196049450575263,
    "mfcc_5_std": 8.859873197605477,
    "mfcc_6_mean": 9.776730571432802,
    "mfcc_6_std": 8.287463169329053,
    "mfcc_7_mean": -4.111229326718453,
    "mfcc_7_std": 10.104703326881754,
    "mfcc_8_mean": 4.823583157459344,
    "mfcc_8_std": 9.44366895296465,
    "mfcc_9_mean": -7.028881049363105,
    "mfcc_9_std": 7.099132961516727,
    "mfcc_10_mean": 2.1253466579797595,
    "mfcc_10_std": 7.001107577170433,
    "mfcc_11_mean": 0.3891959932690902,
    "mfcc_11_std": 6.661922764415942,
    "mfcc_12_mean": -9.219010224991656,
    "mfcc_12_std": 7.3056769516422,
    "vocal_dominance_score_hpss": 0.8677207734198517
  },
  "lyrics_features": {
    "cleaned_text": "Ich tr\u00e4um' den ganzen Tag von dir Oh bitte, glaube mir, ich wei\u00df nicht, warum? Du bist so weit weg Ich f\u00fchle mich wie 'n St\u00fcck Dreck Ich wei\u00df nicht, warum? In meinem Kopf dreht sich alles nur um dich Verdammt nochmal, lass mich nicht im Stich Ich liebe, ich lieb' nur dich Ich lieb' nur dich Du schaust mir tief in die Augen und l\u00e4chelst mich an Ich kapiere jetzt erst, ich bin nicht der Mann Liebe zu zeigen, oh, f\u00e4llt mir so schwer Bei mir war es eh ziemlich lang her Es tut so weh, dich gehen zu sehen Es tut so weh, es tut so weh, dich gehen zu sehen Ich hab mich versteckt, um dich zu seh'n Ich hab mich versteckt, um dich zu verstehn Doch du liefst immer von mir weg, ich hab das nie verstanden Es tut so weh, dich gehen zu seh'n Es tut so weh, dich gehen zu seh'n Es tut so weh, es tut so weh, dich gehen zu seh'n Ich tr\u00e4um' den ganzen Tag von dir Und hoffe, du kommst zu mir",
    "language_code": "de",
    "completeness_heuristic": 1.0,
    "word_count": 182,
    "char_count": 882,
    "sentence_count": 3,
    "type_token_ratio": 0.5
  },
  "is_high_quality": false,
  "normalized_audio_path": "processed_dataset/jam-alt/audio_rejected/dich_gehen_zu_sehn._-_Wingenbach_Frank.wav"
}