{
  "track_id": "Explosive_Ear_Candy_-_Like_The_Sun",
  "provenance": {
    "original_audio_path": "../../jamando_processed/transcoded/Explosive_Ear_Candy_-_Like_The_Sun.wav",
    "original_lyrics_path": "../../data/raw/jam-alt/lyrics/Explosive_Ear_Candy_-_Like_The_Sun.txt",
    "processing_date": "2025-10-24T22:01:13.872834+00:00",
    "script_version": "1.0.0"
  },
  "audio_properties": {
    "original_sr": 22050,
    "target_sr": 44100,
    "channels": 1
  },
  "audio_features": {
    "duration_seconds": 192.92167800453515,
    "integrated_loudness_lufs": -14.1866454908384,
    "snr_percentile_db": 9.908526831827576,
    "clipping_percentage": 0.0,
    "rms_energy_mean": 0.07007851451635361,
    "rms_energy_std": 0.024887671694159508,
    "zcr_mean": 0.06332640800836492,
    "zcr_std": 0.043183700911373864,
    "spectral_centroid_mean": 2565.1282007719774,
    "spectral_bandwidth_mean": 2712.9990355763275,
    "mfcc_0_mean": -229.09312372357215,
    "mfcc_0_std": 76.03487714552463,
    "mfcc_1_mean": 167.3967139999877,
    "mfcc_1_std": 28.934751553765274,
    "mfcc_2_mean": -57.284980828662164,
    "mfcc_2_std": 23.400170469705458,
    "mfcc_3_mean": 59.606296854850505,
    "mfcc_3_std": 19.804399318949276,
    "mfcc_4_mean": -22.12660069340841,
    "mfcc_4_std": 15.451837612094932,
    "mfcc_5_mean": 21.152661471647257,
    "mfcc_5_std": 9.111195320285486,
    "mfcc_6_mean": 9.69872624524575,
    "mfcc_6_std": 9.59692286754131,
    "mfcc_7_mean": -8.38858945838379,
    "mfcc_7_std": 9.022563184722804,
    "mfcc_8_mean": 21.389887415164974,
    "mfcc_8_std": 8.366463336253014,
    "mfcc_9_mean": -14.454497538653762,
    "mfcc_9_std": 9.868173976923174,
    "mfcc_10_mean": 20.404677307037087,
    "mfcc_10_std": 8.41651815940701,
    "mfcc_11_mean": 1.3612446591056395,
    "mfcc_11_std": 7.37396703251685,
    "mfcc_12_mean": -3.021340470228335,
    "mfcc_12_std": 6.491534080585554,
    "vocal_dominance_score_hpss": 0.7761300665581342
  },
  "lyrics_features": {
    "cleaned_text": "Doo-doo-doo, doo, doo-doo-doo, doo, doo Doo-doo-doo, doo-doo-doo, doo-doo-doo-doo Doo-doo-doo, doo, doo-doo-doo, doo, doo Doo-doo-doo, doo-doo-doo, doo-doo-doo-doo I see your face Everywhere that I go On the clouds in the sky On the faces of strangers The birds sing your name And the fish try to talk 'Cause without you the world Would be too dark to matter You're like the sun You're so far away But your light shines on And brightens each day When you're not around You make it worthwhile to expect you You're like the sun You turn on a switch And the gloom is gone You gave me my life And you carry on Without ever wanting a thank you You're like the sun Doo-doo-doo, doo, doo-doo-doo, doo, doo Doo-doo-doo, doo-doo-doo, doo-doo-doo-doo Doo-doo-doo, doo, doo-doo-doo, doo, doo Doo-doo-doo, doo-doo-doo, doo-doo-doo-doo Everyone loves you And wants you around But it's me most of all For my own selfish reasons You paint my sky blue And you spin my earth 'round So don't leave me alone 'Cause I can't stand to miss you You're like the sun You're so far away But your light shines on And brightens each day When you're not around You make it worthwhile to expect you You're like the sun You turn on a switch And the gloom is gone You gave me my life And you carry on Without ever wanting a thank you You're like the sun Doo-doo-doo, doo, doo-doo-doo, doo, doo Doo-doo-doo, doo-doo-doo, doo-doo-doo-doo Doo-doo-doo, doo, doo-doo-doo, doo, doo Doo-doo-doo, doo-doo-doo, doo-doo-doo-doo You're like the sun You're so far away But your light shines on And brighten my days When you're not around You make it worthwhile to expect you (ooh-ooh-ooh-ooh-ooh) You're like the sun You turn on a switch And the gloom is gone You gave me my life And you carry on Without ever wanting a thank you (ooh-ooh-ooh) You're like the sun (Ooh-ooh-ooh) Doo-doo-doo, doo, doo-doo-doo, doo, doo Doo-doo-doo, doo, doo-doo-doo, doo, doo Doo-doo-doo, doo, doo-doo-doo, doo, doo Doo-doo-doo, doo, doo-doo-doo, doo, doo",
    "language_code": "en",
    "completeness_heuristic": 1.0,
    "word_count": 336,
    "char_count": 1993,
    "sentence_count": 1,
    "type_token_ratio": 0.30357142857142855
  },
  "is_high_quality": false,
  "normalized_audio_path": "processed_dataset/jam-alt/audio_rejected/Explosive_Ear_Candy_-_Like_The_Sun.wav"
}