{
  "track_id": "Libre_by_CybeR_AttaCK_-_CyberAttacK",
  "provenance": {
    "original_audio_path": "../../jamando_processed/transcoded/Libre_by_CybeR_AttaCK_-_CyberAttacK.wav",
    "original_lyrics_path": "../../data/raw/jam-alt/lyrics/Libre_by_CybeR_AttaCK_-_CyberAttacK.txt",
    "processing_date": "2025-10-24T21:56:43.262731+00:00",
    "script_version": "1.0.0"
  },
  "audio_properties": {
    "original_sr": 22050,
    "target_sr": 44100,
    "channels": 1
  },
  "audio_features": {
    "duration_seconds": 216.93102040816328,
    "integrated_loudness_lufs": -18.22548474110073,
    "snr_percentile_db": 10.403506295959353,
    "clipping_percentage": 0.0,
    "rms_energy_mean": 0.07380646467208862,
    "rms_energy_std": 0.029021909460425377,
    "zcr_mean": 0.066891160188654,
    "zcr_std": 0.0405229824364243,
    "spectral_centroid_mean": 2547.404776366341,
    "spectral_bandwidth_mean": 2537.052034396882,
    "mfcc_0_mean": -215.08957600008603,
    "mfcc_0_std": 52.09861465106915,
    "mfcc_1_mean": 160.1611012576594,
    "mfcc_1_std": 23.41302490534096,
    "mfcc_2_mean": -58.12253122035405,
    "mfcc_2_std": 15.46603595611873,
    "mfcc_3_mean": 66.05603299214047,
    "mfcc_3_std": 18.680550172150486,
    "mfcc_4_mean": -6.007119593492852,
    "mfcc_4_std": 19.752391249175574,
    "mfcc_5_mean": 8.667884115948283,
    "mfcc_5_std": 11.677635387616585,
    "mfcc_6_mean": 9.690777602304733,
    "mfcc_6_std": 7.328040254281929,
    "mfcc_7_mean": -4.7505560574318295,
    "mfcc_7_std": 10.233588588543665,
    "mfcc_8_mean": 19.121604462093885,
    "mfcc_8_std": 10.086267253341786,
    "mfcc_9_mean": -6.450982459096605,
    "mfcc_9_std": 9.045614687811945,
    "mfcc_10_mean": 17.054440974509,
    "mfcc_10_std": 7.4930851850591065,
    "mfcc_11_mean": 0.8109190230551544,
    "mfcc_11_std": 7.427645277403819,
    "mfcc_12_mean": -1.0719561720213295,
    "mfcc_12_std": 6.604802499846298,
    "vocal_dominance_score_hpss": 0.7673990469167703
  },
  "lyrics_features": {
    "cleaned_text": "L'homme ne sera jamais libre (Pourquoi ?) Comme un loup que l'on assigne \u00e0 r\u00e9sidence Apais\u00e9, vuln\u00e9rable, attendant providence Pour des aigles voraces qui ne voient que pitance Qui ne laisseront que l'os, voil\u00e0 ma d\u00e9livrance Comme un loup que l'on assigne \u00e0 r\u00e9sidence Apais\u00e9, vuln\u00e9rable, attendant providence Pour des aigles voraces qui ne voient que pitance Qui ne laisseront que l'os, voil\u00e0 ma d\u00e9livrance L'homme est un fauve en cage, \u00e9pris de libert\u00e9 Qui ne r\u00eave qu'\u00e0 plier bagage et ne jamais se retourner Un chien docile et sage, statique comme une image Retenu en otage avec pour deal un beau mirage L'homme tient un faux langage quand il s'agit de s'exprimer Il contient toute sa rage avec l'envie de tout briser C'est la recette du succ\u00e8s, les agneaux ne savent pas danser Et les journ\u00e9es qui se succ\u00e8dent nous en emp\u00eacheront d'y penser \u00c0 ne plus nourrir ce qui est essentiel \u00c0 mourir au nom de cette essence \u00c0 vouloir dominer le ciel Il n'y a que des barreaux pour lesquels nous n'trouverons pas le sommeil Comme des papillons amput\u00e9s des ailes Comme tous ces humains shoot\u00e9s au diesel Reproduction d'un cycle artificiel Il n'y a que les oiseaux qui peuvent se r\u00e9veiller au sommet Comme un loup que l'on assigne \u00e0 r\u00e9sidence Apais\u00e9, vuln\u00e9rable, attendant providence Pour des aigles voraces qui ne voient que pitance Qui ne laisseront que l'os, voil\u00e0 ma d\u00e9livrance Comme un loup que l'on assigne \u00e0 r\u00e9sidence Apais\u00e9, vuln\u00e9rable, attendant providence Pour des aigles voraces qui ne voient que pitance Qui ne laisseront que l'os, voil\u00e0 ma d\u00e9livrance L'homme n'est plus un sage, un guide parmi les singes Un animal qui vibre au rythme de nombreux messages cod\u00e9s Il se pr\u00e9tend Messie dans un monde vicieux Il se sent progress\u00e9, unique quand il ferme les yeux L'homme est un solitaire actif mais paresseux Il adule les vip\u00e8res qui se d\u00e9lectent de tous ces v\u0153ux Il envie le courage, une envie de courir Vers un profond sentiment de construire un monde \u00e0 son image Alors Plus nourrir ce qui est essentiel \u00c0 mourir au nom de cette essence \u00c0 vouloir dominer le ciel Il n'y a que des barreaux pour lesquels nous n'trouverons pas le sommeil Comme des papillons amput\u00e9s des ailes Comme tous ces humains shoot\u00e9s au diesel Reproduction d'un cycle artificiel Il n'y a que les oiseaux qui peuvent se r\u00e9veiller au sommet",
    "language_code": "fr",
    "completeness_heuristic": 1.0,
    "word_count": 401,
    "char_count": 2308,
    "sentence_count": 2,
    "type_token_ratio": 0.4164588528678304
  },
  "is_high_quality": false,
  "normalized_audio_path": "processed_dataset/jam-alt/audio_rejected/Libre_by_CybeR_AttaCK_-_CyberAttacK.wav"
}