{
  "track_id": "Pas_que_tes_pas_-_AZUL",
  "provenance": {
    "original_audio_path": "../../jamando_processed/transcoded/Pas_que_tes_pas_-_AZUL.wav",
    "original_lyrics_path": "../../data/raw/jam-alt/lyrics/Pas_que_tes_pas_-_AZUL.txt",
    "processing_date": "2025-10-24T21:59:27.856973+00:00",
    "script_version": "1.0.0"
  },
  "audio_properties": {
    "original_sr": 22050,
    "target_sr": 44100,
    "channels": 1
  },
  "audio_features": {
    "duration_seconds": 202.41333333333333,
    "integrated_loudness_lufs": -11.94808827656548,
    "snr_percentile_db": 10.863707929422912,
    "clipping_percentage": 0.0,
    "rms_energy_mean": 0.07114861160516739,
    "rms_energy_std": 0.034104444086551666,
    "zcr_mean": 0.04459454312446229,
    "zcr_std": 0.03978175970057092,
    "spectral_centroid_mean": 2095.4850315690132,
    "spectral_bandwidth_mean": 2480.6251041364794,
    "mfcc_0_mean": -275.90415267657454,
    "mfcc_0_std": 86.46654214568406,
    "mfcc_1_mean": 154.12832055061088,
    "mfcc_1_std": 35.73526930876489,
    "mfcc_2_mean": -18.49085064041155,
    "mfcc_2_std": 29.446860586482966,
    "mfcc_3_mean": 66.30388518772178,
    "mfcc_3_std": 27.401547332589335,
    "mfcc_4_mean": -9.404897435576617,
    "mfcc_4_std": 21.879682180763993,
    "mfcc_5_mean": 10.432719244501087,
    "mfcc_5_std": 14.414101612321414,
    "mfcc_6_mean": 6.5567024727681265,
    "mfcc_6_std": 12.554557925975399,
    "mfcc_7_mean": -10.319831128238777,
    "mfcc_7_std": 12.54762285705753,
    "mfcc_8_mean": 13.586724871380794,
    "mfcc_8_std": 13.408782921732962,
    "mfcc_9_mean": -11.34491912748465,
    "mfcc_9_std": 10.577516510024301,
    "mfcc_10_mean": 8.236914495009742,
    "mfcc_10_std": 10.612929218304012,
    "mfcc_11_mean": -4.7870006090092465,
    "mfcc_11_std": 10.004324402151928,
    "mfcc_12_mean": -8.075572001581438,
    "mfcc_12_std": 8.642273706071746,
    "vocal_dominance_score_hpss": 0.6311218514961389
  },
  "lyrics_features": {
    "cleaned_text": "Allez tourne, tourne autant Qu'il est possible de tourner (de tourner) Comme si le sol \u00e9tait br\u00fblant Comme si tu voulais t'envoler (t'envoler) Allez danse, danse pour moi Danse \u00e0 faire p\u00e2lir la nuit Allez danse une derni\u00e8re fois Danse jusqu'au bout de l'envie Y a pas que tes pas qui m'inspirent Belle, j'ai vu des d\u00e9mons dans tes hanches Qui roulent, qui se cambrent et se penchent Comme un danger qui m'attire Allez bouge, bouge encore Bouge tant que tu le peux Serpente, ondule sans effort Y a personne qui ne le fait mieux Allez allume les interdits Rougis la lune dans tes danses Dans tes reins glisse ma folie Dans chacun de tes pas une transe Y a pas que tes pas qui m'inspirent Belle, j'ai vu des d\u00e9mons dans tes hanches Qui roulent, qui se cambrent et se penchent Comme un danger qui m'attire Y a pas que tes pas qui m'inspirent Qui roulent, qui se cambrent et se penchent Comme un danger qui m'attire Surtout t'arr\u00eate pas, tu sais Que tout s'envolerait pour moi T'es comme un soleil en \u00e9t\u00e9 Le monde tourne autour de toi Le jour, la pluie, les marais Les saisons de chaud ou de froid Les guerres, les paix, les trait\u00e9s Y a le monde qui tourne, et puis toi Y a pas que tes pas qui m'inspirent (Y a pas que tes pas qui m'inspirent) Belle, j'ai vu des d\u00e9mons dans tes hanches (Belle, j'ai vu des d\u00e9mons dans tes hanches) Qui roulent, qui se cambrent et se penchent (Qui roulent, qui se cambrent et se penchent) Comme un danger qui m'attire Y a pas que tes pas qui m'inspirent Belle, j'ai vu des d\u00e9mons dans tes hanches Qui roulent, qui se cambrent et se penchent Comme un danger qui m'attire",
    "language_code": "fr",
    "completeness_heuristic": 1.0,
    "word_count": 300,
    "char_count": 1597,
    "sentence_count": 1,
    "type_token_ratio": 0.4033333333333333
  },
  "is_high_quality": false,
  "normalized_audio_path": "processed_dataset/jam-alt/audio_rejected/Pas_que_tes_pas_-_AZUL.wav"
}