{
  "track_id": "Slingshot_Miracle_-_Whistler",
  "provenance": {
    "original_audio_path": "../../jamando_processed/transcoded/Slingshot_Miracle_-_Whistler.wav",
    "original_lyrics_path": "../../data/raw/jam-alt/lyrics/Slingshot_Miracle_-_Whistler.txt",
    "processing_date": "2025-10-24T21:59:48.218448+00:00",
    "script_version": "1.0.0"
  },
  "audio_properties": {
    "original_sr": 22050,
    "target_sr": 44100,
    "channels": 1
  },
  "audio_features": {
    "duration_seconds": 229.2247619047619,
    "integrated_loudness_lufs": -16.800120847162244,
    "snr_percentile_db": 9.143097437757481,
    "clipping_percentage": 0.0,
    "rms_energy_mean": 0.07504093647003174,
    "rms_energy_std": 0.01845148205757141,
    "zcr_mean": 0.04111739147810727,
    "zcr_std": 0.020068120828746257,
    "spectral_centroid_mean": 1923.7904377031634,
    "spectral_bandwidth_mean": 2270.677986156753,
    "mfcc_0_mean": -236.17394908448145,
    "mfcc_0_std": 57.597036097146656,
    "mfcc_1_mean": 181.2356986983098,
    "mfcc_1_std": 24.010138126562964,
    "mfcc_2_mean": -51.549088609963604,
    "mfcc_2_std": 20.42787370780953,
    "mfcc_3_mean": 64.36654742883567,
    "mfcc_3_std": 17.53999565023296,
    "mfcc_4_mean": -1.8968652388675535,
    "mfcc_4_std": 14.380870507647044,
    "mfcc_5_mean": 13.748626155632724,
    "mfcc_5_std": 8.67104139541317,
    "mfcc_6_mean": 11.507522239488049,
    "mfcc_6_std": 8.60878914548144,
    "mfcc_7_mean": -7.054335283944565,
    "mfcc_7_std": 7.92131482010189,
    "mfcc_8_mean": 20.924636320938546,
    "mfcc_8_std": 7.93299168334077,
    "mfcc_9_mean": -10.319159203711083,
    "mfcc_9_std": 8.502671302900785,
    "mfcc_10_mean": 6.443374427666491,
    "mfcc_10_std": 8.12517613345286,
    "mfcc_11_mean": 0.39088176826083615,
    "mfcc_11_std": 6.957040468800675,
    "mfcc_12_mean": -4.505438363005836,
    "mfcc_12_std": 6.7872447027158,
    "vocal_dominance_score_hpss": 0.8694082114558678
  },
  "lyrics_features": {
    "cleaned_text": "He's a whistler when the wind blows Keeps it simple, only whole notes Plays his hollow tune effortlessly He just sits there in limbo Doesn't listen, full of blow holes Curtains waver, the old refrain repeats A penny for a thought For pounds of flesh he bought A peso for what not to confess here The last shall be the first Wordlessly coerced Death is not the worst atrocity There's a hissing through the window Like a twisted virtuoso Warning of a storm brewing again \"To the victor,\" goes the intro Full of whispered innuendo A time once more for a paranoid crusade The past shall be reversed The dead not so accursed A universe rehearsed in tragedy He's a whistler, he's a widow Doesn't miss her, plays it solo Blissfully ignoring his instinct Tears bitter on the pillow Makes his mission, not to know more Curtains flutter, the old refrain repeats Yeah he's a whistler He's a whistler He's a whistler Oh",
    "language_code": "en",
    "completeness_heuristic": 1.0,
    "word_count": 163,
    "char_count": 907,
    "sentence_count": 1,
    "type_token_ratio": 0.6871165644171779
  },
  "is_high_quality": false,
  "normalized_audio_path": "processed_dataset/jam-alt/audio_rejected/Slingshot_Miracle_-_Whistler.wav"
}