{
  "tempo_bpm": 112.34714673913044,
  "tempo_confidence": 0.9642968790095562,
  "beat_positions": [
    0.16253968253968254,
    0.603718820861678,
    1.1377777777777778,
    1.6021768707482993,
    2.066575963718821,
    2.5774149659863945,
    3.0418140589569163,
    3.5062131519274375,
    4.040272108843538,
    4.504671201814059,
    4.96907029478458,
    5.50312925170068,
    5.9675283446712015,
    6.431927437641724,
    6.942766439909297,
    7.4071655328798185,
    7.87156462585034,
    8.40562358276644,
    8.870022675736962,
    9.334421768707482,
    9.845260770975056,
    10.402539682539683,
    10.936598639455783,
    11.470657596371883,
    12.027936507936507,
    12.561995464852608,
    13.072834467120181,
    13.630113378684808,
    14.210612244897959,
    14.744671201814059,
    15.301950113378684,
    15.836009070294784,
    16.370068027210884,
    16.92734693877551,
    17.46140589569161,
    17.99546485260771,
    18.52952380952381,
    18.99392290249433,
    19.458321995464853,
    20.01560090702948,
    20.54965986394558,
    21.106938775510205,
    21.61777777777778,
    22.151836734693877,
    22.709115646258503,
    23.2431746031746,
    23.777233560090703,
    24.33451247165533,
    24.86857142857143,
    25.402630385487527,
    25.93668934240363,
    26.493968253968255,
    27.051247165532878,
    27.58530612244898
  ],
  "onset_times": [
    0.13931972789115646,
    0.5804988662131519,
    0.9520181405895691,
    1.1377777777777778,
    1.3003174603174603,
    1.486077097505669,
    1.8808163265306121,
    2.020136054421769,
    2.414875283446712,
    2.5774149659863945,
    2.786394557823129,
    3.111473922902494,
    3.4829931972789114,
    3.8545124716553287,
    4.040272108843538,
    4.2260317460317465,
    4.4117913832199545,
    4.760090702947846,
    4.9458503401360545,
    5.178049886621316,
    5.340589569160998,
    5.50312925170068,
    5.688888888888889,
    6.03718820861678,
    6.246167800453515,
    6.408707482993197,
    6.757006802721088,
    6.942766439909297,
    7.1053061224489795,
    7.291065759637188,
    7.500045351473923,
    7.685804988662132,
    7.848344671201814,
    8.243083900226758,
    8.40562358276644,
    8.568163265306122,
    8.916462585034013,
    9.148662131519274,
    9.311201814058958,
    9.543401360544218,
    9.682721088435374,
    9.845260770975056,
    10.031020408163265,
    10.216780045351474,
    10.565079365079365,
    10.750839002267574,
    11.099138321995465,
    11.42421768707483,
    11.470657596371883,
    11.795736961451247,
    12.07437641723356,
    12.19047619047619,
    12.561995464852608,
    12.72453514739229,
    12.933514739229025,
    13.049614512471654,
    13.281814058956916,
    13.444353741496599,
    13.630113378684808,
    14.001632653061224,
    14.187392290249432,
    14.349931972789115,
    14.535691609977324,
    14.698231292517006,
    15.069750566893424,
    15.441269841269841,
    15.603809523809524,
    15.81278911564626,
    15.975328798185942,
    16.16108843537415,
    16.34684807256236,
    16.50938775510204,
    16.904126984126986,
    17.066666666666666,
    17.252426303854875,
    17.41496598639456,
    17.809705215419502,
    17.856145124716555,
    17.99546485260771,
    18.274104308390022,
    18.52952380952381,
    18.692063492063493,
    18.877823129251702,
    19.086802721088436,
    19.435102040816325,
    19.760181405895693,
    20.01560090702948,
    20.154920634920636,
    20.526439909297054,
    20.874739229024943,
    21.13015873015873,
    21.408798185941045,
    21.61777777777778,
    21.78031746031746,
    21.989297052154196,
    22.151836734693877,
    22.31437641723356,
    22.68589569160998,
    22.871655328798187,
    23.057414965986396,
    23.405714285714286,
    23.591473922902495,
    23.754013605442175,
    24.14875283446712,
    24.3112925170068,
    24.49705215419501,
    25.054331065759637,
    25.21687074829932,
    25.588390022675735,
    25.774149659863944,
    25.93668934240363,
    26.21532879818594,
    26.447528344671202,
    26.656507936507936,
    27.00480725623583,
    27.190566893424037,
    27.376326530612246,
    27.562086167800455,
    27.93360544217687,
    28.11936507936508,
    28.46766439909297,
    28.65342403628118,
    28.83918367346939,
    29.1178231292517,
    29.466122448979593
  ],
  "rhythm_regularity": 0.9284416982259218,
  "syncopation_index": 0.616,
  "beat_count": 54,
  "onset_count": 125
}