{
  "chroma_mean": [
    0.6876883506774902,
    0.693951427936554,
    0.7737941741943359,
    0.6824952363967896,
    0.4705559015274048,
    0.6021642684936523,
    0.4938206672668457,
    0.6571661233901978,
    0.5655052661895752,
    0.6455523371696472,
    0.5448873043060303,
    0.5204610228538513
  ],
  "chroma_std": [
    0.23986294865608215,
    0.16567137837409973,
    0.21554028987884521,
    0.22189296782016754,
    0.13332946598529816,
    0.26712143421173096,
    0.17597675323486328,
    0.1892099678516388,
    0.19175651669502258,
    0.21952512860298157,
    0.20314842462539673,
    0.19377493858337402
  ],
  "key_estimation": {
    "key": "C_minor",
    "confidence": 0.4620466667550292
  },
  "tonal_complexity": 0.08938179165124893
}