,precision,recall,f1-score,support
Cluster 1,0.391304347826087,0.2647058823529412,0.3157894736842105,34.0
Cluster 2,0.375,0.18181818181818182,0.24489795918367346,33.0
Cluster 3,0.4647887323943662,0.7674418604651163,0.5789473684210527,43.0
Cluster 4,0.30303030303030304,0.2631578947368421,0.28169014084507044,38.0
Cluster 5,0.5,0.5757575757575758,0.5352112676056338,33.0
accuracy,0.425414364640884,0.425414364640884,0.425414364640884,0.425414364640884
macro avg,0.4068246766501512,0.4105762790261315,0.39130724194792815,181.0
weighted avg,0.4070741151060565,0.425414364640884,0.3982287778095483,181.0
