{
  "tempo_bpm": 92.28515625,
  "tempo_confidence": 0.9647844425201537,
  "beat_positions": [
    0.2089795918367347,
    0.8591383219954648,
    1.5325170068027212,
    2.182675736961451,
    2.8328344671201813,
    3.4829931972789114,
    4.156371882086168,
    4.806530612244898,
    5.456689342403628,
    6.106848072562358,
    6.780226757369615,
    7.430385487528345,
    8.080544217687075,
    8.730702947845804,
    9.334421768707482,
    9.93814058956916,
    10.565079365079365,
    11.168798185941043,
    11.842176870748299,
    12.515555555555556,
    13.165714285714285,
    13.815873015873017,
    14.489251700680272,
    15.348390022675737,
    15.975328798185942,
    16.648707482993196,
    17.29886621315193,
    17.949024943310658,
    18.622403628117915,
    19.272562358276645,
    19.922721088435374,
    20.572879818594103,
    21.223038548752836,
    21.849977324263037,
    22.523356009070294,
    23.173514739229024,
    23.84689342403628,
    24.52027210884354,
    25.170430839002268,
    25.843809523809522,
    26.470748299319727,
    27.12090702947846,
    27.794285714285714,
    28.46766439909297,
    29.094603174603176
  ],
  "onset_times": [
    0.13931972789115646,
    0.18575963718820862,
    0.4876190476190476,
    0.5572789115646258,
    0.6733786848072563,
    0.7198185941043084,
    0.8359183673469388,
    0.9984580498866213,
    1.1609977324263039,
    1.509297052154195,
    1.6950566893424037,
    1.8343764172335602,
    1.9969160997732427,
    2.159455782312925,
    2.3219954648526078,
    2.461315192743764,
    2.670294784580499,
    2.8328344671201813,
    2.995374149659864,
    3.111473922902494,
    3.297233560090703,
    3.4597732426303853,
    3.645532879818594,
    3.7848526077097504,
    4.133151927437642,
    4.295691609977324,
    4.458231292517007,
    4.6439909297052155,
    4.783310657596372,
    4.9458503401360545,
    5.085170068027211,
    5.131609977324263,
    5.294149659863946,
    5.456689342403628,
    5.642448979591837,
    5.7817687074829935,
    5.9675283446712015,
    6.106848072562358,
    6.292607709750567,
    6.431927437641724,
    6.757006802721088,
    7.1053061224489795,
    7.291065759637188,
    7.4071655328798185,
    7.75546485260771,
    7.918004535147392,
    8.057324263038549,
    8.266303854875284,
    8.40562358276644,
    8.70748299319728,
    9.032562358276644,
    9.241541950113378,
    9.380861678004536,
    9.729160997732427,
    9.914920634920636,
    10.054240362811791,
    10.216780045351474,
    10.379319727891156,
    10.541859410430838,
    10.820498866213152,
    10.936598639455783,
    11.099138321995465,
    11.168798185941043,
    11.23845804988662,
    11.563537414965987,
    12.027936507936507,
    12.329795918367347,
    12.538775510204081,
    12.654875283446712,
    13.096054421768708,
    13.165714285714285,
    13.467573696145125,
    13.769433106575963,
    13.815873015873017,
    14.303492063492063,
    14.466031746031746,
    14.675011337868481,
    14.97687074829932,
    15.32517006802721,
    15.51092970521542,
    15.673469387755102,
    15.836009070294784,
    15.975328798185942,
    16.23074829931973,
    16.32362811791383,
    16.486167800453515,
    16.62548752834467,
    16.834467120181404,
    16.973786848072564,
    17.159546485260773,
    17.29886621315193,
    17.623945578231293,
    17.786485260770974,
    17.949024943310658,
    18.11156462585034,
    18.274104308390022,
    18.483083900226756,
    18.599183673469387,
    18.94748299319728,
    19.249342403628116,
    19.4118820861678,
    19.574421768707484,
    19.922721088435374,
    20.24780045351474,
    20.54965986394558,
    20.874739229024943,
    21.060498866213152,
    21.199818594104308,
    21.5481179138322,
    21.71065759637188,
    21.849977324263037,
    22.19827664399093,
    22.523356009070294,
    22.84843537414966,
    23.034195011337868,
    23.173514739229024,
    23.49859410430839,
    23.707573696145126,
    23.84689342403628,
    24.009433106575965,
    24.171972789115646,
    24.33451247165533,
    24.49705215419501,
    24.68281179138322,
    24.775691609977326,
    24.98467120181406,
    25.170430839002268,
    25.518730158730158,
    25.704489795918366,
    25.820589569160997,
    26.006349206349206,
    26.145668934240362,
    26.470748299319727,
    26.656507936507936,
    26.79582766439909,
    27.00480725623583,
    27.30666666666667,
    27.445986394557824,
    27.74784580498866,
    27.794285714285714,
    28.11936507936508,
    28.374784580498865,
    28.444444444444443,
    28.606984126984127,
    28.69986394557823,
    29.094603174603176,
    29.257142857142856,
    29.396462585034012,
    29.58222222222222
  ],
  "rhythm_regularity": 0.9443999470553357,
  "syncopation_index": 0.6577181208053692,
  "beat_count": 45,
  "onset_count": 149
}