{
  "chroma_mean": [
    0.4253493845462799,
    0.45083367824554443,
    0.5804461240768433,
    0.4368632733821869,
    0.62156081199646,
    0.40553513169288635,
    0.48965686559677124,
    0.4789980947971344,
    0.4702693819999695,
    0.5891080498695374,
    0.49338123202323914,
    0.526871919631958
  ],
  "chroma_std": [
    0.19653108716011047,
    0.208741694688797,
    0.29920557141304016,
    0.18620914220809937,
    0.28049957752227783,
    0.17271092534065247,
    0.21207204461097717,
    0.23713116347789764,
    0.20289498567581177,
    0.2607143521308899,
    0.2251480370759964,
    0.21875764429569244
  ],
  "key_estimation": {
    "key": "C_major",
    "confidence": -0.014111201254429155
  },
  "tonal_complexity": 0.06595825403928757
}