{
  "meta": {
    "path": "../../data/raw/MIREX-like_mood/dataset/Audio/530.mp3",
    "file_hash": "30222bc474a145cd957da149591ec2473a093662",
    "duration_sec": 29.675102040816327,
    "sample_rate": 22050,
    "analysis_timestamp": "2025-10-24T20:12:50.570196",
    "config": {
      "sr": 22050,
      "n_fft": 2048,
      "hop_length": 512,
      "n_mels": 128,
      "n_mfcc": 13,
      "n_chroma": 12,
      "frame_length": 2048,
      "workers": 4,
      "use_crepe": false,
      "save_matrices": false,
      "save_plots": true,
      "force": true,
      "quick": false,
      "verbose": false
    },
    "processing_time_sec": 2.4149539470672607
  },
  "acoustic": {
    "mfcc_mean": [
      -311.1656188964844,
      175.34017944335938,
      26.33350372314453,
      -4.555694580078125,
      -0.2275296151638031,
      -5.775683879852295,
      -8.759151458740234,
      -13.458399772644043,
      -15.234648704528809,
      -11.166322708129883,
      -8.268917083740234,
      -12.330615043640137,
      -14.116304397583008
    ],
    "mfcc_std": [
      59.56486892700195,
      32.969093322753906,
      26.486642837524414,
      13.06069564819336,
      9.065217971801758,
      11.005114555358887,
      8.439058303833008,
      10.185674667358398,
      10.644929885864258,
      8.953800201416016,
      8.091312408447266,
      10.521309852600098,
      10.749259948730469
    ],
    "spectral_centroid_mean": 739.852688454713,
    "spectral_centroid_std": 216.55312725977322,
    "spectral_bandwidth_mean": 1060.3664552093264,
    "spectral_bandwidth_std": 292.1492904448635,
    "spectral_rolloff_mean": 1036.742076023749,
    "spectral_rolloff_std": 437.0672290871054,
    "spectral_flux_mean": 1388.525390625,
    "spectral_flux_std": 3588.5751953125,
    "spectral_flatness_mean": 0.001295969937928021,
    "spectral_flatness_std": 0.029846521094441414,
    "spectral_slope_mean": -0.0005072466891730288,
    "spectral_spread_mean": 1060.366454709788,
    "spectral_skewness_mean": 5.432142844105436,
    "spectral_kurtosis_mean": 41.76373081524331
  },
  "rhythm": {
    "tempo_bpm": 143.5546875,
    "tempo_confidence": 0.9766946350029329,
    "beat_positions": [
      3.6687528344671203,
      4.017052154195011,
      4.435011337868481,
      4.85297052154195,
      5.270929705215419,
      5.688888888888889,
      6.15328798185941,
      6.617687074829932,
      7.082086167800454,
      7.523265306122449,
      7.964444444444444,
      8.382403628117913,
      8.800362811791382,
      9.218321995464853,
      9.636281179138322,
      10.054240362811791,
      10.47219954648526,
      10.89015873015873,
      11.3081179138322,
      11.72607709750567,
      12.144036281179138,
      12.538775510204081,
      12.956734693877552,
      13.351473922902494,
      13.746213151927437,
      14.164172335600908,
      14.582131519274377,
      15.000090702947846,
      15.394829931972788,
      15.789569160997733,
      16.23074829931973,
      16.671927437641724,
      17.11310657596372,
      17.554285714285715,
      17.972244897959182,
      18.390204081632653,
      18.808163265306124,
      19.22612244897959,
      19.620861678004534,
      20.038820861678005,
      20.456780045351476,
      20.874739229024943,
      21.292698412698414,
      21.687437641723356,
      22.01251700680272,
      22.407256235827663,
      22.84843537414966,
      23.26639455782313,
      23.661133786848072,
      24.079092970521543,
      24.473832199546486,
      24.86857142857143,
      25.2865306122449,
      25.704489795918366,
      26.09922902494331,
      26.470748299319727,
      26.911927437641722,
      27.30666666666667,
      27.70140589569161,
      28.096145124716553
    ],
    "onset_times": [
      0.16253968253968254,
      1.0681179138321995,
      1.3467573696145125,
      1.5325170068027212,
      1.7182766439909296,
      1.8808163265306121,
      2.066575963718821,
      2.2523356009070294,
      2.4380952380952383,
      3.645532879818594,
      4.017052154195011,
      4.388571428571429,
      4.574331065759637,
      4.690430839002268,
      4.783310657596372,
      4.899410430839002,
      5.038730158730159,
      5.154829931972789,
      5.294149659863946,
      5.38702947845805,
      5.50312925170068,
      5.6656689342403626,
      5.7817687074829935,
      5.944308390022676,
      7.082086167800454,
      7.500045351473923,
      8.452063492063493,
      8.893242630385487,
      9.404081632653062,
      10.379319727891156,
      11.145578231292516,
      11.3081179138322,
      11.842176870748299,
      11.911836734693878,
      12.49233560090703,
      12.538775510204081,
      13.096054421768708,
      13.699773242630386,
      13.746213151927437,
      14.303492063492063,
      15.789569160997733,
      16.114648526077097,
      16.439727891156462,
      16.857687074829933,
      17.205986394557822,
      17.554285714285715,
      17.949024943310658,
      18.808163265306124,
      19.342222222222222,
      19.620861678004534,
      19.89950113378685,
      20.201360544217685,
      20.64253968253968,
      21.66421768707483,
      21.989297052154196,
      22.38403628117914,
      23.2431746031746,
      23.475374149659864,
      23.661133786848072,
      23.893333333333334,
      24.055873015873015,
      24.845351473922904,
      25.10077097505669,
      25.26331065759637,
      25.495510204081633,
      25.68126984126984,
      26.447528344671202,
      26.70294784580499,
      26.888707482993198,
      27.12090702947846,
      27.28344671201814,
      28.07292517006803,
      28.328344671201815,
      28.53732426303855,
      28.746303854875283,
      29.048163265306123
    ],
    "rhythm_regularity": 0.9423668958508585,
    "syncopation_index": 0.5131578947368421,
    "beat_count": 60,
    "onset_count": 76
  },
  "harmony": {
    "chroma_mean": [
      0.22241854667663574,
      0.2833442986011505,
      0.16348430514335632,
      0.3664255738258362,
      0.14564628899097443,
      0.3520173132419586,
      0.511634349822998,
      0.1849144846200943,
      0.4854581356048584,
      0.19476629793643951,
      0.314224511384964,
      0.17433786392211914
    ],
    "chroma_std": [
      0.25429031252861023,
      0.28363874554634094,
      0.19117297232151031,
      0.3224661350250244,
      0.13560213148593903,
      0.31371569633483887,
      0.3738812208175659,
      0.13283900916576385,
      0.38066932559013367,
      0.16007426381111145,
      0.30027633905410767,
      0.22964458167552948
    ],
    "key_estimation": {
      "key": "C_minor",
      "confidence": -0.020932394935712008
    },
    "tonal_complexity": 0.11971989274024963
  },
  "quality": {
    "snr_db": 40.96451339295495,
    "dynamic_range_db": 21.971032435249555,
    "rms_energy": 0.12539921700954437,
    "zero_crossing_rate": 0.04430722854769351
  },
  "lyrics": {
    "word_count": 94,
    "unique_word_count": 72,
    "sentence_count": 7,
    "avg_words_per_sentence": 13.428571428571429,
    "readability": null,
    "sentiment_analysis": null,
    "topic_keywords": [
      "The",
      "song.",
      "melody",
      "was",
      "and",
      "the",
      "stardust",
      "are",
      "Sometimes",
      "wonder"
    ],
    "repetition_analysis": {
      "repetition_ratio": 0.23404255319148937,
      "most_common_words": [
        [
          "The",
          4
        ],
        [
          "song.",
          2
        ],
        [
          "melody",
          2
        ],
        [
          "was",
          2
        ],
        [
          "and",
          2
        ]
      ]
    }
  }
}