{
  "snr_db": 34.858529067104605,
  "dynamic_range_db": 15.761004629551385,
  "rms_energy": 0.2152685523033142,
  "zero_crossing_rate": 0.09187971865226739
}