{
  "chroma_mean": [
    0.5380333065986633,
    0.4116533398628235,
    0.5118500590324402,
    0.3938499391078949,
    0.5187473297119141,
    0.5559709072113037,
    0.44013938307762146,
    0.6042630076408386,
    0.4122065305709839,
    0.5163246393203735,
    0.49477240443229675,
    0.4508613049983978
  ],
  "chroma_std": [
    0.2796403467655182,
    0.15457703173160553,
    0.18907760083675385,
    0.16037224233150482,
    0.2392166703939438,
    0.2647433876991272,
    0.19536955654621124,
    0.31882423162460327,
    0.1616690456867218,
    0.23866719007492065,
    0.27716290950775146,
    0.18541215360164642
  ],
  "key_estimation": {
    "key": "C_major",
    "confidence": 0.803580051976574
  },
  "tonal_complexity": 0.0626537948846817
}