{
  "snr_db": 44.072950024758725,
  "dynamic_range_db": 21.606129531399063,
  "rms_energy": 0.12606950104236603,
  "zero_crossing_rate": 0.10146907980731991
}