{
  "snr_db": 35.85415180460199,
  "dynamic_range_db": 18.691775515171795,
  "rms_energy": 0.15693628787994385,
  "zero_crossing_rate": 0.0740988748534011
}