,precision,recall,f1-score,support
Cluster 1,0.27586206896551724,0.23529411764705882,0.25396825396825395,34.0
Cluster 2,0.20689655172413793,0.18181818181818182,0.1935483870967742,33.0
Cluster 3,0.46296296296296297,0.5813953488372093,0.5154639175257731,43.0
Cluster 4,0.2702702702702703,0.2631578947368421,0.26666666666666666,38.0
Cluster 5,0.4375,0.42424242424242425,0.4307692307692308,33.0
accuracy,0.34806629834254144,0.34806629834254144,0.34806629834254144,0.34806629834254144
macro avg,0.33069837078457764,0.33718159345634324,0.33208329120533975,181.0
weighted avg,0.3360335592784631,0.34806629834254144,0.33997615365436673,181.0
