{
  "chroma_mean": [
    0.30817845463752747,
    0.33685198426246643,
    0.3019338846206665,
    0.6336633563041687,
    0.31512007117271423,
    0.3791485130786896,
    0.46320462226867676,
    0.5456537008285522,
    0.6576166152954102,
    0.48760753870010376,
    0.5557242035865784,
    0.39034968614578247
  ],
  "chroma_std": [
    0.18711239099502563,
    0.19315221905708313,
    0.1745242327451706,
    0.3330654799938202,
    0.17429949343204498,
    0.21406753361225128,
    0.28112903237342834,
    0.32725268602371216,
    0.3334382176399231,
    0.2626236081123352,
    0.27102476358413696,
    0.2394854575395584
  ],
  "key_estimation": {
    "key": "C_minor",
    "confidence": 0.1984168405617923
  },
  "tonal_complexity": 0.12258026748895645
}