{
  "chroma_mean": [
    0.4259068965911865,
    0.9614041447639465,
    0.5599784851074219,
    0.34674569964408875,
    0.2552609443664551,
    0.3550727367401123,
    0.3207305371761322,
    0.2711772918701172,
    0.3536366820335388,
    0.3016464412212372,
    0.2978843152523041,
    0.33484897017478943
  ],
  "chroma_std": [
    0.17968474328517914,
    0.09957019984722137,
    0.24669921398162842,
    0.16187304258346558,
    0.15538112819194794,
    0.17580290138721466,
    0.2311679869890213,
    0.1587018221616745,
    0.20687226951122284,
    0.16377943754196167,
    0.15940037369728088,
    0.18474578857421875
  ],
  "key_estimation": {
    "key": "C_minor",
    "confidence": -0.13221715310547136
  },
  "tonal_complexity": 0.18632328510284424
}