{
  "mfcc_mean": [
    -115.56866455078125,
    103.91300964355469,
    -28.643041610717773,
    5.102898120880127,
    -0.8836329579353333,
    6.106016635894775,
    -22.42411231994629,
    -5.321315765380859,
    -12.97474193572998,
    2.2178163528442383,
    -9.210007667541504,
    0.2280058115720749,
    -8.678168296813965
  ],
  "mfcc_std": [
    86.27798461914062,
    25.050090789794922,
    30.279306411743164,
    10.983033180236816,
    14.2146635055542,
    7.2328901290893555,
    7.364475250244141,
    5.88555908203125,
    5.844151020050049,
    4.447917461395264,
    4.093686103820801,
    4.748570442199707,
    4.3242011070251465
  ],
  "spectral_centroid_mean": 2236.922088453102,
  "spectral_centroid_std": 511.619555487754,
  "spectral_bandwidth_mean": 2223.582739202035,
  "spectral_bandwidth_std": 395.4787062024377,
  "spectral_rolloff_mean": 4489.446274600546,
  "spectral_rolloff_std": 1437.7132528156794,
  "spectral_flux_mean": 1269.8074951171875,
  "spectral_flux_std": 912.5891723632812,
  "spectral_flatness_mean": 0.03044726699590683,
  "spectral_flatness_std": 0.039433255791664124,
  "spectral_slope_mean": -0.00046218224267780586,
  "spectral_spread_mean": 2223.5827401181236,
  "spectral_skewness_mean": 1.6555735990871328,
  "spectral_kurtosis_mean": 5.640784589823137
}