{
  "mfcc_mean": [
    -53.2723388671875,
    83.88153076171875,
    -9.860535621643066,
    35.32450485229492,
    -7.119095802307129,
    5.926019191741943,
    -1.3039813041687012,
    21.10943031311035,
    2.56134033203125,
    8.096177101135254,
    -1.144126534461975,
    3.3876118659973145,
    -3.336299180984497
  ],
  "mfcc_std": [
    66.65319061279297,
    28.22646141052246,
    25.642379760742188,
    13.860799789428711,
    14.727446556091309,
    8.8441743850708,
    9.802887916564941,
    9.086770057678223,
    8.03170394897461,
    8.33149242401123,
    5.728351593017578,
    6.672861099243164,
    8.528080940246582
  ],
  "spectral_centroid_mean": 2616.231630801887,
  "spectral_centroid_std": 777.2404044148813,
  "spectral_bandwidth_mean": 2393.7354035578633,
  "spectral_bandwidth_std": 403.6305377965941,
  "spectral_rolloff_mean": 5202.958116908699,
  "spectral_rolloff_std": 1385.3074519061886,
  "spectral_flux_mean": 4916.47900390625,
  "spectral_flux_std": 4036.689697265625,
  "spectral_flatness_mean": 0.02320934645831585,
  "spectral_flatness_std": 0.03364754840731621,
  "spectral_slope_mean": -0.0004612541992973852,
  "spectral_spread_mean": 2393.7354026153434,
  "spectral_skewness_mean": 1.062506961779903,
  "spectral_kurtosis_mean": 3.8390319132492787
}