{
  "chroma_mean": [
    0.43367108702659607,
    0.5835155844688416,
    0.4034295082092285,
    0.4939636290073395,
    0.4434643089771271,
    0.4054291844367981,
    0.5065492987632751,
    0.45797932147979736,
    0.7407788634300232,
    0.5975478291511536,
    0.4551180899143219,
    0.3895370066165924
  ],
  "chroma_std": [
    0.1991010457277298,
    0.30625319480895996,
    0.1678343564271927,
    0.17668339610099792,
    0.18841058015823364,
    0.18369457125663757,
    0.27607065439224243,
    0.16082094609737396,
    0.2296508252620697,
    0.26234689354896545,
    0.17017415165901184,
    0.16509225964546204
  ],
  "key_estimation": {
    "key": "C_minor",
    "confidence": -0.13329788428793046
  },
  "tonal_complexity": 0.0982053130865097
}