{
  "meta": {
    "path": "../../data/raw/MIREX-like_mood/dataset/Audio/481.mp3",
    "file_hash": "a09163333d135f58488105f7384db923cf2baa69",
    "duration_sec": 29.675102040816327,
    "sample_rate": 22050,
    "analysis_timestamp": "2025-10-24T20:12:52.671177",
    "config": {
      "sr": 22050,
      "n_fft": 2048,
      "hop_length": 512,
      "n_mels": 128,
      "n_mfcc": 13,
      "n_chroma": 12,
      "frame_length": 2048,
      "workers": 4,
      "use_crepe": false,
      "save_matrices": false,
      "save_plots": true,
      "force": true,
      "quick": false,
      "verbose": false
    },
    "processing_time_sec": 2.6066222190856934
  },
  "acoustic": {
    "mfcc_mean": [
      -92.86546325683594,
      121.3499526977539,
      -5.55355978012085,
      16.67987632751465,
      12.15672779083252,
      -8.641274452209473,
      -0.3110019564628601,
      3.5535356998443604,
      -6.168287754058838,
      0.23668766021728516,
      0.4045426845550537,
      7.042481422424316,
      2.5327117443084717
    ],
    "mfcc_std": [
      56.209468841552734,
      22.44257926940918,
      10.589743614196777,
      9.04118537902832,
      11.699295043945312,
      8.0083646774292,
      8.962574005126953,
      7.547166347503662,
      6.846580982208252,
      6.471240997314453,
      6.986154079437256,
      6.832159996032715,
      6.698944091796875
    ],
    "spectral_centroid_mean": 1766.2738809428317,
    "spectral_centroid_std": 472.2858936535896,
    "spectral_bandwidth_mean": 2209.4022955007626,
    "spectral_bandwidth_std": 355.14301564034196,
    "spectral_rolloff_mean": 3541.370115660428,
    "spectral_rolloff_std": 1339.8903331666309,
    "spectral_flux_mean": 2251.8896484375,
    "spectral_flux_std": 1991.5908203125,
    "spectral_flatness_mean": 0.010261481627821922,
    "spectral_flatness_std": 0.03137696906924248,
    "spectral_slope_mean": -0.00040908056491185875,
    "spectral_spread_mean": 2209.4022935735584,
    "spectral_skewness_mean": 2.182514587105897,
    "spectral_kurtosis_mean": 7.992980485600559
  },
  "rhythm": {
    "tempo_bpm": 99.38401442307692,
    "tempo_confidence": 0.9626663751688086,
    "beat_positions": [
      0.16253968253968254,
      0.7662585034013606,
      1.3699773242630386,
      1.9736961451247166,
      2.5774149659863945,
      3.1579138321995464,
      3.7848526077097504,
      4.388571428571429,
      5.015510204081632,
      5.712108843537415,
      6.3854875283446715,
      6.989206349206349,
      7.616145124716553,
      8.219863945578231,
      8.916462585034013,
      9.613061224489796,
      10.216780045351474,
      10.820498866213152,
      11.42421768707483,
      12.027936507936507,
      12.60843537414966,
      13.212154195011339,
      13.815873015873017,
      14.419591836734694,
      15.023310657596372,
      15.62702947845805,
      16.253968253968253,
      16.92734693877551,
      17.600725623582765,
      18.204444444444444,
      18.784943310657596,
      19.388662131519276,
      19.99238095238095,
      20.572879818594103,
      21.176598639455783,
      21.78031746031746,
      22.360816326530614,
      22.96453514739229,
      23.591473922902495,
      24.19519274376417,
      24.86857142857143,
      25.541950113378686,
      26.145668934240362,
      26.656507936507936,
      27.16734693877551,
      27.74784580498866,
      28.374784580498865,
      28.955283446712016
    ],
    "onset_times": [
      0.13931972789115646,
      0.3250793650793651,
      0.5572789115646258,
      0.7430385487528345,
      0.9520181405895691,
      1.1609977324263039,
      1.3467573696145125,
      1.5789569160997732,
      1.7647165532879818,
      1.9736961451247166,
      2.020136054421769,
      2.159455782312925,
      2.36843537414966,
      2.5774149659863945,
      2.7631746031746034,
      2.972154195011338,
      3.1346938775510202,
      3.297233560090703,
      3.3901133786848074,
      3.7616326530612243,
      3.9938321995464854,
      4.20281179138322,
      4.388571428571429,
      4.574331065759637,
      4.783310657596372,
      4.992290249433107,
      5.178049886621316,
      5.363809523809524,
      5.596009070294785,
      5.804988662131519,
      5.9675283446712015,
      6.199727891156463,
      6.3854875283446715,
      6.594467120181406,
      6.989206349206349,
      7.174965986394557,
      7.4071655328798185,
      7.592925170068027,
      7.778684807256236,
      7.987664399092971,
      8.196643990929704,
      8.40562358276644,
      8.591383219954649,
      8.800362811791382,
      9.009342403628118,
      9.218321995464853,
      9.404081632653062,
      9.58984126984127,
      9.822040816326531,
      10.216780045351474,
      10.402539682539683,
      10.611519274376418,
      10.820498866213152,
      11.029478458049887,
      11.19201814058957,
      11.42421768707483,
      11.795736961451247,
      12.004716553287983,
      12.213696145124716,
      12.399455782312925,
      12.60843537414966,
      12.794195011337868,
      13.003174603174603,
      13.212154195011339,
      13.397913832199546,
      13.606893424036281,
      13.815873015873017,
      14.001632653061224,
      14.187392290249432,
      14.396371882086168,
      14.628571428571428,
      14.814331065759637,
      15.000090702947846,
      15.185850340136055,
      15.418049886621315,
      15.603809523809524,
      15.789569160997733,
      15.998548752834466,
      16.207528344671204,
      16.602267573696146,
      16.788027210884355,
      17.020226757369613,
      17.205986394557822,
      17.39174603174603,
      17.57750566893424,
      17.809705215419502,
      17.99546485260771,
      18.18122448979592,
      18.36698412698413,
      18.784943310657596,
      18.99392290249433,
      19.17968253968254,
      19.388662131519276,
      19.435102040816325,
      19.59764172335601,
      19.783401360544218,
      19.99238095238095,
      20.17814058956916,
      20.387120181405894,
      20.572879818594103,
      20.78185941043084,
      20.96761904761905,
      21.36235827664399,
      21.571337868480725,
      21.757097505668934,
      21.966077097505668,
      22.360816326530614,
      22.569795918367348,
      22.941315192743765,
      23.173514739229024,
      23.38249433106576,
      23.56825396825397,
      23.754013605442175,
      23.962993197278912,
      24.171972789115646,
      24.357732426303855,
      24.543492063492064,
      24.752471655328797,
      24.961451247165535,
      25.170430839002268,
      25.518730158730158,
      25.75092970521542,
      26.122448979591837,
      26.33142857142857,
      26.563628117913833,
      26.749387755102042,
      27.144126984126984,
      27.329886621315193,
      27.538866213151927,
      27.74784580498866,
      27.93360544217687,
      28.16580498866213,
      28.35156462585034,
      28.560544217687074,
      28.746303854875283,
      28.955283446712016,
      29.326802721088434,
      29.53578231292517
    ],
    "rhythm_regularity": 0.9366948325587406,
    "syncopation_index": 0.6376811594202898,
    "beat_count": 48,
    "onset_count": 138
  },
  "harmony": {
    "chroma_mean": [
      0.32763010263442993,
      0.5202828049659729,
      0.3170787990093231,
      0.4771132469177246,
      0.3914044201374054,
      0.2956330180168152,
      0.4890907406806946,
      0.2637954652309418,
      0.5415768623352051,
      0.2708858251571655,
      0.3376466929912567,
      0.446074903011322
    ],
    "chroma_std": [
      0.13949403166770935,
      0.2891315817832947,
      0.11874990910291672,
      0.23119056224822998,
      0.3136447072029114,
      0.12406770139932632,
      0.29272863268852234,
      0.1111002191901207,
      0.2779470980167389,
      0.11731889098882675,
      0.1856987625360489,
      0.3187735080718994
    ],
    "key_estimation": {
      "key": "C_minor",
      "confidence": -0.16358583476215427
    },
    "tonal_complexity": 0.0963812842965126
  },