{
  "tempo_bpm": 123.046875,
  "tempo_confidence": 0.970492537261867,
  "beat_positions": [
    0.6733786848072563,
    1.253877551020408,
    1.6950566893424037,
    2.159455782312925,
    2.670294784580499,
    3.111473922902494,
    3.5062131519274375,
    3.9938321995464854,
    4.481451247165533,
    4.9458503401360545,
    5.363809523809524,
    5.851428571428571,
    6.339047619047619,
    6.8034467120181406,
    7.314285714285714,
    7.848344671201814,
    8.359183673469389,
    8.777142857142858,
    9.264761904761905,
    9.729160997732427,
    10.170340136054422,
    10.65795918367347,
    11.099138321995465,
    11.586757369614512,
    12.07437641723356,
    12.538775510204081,
    12.979954648526077,
    13.397913832199546,
    13.839092970521541,
    14.32671201814059,
    14.79111111111111,
    15.301950113378684,
    15.789569160997733,
    16.253968253968253,
    16.741587301587302,
    17.22920634920635,
    17.716825396825396,
    18.204444444444444,
    18.692063492063493,
    19.156462585034014,
    19.620861678004534,
    20.085260770975058,
    20.54965986394558,
    21.0140589569161,
    21.478458049886623,
    21.942857142857143,
    22.407256235827663,
    22.871655328798187,
    23.38249433106576,
    23.800453514739228,
    24.288072562358277,
    24.79891156462585,
    25.26331065759637,
    25.704489795918366,
    26.192108843537415,
    26.656507936507936,
    27.09768707482993,
    27.538866213151927,
    28.003265306122447,
    28.490884353741496,
    28.955283446712016,
    29.41968253968254,
    29.860861678004536,
    30.34848072562358,
    30.812879818594105,
    31.277278911564625,
    31.741678004535146,
    32.15963718820862,
    32.60081632653061,
    33.08843537414966,
    33.57605442176871,
    34.06367346938776,
    34.57451247165533,
    35.10857142857143,
    35.57297052154195,
    36.014149659863946,
    36.47854875283447,
    36.91972789115646,
    37.430566893424036,
    37.94140589569161,
    38.42902494331066,
    38.91664399092971,
    39.404263038548756,
    39.8918820861678,
    40.379501133786846,
    40.867120181405895,
    41.35473922902494,
    41.84235827664399,
    42.30675736961451,
    42.77115646258503,
    43.23555555555556,
    43.699954648526074,
    44.1643537414966,
    44.62875283446712,
    45.09315192743764,
    45.55755102040816,
    45.97551020408163,
    46.46312925170068,
    46.95074829931973,
    47.41514739229025,
    47.85632653061224,
    48.34394557823129,
    48.78512471655329,
    49.27274376417233,
    49.66748299319728,
    50.108662131519274,
    50.59628117913832,
    51.08390022675737,
    51.57151927437642,
    52.082358276643994,
    52.63963718820862,
    53.127256235827666,
    53.56843537414966,
    54.03283446712018,
    54.497233560090706,
    54.9384126984127,
    55.40281179138322,
    55.89043083900227,
    56.37804988662131,
    56.842448979591836,
    57.2604081632653,
    57.72480725623583,
    58.18920634920635,
    58.63038548752834,
    59.09478458049887,
    59.60562358276644,
    60.13968253968254,
    60.65052154195011,
    61.161360544217686,
    61.67219954648526,
    62.18303854875283,
    62.69387755102041,
    63.20471655328798,
    63.715555555555554,
    64.2031746031746,
    64.69079365079365,
    65.1784126984127,
    65.66603174603175,
    66.1536507936508,
    66.64126984126985,
    67.1288888888889,
    67.68616780045352,
    68.10412698412698,
    68.63818594104309,
    69.1025850340136,
    69.56698412698412,
    70.00816326530612,
    70.47256235827665,
    70.93696145124717,
    71.42458049886622,
    71.84253968253968,
    72.33015873015873,
    72.79455782312925,
    73.23573696145125,
    73.79301587301588,
    74.30385487528345,
    74.81469387755102,
    75.27909297052155,
    75.72027210884353,
    76.18467120181406,
    76.62585034013605,
    77.1134693877551,
    77.57786848072563,
    78.06548752834468,
    78.55310657596372,
    79.01750566893423,
    79.45868480725623,
    79.9695238095238,
    80.48036281179138,
    80.96798185941043,
    81.45560090702948,
    81.96643990929705,
    82.4540589569161
  ],