{
  "chroma_mean": [
    0.5609921216964722,
    0.4020805358886719,
    0.5620214939117432,
    0.3890520930290222,
    0.45771822333335876,
    0.4535181224346161,
    0.3741973042488098,
    0.47919365763664246,
    0.39480704069137573,
    0.4929000437259674,
    0.4142245650291443,
    0.40986040234565735
  ],
  "chroma_std": [
    0.3062261939048767,
    0.14593380689620972,
    0.30275577306747437,
    0.15356509387493134,
    0.2086416631937027,
    0.27830517292022705,
    0.18636266887187958,
    0.24678879976272583,
    0.18855054676532745,
    0.25968465209007263,
    0.2571653425693512,
    0.21453739702701569
  ],
  "key_estimation": {
    "key": "C_major",
    "confidence": 0.7674511013138695
  },
  "tonal_complexity": 0.06145430728793144
}