{
  "meta": {
    "path": "../../data/raw/MIREX-like_mood/dataset/Audio/641.mp3",
    "file_hash": "00c4dc2befff271c4ee983aae8766ebbced9f8de",
    "duration_sec": 29.95374149659864,
    "sample_rate": 22050,
    "analysis_timestamp": "2025-10-24T20:06:52.118226",
    "config": {
      "sr": 22050,
      "n_fft": 2048,
      "hop_length": 512,
      "n_mels": 128,
      "n_mfcc": 13,
      "n_chroma": 12,
      "frame_length": 2048,
      "workers": 4,
      "use_crepe": false,
      "save_matrices": false,
      "save_plots": true,
      "force": true,
      "quick": false,
      "verbose": false
    },
    "processing_time_sec": 3.4831995964050293
  },
  "acoustic": {
    "mfcc_mean": [
      -74.07196044921875,
      98.77201843261719,
      -19.786731719970703,
      42.06297302246094,
      -1.838119626045227,
      12.195574760437012,
      3.401078939437866,
      0.04750443994998932,
      0.3363572359085083,
      3.77280592918396,
      -10.585579872131348,
      1.7408803701400757,
      -6.9909138679504395
    ],
    "mfcc_std": [
      69.56432342529297,
      32.05171585083008,
      20.909564971923828,
      16.760848999023438,
      12.655984878540039,
      13.172887802124023,
      10.63907527923584,
      9.883792877197266,
      8.818511962890625,
      8.564191818237305,
      9.851259231567383,
      8.640213012695312,
      7.487092018127441
    ],
    "spectral_centroid_mean": 2226.3265653925027,
    "spectral_centroid_std": 694.487644549477,
    "spectral_bandwidth_mean": 2167.6775029070773,
    "spectral_bandwidth_std": 384.1327428730316,
    "spectral_rolloff_mean": 4450.8930705666635,
    "spectral_rolloff_std": 1192.9784834960203,
    "spectral_flux_mean": 4366.2109375,
    "spectral_flux_std": 3689.191650390625,
    "spectral_flatness_mean": 0.015704749152064323,
    "spectral_flatness_std": 0.03759589418768883,
    "spectral_slope_mean": -0.0005222578682403394,
    "spectral_spread_mean": 2167.6775031489115,
    "spectral_skewness_mean": 1.360111785158557,
    "spectral_kurtosis_mean": 4.898573369640022
  },
  "rhythm": {
    "tempo_bpm": 123.046875,
    "tempo_confidence": 0.9776928632867308,
    "beat_positions": [
      0.5340589569160997,
      1.0216780045351475,
      1.5325170068027212,
      2.020136054421769,
      2.507755102040816,
      3.01859410430839,
      3.5062131519274375,
      3.9938321995464854,
      4.504671201814059,
      4.992290249433107,
      5.479909297052155,
      5.990748299319728,
      6.478367346938776,
      6.989206349206349,
      7.500045351473923,
      7.964444444444444,
      8.40562358276644,
      8.870022675736962,
      9.334421768707482,
      9.798820861678005,
      10.263219954648527,
      10.727619047619047,
      11.215238095238096,
      11.72607709750567,
      12.26013605442177,
      12.72453514739229,
      13.25859410430839,
      13.746213151927437,
      14.233832199546486,
      14.721451247165533,
      15.209070294784581,
      15.74312925170068,
      16.23074829931973,
      16.671927437641724,
      17.08988662131519,
      17.531065759637187,
      18.018684807256236,
      18.506303854875284,
      18.99392290249433,
      19.504761904761907,
      19.99238095238095,
      20.48,
      20.94439909297052,
      21.43201814058957,
      21.91963718820862,
      22.430476190476192,
      22.918095238095237,
      23.42893424036281,
      23.939773242630384,
      24.427392290249433,
      24.91501133786848,
      25.402630385487527,
      25.913469387755104,
      26.40108843537415,
      26.865487528344673,
      27.376326530612246,
      27.86394557823129,
      28.35156462585034,
      28.81596371882086
    ],
    "onset_times": [
      0.13931972789115646,
      0.23219954648526078,
      0.5108390022675737,
      0.7894784580498866,
      1.0216780045351475,
      1.2770975056689342,
      1.509297052154195,
      1.7647165532879818,
      1.9040362811791383,
      1.9969160997732427,
      2.2523356009070294,
      2.391655328798186,
      2.507755102040816,
      2.716734693877551,
      2.7631746031746034,
      2.995374149659864,
      3.2275736961451247,
      3.4829931972789114,
      3.7616326530612243,
      3.9938321995464854,
      4.2260317460317465,
      4.481451247165533,
      4.760090702947846,
      4.96907029478458,
      5.456689342403628,
      5.758548752834467,
      5.9675283446712015,
      6.246167800453515,
      6.478367346938776,
      6.989206349206349,
      7.500045351473923,
      7.964444444444444,
      8.219863945578231,
      8.312743764172335,
      8.475283446712018,
      8.730702947845804,
      8.962902494331066,
      9.311201814058958,
      9.520181405895691,
      9.891700680272109,
      10.263219954648527,
      10.704399092970522,
      11.19201814058957,
      11.354557823129252,
      11.493877551020407,
      11.702857142857143,
      11.818956916099774,
      11.981496598639456,
      12.236916099773243,
      12.701315192743763,
      12.979954648526077,
      13.142494331065759,
      13.25859410430839,
      13.514013605442177,
      13.56045351473923,
      13.978412698412699,
      14.233832199546486,
      14.698231292517006,
      15.209070294784581,
      15.487709750566893,
      15.74312925170068,
      16.23074829931973,
      16.671927437641724,
      16.92734693877551,
      17.252426303854875,
      17.322086167800453,
      17.507845804988662,
      18.018684807256236,
      18.250884353741498,
      18.506303854875284,
      18.715283446712018,
      18.970702947845805,
      19.22612244897959,
      19.504761904761907,
      19.644081632653062,
      19.736961451247165,
      19.969160997732427,
      20.201360544217685,
      20.456780045351476,
      20.688979591836734,
      20.921179138321996,
      21.060498866213152,
      21.43201814058957,
      21.687437641723356,
      21.91963718820862,
      22.175056689342405,
      22.221496598639455,
      22.407256235827663,
      22.50013605442177,
      22.66267573696145,
      22.918095238095237,
      23.173514739229024,
      23.45215419501134,
      23.661133786848072,
      23.91655328798186,
      24.171972789115646,
      24.404172335600908,
      24.659591836734695,
      24.91501133786848,
      25.14721088435374,
      25.402630385487527,
      25.890249433106575,
      26.16888888888889,
      26.377868480725624,
      26.63328798185941,
      26.865487528344673,
      27.09768707482993,
      27.376326530612246,
      27.608526077097505,
      27.86394557823129,
      28.096145124716553,
      28.35156462585034,
      28.46766439909297,
      28.53732426303855,
      28.583764172335602,
      28.792743764172336,
      29.048163265306123,
      29.350022675736962,
      29.559002267573696,
      29.791201814058958
    ],
    "rhythm_regularity": 0.9532091729104265,
    "syncopation_index": 0.5,
    "beat_count": 59,
    "onset_count": 120
  },
  "harmony": {
    "chroma_mean": [
      0.44255316257476807,
      0.28463470935821533,
      0.4808255434036255,
      0.2605944871902466,
      0.32247886061668396,
      0.34931522607803345,
      0.29241225123405457,
      0.6392324566841125,
      0.37782397866249084,
      0.57429039478302,
      0.5281487703323364,
      0.3402693271636963
    ],
    "chroma_std": [
      0.2882784903049469,
      0.17051512002944946,
      0.2677278518676758,
      0.14059790968894958,
      0.2062350958585739,
      0.19368876516819,
      0.15998978912830353,
      0.3294995129108429,
      0.19455862045288086,
      0.33045345544815063,
      0.28418076038360596,
      0.15758875012397766
    ],
    "key_estimation": {
      "key": "C_major",
      "confidence": 0.43243723526756955
    },
    "tonal_complexity": 0.11853863298892975
  },
  "quality": {
    "snr_db": 34.26881219996484,
    "dynamic_range_db": 17.96615055456767,
    "rms_energy": 0.16781076788902283,
    "zero_crossing_rate": 0.11632667263749032
  },
  "lyrics": {
    "word_count": 249,
    "unique_word_count": 147,