{
  "mfcc_mean": [
    -124.75550079345703,
    142.12649536132812,
    6.9347405433654785,
    18.835702896118164,
    22.287879943847656,
    4.001792907714844,
    1.7762690782546997,
    6.641664028167725,
    -1.2985141277313232,
    9.551855087280273,
    -0.1277884840965271,
    8.027755737304688,
    5.8826422691345215
  ],
  "mfcc_std": [
    67.29923248291016,
    33.756996154785156,
    18.6748046875,
    10.403847694396973,
    12.286474227905273,
    10.2792387008667,
    9.103309631347656,
    7.529796123504639,
    7.955796241760254,
    8.136571884155273,
    7.025128364562988,
    6.285639762878418,
    6.292862415313721
  ],
  "spectral_centroid_mean": 1366.340375602748,
  "spectral_centroid_std": 705.1852013477455,
  "spectral_bandwidth_mean": 1960.9271693923179,
  "spectral_bandwidth_std": 549.5612715568512,
  "spectral_rolloff_mean": 2755.1304081252442,
  "spectral_rolloff_std": 1849.5748259587888,
  "spectral_flux_mean": 4586.623046875,
  "spectral_flux_std": 7162.146484375,
  "spectral_flatness_mean": 0.005975352134555578,
  "spectral_flatness_std": 0.03036605753004551,
  "spectral_slope_mean": -0.0004257977700737791,
  "spectral_spread_mean": 1960.9271684440153,
  "spectral_skewness_mean": 2.785458440801314,
  "spectral_kurtosis_mean": 12.391516279465085
}