{
  "meta": {
    "path": "../../data/raw/MIREX-like_mood/dataset/Audio/352.mp3",
    "file_hash": "5ea0c719804acf41d2b3c1e542cd7a34bbfd451f",
    "duration_sec": 29.675102040816327,
    "sample_rate": 22050,
    "analysis_timestamp": "2025-10-24T20:09:14.480048",
    "config": {
      "sr": 22050,
      "n_fft": 2048,
      "hop_length": 512,
      "n_mels": 128,
      "n_mfcc": 13,
      "n_chroma": 12,
      "frame_length": 2048,
      "workers": 4,
      "use_crepe": false,
      "save_matrices": false,
      "save_plots": true,
      "force": true,
      "quick": false,
      "verbose": false
    },
    "processing_time_sec": 3.046029567718506
  },
  "acoustic": {
    "mfcc_mean": [
      -124.75550079345703,
      142.12649536132812,
      6.9347405433654785,
      18.835702896118164,
      22.287879943847656,
      4.001792907714844,
      1.7762690782546997,
      6.641664028167725,
      -1.2985141277313232,
      9.551855087280273,
      -0.1277884840965271,
      8.027755737304688,
      5.8826422691345215
    ],
    "mfcc_std": [
      67.29923248291016,
      33.756996154785156,
      18.6748046875,
      10.403847694396973,
      12.286474227905273,
      10.2792387008667,
      9.103309631347656,
      7.529796123504639,
      7.955796241760254,
      8.136571884155273,
      7.025128364562988,
      6.285639762878418,
      6.292862415313721
    ],
    "spectral_centroid_mean": 1366.340375602748,
    "spectral_centroid_std": 705.1852013477455,
    "spectral_bandwidth_mean": 1960.9271693923179,
    "spectral_bandwidth_std": 549.5612715568512,
    "spectral_rolloff_mean": 2755.1304081252442,
    "spectral_rolloff_std": 1849.5748259587888,
    "spectral_flux_mean": 4586.623046875,
    "spectral_flux_std": 7162.146484375,
    "spectral_flatness_mean": 0.005975352134555578,
    "spectral_flatness_std": 0.03036605753004551,
    "spectral_slope_mean": -0.0004257977700737791,
    "spectral_spread_mean": 1960.9271684440153,
    "spectral_skewness_mean": 2.785458440801314,
    "spectral_kurtosis_mean": 12.391516279465085
  },
  "rhythm": {
    "tempo_bpm": 184.5703125,
    "tempo_confidence": 0.9857188081281403,
    "beat_positions": [
      0.9752380952380952,
      1.3003174603174603,
      1.6253968253968254,
      1.9969160997732427,
      2.345215419501134,
      2.693514739229025,
      3.0418140589569163,
      3.3668934240362813,
      3.6919727891156464,
      4.040272108843538,
      4.388571428571429,
      4.73687074829932,
      5.085170068027211,
      5.410249433106576,
      5.758548752834467,
      6.0836281179138325,
      6.408707482993197,
      6.733786848072563,
      7.082086167800454,
      7.430385487528345,
      7.75546485260771,
      8.103764172335602,
      8.452063492063493,
      8.777142857142858,
      9.102222222222222,
      9.427301587301587,
      9.775600907029478,
      10.100680272108843,
      10.448979591836734,
      10.7740589569161,
      11.122358276643991,
      11.447437641723356,
      11.77251700680272,
      12.097596371882085,
      12.445895691609977,
      12.770975056689343,
      13.096054421768708,
      13.444353741496599,
      13.79265306122449,
      14.117732426303855,
      14.419591836734694,
      14.744671201814059,
      15.09297052154195,
      15.418049886621315,
      15.766349206349206,
      16.091428571428573,
      16.416507936507937,
      16.741587301587302,
      17.066666666666666,
      17.39174603174603,
      17.716825396825396,
      18.06512471655329,
      18.390204081632653,
      18.738503401360543,
      19.06358276643991,
      19.388662131519276,
      19.71374149659864,
      20.01560090702948,
      20.340680272108845,
      20.688979591836734,
      21.037278911564627,
      21.36235827664399,
      21.66421768707483,
      22.01251700680272,
      22.337596371882086,
      22.639455782312925,
      22.96453514739229,
      23.289614512471655,
      23.61469387755102,
      23.962993197278912,
      24.288072562358277,
      24.61315192743764,
      24.938231292517006,
      25.21687074829932,
      25.541950113378686,
      25.890249433106575,
      26.21532879818594,
      26.540408163265305,
      26.865487528344673,
      27.190566893424037,
      27.515646258503402,
      27.840725623582767,
      28.16580498866213,
      28.490884353741496,
      28.81596371882086
    ],
    "onset_times": [
      0.13931972789115646,
      0.2786394557823129,
      0.7430385487528345,
      0.9520181405895691,
      1.1609977324263039,
      1.3003174603174603,
      1.6021768707482993,
      2.3219954648526078,
      2.670294784580499,
      3.0418140589569163,
      3.3668934240362813,
      3.5526530612244898,
      3.6919727891156464,
      4.73687074829932,
      5.061950113378685,
      5.38702947845805,
      5.758548752834467,
      5.944308390022676,
      6.0836281179138325,
      6.199727891156463,
      6.3854875283446715,
      6.733786848072563,
      7.058866213151927,
      7.732244897959184,
      8.103764172335602,
      8.452063492063493,
      8.777142857142858,
      9.079002267573696,
      9.334421768707482,
      9.613061224489796,
      9.775600907029478,
      9.984580498866213,
      10.425759637188209,
      10.7740589569161,
      11.447437641723356,
      11.77251700680272,
      12.07437641723356,
      12.445895691609977,
      12.770975056689343,
      13.072834467120181,
      13.421133786848072,
      13.79265306122449,
      14.117732426303855,
      14.396371882086168,
      14.44281179138322,
      14.721451247165533,
      14.953650793650795,
      15.32517006802721,
      15.487709750566893,
      15.74312925170068,
      16.091428571428573,
      16.416507936507937,
      16.741587301587302,
      16.880907029478458,
      17.04344671201814,
      17.39174603174603,
      17.716825396825396,
      18.088344671201813,
      18.36698412698413,
      18.738503401360543,
      19.06358276643991,
      19.4118820861678,
      19.690521541950112,
      19.99238095238095,
      20.340680272108845,
      21.0140589569161,
      21.36235827664399,
      21.640997732426303,
      21.989297052154196,
      22.31437641723356,
      22.6162358276644,
      22.96453514739229,
      23.289614512471655,
      23.591473922902495,
      23.939773242630384,
      24.288072562358277,
      24.404172335600908,
      24.61315192743764,
      24.91501133786848,
      25.193650793650793,
      25.518730158730158,
      26.192108843537415,
      26.354648526077096,
      26.563628117913833,
      27.190566893424037,
      27.329886621315193,
      27.492426303854874,
      27.74784580498866,
      27.840725623582767,
      28.142585034013607,
      28.81596371882086,
      29.141043083900225
    ],
    "rhythm_regularity": 0.956287046934517,
    "syncopation_index": 0.16304347826086957,
    "beat_count": 85,
    "onset_count": 92
  },
  "harmony": {
    "chroma_mean": [
      0.2531816363334656,
      0.3966015875339508,
      0.6567800641059875,
      0.5269818902015686,
      0.4952917993068695,
      0.2207154631614685,
      0.23870983719825745,
      0.2572641372680664,
      0.28077930212020874,
      0.5977400541305542,
      0.26623451709747314,
      0.2908726632595062
    ],
    "chroma_std": [
      0.13774746656417847,
      0.16972430050373077,
      0.30601832270622253,
      0.20304152369499207,
      0.33089780807495117,
      0.13113456964492798,
      0.135969340801239,
      0.20559941232204437,
      0.17303752899169922,
      0.32186660170555115,
      0.18909785151481628,
      0.22198504209518433
    ],
    "key_estimation": {
      "key": "C_major",
      "confidence": -0.12631231157839462
    },
    "tonal_complexity": 0.14885221421718597
  },
  "quality": {
    "snr_db": 33.44797625177763,
    "dynamic_range_db": 16.042162072947356,
    "rms_energy": 0.2082432359457016,
    "zero_crossing_rate": 0.0439453125
  },
  "lyrics": {
    "word_count": 198,
    "unique_word_count": 132,
    "sentence_count": 3,