{
  "tempo_bpm": 95.703125,
  "tempo_confidence": 0.9765860833327259,
  "beat_positions": [
    0.18575963718820862,
    0.8823582766439909,
    1.555736961451247,
    2.2523356009070294,
    2.9257142857142857,
    3.5526530612244898,
    4.179591836734694,
    4.806530612244898,
    5.433469387755102,
    6.0836281179138325,
    6.6873469387755105,
    7.314285714285714,
    7.9412244897959186,
    8.568163265306122,
    9.218321995464853,
    9.868480725623582,
    10.518639455782314,
    11.168798185941043,
    11.795736961451247,
    12.469115646258503,
    13.119274376417234,
    13.746213151927437,
    14.396371882086168,
    15.046530612244897,
    15.673469387755102,
    16.27718820861678,
    16.92734693877551,
    17.531065759637187,
    18.15800453514739,
    18.76172335600907,
    19.388662131519276,
    20.01560090702948,
    20.66575963718821,
    21.292698412698414,
    21.966077097505668,
    22.6162358276644,
    23.219954648526077,
    23.84689342403628,
    24.473832199546486,
    25.077551020408162,
    25.704489795918366,
    26.308208616780046,
    26.9815873015873,
    27.608526077097505,
    28.23546485260771
  ],
  "onset_times": [
    0.13931972789115646,
    0.37151927437641724,
    0.7198185941043084,
    0.9984580498866213,
    1.3235374149659864,
    1.5325170068027212,
    1.6718367346938776,
    1.9504761904761905,
    2.2523356009070294,
    2.5774149659863945,
    2.9024943310657596,
    3.2275736961451247,
    3.5294331065759637,
    3.8312925170068026,
    4.179591836734694,
    4.342131519274377,
    4.458231292517007,
    4.806530612244898,
    5.131609977324263,
    5.410249433106576,
    5.596009070294785,
    5.758548752834467,
    6.060408163265306,
    6.3854875283446715,
    6.664126984126984,
    6.989206349206349,
    7.291065759637188,
    7.592925170068027,
    7.918004535147392,
    8.243083900226758,
    8.428843537414966,
    8.568163265306122,
    8.893242630385487,
    9.079002267573696,
    9.195102040816327,
    9.496961451247165,
    9.845260770975056,
    10.147120181405896,
    10.518639455782314,
    10.65795918367347,
    10.843718820861678,
    11.122358276643991,
    11.168798185941043,
    11.42421768707483,
    11.749297052154194,
    12.144036281179138,
    12.422675736961452,
    12.469115646258503,
    12.538775510204081,
    13.119274376417234,
    13.25859410430839,
    13.397913832199546,
    13.746213151927437,
    14.071292517006803,
    14.187392290249432,
    14.373151927437641,
    14.698231292517006,
    15.023310657596372,
    15.32517006802721,
    15.673469387755102,
    15.975328798185942,
    16.27718820861678,
    16.602267573696146,
    16.764807256235827,
    16.904126984126986,
    17.08988662131519,
    17.205986394557822,
    17.531065759637187,
    17.69360544217687,
    17.809705215419502,
    17.99546485260771,
    18.134784580498867,
    18.45986394557823,
    18.738503401360543,
    18.901043083900227,
    19.017142857142858,
    19.71374149659864,
    19.99238095238095,
    20.29424036281179,
    20.96761904761905,
    21.106938775510205,
    21.292698412698414,
    21.59455782312925,
    21.803537414965987,
    21.966077097505668,
    22.151836734693877,
    22.267936507936508,
    22.47691609977324,
    22.593015873015872,
    22.639455782312925,
    22.871655328798187,
    22.941315192743765,
    23.034195011337868,
    23.196734693877552,
    23.54503401360544,
    23.823673469387757,
    24.14875283446712,
    24.450612244897957,
    24.752471655328797,
    25.054331065759637,
    25.379410430839002,
    25.56517006802721,
    25.68126984126984,
    26.02956916099773,
    26.122448979591837,
    26.284988662131518,
    26.540408163265305,
    26.70294784580499,
    26.9815873015873,
    27.12090702947846,
    27.28344671201814,
    27.515646258503402,
    27.794285714285714,
    27.93360544217687,
    28.23546485260771,
    28.53732426303855,
    28.81596371882086,
    28.862403628117914,
    29.1178231292517,
    29.489342403628118,
    29.53578231292517
  ],
  "rhythm_regularity": 0.9623913354582766,
  "syncopation_index": 0.6198347107438017,
  "beat_count": 45,
  "onset_count": 121
}