{
  "chroma_mean": [
    0.19971860945224762,
    0.27395039796829224,
    0.3420761227607727,
    0.23387791216373444,
    0.5890613794326782,
    0.32586273550987244,
    0.2418273240327835,
    0.29283082485198975,
    0.23614627122879028,
    0.697999119758606,
    0.37516888976097107,
    0.3547546863555908
  ],
  "chroma_std": [
    0.14687968790531158,
    0.1980961561203003,
    0.2754274308681488,
    0.14037583768367767,
    0.320864737033844,
    0.15952153503894806,
    0.19505058228969574,
    0.2592471241950989,
    0.1376931369304657,
    0.32960259914398193,
    0.17756503820419312,
    0.29570746421813965
  ],
  "key_estimation": {
    "key": "C_major",
    "confidence": 0.07225716243362018
  },
  "tonal_complexity": 0.1441143900156021
}