,precision,recall,f1-score,support
Cluster 1,1.0,1.0,1.0,34.0
Cluster 2,1.0,1.0,1.0,33.0
Cluster 3,1.0,1.0,1.0,43.0
Cluster 4,0.9743589743589743,1.0,0.987012987012987,38.0
Cluster 5,1.0,0.9696969696969697,0.9846153846153847,33.0
accuracy,0.994475138121547,0.994475138121547,0.994475138121547,0.994475138121547
macro avg,0.9948717948717949,0.9939393939393939,0.9943256743256743,181.0
weighted avg,0.9946168012466354,0.994475138121547,0.9944685149105039,181.0
