{
  "mfcc_mean": [
    -26.02373695373535,
    96.09860229492188,
    -44.05280303955078,
    49.28123474121094,
    -9.524847030639648,
    9.873760223388672,
    -6.93463134765625,
    14.010733604431152,
    -3.77827525138855,
    7.282690525054932,
    -5.264985084533691,
    7.904793739318848,
    -3.5213723182678223
  ],
  "mfcc_std": [
    57.12232208251953,
    15.110289573669434,
    14.712165832519531,
    11.894651412963867,
    9.429383277893066,
    6.695166110992432,
    7.061850547790527,
    7.142205238342285,
    6.283464431762695,
    6.933210372924805,
    5.923953056335449,
    6.8540496826171875,
    6.25794792175293
  ],
  "spectral_centroid_mean": 2305.1531299553253,
  "spectral_centroid_std": 237.65145894194686,
  "spectral_bandwidth_mean": 1927.6287841492258,
  "spectral_bandwidth_std": 209.23023955560544,
  "spectral_rolloff_mean": 4198.612069150107,
  "spectral_rolloff_std": 528.4781151593248,
  "spectral_flux_mean": 8391.4560546875,
  "spectral_flux_std": 5433.2978515625,
  "spectral_flatness_mean": 0.00921337679028511,
  "spectral_flatness_std": 0.02912534773349762,
  "spectral_slope_mean": -0.0006674252019630061,
  "spectral_spread_mean": 1927.628784140877,
  "spectral_skewness_mean": 1.1479076581050116,
  "spectral_kurtosis_mean": 4.398657856178579
}