{
  "snr_db": 32.914719369310994,
  "dynamic_range_db": 15.367936771451012,
  "rms_energy": 0.21776790916919708,
  "zero_crossing_rate": 0.16520195037196556
}