{
  "tempo_bpm": 67.99958881578948,
  "tempo_confidence": 0.9943279075747178,
  "beat_positions": [
    0.34829931972789113,
    1.230657596371882,
    2.1130158730158732,
    2.995374149659864,
    3.877732426303855,
    4.73687074829932,
    5.61922902494331,
    6.501587301587302,
    7.383945578231293,
    8.266303854875284,
    9.148662131519274,
    10.031020408163265,
    10.913378684807256,
    11.795736961451247,
    12.678095238095239,
    13.56045351473923,
    14.44281179138322,
    15.32517006802721,
    16.207528344671204,
    17.08988662131519,
    17.972244897959182,
    18.854603174603174,
    19.71374149659864,
    20.59609977324263,
    21.478458049886623,
    22.360816326530614,
    23.2431746031746,
    24.125532879818593,
    25.007891156462584,
    25.890249433106575,
    26.772607709750567,
    27.654965986394558
  ],
  "onset_times": [
    0.13931972789115646,
    0.2089795918367347,
    0.3250793650793651,
    0.4179591836734694,
    0.6501587301587302,
    0.8591383219954648,
    1.0913378684807256,
    1.207437641723356,
    1.3235374149659864,
    1.5325170068027212,
    1.7414965986394557,
    1.9736961451247166,
    2.089795918367347,
    2.182675736961451,
    2.414875283446712,
    2.6238548752834467,
    2.8560544217687074,
    2.972154195011338,
    3.0882539682539685,
    3.274013605442177,
    3.5062131519274375,
    3.645532879818594,
    3.7384126984126986,
    3.8545124716553287,
    3.947392290249433,
    4.179591836734694,
    4.388571428571429,
    4.620770975056689,
    4.73687074829932,
    4.85297052154195,
    5.061950113378685,
    5.270929705215419,
    5.61922902494331,
    5.712108843537415,
    5.944308390022676,
    6.15328798185941,
    6.3854875283446715,
    6.501587301587302,
    6.617687074829932,
    6.826666666666667,
    7.035646258503402,
    7.267845804988662,
    7.360725623582766,
    7.476825396825397,
    7.7090249433106575,
    7.918004535147392,
    8.150204081632653,
    8.243083900226758,
    8.382403628117913,
    8.591383219954649,
    8.800362811791382,
    9.125442176870749,
    9.241541950113378,
    9.47374149659864,
    9.682721088435374,
    9.914920634920636,
    10.00780045351474,
    10.147120181405896,
    10.332879818594105,
    10.565079365079365,
    10.797278911564625,
    10.89015873015873,
    11.00625850340136,
    11.23845804988662,
    11.447437641723356,
    11.679637188208616,
    11.77251700680272,
    11.911836734693878,
    12.097596371882085,
    12.329795918367347,
    12.654875283446712,
    12.770975056689343,
    13.003174603174603,
    13.212154195011339,
    13.444353741496599,
    13.537233560090703,
    13.862312925170068,
    14.094512471655328,
    14.32671201814059,
    14.419591836734694,
    14.535691609977324,
    14.744671201814059,
    14.97687074829932,
    15.209070294784581,
    15.301950113378684,
    15.418049886621315,
    15.62702947845805,
    15.85922902494331,
    16.184308390022675,
    16.300408163265306,
    16.50938775510204,
    16.718367346938777,
    16.973786848072564,
    17.066666666666666,
    17.182766439909297,
    17.39174603174603,
    17.600725623582765,
    17.949024943310658,
    18.06512471655329,
    18.274104308390022,
    18.483083900226756,
    18.715283446712018,
    18.83138321995465,
    18.94748299319728,
    19.156462585034014,
    19.365442176870747,
    19.71374149659864,
    19.82984126984127,
    20.038820861678005,
    20.24780045351474,
    20.59609977324263,
    20.712199546485262,
    20.921179138321996,
    21.13015873015873,
    21.478458049886623,
    21.571337868480725,
    21.803537414965987,
    22.01251700680272,
    22.244716553287983,
    22.360816326530614,
    22.47691609977324,
    22.68589569160998,
    22.894875283446712,
    23.219954648526077,
    23.336054421768708,
    23.56825396825397,
    23.777233560090703,
    24.009433106575965,
    24.102312925170068,
    24.241632653061224,
    24.427392290249433,
    24.659591836734695,
    24.891791383219953,
    24.98467120181406,
    25.10077097505669,
    25.33297052154195,
    25.541950113378686,
    25.774149659863944,
    25.86702947845805,
    26.006349206349206,
    26.192108843537415,
    26.424308390022677,
    26.656507936507936,
    26.749387755102042,
    26.865487528344673,
    27.09768707482993,
    27.30666666666667,
    27.538866213151927,
    27.631746031746033,
    27.77106575963719,
    27.956825396825398,
    28.189024943310656,
    28.421224489795918,
    28.514104308390024,
    28.63020408163265,
    28.83918367346939,
    29.071383219954647,
    29.396462585034012,
    29.512562358276643,
    29.72154195011338
  ],
  "rhythm_regularity": 0.9935240024610004,
  "syncopation_index": 0.675,
  "beat_count": 32,
  "onset_count": 160
}