{
  "chroma_mean": [
    0.5076906085014343,
    0.4612361490726471,
    0.463296115398407,
    0.4324151873588562,
    0.576835036277771,
    0.4655027389526367,
    0.4611836373806,
    0.5751284956932068,
    0.5735518336296082,
    0.6757245659828186,
    0.49263325333595276,
    0.5074315071105957
  ],
  "chroma_std": [
    0.27532753348350525,
    0.20276272296905518,
    0.2551570236682892,
    0.22608764469623566,
    0.2334255874156952,
    0.2023991346359253,
    0.2139677256345749,
    0.28768861293792725,
    0.25594979524612427,
    0.2848896384239197,
    0.27176105976104736,
    0.23256561160087585
  ],
  "key_estimation": {
    "key": "C_major",
    "confidence": 0.30920164571135056
  },
  "tonal_complexity": 0.06771734356880188
}