{
  "chroma_mean": [
    0.633977472782135,
    0.6833695769309998,
    0.7056416869163513,
    0.6199045181274414,
    0.5681803822517395,
    0.5779377818107605,
    0.7254518866539001,
    0.7150322198867798,
    0.508395791053772,
    0.5175737738609314,
    0.4294058084487915,
    0.5401062965393066
  ],
  "chroma_std": [
    0.1991478055715561,
    0.17292635142803192,
    0.1911865770816803,
    0.1671551614999771,
    0.1717301458120346,
    0.17978966236114502,
    0.21236197650432587,
    0.258024126291275,
    0.18655715882778168,
    0.19773171842098236,
    0.14665108919143677,
    0.19319786131381989
  ],
  "key_estimation": {
    "key": "C_major",
    "confidence": 0.23986006764307743
  },
  "tonal_complexity": 0.09034848213195801
}