{
  "mfcc_mean": [
    -51.47697830200195,
    76.78007507324219,
    -11.847444534301758,
    32.2205924987793,
    3.500685691833496,
    12.108311653137207,
    -1.0250970125198364,
    6.2906270027160645,
    0.9790731072425842,
    1.8372671604156494,
    -5.339479923248291,
    2.0849997997283936,
    -4.3760986328125
  ],
  "mfcc_std": [
    101.98737335205078,
    30.068784713745117,
    20.05606460571289,
    15.072324752807617,
    10.669330596923828,
    10.023767471313477,
    8.071133613586426,
    8.790929794311523,
    9.445334434509277,
    9.794647216796875,
    7.733754634857178,
    8.709086418151855,
    8.381511688232422
  ],
  "spectral_centroid_mean": 2529.557706331243,
  "spectral_centroid_std": 696.6755096474079,
  "spectral_bandwidth_mean": 2440.5660251258805,
  "spectral_bandwidth_std": 394.5529028782917,
  "spectral_rolloff_mean": 5162.3262551637135,
  "spectral_rolloff_std": 1387.9327183006073,
  "spectral_flux_mean": 8013.0390625,
  "spectral_flux_std": 7650.59033203125,
  "spectral_flatness_mean": 0.04102197661995888,
  "spectral_flatness_std": 0.050438400357961655,
  "spectral_slope_mean": -0.00029014577006534613,
  "spectral_spread_mean": 2441.2670691507114,
  "spectral_skewness_mean": 1.299277690737144,
  "spectral_kurtosis_mean": 4.632142935378478
}