{
  "tempo_bpm": 135.99917763157896,
  "tempo_confidence": 0.9833912409534323,
  "beat_positions": [
    0.6733786848072563,
    1.18421768707483,
    1.6253968253968254,
    2.043356009070295,
    2.461315192743764,
    2.9024943310657596,
    3.320453514739229,
    3.7616326530612243,
    4.20281179138322,
    4.597551020408163,
    5.038730158730159,
    5.433469387755102,
    5.874648526077097,
    6.292607709750567,
    6.710566893424036,
    7.128526077097506,
    7.546485260770975,
    7.964444444444444,
    8.382403628117913,
    8.800362811791382,
    9.218321995464853,
    9.636281179138322,
    10.054240362811791,
    10.47219954648526,
    10.89015873015873,
    11.3081179138322,
    11.72607709750567,
    12.144036281179138,
    12.585215419501134,
    13.003174603174603,
    13.444353741496599,
    13.862312925170068,
    14.280272108843537,
    14.698231292517006,
    15.116190476190477,
    15.534149659863946,
    15.975328798185942,
    16.416507936507937,
    16.857687074829933,
    17.29886621315193,
    17.716825396825396,
    18.15800453514739,
    18.599183673469387,
    19.040362811791383,
    19.481541950113378,
    19.89950113378685,
    20.340680272108845,
    20.78185941043084,
    21.223038548752836,
    21.66421768707483,
    22.105396825396827,
    22.54657596371882,
    22.987755102040815,
    23.42893424036281,
    23.870113378684806,
    24.33451247165533,
    24.775691609977326,
    25.21687074829932,
    25.658049886621317,
    26.076009070294784,
    26.51718820861678,
    26.93514739229025,
    27.376326530612246,
    27.794285714285714,
    28.23546485260771
  ],
  "onset_times": [
    0.09287981859410431,
    0.13931972789115646,
    0.301859410430839,
    0.34829931972789113,
    0.5340589569160997,
    0.7430385487528345,
    1.1609977324263039,
    1.3699773242630386,
    1.6021768707482993,
    1.8575963718820863,
    2.020136054421769,
    2.2523356009070294,
    2.461315192743764,
    2.7399546485260773,
    2.8792743764172335,
    3.111473922902494,
    3.320453514739229,
    3.575873015873016,
    3.7384126984126986,
    3.9706122448979593,
    4.179591836734694,
    4.2260317460317465,
    4.597551020408163,
    4.806530612244898,
    4.85297052154195,
    5.015510204081632,
    5.061950113378685,
    5.224489795918367,
    5.433469387755102,
    5.6656689342403626,
    5.874648526077097,
    6.060408163265306,
    6.2693877551020405,
    6.501587301587302,
    6.710566893424036,
    7.035646258503402,
    7.128526077097506,
    7.314285714285714,
    7.546485260770975,
    7.964444444444444,
    8.126984126984127,
    8.359183673469389,
    8.591383219954649,
    8.800362811791382,
    9.009342403628118,
    9.218321995464853,
    9.427301587301587,
    9.636281179138322,
    9.822040816326531,
    10.054240362811791,
    10.356099773242631,
    10.47219954648526,
    10.681179138321996,
    10.866938775510205,
    11.168798185941043,
    11.3081179138322,
    11.517097505668934,
    11.72607709750567,
    11.935056689342403,
    12.120816326530612,
    12.561995464852608,
    12.770975056689343,
    12.979954648526077,
    13.188934240362812,
    13.444353741496599,
    13.537233560090703,
    13.653333333333334,
    13.862312925170068,
    14.02485260770975,
    14.071292517006803,
    14.233832199546486,
    14.280272108843537,
    14.675011337868481,
    15.09297052154195,
    15.32517006802721,
    15.51092970521542,
    15.766349206349206,
    15.952108843537415,
    16.23074829931973,
    16.39328798185941,
    16.648707482993196,
    16.857687074829933,
    17.08988662131519,
    17.252426303854875,
    17.29886621315193,
    17.69360544217687,
    17.925804988662133,
    18.15800453514739,
    18.3437641723356,
    18.483083900226756,
    18.599183673469387,
    18.76172335600907,
    18.92426303854875,
    19.040362811791383,
    19.249342403628116,
    19.29578231292517,
    19.435102040816325,
    19.481541950113378,
    19.644081632653062,
    19.89950113378685,
    20.29424036281179,
    20.340680272108845,
    20.526439909297054,
    20.78185941043084,
    20.990839002267574,
    21.037278911564627,
    21.199818594104308,
    21.66421768707483,
    21.89641723356009,
    22.105396825396827,
    22.523356009070294,
    22.96453514739229,
    23.42893424036281,
    23.84689342403628,
    24.171972789115646,
    24.3112925170068,
    24.752471655328797,
    25.21687074829932,
    25.658049886621317,
    26.05278911564626,
    26.377868480725624,
    26.493968253968255,
    26.93514739229025,
    27.144126984126984,
    27.46920634920635,
    27.562086167800455,
    27.77106575963719,
    27.980045351473922,
    28.212244897959184,
    28.65342403628118,
    29.094603174603176
  ],
  "rhythm_regularity": 0.9607826055187617,
  "syncopation_index": 0.44274809160305345,
  "beat_count": 65,
  "onset_count": 131
}