{
  "mfcc_mean": [
    -135.12472534179688,
    71.33270263671875,
    10.29373836517334,
    44.43583679199219,
    13.352927207946777,
    3.7530429363250732,
    5.780664443969727,
    3.1165006160736084,
    0.5952119827270508,
    -0.2574562132358551,
    -1.9928737878799438,
    3.5345070362091064,
    -8.971437454223633
  ],
  "mfcc_std": [
    101.78816986083984,
    26.70444107055664,
    21.425249099731445,
    13.096303939819336,
    9.33266830444336,
    10.415008544921875,
    9.715476036071777,
    7.933139324188232,
    7.745298385620117,
    6.842529773712158,
    7.084705829620361,
    6.723876476287842,
    6.315145969390869
  ],
  "spectral_centroid_mean": 2716.9570147135437,
  "spectral_centroid_std": 820.685874857384,
  "spectral_bandwidth_mean": 2721.664752866142,
  "spectral_bandwidth_std": 376.49798439773025,
  "spectral_rolloff_mean": 5667.709372094019,
  "spectral_rolloff_std": 1561.9431392324234,
  "spectral_flux_mean": 1468.876220703125,
  "spectral_flux_std": 1520.668701171875,
  "spectral_flatness_mean": 0.03707136958837509,
  "spectral_flatness_std": 0.04907555133104324,
  "spectral_slope_mean": -0.0003193224891307558,
  "spectral_spread_mean": 2721.6647521886907,
  "spectral_skewness_mean": 1.145287476934116,
  "spectral_kurtosis_mean": 3.827321295364717
}