,precision,recall,f1-score,support
Cluster 1,0.3125,0.29411764705882354,0.30303030303030304,34.0
Cluster 2,0.3076923076923077,0.24242424242424243,0.2711864406779661,33.0
Cluster 3,0.4262295081967213,0.6046511627906976,0.5,43.0
Cluster 4,0.3055555555555556,0.2894736842105263,0.2972972972972973,38.0
Cluster 5,0.5384615384615384,0.42424242424242425,0.4745762711864407,33.0
accuracy,0.3812154696132597,0.3812154696132597,0.3812154696132597,0.3812154696132597
macro avg,0.3780877819812246,0.37098183214534286,0.36921806243840144,181.0
weighted avg,0.37838152976048095,0.3812154696132597,0.3740911441538841,181.0
