{
  "snr_db": 37.18898294148979,
  "dynamic_range_db": 21.0333129569168,
  "rms_energy": 0.12774434685707092,
  "zero_crossing_rate": 0.12824197370992962
}