{
  "snr_db": 32.33630877743596,
  "dynamic_range_db": 16.47952840955764,
  "rms_energy": 0.19083960354328156,
  "zero_crossing_rate": 0.10477393227130571
}