{
  "mfcc_mean": [
    -101.01521301269531,
    43.06063461303711,
    15.994282722473145,
    24.94830894470215,
    11.294326782226562,
    7.308680534362793,
    -1.3571988344192505,
    9.423218727111816,
    1.9947313070297241,
    1.716556191444397,
    -2.708864688873291,
    2.2139976024627686,
    -2.1586382389068604
  ],
  "mfcc_std": [
    72.69393157958984,
    26.813276290893555,
    17.35503578186035,
    14.738630294799805,
    9.316244125366211,
    9.89867877960205,
    7.993919372558594,
    7.996306896209717,
    7.601444244384766,
    7.116753101348877,
    6.8392157554626465,
    5.863582611083984,
    5.7770915031433105
  ],
  "spectral_centroid_mean": 3790.879446473137,
  "spectral_centroid_std": 915.4957772177821,
  "spectral_bandwidth_mean": 3079.8152855039248,
  "spectral_bandwidth_std": 294.67204991935677,
  "spectral_rolloff_mean": 7631.931992827869,
  "spectral_rolloff_std": 1232.4033253634414,
  "spectral_flux_mean": 1966.0550537109375,
  "spectral_flux_std": 2187.39208984375,
  "spectral_flatness_mean": 0.07952042669057846,
  "spectral_flatness_std": 0.06817630678415298,
  "spectral_slope_mean": -0.0002096381376373208,
  "spectral_spread_mean": 3079.815286611283,
  "spectral_skewness_mean": 0.5477897321658797,
  "spectral_kurtosis_mean": 2.3361655784130546
}