{
  "snr_db": 33.275863387233116,
  "dynamic_range_db": 19.51461200621307,
  "rms_energy": 0.13776203989982605,
  "zero_crossing_rate": 0.1336758544350117
}