{
  "mfcc_mean": [
    -315.26239013671875,
    121.81209564208984,
    15.006407737731934,
    21.159212112426758,
    15.105781555175781,
    17.70185661315918,
    5.26491117477417,
    -1.9266084432601929,
    -6.478977680206299,
    -13.065339088439941,
    -13.099376678466797,
    -4.721735954284668,
    -3.2097995281219482
  ],
  "mfcc_std": [
    94.257568359375,
    35.658878326416016,
    25.160831451416016,
    13.362987518310547,
    9.851921081542969,
    9.210166931152344,
    7.912570953369141,
    6.842763423919678,
    7.254297256469727,
    7.038535118103027,
    8.195517539978027,
    8.586434364318848,
    8.989809036254883
  ],
  "spectral_centroid_mean": 997.7603215510513,
  "spectral_centroid_std": 413.92395987025765,
  "spectral_bandwidth_mean": 1502.8945311891412,
  "spectral_bandwidth_std": 441.3052168175992,
  "spectral_rolloff_mean": 1820.5946201665856,
  "spectral_rolloff_std": 1032.94524782086,
  "spectral_flux_mean": 420.4039611816406,
  "spectral_flux_std": 1492.16552734375,
  "spectral_flatness_mean": 0.002765255980193615,
  "spectral_flatness_std": 0.04341604560613632,
  "spectral_slope_mean": -0.0005305621951199787,
  "spectral_spread_mean": 1502.8945319802037,
  "spectral_skewness_mean": 3.3458986773331096,
  "spectral_kurtosis_mean": 17.672863226816514
}