{
  "snr_db": 35.30260166978954,
  "dynamic_range_db": 19.123862261098886,
  "rms_energy": 0.14853838086128235,
  "zero_crossing_rate": 0.16865962813228438
}