{
  "meta": {
    "path": "../../data/raw/CSD/english/wav/en012b.wav",
    "file_hash": "f86425c3ecf702de9324f24c2e12fa06c7a40c41",
    "duration_sec": 137.77782312925171,
    "sample_rate": 22050,
    "analysis_timestamp": "2025-10-24T19:14:05.524153",
    "config": {
      "sr": 22050,
      "n_fft": 2048,
      "hop_length": 512,
      "n_mels": 128,
      "n_mfcc": 13,
      "n_chroma": 12,
      "frame_length": 2048,
      "workers": 4,
      "use_crepe": false,
      "save_matrices": false,
      "save_plots": true,
      "force": true,
      "quick": false,
      "verbose": false
    },
    "processing_time_sec": 12.639887571334839
  },
  "acoustic": {
    "mfcc_mean": [
      -266.13079833984375,
      45.426597595214844,
      -21.925161361694336,
      4.235071659088135,
      -21.87957191467285,
      -17.821563720703125,
      14.830805778503418,
      -10.09046459197998,
      -9.649077415466309,
      7.4595184326171875,
      -18.62964630126953,
      -6.84698486328125,
      -6.134400844573975
    ],
    "mfcc_std": [
      66.53450775146484,
      35.25992965698242,
      30.46234893798828,
      31.704605102539062,
      17.482736587524414,
      19.125890731811523,
      14.58884048461914,
      14.004888534545898,
      14.209738731384277,
      13.332535743713379,
      12.239059448242188,
      9.041707992553711,
      10.34305191040039
    ],
    "spectral_centroid_mean": 2235.9593314416034,
    "spectral_centroid_std": 1089.9820783286934,
    "spectral_bandwidth_mean": 2222.0516884234326,
    "spectral_bandwidth_std": 442.00984993533456,
    "spectral_rolloff_mean": 4103.945833366248,
    "spectral_rolloff_std": 1836.044812348499,
    "spectral_flux_mean": 3186.20458984375,
    "spectral_flux_std": 6002.95166015625,
    "spectral_flatness_mean": 0.02387077361345291,
    "spectral_flatness_std": 0.07474173605442047,
    "spectral_slope_mean": -0.0002573815836370496,
    "spectral_spread_mean": 2222.051688053531,
    "spectral_skewness_mean": 1.9324953696350093,
    "spectral_kurtosis_mean": 7.43649284953233
  },
  "rhythm": {
    "tempo_bpm": 112.34714673913044,
    "tempo_confidence": 0.9670003427060339,
    "beat_positions": [
      1.7647165532879818,
      2.2755555555555556,
      2.8328344671201813,
      3.4133333333333336,
      3.9706122448979593,
      4.481451247165533,
      5.061950113378685,
      5.596009070294785,
      6.130068027210885,
      6.640907029478458,
      7.22140589569161,
      7.75546485260771,
      8.243083900226758,
      8.823582766439909,
      9.450521541950113,
      10.054240362811791,
      10.611519274376418,
      11.075918367346938,
      11.679637188208616,
      12.30657596371882,
      12.863854875283447,
      13.328253968253968,
      13.908752834467121,
      14.489251700680272,
      15.000090702947846,
      15.603809523809524,
      16.137868480725622,
      16.671927437641724,
      17.22920634920635,
      17.786485260770974,
      18.36698412698413,
      18.92426303854875,
      19.481541950113378,
      20.01560090702948,
      20.59609977324263,
      21.199818594104308,
      21.73387755102041,
      22.221496598639455,
      22.77877551020408,
      23.312834467120183,
      23.870113378684806,
      24.49705215419501,
      25.077551020408162,
      25.611609977324264,
      26.16888888888889,
      26.749387755102042,
      27.28344671201814,
      27.817505668934242,
      28.444444444444443,
      28.908843537414967,
      29.489342403628118,
      30.023401360544216,
      30.55746031746032,
      31.091519274376417,
      31.695238095238096,
      32.275736961451244,
      32.8562358276644,
      33.34385487528345,
      33.94757369614513,
      34.481632653061226,
      35.015691609977324,
      35.57297052154195,
      36.13024943310658,
      36.710748299319725,
      37.29124716553288,
      37.802086167800454,
      38.40580498866213,
      38.93986394557823,
      39.47392290249433,
      40.00798185941043,
      40.56526077097506,
      41.12253968253968,
      41.67981859410431,
      42.26031746031746,
      42.840816326530614,
      43.42131519274376,
      44.00181405895692,
      44.535873015873015,
      45.069931972789114,
      45.60399092970521,
      46.18448979591837,
      46.718548752834465,
      47.275827664399095,
      47.809886621315194,
      48.32072562358277,
      48.854784580498865,
      49.388843537414964,
      49.92290249433107,
      50.52662131519274,
      51.06068027210885,
      51.687619047619044,
      52.244897959183675,
      52.75573696145125,
      53.289795918367346,
      53.75419501133787,
      54.21859410430839,
      54.706213151927436,
      55.193832199546485,
      55.72789115646258,
      56.26195011337869,
      56.77278911564626,
      57.283628117913835,
      57.79446712018141,
      58.30530612244898,
      58.862585034013605,
      59.466303854875285,
      60.02358276643991,
      60.51120181405896,
      60.998820861678006,
      61.57931972789115,
      62.136598639455784,
      62.69387755102041,
      63.25115646258504,
      63.80843537414966,
      64.43537414965986,
      64.99265306122449,
      65.54993197278911,
      66.13043083900227,
      66.66448979591837,
      67.19854875283447,
      67.73260770975057,
      68.31310657596372,
      68.87038548752834,
      69.4508843537415,
      70.03138321995465,
      70.58866213151927,
      71.1459410430839,
      71.72643990929706,
      72.28371882086168,
      72.86421768707483,
      73.35183673469388,
      73.95555555555555,
      74.48961451247166,
      75.04689342403628,
      75.53451247165533,
      76.138231292517,
      76.74195011337868,
      77.32244897959184,
      77.85650793650794,
      78.43700680272109,
      79.01750566893423,
      79.55156462585035,
      80.06240362811792,
      80.61968253968254,
      81.17696145124717,
      81.73424036281179,
      82.26829931972789,
      82.82557823129251,
      83.35963718820862,
      83.91691609977325,
      84.45097505668934,
      85.00825396825397,
      85.56553287981859,
      86.12281179138321,
      86.70331065759638,
      87.28380952380952,
      87.84108843537415,
      88.39836734693877,
      88.9556462585034,
      89.53614512471655,
      90.1166439909297,
      90.62748299319728,
      91.16154195011337,
      91.69560090702947,
      92.22965986394559,
      92.83337868480726,
      93.3209977324263,
      93.87827664399093,
      94.43555555555555,
      94.96961451247165,
      95.50367346938775,
      96.08417233560091,
      96.61823129251701,
      97.19873015873016,
      97.7792290249433,
      98.33650793650794,
      98.89378684807257,
      99.45106575963719,
      99.98512471655329,
      100.54240362811791,
      101.09968253968253,
      101.6801814058957,
      102.23746031746032,
      102.77151927437642,
      103.30557823129251,
      103.88607709750566,
      104.42013605442177,
      105.00063492063492,
      105.6043537414966,
      106.1384126984127,
      106.67247165532879,
      107.22975056689343,
      107.78702947845805,
      108.32108843537415,
      108.9015873015873,
      109.4356462585034,
      109.9697052154195,
      110.52698412698413,
      111.08426303854876,
      111.64154195011338,
      112.198820861678,
      112.87219954648526,
      113.40625850340136,
      113.91709750566893,
      114.42793650793651,
      114.9619954648526,
      115.4960544217687,
      116.07655328798187,
      116.65705215419501,
      117.23755102040816,
      117.74839002267574,
      118.35210884353741,
      118.86294784580498,
      119.37378684807257,
      119.95428571428572,
      120.53478458049887,
      121.11528344671201,
      121.69578231292518,
      122.20662131519275,
      122.83356009070295,
      123.34439909297052,
      123.87845804988662,
      124.41251700680272,
      124.99301587301588,
      125.57351473922903,
      126.15401360544217,
      126.7112925170068,
      127.26857142857143,
      127.80263038548753,
