{
  "meta": {
    "path": "../../data/raw/MIREX-like_mood/dataset/Audio/742.mp3",
    "file_hash": "b393e86ce7e4536039b1e4e8b982b1985b791fa5",
    "duration_sec": 29.90730158730159,
    "sample_rate": 22050,
    "analysis_timestamp": "2025-10-24T20:13:55.167112",
    "config": {
      "sr": 22050,
      "n_fft": 2048,
      "hop_length": 512,
      "n_mels": 128,
      "n_mfcc": 13,
      "n_chroma": 12,
      "frame_length": 2048,
      "workers": 4,
      "use_crepe": false,
      "save_matrices": false,
      "save_plots": true,
      "force": true,
      "quick": false,
      "verbose": false
    },
    "processing_time_sec": 2.805147886276245
  },
  "acoustic": {
    "mfcc_mean": [
      -97.17704010009766,
      56.16291046142578,
      7.160743236541748,
      28.853471755981445,
      2.0856947898864746,
      20.405710220336914,
      -7.269611358642578,
      13.345340728759766,
      -2.1767988204956055,
      7.737812519073486,
      1.0410467386245728,
      1.6227021217346191,
      0.4720756411552429
    ],
    "mfcc_std": [
      72.7294921875,
      29.157148361206055,
      23.433237075805664,
      20.09355354309082,
      19.976482391357422,
      12.33691120147705,
      13.395835876464844,
      11.564920425415039,
      9.424362182617188,
      11.113698959350586,
      10.347856521606445,
      9.356889724731445,
      8.866440773010254
    ],
    "spectral_centroid_mean": 3095.6365434423233,
    "spectral_centroid_std": 913.4008572075933,
    "spectral_bandwidth_mean": 2750.649640407841,
    "spectral_bandwidth_std": 342.50419636356816,
    "spectral_rolloff_mean": 6396.564113714604,
    "spectral_rolloff_std": 1181.30867838929,
    "spectral_flux_mean": 6545.0634765625,
    "spectral_flux_std": 10377.919921875,
    "spectral_flatness_mean": 0.04435982555150986,
    "spectral_flatness_std": 0.05324869602918625,
    "spectral_slope_mean": -0.00031613473898666584,
    "spectral_spread_mean": 2750.64964379299,
    "spectral_skewness_mean": 0.7732995082607474,
    "spectral_kurtosis_mean": 2.773526138940217
  },
  "rhythm": {
    "tempo_bpm": 95.703125,
    "tempo_confidence": 0.9819839599656444,
    "beat_positions": [
      0.7430385487528345,
      1.3699773242630386,
      1.9736961451247166,
      2.6006349206349206,
      3.2043537414965986,
      3.8545124716553287,
      4.458231292517007,
      5.085170068027211,
      5.688888888888889,
      6.315827664399093,
      6.919546485260771,
      7.546485260770975,
      8.196643990929704,
      8.777142857142858,
      9.404081632653062,
      10.031020408163265,
      10.634739229024943,
      11.261678004535147,
      11.888616780045352,
      12.561995464852608,
      13.119274376417234,
      13.722993197278912,
      14.349931972789115,
      14.97687074829932,
      15.580589569160997,
      16.207528344671204,
      16.834467120181404,
      17.438185941043084,
      18.06512471655329,
      18.692063492063493,
      19.29578231292517,
      19.922721088435374,
      20.54965986394558,
      21.153378684807254,
      21.78031746031746,
      22.407256235827663,
      23.010975056689343,
      23.637913832199548,
      24.241632653061224,
      24.86857142857143,
      25.472290249433108,
      26.09922902494331,
      26.726167800453513,
      27.353106575963718,
      27.956825396825398,
      28.560544217687074,
      29.18748299319728
    ],
    "onset_times": [
      0.18575963718820862,
      0.34829931972789113,
      0.4179591836734694,
      0.7430385487528345,
      0.9287981859410431,
      1.0913378684807256,
      1.3699773242630386,
      1.509297052154195,
      1.7182766439909296,
      1.9736961451247166,
      2.1130158730158732,
      2.2987755102040817,
      2.716734693877551,
      2.9024943310657596,
      3.2043537414965986,
      3.4133333333333336,
      3.5526530612244898,
      3.8312925170068026,
      4.08671201814059,
      4.249251700680272,
      4.458231292517007,
      4.597551020408163,
      4.922630385487528,
      5.131609977324263,
      5.38702947845805,
      5.50312925170068,
      5.688888888888889,
      6.176507936507937,
      6.315827664399093,
      6.617687074829932,
      6.919546485260771,
      7.082086167800454,
      7.267845804988662,
      7.337505668934241,
      7.546485260770975,
      7.7090249433106575,
      7.87156462585034,
      7.918004535147392,
      8.034104308390022,
      8.17342403628118,
      8.359183673469389,
      8.6378231292517,
      8.753922902494331,
      8.93968253968254,
      9.05578231292517,
      9.380861678004536,
      9.729160997732427,
      9.822040816326531,
      10.077460317460318,
      10.170340136054422,
      10.332879818594105,
      10.634739229024943,
      10.936598639455783,
      11.261678004535147,
      11.586757369614512,
      11.818956916099774,
      11.865396825396825,
      12.027936507936507,
      12.213696145124716,
      12.353015873015874,
      12.585215419501134,
      12.817414965986394,
      13.096054421768708,
      13.653333333333334,
      13.746213151927437,
      14.048072562358277,
      14.094512471655328,
      14.349931972789115,
      14.512471655328799,
      14.79111111111111,
      15.116190476190477,
      15.255510204081633,
      15.580589569160997,
      15.81278911564626,
      16.04498866213152,
      16.207528344671204,
      16.50938775510204,
      16.69514739229025,
      16.81124716553288,
      16.973786848072564,
      17.159546485260773,
      17.438185941043084,
      17.531065759637187,
      17.76326530612245,
      18.04190476190476,
      18.436643990929706,
      18.692063492063493,
      18.970702947845805,
      19.040362811791383,
      19.29578231292517,
      19.435102040816325,
      19.620861678004534,
      19.760181405895693,
      20.224580498866214,
      20.433560090702947,
      20.526439909297054,
      21.153378684807254,
      21.36235827664399,
      21.478458049886623,
      21.66421768707483,
      21.757097505668934,
      21.91963718820862,
      22.105396825396827,
      22.221496598639455,
      22.453696145124717,
      22.54657596371882,
      22.709115646258503,
      23.010975056689343,
      23.38249433106576,
      23.637913832199548,
      23.823673469387757,
      23.986213151927437,
      24.241632653061224,
      24.38095238095238,
      24.52027210884354,
      24.636371882086166,
      25.007891156462584,
      25.170430839002268,
      25.472290249433108,
      25.75092970521542,
      25.93668934240363,
      26.09922902494331,
      26.21532879818594,
      26.40108843537415,
      26.70294784580499,
      27.051247165532878,
      27.12090702947846,
      27.445986394557824,
      27.93360544217687,
      28.11936507936508,
      28.258684807256238,
      28.421224489795918,
      28.53732426303855,
      29.18748299319728,
      29.350022675736962,
      29.53578231292517,
      29.6518820861678,
      29.744761904761905
    ],
    "rhythm_regularity": 0.9703301520891655,
    "syncopation_index": 0.6666666666666666,
    "beat_count": 47,
    "onset_count": 138
  },
  "harmony": {
    "chroma_mean": [
      0.6046696305274963,
      0.5863309502601624,
      0.5327181220054626,
      0.650796115398407,
      0.5984735488891602,
      0.5816851258277893,
      0.6431291103363037,
      0.684296727180481,
      0.8094063997268677,
      0.6944167017936707,
      0.5785133242607117,
      0.4752526879310608
    ],
    "chroma_std": [
      0.19828633964061737,
      0.1845870316028595,
      0.1432577669620514,
      0.22451063990592957,
      0.17107781767845154,
      0.16039343178272247,
      0.20588144659996033,
      0.19384318590164185,
      0.19275206327438354,
      0.25542065501213074,
      0.22224324941635132,
      0.21378843486309052
    ],
    "key_estimation": {
      "key": "C_minor",
      "confidence": 0.17770435698736625
    },
    "tonal_complexity": 0.08196602016687393
  },
  "quality": {
    "snr_db": 39.30090547744772,