{
  "tempo_bpm": 99.38401442307692,
  "tempo_confidence": 0.9874457027974625,
  "beat_positions": [
    0.6733786848072563,
    1.2770975056689342,
    1.8808163265306121,
    2.48453514739229,
    3.0882539682539685,
    3.6919727891156464,
    4.342131519274377,
    4.96907029478458,
    5.596009070294785,
    6.222947845804988,
    6.849886621315193,
    7.476825396825397,
    8.103764172335602,
    8.70748299319728,
    9.334421768707482,
    9.93814058956916,
    10.541859410430838,
    11.168798185941043,
    11.795736961451247,
    12.422675736961452,
    13.049614512471654,
    13.676553287981859,
    14.280272108843537,
    14.883990929705215,
    15.487709750566893,
    16.091428571428573,
    16.718367346938777,
    17.322086167800453,
    17.925804988662133,
    18.552743764172334,
    19.156462585034014,
    19.760181405895693,
    20.36390022675737,
    20.990839002267574,
    21.59455782312925,
    22.19827664399093,
    22.825215419501134,
    23.42893424036281,
    24.03265306122449,
    24.636371882086166
  ],
  "onset_times": [
    0.16253968253968254,
    0.2089795918367347,
    0.34829931972789113,
    0.5108390022675737,
    0.6501587301587302,
    0.8126984126984127,
    0.9520181405895691,
    1.253877551020408,
    1.4396371882086167,
    1.555736961451247,
    1.8575963718820863,
    2.182675736961451,
    2.48453514739229,
    2.786394557823129,
    3.0882539682539685,
    3.3901133786848074,
    3.6919727891156464,
    3.8545124716553287,
    3.9938321995464854,
    5.2477097505668935,
    5.572789115646258,
    5.758548752834467,
    5.921088435374149,
    6.060408163265306,
    6.222947845804988,
    6.524807256235827,
    6.710566893424036,
    6.849886621315193,
    6.989206349206349,
    7.174965986394557,
    7.337505668934241,
    7.476825396825397,
    7.662585034013605,
    7.778684807256236,
    8.080544217687075,
    8.243083900226758,
    8.428843537414966,
    8.568163265306122,
    8.70748299319728,
    8.893242630385487,
    9.032562358276644,
    9.311201814058958,
    9.47374149659864,
    9.636281179138322,
    9.798820861678005,
    9.93814058956916,
    10.24,
    10.541859410430838,
    10.727619047619047,
    10.866938775510205,
    11.029478458049887,
    11.168798185941043,
    11.470657596371883,
    11.656417233560092,
    11.795736961451247,
    11.935056689342403,
    12.26013605442177,
    12.422675736961452,
    12.60843537414966,
    12.72453514739229,
    13.049614512471654,
    13.188934240362812,
    13.514013605442177,
    13.653333333333334,
    13.839092970521541,
    13.978412698412699,
    14.140952380952381,
    14.280272108843537,
    14.419591836734694,
    14.605351473922903,
    14.744671201814059,
    14.883990929705215,
    15.046530612244897,
    15.185850340136055,
    15.348390022675737,
    15.487709750566893,
    15.650249433106575,
    15.789569160997733,
    15.952108843537415,
    16.091428571428573,
    16.27718820861678,
    16.39328798185941,
    16.579047619047618,
    16.69514739229025,
    16.857687074829933,
    17.020226757369613,
    17.182766439909297,
    17.29886621315193,
    17.507845804988662,
    17.623945578231293,
    17.76326530612245,
    17.902585034013605,
    18.088344671201813,
    18.22766439909297,
    18.390204081632653,
    18.52952380952381,
    18.715283446712018,
    18.83138321995465,
    18.99392290249433,
    19.13324263038549,
    19.29578231292517,
    19.620861678004534,
    19.760181405895693,
    19.9459410430839,
    20.06204081632653,
    20.224580498866214,
    20.340680272108845,
    20.526439909297054,
    20.688979591836734,
    20.82829931972789,
    20.96761904761905,
    21.153378684807254,
    21.292698412698414,
    21.43201814058957,
    21.571337868480725,
    21.73387755102041,
    21.91963718820862,
    22.058956916099774,
    22.19827664399093,
    22.50013605442177,
    22.66267573696145,
    22.801995464852606,
    22.96453514739229,
    23.26639455782313,
    23.405714285714286,
    23.591473922902495,
    23.73079365079365,
    23.893333333333334,
    24.03265306122449,
    24.19519274376417,
    24.33451247165533,
    24.49705215419501,
    24.61315192743764,
    24.79891156462585,
    24.91501133786848,
    25.21687074829932,
    25.402630385487527,
    25.518730158730158,
    25.704489795918366,
    25.843809523809522,
    26.16888888888889,
    26.33142857142857,
    26.447528344671202,
    26.63328798185941,
    26.93514739229025,
    27.074467120181406,
    27.39954648526077,
    27.70140589569161,
    27.840725623582767,
    28.16580498866213,
    28.305124716553287,
    28.63020408163265,
    28.792743764172336,
    28.93206349206349,
    29.071383219954647,
    29.396462585034012,
    29.53578231292517
  ],
  "rhythm_regularity": 0.9793079878836604,
  "syncopation_index": 0.7579617834394905,
  "beat_count": 40,
  "onset_count": 157
}