{
  "meta": {
    "path": "../../data/raw/MIREX-like_mood/dataset/Audio/850.mp3",
    "file_hash": "6ae3e1ceecb290ac877ec91879ccd249407d9d73",
    "duration_sec": 29.675102040816327,
    "sample_rate": 22050,
    "analysis_timestamp": "2025-10-24T20:11:09.148763",
    "config": {
      "sr": 22050,
      "n_fft": 2048,
      "hop_length": 512,
      "n_mels": 128,
      "n_mfcc": 13,
      "n_chroma": 12,
      "frame_length": 2048,
      "workers": 4,
      "use_crepe": false,
      "save_matrices": false,
      "save_plots": true,
      "force": true,
      "quick": false,
      "verbose": false
    },
    "processing_time_sec": 3.3784396648406982
  },
  "acoustic": {
    "mfcc_mean": [
      -35.302181243896484,
      63.51633834838867,
      -4.830259799957275,
      28.052539825439453,
      3.1448445320129395,
      7.9113945960998535,
      8.67153263092041,
      10.314278602600098,
      5.393947124481201,
      2.664454698562622,
      0.8637545704841614,
      7.7394633293151855,
      0.328023761510849
    ],
    "mfcc_std": [
      66.76020812988281,
      18.5450439453125,
      17.254981994628906,
      17.470609664916992,
      11.10465145111084,
      10.018669128417969,
      10.842581748962402,
      7.552198886871338,
      7.617649078369141,
      8.019634246826172,
      6.552978038787842,
      6.603188514709473,
      7.220498561859131
    ],
    "spectral_centroid_mean": 2869.7418721280137,
    "spectral_centroid_std": 477.51286566432566,
    "spectral_bandwidth_mean": 2757.823971637916,
    "spectral_bandwidth_std": 250.50792140278148,
    "spectral_rolloff_mean": 5993.099543710907,
    "spectral_rolloff_std": 1030.2593831450151,
    "spectral_flux_mean": 6924.75830078125,
    "spectral_flux_std": 5684.1513671875,
    "spectral_flatness_mean": 0.04052818939089775,
    "spectral_flatness_std": 0.04213724657893181,
    "spectral_slope_mean": -0.000322650626916697,
    "spectral_spread_mean": 2757.823972234903,
    "spectral_skewness_mean": 1.0268996080070778,
    "spectral_kurtosis_mean": 3.2874349442032287
  },
  "rhythm": {
    "tempo_bpm": 103.359375,
    "tempo_confidence": 0.9845410273690183,
    "beat_positions": [
      0.2089795918367347,
      0.7662585034013606,
      1.3235374149659864,
      1.9040362811791383,
      2.48453514739229,
      3.0418140589569163,
      3.622312925170068,
      4.20281179138322,
      4.760090702947846,
      5.317369614512471,
      5.897868480725624,
      6.478367346938776,
      7.035646258503402,
      7.592925170068027,
      8.196643990929704,
      8.777142857142858,
      9.334421768707482,
      9.891700680272109,
      10.47219954648526,
      11.00625850340136,
      11.563537414965987,
      12.144036281179138,
      12.72453514739229,
      13.305034013605443,
      13.885532879818594,
      14.466031746031746,
      15.023310657596372,
      15.62702947845805,
      16.184308390022675,
      16.741587301587302,
      17.322086167800453,
      17.902585034013605,
      18.45986394557823,
      19.017142857142858,
      19.59764172335601,
      20.17814058956916,
      20.735419501133787,
      21.339138321995463
    ],
    "onset_times": [
      0.16253968253968254,
      0.2089795918367347,
      0.3250793650793651,
      0.46439909297052157,
      0.626938775510204,
      0.7662585034013606,
      0.905578231292517,
      1.18421768707483,
      1.3235374149659864,
      1.486077097505669,
      1.6021768707482993,
      1.7647165532879818,
      1.9040362811791383,
      2.020136054421769,
      2.3219954648526078,
      2.461315192743764,
      2.6006349206349206,
      2.716734693877551,
      2.9024943310657596,
      3.01859410430839,
      3.320453514739229,
      3.4597732426303853,
      3.622312925170068,
      3.7848526077097504,
      3.924172335600907,
      4.08671201814059,
      4.20281179138322,
      4.31891156462585,
      4.597551020408163,
      4.760090702947846,
      4.899410430839002,
      5.015510204081632,
      5.178049886621316,
      5.294149659863946,
      5.596009070294785,
      5.758548752834467,
      5.874648526077097,
      6.03718820861678,
      6.176507936507937,
      6.339047619047619,
      6.455147392290249,
      6.594467120181406,
      6.896326530612245,
      7.035646258503402,
      7.174965986394557,
      7.314285714285714,
      7.476825396825397,
      7.592925170068027,
      7.894784580498866,
      8.034104308390022,
      8.17342403628118,
      8.335963718820862,
      8.475283446712018,
      8.6378231292517,
      8.777142857142858,
      8.893242630385487,
      9.1718820861678,
      9.311201814058958,
      9.47374149659864,
      9.58984126984127,
      9.752380952380953,
      9.868480725623582,
      10.054240362811791,
      10.170340136054422,
      10.309659863945578,
      10.448979591836734,
      10.611519274376418,
      10.727619047619047,
      10.866938775510205,
      11.00625850340136,
      11.145578231292516,
      11.42421768707483,
      11.563537414965987,
      11.702857142857143,
      11.842176870748299,
      12.004716553287983,
      12.144036281179138,
      12.30657596371882,
      12.422675736961452,
      12.561995464852608,
      12.701315192743763,
      12.863854875283447,
      13.003174603174603,
      13.165714285714285,
      13.305034013605443,
      13.444353741496599,
      13.606893424036281,
      13.746213151927437,
      13.862312925170068,
      14.02485260770975,
      14.164172335600908,
      14.303492063492063,
      14.44281179138322,
      14.605351473922903,
      14.744671201814059,
      14.907210884353741,
      15.023310657596372,
      15.162630385487528,
      15.301950113378684,
      15.464489795918368,
      15.603809523809524,
      15.74312925170068,
      15.882448979591837,
      16.021768707482995,
      16.16108843537415,
      16.32362811791383,
      16.439727891156462,
      16.602267573696146,
      16.741587301587302,
      16.904126984126986,
      17.020226757369613,
      17.182766439909297,
      17.29886621315193,
      17.484625850340137,
      17.600725623582765,
      17.76326530612245,
      17.87936507936508,
      18.04190476190476,
      18.18122448979592,
      18.320544217687075,
      18.45986394557823,
      18.599183673469387,
      18.76172335600907,
      18.877823129251702,
      19.017142857142858,
      19.156462585034014,
      19.29578231292517,
      19.458321995464853,
      19.59764172335601,
      19.736961451247165,
      19.87628117913832,
      20.01560090702948,
      20.17814058956916,
      20.317460317460316,
      20.59609977324263,
      20.735419501133787,
      20.990839002267574,
      21.339138321995463,
      21.942857142857143,
      23.103854875283446,
      23.359274376417233,
      23.661133786848072,
      24.241632653061224,
      24.52027210884354,
      24.79891156462585,
      25.356190476190477,
      25.63482993197279,
      26.493968253968255,
      26.772607709750567,
      27.051247165532878,
      27.353106575963718,
      27.608526077097505,
      28.16580498866213,
      28.746303854875283,
      29.00172335600907,
      29.53578231292517
    ],
    "rhythm_regularity": 0.9725055032896779,
    "syncopation_index": 0.75,
    "beat_count": 38,
    "onset_count": 156
  },
  "harmony": {
    "chroma_mean": [
      0.6124908924102783,
      0.5560023784637451,
      0.47891104221343994,
      0.5489497780799866,
      0.5296225547790527,
      0.4941704571247101,
      0.48263853788375854,
      0.4426564872264862,
      0.3783617913722992,
      0.3573445975780487,
      0.4245486557483673,
      0.7895698547363281
    ],
    "chroma_std": [
      0.24377618730068207,
      0.2659420371055603,
      0.24438640475273132,
      0.27378585934638977,
      0.24420523643493652,
      0.24308590590953827,
      0.2195652425289154,
      0.19785863161087036,
      0.1750737577676773,
      0.1679713875055313,
      0.19505394995212555,
      0.2635607421398163
    ],