{
  "tempo_bpm": 107.666015625,
  "tempo_confidence": 0.9816290432563277,
  "beat_positions": [
    0.11609977324263039,
    0.6965986394557823,
    1.2770975056689342,
    1.8343764172335602,
    2.414875283446712,
    2.948934240362812,
    3.5294331065759637,
    4.063492063492063,
    4.620770975056689,
    5.178049886621316,
    5.758548752834467,
    6.339047619047619,
    6.896326530612245,
    7.453605442176871,
    8.034104308390022,
    8.591383219954649,
    9.1718820861678,
    9.729160997732427,
    10.286439909297052,
    10.843718820861678,
    11.42421768707483,
    11.981496598639456,
    12.561995464852608,
    13.096054421768708,
    13.676553287981859,
    14.210612244897959,
    14.79111111111111,
    15.371609977324264,
    15.952108843537415,
    16.50938775510204,
    17.08988662131519,
    17.670385487528346,
    18.250884353741498,
    18.808163265306124,
    19.4118820861678,
    19.99238095238095,
    20.54965986394558,
    21.106938775510205,
    21.71065759637188,
    22.244716553287983,
    22.825215419501134,
    23.38249433106576,
    23.986213151927437,
    24.56671201814059,
    25.123990929705215,
    25.68126984126984,
    26.284988662131518,
    26.842267573696144,
    27.422766439909296,
    27.980045351473922,
    28.583764172335602
  ],
  "onset_times": [
    0.09287981859410431,
    0.13931972789115646,
    0.6733786848072563,
    0.9752380952380952,
    1.5325170068027212,
    1.811156462585034,
    2.414875283446712,
    2.948934240362812,
    3.2275736961451247,
    3.7848526077097504,
    3.947392290249433,
    4.063492063492063,
    4.365351473922902,
    4.6439909297052155,
    5.154829931972789,
    5.456689342403628,
    6.03718820861678,
    6.315827664399093,
    7.453605442176871,
    7.732244897959184,
    8.312743764172335,
    8.591383219954649,
    9.148662131519274,
    9.7059410430839,
    9.984580498866213,
    10.565079365079365,
    10.843718820861678,
    11.400997732426303,
    11.981496598639456,
    12.26013605442177,
    12.817414965986394,
    12.979954648526077,
    13.096054421768708,
    13.374693877551021,
    13.676553287981859,
    14.187392290249432,
    14.489251700680272,
    14.79111111111111,
    15.046530612244897,
    15.09297052154195,
    15.371609977324264,
    15.650249433106575,
    15.928888888888888,
    16.486167800453515,
    16.81124716553288,
    17.368526077097506,
    17.670385487528346,
    17.949024943310658,
    18.250884353741498,
    18.808163265306124,
    19.11002267573696,
    19.4118820861678,
    19.644081632653062,
    19.690521541950112,
    19.969160997732427,
    20.24780045351474,
    20.526439909297054,
    21.083718820861677,
    21.385578231292516,
    21.71065759637188,
    21.942857142857143,
    22.221496598639455,
    22.825215419501134,
    23.336054421768708,
    23.405714285714286,
    23.684353741496597,
    23.986213151927437,
    24.241632653061224,
    24.543492063492064,
    24.822131519274375,
    25.123990929705215,
    25.658049886621317,
    25.959909297052153,
    26.51718820861678,
    26.563628117913833,
    26.81904761904762,
    27.12090702947846,
    27.39954648526077,
    27.956825396825398,
    28.258684807256238,
    28.583764172335602,
    28.81596371882086,
    29.141043083900225
  ],
  "rhythm_regularity": 0.9671297851882391,
  "syncopation_index": 0.46987951807228917,
  "beat_count": 51,
  "onset_count": 83
}