{
  "snr_db": 35.84549539076204,
  "dynamic_range_db": 18.379760803717133,
  "rms_energy": 0.16367484629154205,
  "zero_crossing_rate": 0.1357239158290207
}