{
  "tempo_bpm": 117.45383522727273,
  "tempo_confidence": 0.9917948572363328,
  "beat_positions": [
    0.5572789115646258,
    1.0681179138321995,
    1.5789569160997732,
    2.089795918367347,
    2.6006349206349206,
    3.111473922902494,
    3.622312925170068,
    4.133151927437642,
    4.6439909297052155,
    5.154829931972789,
    5.6656689342403626,
    6.176507936507937,
    6.6873469387755105,
    7.22140589569161,
    7.732244897959184,
    8.243083900226758,
    8.753922902494331,
    9.264761904761905,
    9.775600907029478,
    10.286439909297052,
    10.797278911564625,
    11.3081179138322,
    11.818956916099774,
    12.329795918367347,
    12.84063492063492,
    13.351473922902494,
    13.885532879818594,
    14.396371882086168,
    14.907210884353741,
    15.418049886621315,
    15.928888888888888,
    16.439727891156462,
    16.950566893424035,
    17.46140589569161,
    17.972244897959182,
    18.483083900226756,
    18.99392290249433,
    19.504761904761907,
    20.01560090702948,
    20.503219954648525,
    21.0140589569161,
    21.524897959183672,
    22.035736961451246,
    22.54657596371882,
    23.034195011337868,
    23.54503401360544,
    24.03265306122449,
    24.56671201814059,
    25.077551020408162,
    25.56517006802721,
    26.076009070294784,
    26.586848072562358,
    27.09768707482993,
    27.608526077097505,
    28.11936507936508,
    28.63020408163265
  ],
  "onset_times": [
    0.13931972789115646,
    0.18575963718820862,
    0.301859410430839,
    0.44117913832199546,
    0.5572789115646258,
    0.8126984126984127,
    1.0448979591836736,
    1.207437641723356,
    1.4396371882086167,
    1.555736961451247,
    1.8343764172335602,
    1.9736961451247166,
    2.066575963718821,
    2.2291156462585033,
    2.461315192743764,
    2.5774149659863945,
    2.8560544217687074,
    2.995374149659864,
    3.0882539682539685,
    3.250793650793651,
    3.4829931972789114,
    3.599092970521542,
    3.7616326530612243,
    3.877732426303855,
    3.9938321995464854,
    4.1099319727891155,
    4.272471655328798,
    4.388571428571429,
    4.527891156462585,
    4.6439909297052155,
    4.783310657596372,
    4.876190476190477,
    5.154829931972789,
    5.294149659863946,
    5.363809523809524,
    5.688888888888889,
    5.897868480725624,
    6.315827664399093,
    6.501587301587302,
    6.664126984126984,
    6.826666666666667,
    6.942766439909297,
    7.1053061224489795,
    7.337505668934241,
    7.546485260770975,
    7.7090249433106575,
    7.9412244897959186,
    8.219863945578231,
    8.359183673469389,
    8.452063492063493,
    8.661043083900227,
    8.986122448979591,
    9.241541950113378,
    9.404081632653062,
    9.659501133786849,
    9.775600907029478,
    10.031020408163265,
    10.170340136054422,
    10.286439909297052,
    10.425759637188209,
    10.681179138321996,
    10.797278911564625,
    11.052698412698414,
    11.19201814058957,
    11.3081179138322,
    11.447437641723356,
    11.702857142857143,
    11.818956916099774,
    11.95827664399093,
    12.097596371882085,
    12.213696145124716,
    12.329795918367347,
    12.49233560090703,
    12.60843537414966,
    12.72453514739229,
    12.84063492063492,
    13.096054421768708,
    13.351473922902494,
    13.79265306122449,
    14.117732426303855,
    14.257052154195012,
    14.373151927437641,
    14.628571428571428,
    14.883990929705215,
    15.162630385487528,
    15.418049886621315,
    15.557369614512472,
    15.905668934240364,
    16.184308390022675,
    16.439727891156462,
    16.718367346938777,
    16.880907029478458,
    16.950566893424035,
    17.205986394557822,
    17.46140589569161,
    17.600725623582765,
    17.856145124716555,
    17.972244897959182,
    18.22766439909297,
    18.36698412698413,
    18.483083900226756,
    18.622403628117915,
    18.854603174603174,
    18.970702947845805,
    19.249342403628116,
    19.365442176870747,
    19.481541950113378,
    19.644081632653062,
    19.89950113378685,
    19.99238095238095,
    20.154920634920636,
    20.271020408163267,
    20.387120181405894,
    20.503219954648525,
    20.758639455782312,
    20.897959183673468,
    21.0140589569161,
    21.153378684807254,
    21.24625850340136,
    21.501678004535147,
    21.640997732426303,
    21.91963718820862,
    22.035736961451246,
    22.244716553287983,
    22.407256235827663,
    22.66267573696145,
    23.010975056689343,
    23.2431746031746,
    23.289614512471655,
    23.661133786848072,
    23.870113378684806,
    24.009433106575965,
    24.3112925170068,
    24.450612244897957,
    24.56671201814059,
    24.79891156462585,
    24.961451247165535,
    25.077551020408162,
    25.21687074829932,
    25.309750566893424,
    25.56517006802721,
    25.704489795918366,
    25.959909297052153,
    26.076009070294784,
    26.23854875283447,
    26.33142857142857,
    26.470748299319727,
    26.586848072562358,
    26.726167800453513,
    26.865487528344673,
    26.9815873015873,
    27.09768707482993,
    27.353106575963718,
    27.492426303854874,
    27.608526077097505,
    27.74784580498866,
    28.003265306122447,
    28.11936507936508,
    28.258684807256238,
    28.398004535147393,
    28.490884353741496,
    28.63020408163265,
    28.908843537414967,
    29.024943310657598,
    29.141043083900225,
    29.373242630385487,
    29.58222222222222,
    29.6518820861678
  ],
  "rhythm_regularity": 0.983791631147837,
  "syncopation_index": 0.6845238095238095,
  "beat_count": 56,
  "onset_count": 168
}