{
  "snr_db": 36.22299036484554,
  "dynamic_range_db": 16.066179532115807,
  "rms_energy": 0.21096308529376984,
  "zero_crossing_rate": 0.08820649365572887
}