{
  "mfcc_mean": [
    -195.79208374023438,
    141.57888793945312,
    35.973045349121094,
    44.335975646972656,
    13.379581451416016,
    4.397330284118652,
    4.100010395050049,
    -4.047125816345215,
    6.725861549377441,
    2.5022993087768555,
    -3.6891515254974365,
    2.0853357315063477,
    -0.6470776796340942
  ],
  "mfcc_std": [
    67.66072082519531,
    34.23051452636719,
    12.832036972045898,
    10.373045921325684,
    8.840088844299316,
    9.546563148498535,
    8.142529487609863,
    9.611319541931152,
    8.157281875610352,
    6.749432563781738,
    7.825212478637695,
    6.6312785148620605,
    7.293910026550293
  ],
  "spectral_centroid_mean": 1105.8131214056104,
  "spectral_centroid_std": 602.8223576100082,
  "spectral_bandwidth_mean": 1832.5549282631607,
  "spectral_bandwidth_std": 624.8348694397691,
  "spectral_rolloff_mean": 2188.827369099394,
  "spectral_rolloff_std": 1793.0852768671102,
  "spectral_flux_mean": 1789.8984375,
  "spectral_flux_std": 2132.03173828125,
  "spectral_flatness_mean": 0.0026541359256953,
  "spectral_flatness_std": 0.028786590322852135,
  "spectral_slope_mean": -0.0004097701178704999,
  "spectral_spread_mean": 1832.5549315381973,
  "spectral_skewness_mean": 3.341732121253765,
  "spectral_kurtosis_mean": 17.172891993179164
}