{
  "meta": {
    "path": "../../data/raw/MIREX-like_mood/dataset/Audio/353.mp3",
    "file_hash": "04f06c2750777bfc4cb4bd9b5c23ece856eaadfb",
    "duration_sec": 29.675102040816327,
    "sample_rate": 22050,
    "analysis_timestamp": "2025-10-24T20:17:33.188952",
    "config": {
      "sr": 22050,
      "n_fft": 2048,
      "hop_length": 512,
      "n_mels": 128,
      "n_mfcc": 13,
      "n_chroma": 12,
      "frame_length": 2048,
      "workers": 4,
      "use_crepe": false,
      "save_matrices": false,
      "save_plots": true,
      "force": true,
      "quick": false,
      "verbose": false
    },
    "processing_time_sec": 2.7396955490112305
  },
  "acoustic": {
    "mfcc_mean": [
      -195.79208374023438,
      141.57888793945312,
      35.973045349121094,
      44.335975646972656,
      13.379581451416016,
      4.397330284118652,
      4.100010395050049,
      -4.047125816345215,
      6.725861549377441,
      2.5022993087768555,
      -3.6891515254974365,
      2.0853357315063477,
      -0.6470776796340942
    ],
    "mfcc_std": [
      67.66072082519531,
      34.23051452636719,
      12.832036972045898,
      10.373045921325684,
      8.840088844299316,
      9.546563148498535,
      8.142529487609863,
      9.611319541931152,
      8.157281875610352,
      6.749432563781738,
      7.825212478637695,
      6.6312785148620605,
      7.293910026550293
    ],
    "spectral_centroid_mean": 1105.8131214056104,
    "spectral_centroid_std": 602.8223576100082,
    "spectral_bandwidth_mean": 1832.5549282631607,
    "spectral_bandwidth_std": 624.8348694397691,
    "spectral_rolloff_mean": 2188.827369099394,
    "spectral_rolloff_std": 1793.0852768671102,
    "spectral_flux_mean": 1789.8984375,
    "spectral_flux_std": 2132.03173828125,
    "spectral_flatness_mean": 0.0026541359256953,
    "spectral_flatness_std": 0.028786590322852135,
    "spectral_slope_mean": -0.0004097701178704999,
    "spectral_spread_mean": 1832.5549315381973,
    "spectral_skewness_mean": 3.341732121253765,
    "spectral_kurtosis_mean": 17.172891993179164
  },
  "rhythm": {
    "tempo_bpm": 73.828125,
    "tempo_confidence": 0.9772973859172923,
    "beat_positions": [
      0.6501587301587302,
      1.4628571428571429,
      2.2987755102040817,
      3.1579138321995464,
      3.947392290249433,
      4.783310657596372,
      5.596009070294785,
      6.431927437641724,
      7.244625850340136,
      8.057324263038549,
      8.870022675736962,
      9.7059410430839,
      10.541859410430838,
      11.377777777777778,
      12.167256235827665,
      12.979954648526077,
      13.79265306122449,
      14.651791383219955,
      15.441269841269841,
      16.300408163265306,
      17.08988662131519,
      17.925804988662133,
      18.738503401360543,
      19.59764172335601,
      20.387120181405894,
      21.199818594104308,
      22.035736961451246,
      22.871655328798187,
      23.684353741496597,
      24.543492063492064,
      25.309750566893424,
      26.145668934240362,
      26.958367346938775,
      27.77106575963719,
      28.583764172335602
    ],
    "onset_times": [
      0.13931972789115646,
      0.626938775510204,
      1.0681179138321995,
      1.4628571428571429,
      1.5325170068027212,
      1.9040362811791383,
      2.2755555555555556,
      2.716734693877551,
      3.1346938775510202,
      3.924172335600907,
      4.388571428571429,
      4.760090702947846,
      4.829750566893424,
      5.178049886621316,
      5.224489795918367,
      5.596009070294785,
      6.03718820861678,
      6.431927437641724,
      6.849886621315193,
      7.244625850340136,
      7.662585034013605,
      8.034104308390022,
      8.498503401360544,
      8.846802721088435,
      9.334421768707482,
      9.682721088435374,
      10.518639455782314,
      10.936598639455783,
      10.983038548752834,
      11.354557823129252,
      11.77251700680272,
      12.144036281179138,
      12.585215419501134,
      12.979954648526077,
      13.397913832199546,
      13.769433106575963,
      14.233832199546486,
      14.698231292517006,
      15.069750566893424,
      15.418049886621315,
      15.905668934240364,
      16.27718820861678,
      16.69514739229025,
      17.04344671201814,
      17.08988662131519,
      17.484625850340137,
      17.531065759637187,
      17.902585034013605,
      17.99546485260771,
      18.320544217687075,
      18.715283446712018,
      19.202902494331067,
      19.551201814058956,
      19.59764172335601,
      20.36390022675737,
      20.805079365079365,
      21.199818594104308,
      21.640997732426303,
      22.01251700680272,
      22.337596371882086,
      22.50013605442177,
      23.103854875283446,
      23.289614512471655,
      23.661133786848072,
      24.125532879818593,
      24.543492063492064,
      25.2865306122449,
      25.75092970521542,
      26.145668934240362,
      26.493968253968255,
      26.93514739229025,
      27.376326530612246,
      27.77106575963719,
      28.212244897959184,
      28.560544217687074,
      28.908843537414967,
      29.048163265306123,
      29.41968253968254
    ],
    "rhythm_regularity": 0.9717251016596921,
    "syncopation_index": 0.5,
    "beat_count": 35,
    "onset_count": 78
  },
  "harmony": {
    "chroma_mean": [
      0.1437596082687378,
      0.22073574364185333,
      0.6745501160621643,
      0.23505547642707825,
      0.4033374488353729,
      0.2674632966518402,
      0.3477865159511566,
      0.4661295413970947,
      0.20260699093341827,
      0.42253297567367554,
      0.1972784399986267,
      0.21092666685581207
    ],
    "chroma_std": [
      0.09100671857595444,
      0.14660397171974182,
      0.3140622079372406,
      0.1423228681087494,
      0.29206034541130066,
      0.1775045543909073,
      0.20417992770671844,
      0.3661358058452606,
      0.11790725588798523,
      0.32944345474243164,
      0.1309477537870407,
      0.17951224744319916
    ],
    "key_estimation": {
      "key": "C_major",
      "confidence": 0.15341741614858845
    },
    "tonal_complexity": 0.14626675844192505
  },
  "quality": {
    "snr_db": 33.06081928023711,
    "dynamic_range_db": 18.092276918363734,
    "rms_energy": 0.16143560409545898,
    "zero_crossing_rate": 0.034189613467552775
  },
  "lyrics": {}
}