{
  "mfcc_mean": [
    -160.9921112060547,
    94.04106140136719,
    21.704805374145508,
    32.685340881347656,
    11.506235122680664,
    19.163713455200195,
    1.3744829893112183,
    7.596889972686768,
    -2.1968483924865723,
    4.866513252258301,
    -2.9059746265411377,
    1.719423770904541,
    -6.039909362792969
  ],
  "mfcc_std": [
    101.7115478515625,
    32.705963134765625,
    34.995582580566406,
    16.394180297851562,
    11.923004150390625,
    9.939800262451172,
    9.365436553955078,
    8.716456413269043,
    9.638829231262207,
    8.020784378051758,
    7.597383499145508,
    6.916252613067627,
    7.089803218841553
  ],
  "spectral_centroid_mean": 2094.6316875267053,
  "spectral_centroid_std": 808.2746432421187,
  "spectral_bandwidth_mean": 2483.6106768243053,
  "spectral_bandwidth_std": 507.770065825333,
  "spectral_rolloff_mean": 4720.178669139105,
  "spectral_rolloff_std": 1903.8824579339193,
  "spectral_flux_mean": 3089.477783203125,
  "spectral_flux_std": 4183.88330078125,
  "spectral_flatness_mean": 0.013839116320014,
  "spectral_flatness_std": 0.03291505202651024,
  "spectral_slope_mean": -0.00035700997802985137,
  "spectral_spread_mean": 2483.610677072402,
  "spectral_skewness_mean": 1.672329204255916,
  "spectral_kurtosis_mean": 5.994128398433118
}