{
  "mfcc_mean": [
    -133.7803955078125,
    114.78453826904297,
    -9.037787437438965,
    22.310447692871094,
    8.979619979858398,
    19.287086486816406,
    -0.9084113836288452,
    5.2033162117004395,
    -5.935595512390137,
    -3.22507381439209,
    -7.77750301361084,
    0.5037098526954651,
    -2.8391096591949463
  ],
  "mfcc_std": [
    92.85453796386719,
    28.937416076660156,
    22.766447067260742,
    14.426870346069336,
    13.178776741027832,
    8.889893531799316,
    9.362743377685547,
    7.458673000335693,
    7.200325965881348,
    8.981657028198242,
    7.370035171508789,
    6.466554641723633,
    5.862598896026611
  ],
  "spectral_centroid_mean": 1859.4693241951672,
  "spectral_centroid_std": 598.2112343212564,
  "spectral_bandwidth_mean": 2169.790146809009,
  "spectral_bandwidth_std": 479.9686639205853,
  "spectral_rolloff_mean": 3925.0234859871994,
  "spectral_rolloff_std": 1543.6646090511085,
  "spectral_flux_mean": 3088.510986328125,
  "spectral_flux_std": 3868.41162109375,
  "spectral_flatness_mean": 0.011066039092838764,
  "spectral_flatness_std": 0.03176172822713852,
  "spectral_slope_mean": -0.0004910044989595622,
  "spectral_spread_mean": 2169.790148126575,
  "spectral_skewness_mean": 1.8696222006901129,
  "spectral_kurtosis_mean": 6.780964729417507
}