{
  "chroma_mean": [
    0.3841795027256012,
    0.45447880029678345,
    0.4386158585548401,
    0.5026969313621521,
    0.6089897155761719,
    0.4412272572517395,
    0.7098916172981262,
    0.5602307915687561,
    0.4798947274684906,
    0.4497882127761841,
    0.41593655943870544,
    0.7168192267417908
  ],
  "chroma_std": [
    0.1786830574274063,
    0.18767625093460083,
    0.20156562328338623,
    0.22843946516513824,
    0.2994748055934906,
    0.20543090999126434,
    0.2269829511642456,
    0.2731838822364807,
    0.2321050465106964,
    0.2192564606666565,
    0.20702502131462097,
    0.2304220199584961
  ],
  "key_estimation": {
    "key": "C_major",
    "confidence": -0.20521709629818982
  },
  "tonal_complexity": 0.10687707364559174
}