{
  "mfcc_mean": [
    -74.5477066040039,
    84.84764099121094,
    6.187512397766113,
    35.57585906982422,
    13.288620948791504,
    18.86285972595215,
    2.6357064247131348,
    9.750632286071777,
    -0.26677006483078003,
    4.422166347503662,
    1.591480016708374,
    2.1370065212249756,
    -1.9477897882461548
  ],
  "mfcc_std": [
    70.64860534667969,
    25.446067810058594,
    18.786542892456055,
    11.615808486938477,
    9.91091537475586,
    8.011331558227539,
    7.643148422241211,
    7.243913173675537,
    6.547540664672852,
    6.464524745941162,
    6.743692398071289,
    5.2604660987854,
    5.586619853973389
  ],
  "spectral_centroid_mean": 2250.942496142505,
  "spectral_centroid_std": 643.4842803146995,
  "spectral_bandwidth_mean": 2542.9443322289444,
  "spectral_bandwidth_std": 355.0307869998651,
  "spectral_rolloff_mean": 5029.324553178753,
  "spectral_rolloff_std": 1363.9738497734447,
  "spectral_flux_mean": 6159.7353515625,
  "spectral_flux_std": 4801.01171875,
  "spectral_flatness_mean": 0.016702137887477875,
  "spectral_flatness_std": 0.03620840609073639,
  "spectral_slope_mean": -0.0003711900677763817,
  "spectral_spread_mean": 2542.9443314665596,
  "spectral_skewness_mean": 1.4049635042452753,
  "spectral_kurtosis_mean": 4.5109916121139575
}