{
  "meta": {
    "path": "../../data/raw/MIREX-like_mood/dataset/Audio/833.mp3",
    "file_hash": "a96c772a6a777e1824301ae7d666ff8606f0306d",
    "duration_sec": 29.675102040816327,
    "sample_rate": 22050,
    "analysis_timestamp": "2025-10-24T20:15:35.258366",
    "config": {
      "sr": 22050,
      "n_fft": 2048,
      "hop_length": 512,
      "n_mels": 128,
      "n_mfcc": 13,
      "n_chroma": 12,
      "frame_length": 2048,
      "workers": 4,
      "use_crepe": false,
      "save_matrices": false,
      "save_plots": true,
      "force": true,
      "quick": false,
      "verbose": false
    },
    "processing_time_sec": 3.5262582302093506
  },
  "acoustic": {
    "mfcc_mean": [
      -74.5477066040039,
      84.84764099121094,
      6.187512397766113,
      35.57585906982422,
      13.288620948791504,
      18.86285972595215,
      2.6357064247131348,
      9.750632286071777,
      -0.26677006483078003,
      4.422166347503662,
      1.591480016708374,
      2.1370065212249756,
      -1.9477897882461548
    ],
    "mfcc_std": [
      70.64860534667969,
      25.446067810058594,
      18.786542892456055,
      11.615808486938477,
      9.91091537475586,
      8.011331558227539,
      7.643148422241211,
      7.243913173675537,
      6.547540664672852,
      6.464524745941162,
      6.743692398071289,
      5.2604660987854,
      5.586619853973389
    ],
    "spectral_centroid_mean": 2250.942496142505,
    "spectral_centroid_std": 643.4842803146995,
    "spectral_bandwidth_mean": 2542.9443322289444,
    "spectral_bandwidth_std": 355.0307869998651,
    "spectral_rolloff_mean": 5029.324553178753,
    "spectral_rolloff_std": 1363.9738497734447,
    "spectral_flux_mean": 6159.7353515625,
    "spectral_flux_std": 4801.01171875,
    "spectral_flatness_mean": 0.016702137887477875,
    "spectral_flatness_std": 0.03620840609073639,
    "spectral_slope_mean": -0.0003711900677763817,
    "spectral_spread_mean": 2542.9443314665596,
    "spectral_skewness_mean": 1.4049635042452753,
    "spectral_kurtosis_mean": 4.5109916121139575
  },
  "rhythm": {
    "tempo_bpm": 107.666015625,
    "tempo_confidence": 0.9781163652089582,
    "beat_positions": [
      0.18575963718820862,
      0.7198185941043084,
      1.3003174603174603,
      1.8575963718820863,
      2.391655328798186,
      2.972154195011338,
      3.4597732426303853,
      3.947392290249433,
      4.458231292517007,
      5.015510204081632,
      5.572789115646258,
      6.106848072562358,
      6.664126984126984,
      7.22140589569161,
      7.778684807256236,
      8.335963718820862,
      8.893242630385487,
      9.450521541950113,
      10.00780045351474,
      10.565079365079365,
      11.122358276643991,
      11.679637188208616,
      12.236916099773243,
      12.770975056689343,
      13.25859410430839,
      13.746213151927437,
      14.280272108843537,
      14.837551020408164,
      15.394829931972788,
      15.928888888888888,
      16.486167800453515,
      17.04344671201814,
      17.600725623582765,
      18.134784580498867,
      18.692063492063493,
      19.22612244897959,
      19.760181405895693,
      20.317460317460316,
      20.874739229024943,
      21.408798185941045,
      21.942857142857143,
      22.50013605442177,
      23.057414965986396,
      23.61469387755102,
      24.14875283446712,
      24.706031746031748,
      25.2865306122449,
      25.820589569160997,
      26.377868480725624,
      26.911927437641722,
      27.422766439909296
    ],
    "onset_times": [
      0.16253968253968254,
      0.34829931972789113,
      0.5572789115646258,
      0.7198185941043084,
      0.905578231292517,
      1.2770975056689342,
      1.4628571428571429,
      1.6486167800453515,
      1.8343764172335602,
      2.043356009070295,
      2.2058956916099772,
      2.391655328798186,
      2.6006349206349206,
      2.7631746031746034,
      2.972154195011338,
      3.1346938775510202,
      3.3436734693877552,
      3.6919727891156464,
      4.063492063492063,
      4.249251700680272,
      4.435011337868481,
      4.620770975056689,
      4.806530612244898,
      4.992290249433107,
      5.178049886621316,
      5.363809523809524,
      5.5495691609977325,
      5.758548752834467,
      5.921088435374149,
      6.106848072562358,
      6.292607709750567,
      6.478367346938776,
      6.664126984126984,
      6.873106575963718,
      7.198185941043084,
      7.430385487528345,
      7.592925170068027,
      7.778684807256236,
      8.150204081632653,
      8.335963718820862,
      8.52172335600907,
      8.70748299319728,
      8.893242630385487,
      9.079002267573696,
      9.264761904761905,
      9.450521541950113,
      9.613061224489796,
      9.798820861678005,
      9.984580498866213,
      10.170340136054422,
      10.379319727891156,
      10.541859410430838,
      10.727619047619047,
      10.913378684807256,
      11.099138321995465,
      11.284897959183674,
      11.470657596371883,
      11.679637188208616,
      11.865396825396825,
      12.027936507936507,
      12.236916099773243,
      12.585215419501134,
      12.747755102040816,
      12.794195011337868,
      13.165714285714285,
      13.351473922902494,
      13.537233560090703,
      13.722993197278912,
      13.908752834467121,
      14.071292517006803,
      14.257052154195012,
      14.466031746031746,
      14.651791383219955,
      14.837551020408164,
      15.023310657596372,
      15.209070294784581,
      15.371609977324264,
      15.580589569160997,
      15.928888888888888,
      16.486167800453515,
      16.648707482993196,
      16.857687074829933,
      17.205986394557822,
      17.39174603174603,
      17.949024943310658,
      18.552743764172334,
      18.692063492063493,
      18.854603174603174,
      19.435102040816325,
      19.59764172335601,
      19.969160997732427,
      20.154920634920636,
      20.688979591836734,
      21.501678004535147,
      21.757097505668934,
      21.91963718820862,
      22.128616780045352,
      22.291156462585032,
      22.47691609977324,
      22.66267573696145,
      23.034195011337868,
      23.38249433106576,
      23.777233560090703,
      23.962993197278912,
      24.14875283446712,
      24.3112925170068,
      24.49705215419501,
      24.706031746031748,
      25.077551020408162,
      25.26331065759637,
      25.44907029478458,
      25.63482993197279,
      25.797369614512473,
      26.006349206349206,
      26.192108843537415,
      26.377868480725624,
      26.563628117913833,
      26.749387755102042,
      26.93514739229025,
      27.12090702947846,
      27.422766439909296,
      28.281904761904762,
      28.444444444444443,
      28.606984126984127,
      29.00172335600907
    ],
    "rhythm_regularity": 0.9589285951561947,
    "syncopation_index": 0.656,
    "beat_count": 51,
    "onset_count": 125
  },
  "harmony": {
    "chroma_mean": [
      0.34147828817367554,
      0.42751461267471313,
      0.4572692811489105,
      0.6296518445014954,
      0.7543627023696899,
      0.41109567880630493,
      0.3970493674278259,
      0.34149932861328125,
      0.47763484716415405,
      0.4803929626941681,
      0.3862668573856354,
      0.4771374762058258
    ],
    "chroma_std": [
      0.13915598392486572,
      0.2194361835718155,
      0.20912893116474152,
      0.23617176711559296,
      0.25324803590774536,
      0.13448718190193176,
      0.1860705018043518,
      0.1262551248073578,
      0.2569349706172943,
      0.25638896226882935,
      0.19042715430259705,
      0.27759110927581787
    ],
    "key_estimation": {
      "key": "C_major",
      "confidence": -0.19605564360469407
    },
    "tonal_complexity": 0.1144121065735817
  },
  "quality": {
    "snr_db": 33.554194448474085,
    "dynamic_range_db": 16.298710112486553,
    "rms_energy": 0.19987554848194122,
    "zero_crossing_rate": 0.0827253041927287
  },
  "lyrics": {
    "word_count": 208,
    "unique_word_count": 139,
    "sentence_count": 9,