{
  "meta": {
    "path": "../../data/raw/MIREX-like_mood/dataset/Audio/588.mp3",
    "file_hash": "3ccb45e7982fe955dc2b7c376257e882101c515d",
    "duration_sec": 29.15265306122449,
    "sample_rate": 22050,
    "analysis_timestamp": "2025-10-24T20:04:04.385633",
    "config": {
      "sr": 22050,
      "n_fft": 2048,
      "hop_length": 512,
      "n_mels": 128,
      "n_mfcc": 13,
      "n_chroma": 12,
      "frame_length": 2048,
      "workers": 4,
      "use_crepe": false,
      "save_matrices": false,
      "save_plots": true,
      "force": true,
      "quick": false,
      "verbose": false
    },
    "processing_time_sec": 4.821655035018921
  },
  "acoustic": {
    "mfcc_mean": [
      -18.834077835083008,
      69.38148498535156,
      -9.667019844055176,
      23.258176803588867,
      10.501121520996094,
      6.070398807525635,
      6.215859413146973,
      8.559264183044434,
      -0.870678186416626,
      6.111170291900635,
      -2.3814990520477295,
      4.510463714599609,
      -2.680725574493408
    ],
    "mfcc_std": [
      70.44194793701172,
      31.234943389892578,
      18.58277130126953,
      13.146705627441406,
      12.060660362243652,
      8.556451797485352,
      8.631240844726562,
      8.761152267456055,
      8.06342887878418,
      8.098213195800781,
      7.543272018432617,
      6.690098285675049,
      7.496557712554932
    ],
    "spectral_centroid_mean": 2942.4344242860707,
    "spectral_centroid_std": 938.7040431496553,
    "spectral_bandwidth_mean": 2695.864978963128,
    "spectral_bandwidth_std": 399.9251612074833,
    "spectral_rolloff_mean": 5963.720042234773,
    "spectral_rolloff_std": 1676.86690829352,
    "spectral_flux_mean": 10031.544921875,
    "spectral_flux_std": 7367.86572265625,
    "spectral_flatness_mean": 0.04767964780330658,
    "spectral_flatness_std": 0.048501305282115936,
    "spectral_slope_mean": -0.0003261482864517933,
    "spectral_spread_mean": 2695.8649794327985,
    "spectral_skewness_mean": 1.0956908324921724,
    "spectral_kurtosis_mean": 3.7328321139296228
  },
  "rhythm": {
    "tempo_bpm": 143.5546875,
    "tempo_confidence": 0.9849470059263776,
    "beat_positions": [
      0.09287981859410431,
      0.4876190476190476,
      0.905578231292517,
      1.3235374149659864,
      1.7414965986394557,
      2.159455782312925,
      2.6006349206349206,
      3.01859410430839,
      3.436553287981859,
      3.8545124716553287,
      4.249251700680272,
      4.690430839002268,
      5.108390022675737,
      5.5495691609977325,
      5.944308390022676,
      6.408707482993197,
      6.826666666666667,
      7.267845804988662,
      7.662585034013605,
      8.080544217687075,
      8.498503401360544,
      8.93968253968254,
      9.380861678004536,
      9.798820861678005,
      10.216780045351474,
      10.65795918367347,
      11.075918367346938,
      11.493877551020407,
      11.911836734693878,
      12.353015873015874,
      12.770975056689343,
      13.165714285714285,
      13.56045351473923,
      13.978412698412699,
      14.419591836734694,
      14.837551020408164,
      15.255510204081633,
      15.673469387755102,
      16.114648526077097,
      16.532607709750568,
      16.973786848072564,
      17.41496598639456,
      17.832925170068027,
      18.250884353741498,
      18.668843537414965,
      19.06358276643991,
      19.481541950113378,
      19.89950113378685,
      20.317460317460316,
      20.735419501133787,
      21.153378684807254,
      21.571337868480725,
      22.01251700680272,
      22.430476190476192,
      22.871655328798187,
      23.312834467120183,
      23.73079365079365,
      24.171972789115646,
      24.589931972789117,
      25.031111111111112
    ],
    "onset_times": [
      0.06965986394557823,
      0.46439909297052157,
      0.6965986394557823,
      0.905578231292517,
      1.1145578231292517,
      1.2770975056689342,
      1.509297052154195,
      1.7182766439909296,
      2.136235827664399,
      2.391655328798186,
      2.507755102040816,
      2.6006349206349206,
      2.809614512471655,
      3.01859410430839,
      3.2275736961451247,
      3.436553287981859,
      3.8312925170068026,
      4.063492063492063,
      4.2260317460317465,
      4.481451247165533,
      4.690430839002268,
      4.899410430839002,
      5.108390022675737,
      5.456689342403628,
      5.5495691609977325,
      5.758548752834467,
      5.944308390022676,
      6.176507936507937,
      6.408707482993197,
      6.594467120181406,
      6.826666666666667,
      7.151746031746032,
      7.244625850340136,
      7.430385487528345,
      7.592925170068027,
      8.057324263038549,
      8.266303854875284,
      8.428843537414966,
      8.916462585034013,
      9.102222222222222,
      9.1718820861678,
      9.357641723356009,
      9.566621315192744,
      9.775600907029478,
      10.216780045351474,
      10.634739229024943,
      11.075918367346938,
      11.284897959183674,
      11.470657596371883,
      11.702857142857143,
      11.911836734693878,
      12.120816326530612,
      12.30657596371882,
      12.353015873015874,
      12.654875283446712,
      12.747755102040816,
      12.956734693877552,
      13.142494331065759,
      13.56045351473923,
      13.978412698412699,
      14.210612244897959,
      14.419591836734694,
      14.814331065759637,
      15.000090702947846,
      15.046530612244897,
      15.255510204081633,
      15.650249433106575,
      15.836009070294784,
      15.905668934240364,
      16.091428571428573,
      16.300408163265306,
      16.532607709750568,
      16.788027210884355,
      16.950566893424035,
      17.41496598639456,
      17.809705215419502,
      18.018684807256236,
      18.22766439909297,
      18.83138321995465,
      19.040362811791383,
      19.272562358276645,
      19.481541950113378,
      19.71374149659864,
      19.89950113378685,
      20.108480725623583,
      20.317460317460316,
      20.735419501133787,
      21.153378684807254,
      21.385578231292516,
      21.5481179138322,
      21.803537414965987,
      22.01251700680272,
      22.244716553287983,
      22.407256235827663,
      22.871655328798187,
      23.08063492063492,
      23.289614512471655,
      23.49859410430839,
      23.73079365079365,
      24.171972789115646,
      24.38095238095238,
      24.589931972789117,
      24.79891156462585,
      24.938231292517006,
      25.031111111111112,
      25.21687074829932,
      25.425850340136055,
      25.86702947845805,
      26.09922902494331,
      26.284988662131518,
      26.51718820861678,
      26.726167800453513,
      26.93514739229025,
      27.144126984126984,
      27.58530612244898,
      28.003265306122447,
      28.212244897959184,
      28.46766439909297,
      28.606984126984127,
      28.862403628117914,
      29.094603174603176
    ],
    "rhythm_regularity": 0.9638426669665782,
    "syncopation_index": 0.4793388429752066,
    "beat_count": 60,
    "onset_count": 121
  },
  "harmony": {
    "chroma_mean": [
      0.4665263593196869,
      0.6664535403251648,
      0.5802456140518188,
      0.6063446402549744,
      0.5351905226707458,
      0.5754051804542542,
      0.5934780836105347,
      0.4413263201713562,
      0.367118239402771,
      0.3635977804660797,
      0.38540953397750854,
      0.4937611520290375
    ],
    "chroma_std": [
      0.20026884973049164,
      0.2575809061527252,
      0.2189306765794754,
      0.24404850602149963,
      0.23287393152713776,
      0.22808553278446198,
      0.2938326299190521,
      0.24261774122714996,
      0.1451362669467926,
      0.15969952940940857,
      0.1709287017583847,
      0.2520473599433899
    ],
    "key_estimation": {
      "key": "C_minor",
      "confidence": -0.1260381020962861
    },
    "tonal_complexity": 0.09774411469697952
  },
  "quality": {
    "snr_db": 35.0978028647796,
    "dynamic_range_db": 14.997783363772207,
    "rms_energy": 0.23368844389915466,