{
  "meta": {
    "path": "../../data/raw/MIREX-like_mood/dataset/Audio/510.mp3",
    "file_hash": "9a7b1ab92c7204b5635c93652e6b6d4befe9daad",
    "duration_sec": 29.675102040816327,
    "sample_rate": 22050,
    "analysis_timestamp": "2025-10-24T20:13:34.686563",
    "config": {
      "sr": 22050,
      "n_fft": 2048,
      "hop_length": 512,
      "n_mels": 128,
      "n_mfcc": 13,
      "n_chroma": 12,
      "frame_length": 2048,
      "workers": 4,
      "use_crepe": false,
      "save_matrices": false,
      "save_plots": true,
      "force": true,
      "quick": false,
      "verbose": false
    },
    "processing_time_sec": 2.886261224746704
  },
  "acoustic": {
    "mfcc_mean": [
      -125.78431701660156,
      80.42652893066406,
      10.375012397766113,
      11.76999568939209,
      -7.075170993804932,
      3.7192883491516113,
      4.642642021179199,
      -2.5393970012664795,
      -7.882879734039307,
      4.157838344573975,
      -1.933461308479309,
      2.564798355102539,
      -8.853949546813965
    ],
    "mfcc_std": [
      83.17571258544922,
      25.099950790405273,
      15.386181831359863,
      22.731767654418945,
      13.010010719299316,
      9.284278869628906,
      8.65765380859375,
      8.368760108947754,
      8.770752906799316,
      9.711761474609375,
      8.985766410827637,
      8.125572204589844,
      9.264397621154785
    ],
    "spectral_centroid_mean": 2816.354120658901,
    "spectral_centroid_std": 652.6469457182901,
    "spectral_bandwidth_mean": 2837.367197803548,
    "spectral_bandwidth_std": 352.0713511499447,
    "spectral_rolloff_mean": 6234.4683995369915,
    "spectral_rolloff_std": 1523.0818519338666,
    "spectral_flux_mean": 1473.5445556640625,
    "spectral_flux_std": 1863.74365234375,
    "spectral_flatness_mean": 0.019204439595341682,
    "spectral_flatness_std": 0.03456000238656998,
    "spectral_slope_mean": -0.0003312484277012881,
    "spectral_spread_mean": 2837.367197166459,
    "spectral_skewness_mean": 1.09607799933646,
    "spectral_kurtosis_mean": 3.375244439556958
  },
  "rhythm": {
    "tempo_bpm": 172.265625,
    "tempo_confidence": 0.9862985946153607,
    "beat_positions": [
      0.16253968253968254,
      0.46439909297052157,
      0.8126984126984127,
      1.1609977324263039,
      1.509297052154195,
      1.8575963718820863,
      2.2291156462585033,
      2.6006349206349206,
      2.948934240362812,
      3.274013605442177,
      3.622312925170068,
      3.9706122448979593,
      4.342131519274377,
      4.690430839002268,
      5.038730158730159,
      5.38702947845805,
      5.712108843537415,
      6.060408163265306,
      6.408707482993197,
      6.733786848072563,
      7.082086167800454,
      7.430385487528345,
      7.778684807256236,
      8.126984126984127,
      8.498503401360544,
      8.846802721088435,
      9.195102040816327,
      9.543401360544218,
      9.891700680272109,
      10.24,
      10.588299319727891,
      10.913378684807256,
      11.261678004535147,
      11.609977324263038,
      11.95827664399093,
      12.283356009070294,
      12.631655328798185,
      12.979954648526077,
      13.328253968253968,
      13.676553287981859,
      14.048072562358277,
      14.373151927437641,
      14.721451247165533,
      15.046530612244897,
      15.394829931972788,
      15.74312925170068,
      16.091428571428573,
      16.439727891156462,
      16.764807256235827,
      17.11310657596372,
      17.46140589569161,
      17.809705215419502,
      18.15800453514739,
      18.506303854875284,
      18.854603174603174,
      19.202902494331067,
      19.551201814058956,
      19.922721088435374,
      20.24780045351474,
      20.572879818594103,
      20.921179138321996,
      21.292698412698414,
      21.66421768707483,
      22.01251700680272,
      22.337596371882086,
      22.66267573696145,
      22.987755102040815,
      23.336054421768708,
      23.684353741496597,
      24.03265306122449,
      24.404172335600908,
      24.752471655328797,
      25.123990929705215,
      25.472290249433108,
      25.797369614512473,
      26.145668934240362,
      26.51718820861678,
      26.865487528344673,
      27.213786848072562,
      27.562086167800455,
      27.88716553287982,
      28.23546485260771,
      28.583764172335602,
      28.93206349206349,
      29.257142857142856,
      29.60544217687075
    ],
    "onset_times": [
      0.13931972789115646,
      0.44117913832199546,
      0.9984580498866213,
      1.1609977324263039,
      1.509297052154195,
      1.8343764172335602,
      2.2523356009070294,
      2.948934240362812,
      3.111473922902494,
      3.2275736961451247,
      3.274013605442177,
      3.599092970521542,
      3.947392290249433,
      5.015510204081632,
      5.224489795918367,
      5.317369614512471,
      5.363809523809524,
      5.688888888888889,
      6.03718820861678,
      6.548027210884354,
      6.710566893424036,
      7.058866213151927,
      7.4071655328798185,
      7.592925170068027,
      7.801904761904762,
      8.126984126984127,
      8.475283446712018,
      8.70748299319728,
      8.823582766439909,
      9.1718820861678,
      9.520181405895691,
      10.565079365079365,
      10.727619047619047,
      10.89015873015873,
      10.936598639455783,
      11.23845804988662,
      11.586757369614512,
      11.95827664399093,
      12.144036281179138,
      12.283356009070294,
      12.329795918367347,
      12.60843537414966,
      12.956734693877552,
      14.02485260770975,
      14.210612244897959,
      14.373151927437641,
      14.698231292517006,
      15.000090702947846,
      15.557369614512472,
      15.719909297052155,
      16.091428571428573,
      16.46294784580499,
      17.08988662131519,
      17.647165532879818,
      17.786485260770974,
      17.832925170068027,
      18.134784580498867,
      18.483083900226756,
      19.17968253968254,
      19.551201814058956,
      19.783401360544218,
      19.89950113378685,
      20.224580498866214,
      20.572879818594103,
      20.921179138321996,
      21.269478458049885,
      21.640997732426303,
      21.91963718820862,
      21.989297052154196,
      22.175056689342405,
      22.31437641723356,
      22.453696145124717,
      22.639455782312925,
      23.196734693877552,
      23.312834467120183,
      23.684353741496597,
      24.009433106575965,
      24.427392290249433,
      25.10077097505669,
      25.33297052154195,
      25.472290249433108,
      25.797369614512473,
      26.122448979591837,
      26.493968253968255,
      27.190566893424037,
      27.237006802721087,
      27.39954648526077,
      27.562086167800455,
      27.88716553287982,
      28.212244897959184,
      28.76952380952381,
      28.908843537414967,
      29.23392290249433,
      29.60544217687075
    ],
    "rhythm_regularity": 0.9598953244949802,
    "syncopation_index": 0.19148936170212766,
    "beat_count": 86,
    "onset_count": 94
  },
  "harmony": {
    "chroma_mean": [
      0.5399609208106995,
      0.3250204026699066,
      0.35007378458976746,
      0.4236133396625519,
      0.3647369146347046,
      0.512385904788971,
      0.3024488091468811,
      0.41488024592399597,
      0.2991909384727478,
      0.344877153635025,
      0.49552205204963684,
      0.3910316526889801
    ],
    "chroma_std": [
      0.33394649624824524,
      0.23001813888549805,
      0.19506509602069855,
      0.26944562792778015,
      0.19415076076984406,
      0.31497201323509216,
      0.18105678260326385,
      0.24760957062244415,
      0.17429976165294647,
      0.2100817710161209,
      0.31321150064468384,
      0.21451301872730255
    ],
    "key_estimation": {
      "key": "C_minor",
      "confidence": 0.5872287397431444
    },
    "tonal_complexity": 0.07861790060997009
  },
  "quality": {
    "snr_db": 39.09589234219462,
    "dynamic_range_db": 21.62356727971708,
    "rms_energy": 0.1183265820145607,
    "zero_crossing_rate": 0.14145381829065676
  },