{
  "chroma_mean": [
    0.6372301578521729,
    0.5171342492103577,
    0.5606140494346619,
    0.42113226652145386,
    0.6190780997276306,
    0.4546620845794678,
    0.46106958389282227,
    0.541892409324646,
    0.46795517206192017,
    0.6387304067611694,
    0.3668791353702545,
    0.5550191402435303
  ],
  "chroma_std": [
    0.23929500579833984,
    0.16447894275188446,
    0.23445925116539001,
    0.14004015922546387,
    0.25306788086891174,
    0.1818392276763916,
    0.22779147326946259,
    0.28245481848716736,
    0.22297008335590363,
    0.30057111382484436,
    0.12223460525274277,
    0.1881893426179886
  ],
  "key_estimation": {
    "key": "C_major",
    "confidence": 0.6567953378537945
  },
  "tonal_complexity": 0.0840093120932579
}