{
  "snr_db": 34.08390245466834,
  "dynamic_range_db": 18.021662710337875,
  "rms_energy": 0.1651143580675125,
  "zero_crossing_rate": 0.08176134003616106
}