{
  "mfcc_mean": [
    -179.81243896484375,
    132.0355224609375,
    -25.443485260009766,
    23.617197036743164,
    12.152364730834961,
    -7.33258581161499,
    -1.7839359045028687,
    -0.7085987329483032,
    -7.408876419067383,
    4.558899879455566,
    -11.437973022460938,
    -1.9106175899505615,
    -2.5480597019195557
  ],
  "mfcc_std": [
    91.53677368164062,
    33.56633758544922,
    26.201520919799805,
    17.01317024230957,
    14.618875503540039,
    18.72793960571289,
    10.705341339111328,
    8.521331787109375,
    12.429418563842773,
    9.340348243713379,
    10.12292766571045,
    9.123202323913574,
    8.016667366027832
  ],
  "spectral_centroid_mean": 1689.4236933005495,
  "spectral_centroid_std": 637.5082006933982,
  "spectral_bandwidth_mean": 1817.4498953507978,
  "spectral_bandwidth_std": 508.14956483381974,
  "spectral_rolloff_mean": 3237.23677097586,
  "spectral_rolloff_std": 1404.9297529175442,
  "spectral_flux_mean": 1495.0396728515625,
  "spectral_flux_std": 2180.01904296875,
  "spectral_flatness_mean": 0.008109654299914837,
  "spectral_flatness_std": 0.03464885428547859,
  "spectral_slope_mean": -0.0005701440340324038,
  "spectral_spread_mean": 1817.4498948055902,
  "spectral_skewness_mean": 2.214008708657665,
  "spectral_kurtosis_mean": 9.812713320820102
}