{
  "tempo_bpm": 92.28515625,
  "tempo_confidence": 0.9510798827891978,
  "beat_positions": [
    0.16253968253968254,
    0.8823582766439909,
    1.5325170068027212,
    2.2058956916099772,
    2.8560544217687074,
    3.5062131519274375,
    4.179591836734694,
    4.85297052154195,
    5.50312925170068,
    6.176507936507937,
    6.826666666666667,
    7.453605442176871,
    8.17342403628118,
    8.777142857142858,
    9.357641723356009,
    10.077460317460318,
    10.727619047619047,
    11.284897959183674,
    11.842176870748299,
    12.49233560090703,
    13.049614512471654,
    13.606893424036281,
    14.257052154195012,
    14.814331065759637,
    15.371609977324264,
    16.021768707482995,
    16.579047619047618,
    17.136326530612244,
    17.809705215419502,
    18.36698412698413,
    18.92426303854875,
    19.551201814058956,
    20.108480725623583,
    20.66575963718821,
    21.269478458049885,
    21.849977324263037,
    22.430476190476192,
    23.08063492063492,
    23.754013605442175,
    24.404172335600908,
    25.077551020408162,
    25.727709750566895,
    26.40108843537415,
    27.051247165532878,
    27.70140589569161
  ],
  "onset_times": [
    0.13931972789115646,
    0.8823582766439909,
    2.6238548752834467,
    3.111473922902494,
    3.320453514739229,
    3.7384126984126986,
    3.9938321995464854,
    4.435011337868481,
    4.829750566893424,
    5.061950113378685,
    5.479909297052155,
    5.712108843537415,
    6.15328798185941,
    6.5712471655328795,
    6.8034467120181406,
    7.22140589569161,
    7.430385487528345,
    7.87156462585034,
    8.17342403628118,
    8.452063492063493,
    8.753922902494331,
    9.05578231292517,
    9.334421768707482,
    9.636281179138322,
    10.054240362811791,
    10.286439909297052,
    10.750839002267574,
    10.95981859410431,
    11.42421768707483,
    11.818956916099774,
    12.051156462585034,
    12.49233560090703,
    12.72453514739229,
    13.165714285714285,
    13.583673469387755,
    13.815873015873017,
    14.257052154195012,
    14.512471655328799,
    14.883990929705215,
    14.930430839002268,
    15.348390022675737,
    15.603809523809524,
    15.81278911564626,
    16.021768707482995,
    16.253968253968253,
    16.69514739229025,
    17.136326530612244,
    17.345306122448978,
    17.600725623582765,
    17.786485260770974,
    17.99546485260771,
    18.45986394557823,
    18.692063492063493,
    18.901043083900227,
    19.13324263038549,
    19.342222222222222,
    19.52798185941043,
    19.783401360544218,
    20.224580498866214,
    20.64253968253968,
    20.874739229024943,
    21.13015873015873,
    21.31591836734694,
    21.5481179138322,
    21.966077097505668,
    22.407256235827663,
    22.639455782312925,
    22.871655328798187,
    23.057414965986396,
    23.289614512471655,
    23.962993197278912,
    24.14875283446712,
    24.636371882086166,
    25.054331065759637,
    25.518730158730158,
    25.727709750566895,
    25.913469387755104,
    26.16888888888889,
    26.81904761904762,
    27.70140589569161,
    28.189024943310656,
    28.606984126984127,
    29.071383219954647,
    29.489342403628118
  ],
  "rhythm_regularity": 0.9178179228936848,
  "syncopation_index": 0.6309523809523809,
  "beat_count": 45,
  "onset_count": 84
}