{
  "chroma_mean": [
    0.4654972553253174,
    0.5643448233604431,
    0.5054740905761719,
    0.5689871907234192,
    0.662081241607666,
    0.6706563830375671,
    0.6509686708450317,
    0.5569605231285095,
    0.7203166484832764,
    0.6840879917144775,
    0.6077284812927246,
    0.47694146633148193
  ],
  "chroma_std": [
    0.1494368612766266,
    0.22689078748226166,
    0.18841494619846344,
    0.2079458385705948,
    0.2060234397649765,
    0.20040930807590485,
    0.24253161251544952,
    0.19067014753818512,
    0.21536487340927124,
    0.20932745933532715,
    0.19846978783607483,
    0.18472754955291748
  ],
  "key_estimation": {
    "key": "C_major",
    "confidence": -0.3095362994718883
  },
  "tonal_complexity": 0.08110864460468292
}