{
  "mfcc_mean": [
    -112.56404876708984,
    68.41437530517578,
    11.85989761352539,
    27.359142303466797,
    3.3590943813323975,
    -1.6985983848571777,
    -3.0072827339172363,
    1.7441763877868652,
    -6.452303409576416,
    -3.5242276191711426,
    -8.403826713562012,
    -0.067729152739048,
    -0.4011269509792328
  ],
  "mfcc_std": [
    119.39554595947266,
    38.45994186401367,
    28.12335205078125,
    21.33121109008789,
    15.706879615783691,
    14.36767864227295,
    13.863624572753906,
    10.553558349609375,
    10.377988815307617,
    10.620004653930664,
    9.979729652404785,
    8.524687767028809,
    9.021329879760742
  ],
  "spectral_centroid_mean": 2741.7110997945374,
  "spectral_centroid_std": 1209.2130361188429,
  "spectral_bandwidth_mean": 2592.920914312233,
  "spectral_bandwidth_std": 651.4196258752775,
  "spectral_rolloff_mean": 5590.795986236813,
  "spectral_rolloff_std": 2161.3348157906194,
  "spectral_flux_mean": 5315.57763671875,
  "spectral_flux_std": 8439.1123046875,
  "spectral_flatness_mean": 0.045267485082149506,
  "spectral_flatness_std": 0.08575541526079178,
  "spectral_slope_mean": -0.00020966751283595653,
  "spectral_spread_mean": 2603.218951967355,
  "spectral_skewness_mean": 1.383507970280747,
  "spectral_kurtosis_mean": 6.6576606193350125
}