{
  "mfcc_mean": [
    -310.4894714355469,
    32.43903732299805,
    -12.511926651000977,
    2.9537312984466553,
    -17.98611068725586,
    -8.186823844909668,
    4.946441173553467,
    -13.410248756408691,
    -1.2000699043273926,
    3.6605348587036133,
    -13.066119194030762,
    4.972273349761963,
    6.1379241943359375
  ],
  "mfcc_std": [
    90.02188873291016,
    37.01695251464844,
    27.780792236328125,
    28.06060791015625,
    17.818878173828125,
    16.474294662475586,
    13.604666709899902,
    14.872443199157715,
    12.834407806396484,
    12.458601951599121,
    13.516222953796387,
    14.282315254211426,
    18.401636123657227
  ],
  "spectral_centroid_mean": 2742.79983340883,
  "spectral_centroid_std": 1429.1788818060845,
  "spectral_bandwidth_mean": 2403.3997583960727,
  "spectral_bandwidth_std": 476.34770203864457,
  "spectral_rolloff_mean": 5024.3647207778595,
  "spectral_rolloff_std": 2253.250829922027,
  "spectral_flux_mean": 1721.9837646484375,
  "spectral_flux_std": 3161.888427734375,
  "spectral_flatness_mean": 0.06631644070148468,
  "spectral_flatness_std": 0.14345932006835938,
  "spectral_slope_mean": -0.00021936925035845984,
  "spectral_spread_mean": 2403.3997592824717,
  "spectral_skewness_mean": 1.5397346337669637,
  "spectral_kurtosis_mean": 5.939896700448387
}