{
  "mfcc_mean": [
    15.38992977142334,
    46.11580276489258,
    -30.612520217895508,
    35.55599594116211,
    4.879268646240234,
    13.2067232131958,
    1.2769707441329956,
    9.19328498840332,
    -3.844172716140747,
    4.815080165863037,
    -5.237742900848389,
    4.513775825500488,
    -4.162075996398926
  ],
  "mfcc_std": [
    54.6229133605957,
    11.648086547851562,
    12.768218994140625,
    12.516190528869629,
    7.597430229187012,
    6.376610279083252,
    6.606873512268066,
    5.797408103942871,
    5.466436862945557,
    4.801784992218018,
    4.757180690765381,
    4.960580825805664,
    4.820225715637207
  ],
  "spectral_centroid_mean": 3257.975591236249,
  "spectral_centroid_std": 287.43493792996003,
  "spectral_bandwidth_mean": 2468.350046993409,
  "spectral_bandwidth_std": 217.31842348366243,
  "spectral_rolloff_mean": 6015.146243861171,
  "spectral_rolloff_std": 689.819153861413,
  "spectral_flux_mean": 8179.2666015625,
  "spectral_flux_std": 4626.02294921875,
  "spectral_flatness_mean": 0.081748828291893,
  "spectral_flatness_std": 0.04292997717857361,
  "spectral_slope_mean": -0.0003816623229462845,
  "spectral_spread_mean": 2468.3500470164595,
  "spectral_skewness_mean": 0.8316653531199185,
  "spectral_kurtosis_mean": 3.116067360439313
}