{
  "snr_db": 34.8592850281767,
  "dynamic_range_db": 19.33687667131563,
  "rms_energy": 0.1461644172668457,
  "zero_crossing_rate": 0.13607967039679436
}