{
  "chroma_mean": [
    0.31286779046058655,
    0.2390848994255066,
    0.3151741921901703,
    0.3686337471008301,
    0.23616406321525574,
    0.3458232581615448,
    0.22312398254871368,
    0.21883167326450348,
    0.19317665696144104,
    0.2656121551990509,
    0.441410630941391,
    0.2560369670391083
  ],
  "chroma_std": [
    0.3429495394229889,
    0.2883911728858948,
    0.36156147718429565,
    0.3783808648586273,
    0.2720166742801666,
    0.3853495419025421,
    0.27859222888946533,
    0.27871668338775635,
    0.2626585364341736,
    0.28882652521133423,
    0.38064542412757874,
    0.3000854253768921
  ],
  "key_estimation": {
    "key": "C_minor",
    "confidence": 0.26077111691206234
  },
  "tonal_complexity": 0.07023198902606964
}