{
  "mfcc_mean": [
    -317.4010009765625,
    41.56735610961914,
    -13.214067459106445,
    18.74132537841797,
    -11.545402526855469,
    -16.077566146850586,
    3.073047399520874,
    -6.461916446685791,
    4.752918243408203,
    1.7033048868179321,
    -15.831862449645996,
    5.489935398101807,
    -1.4251153469085693
  ],
  "mfcc_std": [
    130.68319702148438,
    36.0003662109375,
    23.802690505981445,
    24.841327667236328,
    15.948089599609375,
    22.620424270629883,
    11.575031280517578,
    13.332023620605469,
    12.242413520812988,
    11.484580039978027,
    14.209500312805176,
    9.659159660339355,
    13.463042259216309
  ],
  "spectral_centroid_mean": 2844.5372512021568,
  "spectral_centroid_std": 1603.8643716053625,
  "spectral_bandwidth_mean": 2359.214649439878,
  "spectral_bandwidth_std": 534.782125304483,
  "spectral_rolloff_mean": 5104.141836040567,
  "spectral_rolloff_std": 2626.1860396952816,
  "spectral_flux_mean": 2369.6513671875,
  "spectral_flux_std": 4428.2109375,
  "spectral_flatness_mean": 0.11968625336885452,
  "spectral_flatness_std": 0.19363875687122345,
  "spectral_slope_mean": -0.0002629936329788917,
  "spectral_spread_mean": 2359.214648880245,
  "spectral_skewness_mean": 1.458408327517776,
  "spectral_kurtosis_mean": 6.093222517742969
}