{
  "chroma_mean": [
    0.6762005686759949,
    0.4601289629936218,
    0.585186779499054,
    0.5421825051307678,
    0.5312548279762268,
    0.4771880805492401,
    0.4969499111175537,
    0.6197834610939026,
    0.5030725002288818,
    0.4880056083202362,
    0.659767746925354,
    0.49671444296836853
  ],
  "chroma_std": [
    0.27208036184310913,
    0.1579529494047165,
    0.23645856976509094,
    0.2480471134185791,
    0.2110668122768402,
    0.17787043750286102,
    0.1923152357339859,
    0.2545599043369293,
    0.23998123407363892,
    0.17282161116600037,
    0.2530883252620697,
    0.18851283192634583
  ],
  "key_estimation": {
    "key": "C_minor",
    "confidence": 0.627156609113073
  },
  "tonal_complexity": 0.0702594667673111
}