{
  "mfcc_mean": [
    -56.083984375,
    113.35545349121094,
    -17.973419189453125,
    21.783788681030273,
    -3.069056749343872,
    18.129106521606445,
    6.480533123016357,
    13.340600967407227,
    1.3082871437072754,
    0.16965773701667786,
    -13.170711517333984,
    -1.8076515197753906,
    -9.86518669128418
  ],
  "mfcc_std": [
    92.65697479248047,
    25.521404266357422,
    20.477109909057617,
    12.472047805786133,
    10.189214706420898,
    6.482538223266602,
    8.888237953186035,
    9.360713958740234,
    10.143630027770996,
    9.570799827575684,
    5.538804054260254,
    7.488741874694824,
    5.52700662612915
  ],
  "spectral_centroid_mean": 1864.6695407845002,
  "spectral_centroid_std": 555.3719585854502,
  "spectral_bandwidth_mean": 2045.0255108347426,
  "spectral_bandwidth_std": 426.9433898918579,
  "spectral_rolloff_mean": 3856.9519186131743,
  "spectral_rolloff_std": 1254.6251255070365,
  "spectral_flux_mean": 6381.671875,
  "spectral_flux_std": 4136.07470703125,
  "spectral_flatness_mean": 0.01398826390504837,
  "spectral_flatness_std": 0.0329827219247818,
  "spectral_slope_mean": -0.0005123264456528585,
  "spectral_spread_mean": 2045.0255093604233,
  "spectral_skewness_mean": 1.8452837865531682,
  "spectral_kurtosis_mean": 7.521428747021894
}