{
  "chroma_mean": [
    0.50257807970047,
    0.7628891468048096,
    0.6414435505867004,
    0.4307187795639038,
    0.3641344904899597,
    0.4205276370048523,
    0.4191878139972687,
    0.458347886800766,
    0.4642980098724365,
    0.607361376285553,
    0.51662677526474,
    0.462314248085022
  ],
  "chroma_std": [
    0.18907970190048218,
    0.23366910219192505,
    0.2528899312019348,
    0.19459712505340576,
    0.17334270477294922,
    0.22131283581256866,
    0.22496739029884338,
    0.23523394763469696,
    0.20358283817768097,
    0.3102383315563202,
    0.22076551616191864,
    0.2059711217880249
  ],
  "key_estimation": {
    "key": "C_minor",
    "confidence": -0.19629062951310855
  },
  "tonal_complexity": 0.10849353671073914
}