{
  "chroma_mean": [
    0.35594427585601807,
    0.36693042516708374,
    0.3206760883331299,
    0.3719383478164673,
    0.3905346095561981,
    0.5935499668121338,
    0.6638340353965759,
    0.529533863067627,
    0.420594185590744,
    0.48755958676338196,
    0.5842359066009521,
    0.513024091720581
  ],
  "chroma_std": [
    0.21822583675384521,
    0.21542371809482574,
    0.1710028350353241,
    0.22268567979335785,
    0.2317170649766922,
    0.3016854226589203,
    0.2337491810321808,
    0.2550877332687378,
    0.20699912309646606,
    0.250521719455719,
    0.2633400559425354,
    0.2725329101085663
  ],
  "key_estimation": {
    "key": "C_major",
    "confidence": -0.16797490384785208
  },
  "tonal_complexity": 0.10635893791913986
}