{
  "meta": {
    "path": "../../data/raw/MIREX-like_mood/dataset/Audio/516.mp3",
    "file_hash": "3a971a054e2732172ec8099563de655d9b627d53",
    "duration_sec": 29.675102040816327,
    "sample_rate": 22050,
    "analysis_timestamp": "2025-10-24T20:20:37.680032",
    "config": {
      "sr": 22050,
      "n_fft": 2048,
      "hop_length": 512,
      "n_mels": 128,
      "n_mfcc": 13,
      "n_chroma": 12,
      "frame_length": 2048,
      "workers": 4,
      "use_crepe": false,
      "save_matrices": false,
      "save_plots": true,
      "force": true,
      "quick": false,
      "verbose": false
    },
    "processing_time_sec": 4.1632654666900635
  },
  "acoustic": {
    "mfcc_mean": [
      -63.358909606933594,
      89.62492370605469,
      -30.367828369140625,
      49.10813522338867,
      -16.795852661132812,
      12.680291175842285,
      3.6843760013580322,
      4.5419769287109375,
      -3.43104887008667,
      10.881292343139648,
      -6.917950630187988,
      11.34666633605957,
      -12.005739212036133
    ],
    "mfcc_std": [
      76.81302642822266,
      21.46244239807129,
      17.910242080688477,
      16.009679794311523,
      13.905333518981934,
      9.133292198181152,
      10.822066307067871,
      9.166854858398438,
      8.739325523376465,
      9.943345069885254,
      7.512193202972412,
      8.528016090393066,
      7.0877861976623535
    ],
    "spectral_centroid_mean": 2438.6849347173497,
    "spectral_centroid_std": 401.2195796338798,
    "spectral_bandwidth_mean": 2105.0901223122273,
    "spectral_bandwidth_std": 252.03393504534583,
    "spectral_rolloff_mean": 4606.110406537089,
    "spectral_rolloff_std": 698.597313664516,
    "spectral_flux_mean": 4326.08935546875,
    "spectral_flux_std": 3074.10400390625,
    "spectral_flatness_mean": 0.014614460058510303,
    "spectral_flatness_std": 0.037077415734529495,
    "spectral_slope_mean": -0.0006165377148586574,
    "spectral_spread_mean": 2105.0901211920836,
    "spectral_skewness_mean": 1.0602686666803447,
    "spectral_kurtosis_mean": 3.9286508156916295
  },
  "rhythm": {
    "tempo_bpm": 112.34714673913044,
    "tempo_confidence": 0.9852122527514313,
    "beat_positions": [
      0.25541950113378686,
      0.7430385487528345,
      1.253877551020408,
      1.7414965986394557,
      2.2523356009070294,
      2.7631746031746034,
      3.320453514739229,
      3.877732426303855,
      4.4117913832199545,
      4.9458503401360545,
      5.479909297052155,
      6.013968253968254,
      6.548027210884354,
      7.082086167800454,
      7.616145124716553,
      8.150204081632653,
      8.684263038548753,
      9.241541950113378,
      9.775600907029478,
      10.309659863945578,
      10.843718820861678,
      11.377777777777778,
      11.911836734693878,
      12.445895691609977,
      12.979954648526077,
      13.514013605442177,
      14.071292517006803,
      14.582131519274377,
      15.139410430839002,
      15.673469387755102,
      16.207528344671204,
      16.741587301587302,
      17.2756462585034,
      17.832925170068027,
      18.36698412698413,
      18.877823129251702,
      19.4118820861678,
      19.9459410430839,
      20.48,
      21.0140589569161,
      21.5481179138322,
      22.105396825396827,
      22.639455782312925,
      23.173514739229024,
      23.707573696145126,
      24.264852607709752,
      24.79891156462585,
      25.33297052154195,
      25.86702947845805,
      26.40108843537415,
      26.93514739229025,
      27.46920634920635,
      28.003265306122447,
      28.53732426303855,
      29.094603174603176,
      29.60544217687075
    ],
    "onset_times": [
      0.23219954648526078,
      0.5108390022675737,
      0.5804988662131519,
      0.905578231292517,
      1.253877551020408,
      1.6021768707482993,
      2.2058956916099772,
      2.7399546485260773,
      3.0418140589569163,
      3.297233560090703,
      3.4597732426303853,
      3.599092970521542,
      3.7151927437641725,
      3.8545124716553287,
      4.388571428571429,
      4.922630385487528,
      5.456689342403628,
      5.735328798185941,
      6.013968253968254,
      6.292607709750567,
      6.524807256235827,
      6.8034467120181406,
      7.082086167800454,
      7.616145124716553,
      7.87156462585034,
      8.150204081632653,
      8.661043083900227,
      8.962902494331066,
      9.241541950113378,
      9.496961451247165,
      9.775600907029478,
      10.031020408163265,
      10.286439909297052,
      10.565079365079365,
      10.820498866213152,
      11.099138321995465,
      11.354557823129252,
      11.633197278911565,
      11.888616780045352,
      12.144036281179138,
      12.422675736961452,
      12.979954648526077,
      13.514013605442177,
      13.815873015873017,
      14.048072562358277,
      14.32671201814059,
      14.86077097505669,
      15.116190476190477,
      15.394829931972788,
      15.650249433106575,
      15.952108843537415,
      16.207528344671204,
      16.46294784580499,
      16.741587301587302,
      17.020226757369613,
      17.252426303854875,
      17.554285714285715,
      17.809705215419502,
      18.06512471655329,
      18.3437641723356,
      18.599183673469387,
      18.877823129251702,
      19.156462585034014,
      19.4118820861678,
      19.690521541950112,
      19.922721088435374,
      20.224580498866214,
      20.456780045351476,
      20.735419501133787,
      20.990839002267574,
      21.292698412698414,
      21.524897959183672,
      21.826757369614512,
      22.0821768707483,
      22.360816326530614,
      22.639455782312925,
      22.894875283446712,
      23.1502947845805,
      23.45215419501134,
      23.707573696145126,
      23.962993197278912,
      24.241632653061224,
      24.775691609977326,
      25.054331065759637,
      25.309750566893424,
      25.588390022675735,
      25.843809523809522,
      26.09922902494331,
      26.40108843537415,
      26.656507936507936,
      26.93514739229025,
      27.213786848072562,
      27.46920634920635,
      27.74784580498866,
      27.980045351473922,
      28.258684807256238,
      28.53732426303855,
      28.83918367346939,
      29.071383219954647,
      29.350022675736962,
      29.58222222222222
    ],
    "rhythm_regularity": 0.9718728024768493,
    "syncopation_index": 0.4752475247524752,
    "beat_count": 56,
    "onset_count": 101
  },
  "harmony": {
    "chroma_mean": [
      0.3244938254356384,
      0.47154125571250916,
      0.3556545674800873,
      0.5901384949684143,
      0.535812258720398,
      0.4164859652519226,
      0.4544711709022522,
      0.4310961663722992,
      0.7350189685821533,
      0.5225632786750793,
      0.38825342059135437,
      0.41982781887054443
    ],
    "chroma_std": [
      0.1492469161748886,
      0.26552411913871765,
      0.16959942877292633,
      0.23909972608089447,
      0.24818046391010284,
      0.1685413420200348,
      0.21195045113563538,
      0.17029477655887604,
      0.262370765209198,
      0.24138711392879486,
      0.14801684021949768,
      0.2761772871017456
    ],
    "key_estimation": {
      "key": "C_minor",
      "confidence": -0.11422098148543322
    },
    "tonal_complexity": 0.10794579237699509
  },
  "quality": {
    "snr_db": 35.50779817971177,
    "dynamic_range_db": 18.48600699240575,
    "rms_energy": 0.1576995849609375,
    "zero_crossing_rate": 0.15248882183346366
  },
  "lyrics": {
    "word_count": 97,
    "unique_word_count": 61,
    "sentence_count": 3,
    "avg_words_per_sentence": 32.333333333333336,
    "readability": null,
    "sentiment_analysis": null,
    "topic_keywords": [
      "the",
      "And",
      "winter's",
      "day",
      "All",
      "leaves",
      "are",
      "brown",
      "sky",
      "grey"
    ],
    "repetition_analysis": {
      "repetition_ratio": 0.3711340206185567,