{
  "tempo_bpm": 172.265625,
  "tempo_confidence": 0.9822574237810984,
  "beat_positions": [
    0.16253968253968254,
    0.5108390022675737,
    0.8359183673469388,
    1.230657596371882,
    1.6253968253968254,
    2.020136054421769,
    2.391655328798186,
    2.716734693877551,
    3.0650340136054424,
    3.3668934240362813,
    3.7151927437641725,
    4.063492063492063,
    4.4117913832199545,
    4.783310657596372,
    5.131609977324263,
    5.456689342403628,
    5.804988662131519,
    6.15328798185941,
    6.501587301587302,
    6.849886621315193,
    7.174965986394557,
    7.500045351473923,
    7.848344671201814,
    8.196643990929704,
    8.52172335600907,
    8.846802721088435,
    9.1718820861678,
    9.520181405895691,
    9.868480725623582,
    10.216780045351474,
    10.588299319727891,
    10.913378684807256,
    11.261678004535147,
    11.586757369614512,
    11.935056689342403,
    12.283356009070294,
    12.631655328798185,
    12.956734693877552,
    13.305034013605443,
    13.653333333333334,
    14.001632653061224,
    14.349931972789115,
    14.698231292517006,
    15.046530612244897,
    15.394829931972788,
    15.719909297052155,
    16.091428571428573,
    16.439727891156462,
    16.788027210884355,
    17.159546485260773,
    17.507845804988662,
    17.832925170068027,
    18.15800453514739,
    18.506303854875284,
    18.854603174603174,
    19.17968253968254,
    19.52798185941043,
    19.853061224489796,
    20.201360544217685,
    20.54965986394558,
    20.897959183673468,
    21.223038548752836,
    21.571337868480725,
    21.89641723356009,
    22.221496598639455,
    22.569795918367348,
    22.941315192743765,
    23.26639455782313,
    23.591473922902495,
    23.939773242630384,
    24.264852607709752,
    24.589931972789117,
    24.938231292517006,
    25.26331065759637,
    25.588390022675735,
    25.913469387755104,
    26.261768707482993,
    26.610068027210886,
    26.93514739229025,
    27.260226757369615,
    27.562086167800455,
    27.88716553287982,
    28.23546485260771
  ],
  "onset_times": [
    0.13931972789115646,
    0.3250793650793651,
    0.4876190476190476,
    0.603718820861678,
    0.8359183673469388,
    0.9752380952380952,
    1.1377777777777778,
    1.2770975056689342,
    1.3699773242630386,
    1.509297052154195,
    1.6021768707482993,
    1.8808163265306121,
    2.020136054421769,
    2.2058956916099772,
    2.391655328798186,
    2.6238548752834467,
    2.693514739229025,
    3.0650340136054424,
    3.3668934240362813,
    3.599092970521542,
    3.7151927437641725,
    3.8545124716553287,
    3.9938321995464854,
    4.063492063492063,
    4.156371882086168,
    4.295691609977324,
    4.388571428571429,
    4.481451247165533,
    4.6439909297052155,
    4.760090702947846,
    4.992290249433107,
    5.131609977324263,
    5.294149659863946,
    5.456689342403628,
    5.526349206349207,
    5.688888888888889,
    5.804988662131519,
    5.944308390022676,
    6.0836281179138325,
    6.15328798185941,
    6.292607709750567,
    6.408707482993197,
    6.617687074829932,
    6.757006802721088,
    6.8034467120181406,
    6.965986394557823,
    7.082086167800454,
    7.174965986394557,
    7.291065759637188,
    7.4071655328798185,
    7.476825396825397,
    7.732244897959184,
    7.825124716553288,
    7.9412244897959186,
    8.080544217687075,
    8.17342403628118,
    8.359183673469389,
    8.544943310657596,
    8.684263038548753,
    8.823582766439909,
    9.1718820861678,
    9.380861678004536,
    9.520181405895691,
    9.636281179138322,
    9.868480725623582,
    10.077460317460318,
    10.216780045351474,
    10.425759637188209,
    10.565079365079365,
    10.704399092970522,
    10.797278911564625,
    10.89015873015873,
    11.099138321995465,
    11.23845804988662,
    11.470657596371883,
    11.563537414965987,
    11.609977324263038,
    11.818956916099774,
    12.051156462585034,
    12.26013605442177,
    12.399455782312925,
    12.585215419501134,
    12.631655328798185,
    12.84063492063492,
    12.956734693877552,
    13.142494331065759,
    13.305034013605443,
    13.537233560090703,
    13.885532879818594,
    14.001632653061224,
    14.233832199546486,
    14.32671201814059,
    14.535691609977324,
    14.582131519274377,
    14.675011337868481,
    14.907210884353741,
    15.023310657596372,
    15.255510204081633,
    15.371609977324264,
    15.487709750566893,
    15.580589569160997,
    15.719909297052155,
    15.975328798185942,
    16.091428571428573,
    16.32362811791383,
    16.439727891156462,
    16.671927437641724,
    16.973786848072564,
    17.159546485260773,
    17.507845804988662,
    17.716825396825396,
    17.809705215419502,
    17.949024943310658,
    18.134784580498867,
    18.274104308390022,
    18.36698412698413,
    18.599183673469387,
    18.715283446712018,
    18.83138321995465,
    19.17968253968254,
    19.52798185941043,
    19.806621315192743,
    20.01560090702948,
    20.271020408163267,
    20.410340136054423,
    20.54965986394558,
    20.758639455782312,
    20.897959183673468,
    21.106938775510205,
    21.199818594104308,
    21.455238095238094,
    21.571337868480725,
    21.803537414965987,
    21.89641723356009,
    22.128616780045352,
    22.360816326530614,
    22.453696145124717,
    22.569795918367348,
    22.68589569160998,
    22.77877551020408,
    22.941315192743765,
    23.1502947845805,
    23.289614512471655,
    23.56825396825397,
    23.823673469387757,
    23.986213151927437,
    24.14875283446712,
    24.264852607709752,
    24.357732426303855,
    24.56671201814059,
    24.79891156462585,
    24.91501133786848,
    25.054331065759637,
    25.14721088435374,
    25.26331065759637,
    25.44907029478458,
    25.588390022675735,
    25.704489795918366,
    25.797369614512473,
    25.890249433106575,
    26.122448979591837,
    26.23854875283447,
    26.377868480725624,
    26.586848072562358,
    26.79582766439909,
    26.842267573696144,
    27.12090702947846,
    27.260226757369615,
    27.538866213151927,
    27.74784580498866,
    27.88716553287982,
    27.980045351473922,
    28.11936507936508,
    28.281904761904762,
    28.583764172335602,
    28.676643990929705,
    28.908843537414967
  ],
  "rhythm_regularity": 0.9472384501776112,
  "syncopation_index": 0.4463276836158192,
  "beat_count": 83,
  "onset_count": 177
}