{
  "snr_db": 34.48149056621639,
  "dynamic_range_db": 19.649235281490586,
  "rms_energy": 0.13969050347805023,
  "zero_crossing_rate": 0.07578018104964816
}