{
  "snr_db": 35.46955990437064,
  "dynamic_range_db": 17.376333826356646,
  "rms_energy": 0.18422497808933258,
  "zero_crossing_rate": 0.09470455759518259
}