{
  "tempo_bpm": 151.99908088235293,
  "tempo_confidence": 0.9741145674921957,
  "beat_positions": [
    0.603718820861678,
    0.9984580498866213,
    1.3931972789115645,
    1.787936507936508,
    2.136235827664399,
    2.461315192743764,
    2.8328344671201813,
    3.2275736961451247,
    3.599092970521542,
    4.017052154195011,
    4.4117913832199545,
    4.829750566893424,
    5.201269841269841,
    5.712108843537415,
    6.106848072562358,
    6.501587301587302,
    6.896326530612245,
    7.291065759637188,
    7.7090249433106575,
    8.080544217687075,
    8.475283446712018,
    8.870022675736962,
    9.264761904761905,
    9.659501133786849,
    10.054240362811791,
    10.425759637188209,
    10.820498866213152,
    11.215238095238096,
    11.609977324263038,
    12.004716553287983,
    12.399455782312925,
    12.817414965986394,
    13.212154195011339,
    13.606893424036281,
    14.001632653061224,
    14.396371882086168,
    14.767891156462586,
    15.162630385487528,
    15.557369614512472,
    15.952108843537415,
    16.370068027210884,
    16.741587301587302,
    17.066666666666666,
    17.41496598639456,
    17.809705215419502,
    18.204444444444444,
    18.599183673469387,
    18.99392290249433,
    19.388662131519276,
    19.783401360544218,
    20.154920634920636,
    20.64253968253968,
    21.060498866213152,
    21.455238095238094,
    21.826757369614512,
    22.19827664399093,
    22.593015873015872,
    22.96453514739229,
    23.359274376417233,
    23.73079365079365,
    24.14875283446712,
    24.52027210884354,
    24.891791383219953,
    25.2865306122449,
    25.68126984126984,
    26.076009070294784,
    26.493968253968255,
    26.888707482993198,
    27.260226757369615
  ],
  "onset_times": [
    0.2089795918367347,
    0.34829931972789113,
    0.4876190476190476,
    0.603718820861678,
    0.7430385487528345,
    0.8823582766439909,
    0.9984580498866213,
    1.1377777777777778,
    1.2770975056689342,
    1.3931972789115645,
    1.5325170068027212,
    1.7647165532879818,
    2.043356009070295,
    2.182675736961451,
    2.461315192743764,
    2.5774149659863945,
    2.786394557823129,
    2.8328344671201813,
    2.972154195011338,
    3.0882539682539685,
    3.2275736961451247,
    3.3668934240362813,
    3.4829931972789114,
    3.599092970521542,
    3.877732426303855,
    4.017052154195011,
    4.156371882086168,
    4.388571428571429,
    4.551111111111111,
    4.806530612244898,
    4.9458503401360545,
    5.178049886621316,
    5.317369614512471,
    5.456689342403628,
    5.572789115646258,
    5.688888888888889,
    5.9675283446712015,
    6.106848072562358,
    6.246167800453515,
    6.3854875283446715,
    6.501587301587302,
    6.617687074829932,
    6.757006802721088,
    6.896326530612245,
    7.012426303854875,
    7.151746031746032,
    7.291065759637188,
    7.546485260770975,
    7.685804988662132,
    7.848344671201814,
    8.057324263038549,
    8.219863945578231,
    8.359183673469389,
    8.475283446712018,
    8.614603174603175,
    8.730702947845804,
    8.846802721088435,
    8.986122448979591,
    9.102222222222222,
    9.264761904761905,
    9.380861678004536,
    9.496961451247165,
    9.636281179138322,
    9.914920634920636,
    10.031020408163265,
    10.170340136054422,
    10.309659863945578,
    10.425759637188209,
    10.681179138321996,
    10.820498866213152,
    10.95981859410431,
    11.075918367346938,
    11.215238095238096,
    11.493877551020407,
    11.609977324263038,
    11.749297052154194,
    11.888616780045352,
    12.004716553287983,
    12.26013605442177,
    12.399455782312925,
    12.678095238095239,
    12.794195011337868,
    13.072834467120181,
    13.351473922902494,
    13.583673469387755,
    13.79265306122449,
    13.862312925170068,
    14.117732426303855,
    14.396371882086168,
    14.535691609977324,
    14.767891156462586,
    14.907210884353741,
    15.046530612244897,
    15.162630385487528,
    15.301950113378684,
    15.441269841269841,
    15.557369614512472,
    15.673469387755102,
    15.952108843537415,
    16.091428571428573,
    16.23074829931973,
    16.34684807256236,
    16.486167800453515,
    16.62548752834467,
    16.741587301587302,
    16.904126984126986,
    16.99700680272109,
    17.159546485260773,
    17.2756462585034,
    17.39174603174603,
    17.531065759637187,
    17.809705215419502,
    17.949024943310658,
    18.06512471655329,
    18.18122448979592,
    18.320544217687075,
    18.45986394557823,
    18.575963718820862,
    18.854603174603174,
    18.99392290249433,
    19.11002267573696,
    19.249342403628116,
    19.388662131519276,
    19.52798185941043,
    19.644081632653062,
    19.783401360544218,
    20.131700680272107,
    20.271020408163267,
    20.64253968253968,
    20.921179138321996,
    21.060498866213152,
    21.176598639455783,
    21.31591836734694,
    21.43201814058957,
    21.687437641723356,
    21.826757369614512,
    22.175056689342405,
    22.337596371882086,
    22.453696145124717,
    22.569795918367348,
    22.709115646258503,
    22.84843537414966,
    22.941315192743765,
    23.219954648526077,
    23.359274376417233,
    23.591473922902495,
    23.73079365079365,
    23.986213151927437,
    24.125532879818593,
    24.404172335600908,
    24.52027210884354,
    24.775691609977326,
    24.86857142857143,
    25.170430839002268,
    25.26331065759637,
    25.541950113378686,
    25.68126984126984,
    25.959909297052153,
    26.076009070294784,
    26.21532879818594,
    26.354648526077096,
    26.493968253968255,
    26.610068027210886,
    26.749387755102042,
    26.888707482993198,
    27.12090702947846,
    27.260226757369615,
    27.515646258503402,
    27.654965986394558,
    27.794285714285714,
    27.93360544217687,
    28.0497052154195,
    28.189024943310656,
    28.328344671201815,
    28.444444444444443,
    28.583764172335602,
    28.69986394557823,
    28.83918367346939,
    29.094603174603176,
    29.210702947845807
  ],
  "rhythm_regularity": 0.9322122771486285,
  "syncopation_index": 0.6111111111111112,
  "beat_count": 69,
  "onset_count": 180
}