{
  "chroma_mean": [
    0.4808149039745331,
    0.46136361360549927,
    0.47527310252189636,
    0.5467306971549988,
    0.5148260593414307,
    0.4439561069011688,
    0.503098726272583,
    0.5036869645118713,
    0.41721174120903015,
    0.3686089515686035,
    0.4281798303127289,
    0.4235438406467438
  ],
  "chroma_std": [
    0.29900261759757996,
    0.25774332880973816,
    0.24928884208202362,
    0.3093356490135193,
    0.27451005578041077,
    0.26775625348091125,
    0.2853776216506958,
    0.2989640235900879,
    0.24899238348007202,
    0.2359832227230072,
    0.28468430042266846,
    0.2793625295162201
  ],
  "key_estimation": {
    "key": "C_minor",
    "confidence": 0.3692914413958215
  },
  "tonal_complexity": 0.04792206361889839
}