,precision,recall,f1-score,support
Cluster 1,0.3448275862068966,0.29411764705882354,0.31746031746031744,34.0
Cluster 2,0.20689655172413793,0.18181818181818182,0.1935483870967742,33.0
Cluster 3,0.41818181818181815,0.5348837209302325,0.46938775510204084,43.0
Cluster 4,0.275,0.2894736842105263,0.28205128205128205,38.0
Cluster 5,0.5,0.42424242424242425,0.45901639344262296,33.0
accuracy,0.35359116022099446,0.35359116022099446,0.35359116022099446,0.35359116022099446
macro avg,0.34898119122257054,0.3449071316520377,0.34429282703060754,181.0
weighted avg,0.35073780287154266,0.35359116022099446,0.34933652341871474,181.0
