{
  "tempo_bpm": 161.4990234375,
  "tempo_confidence": 0.9864048136575474,
  "beat_positions": [
    0.4179591836734694,
    0.7894784580498866,
    1.207437641723356,
    1.6021768707482993,
    1.9969160997732427,
    2.345215419501134,
    2.7399546485260773,
    3.0882539682539685,
    3.4597732426303853,
    3.8312925170068026,
    4.2260317460317465,
    4.620770975056689,
    4.992290249433107,
    5.363809523809524,
    5.735328798185941,
    6.106848072562358,
    6.478367346938776,
    6.849886621315193,
    7.22140589569161,
    7.592925170068027,
    7.987664399092971,
    8.359183673469389,
    8.753922902494331,
    9.125442176870749,
    9.520181405895691,
    9.891700680272109,
    10.263219954648527,
    10.65795918367347,
    11.029478458049887,
    11.400997732426303,
    11.77251700680272,
    12.167256235827665,
    12.538775510204081,
    12.910294784580499,
    13.305034013605443,
    13.653333333333334,
    14.02485260770975,
    14.396371882086168,
    14.79111111111111,
    15.162630385487528,
    15.557369614512472,
    15.928888888888888,
    16.300408163265306,
    16.69514739229025,
    17.04344671201814,
    17.438185941043084,
    17.809705215419502,
    18.18122448979592,
    18.552743764172334,
    18.94748299319728,
    19.319002267573698,
    19.690521541950112,
    20.06204081632653,
    20.433560090702947,
    20.82829931972789,
    21.199818594104308,
    21.571337868480725,
    21.942857142857143,
    22.31437641723356,
    22.709115646258503,
    23.08063492063492,
    23.45215419501134,
    23.823673469387757,
    24.19519274376417,
    24.56671201814059,
    24.938231292517006,
    25.309750566893424,
    25.68126984126984,
    26.05278911564626,
    26.40108843537415,
    26.772607709750567,
    27.12090702947846,
    27.492426303854874,
    27.86394557823129,
    28.212244897959184,
    28.583764172335602,
    28.955283446712016
  ],
  "onset_times": [
    0.25541950113378686,
    0.603718820861678,
    0.7894784580498866,
    1.5789569160997732,
    1.787936507936508,
    1.9969160997732427,
    2.3219954648526078,
    2.716734693877551,
    3.0882539682539685,
    3.274013605442177,
    3.436553287981859,
    3.645532879818594,
    4.017052154195011,
    4.4117913832199545,
    4.597551020408163,
    4.783310657596372,
    4.96907029478458,
    5.178049886621316,
    5.340589569160998,
    5.712108843537415,
    6.0836281179138325,
    6.292607709750567,
    6.455147392290249,
    6.640907029478458,
    6.849886621315193,
    7.012426303854875,
    7.22140589569161,
    7.4071655328798185,
    7.592925170068027,
    7.778684807256236,
    7.964444444444444,
    8.359183673469389,
    8.730702947845804,
    9.125442176870749,
    9.311201814058958,
    9.496961451247165,
    9.682721088435374,
    9.891700680272109,
    10.077460317460318,
    10.379319727891156,
    10.448979591836734,
    10.65795918367347,
    10.797278911564625,
    10.843718820861678,
    11.00625850340136,
    11.215238095238096,
    11.400997732426303,
    11.77251700680272,
    12.144036281179138,
    12.329795918367347,
    12.538775510204081,
    12.72453514739229,
    12.910294784580499,
    13.072834467120181,
    13.281814058956916,
    13.467573696145125,
    13.653333333333334,
    13.839092970521541,
    14.001632653061224,
    14.210612244897959,
    14.396371882086168,
    14.79111111111111,
    15.162630385487528,
    15.371609977324264,
    15.534149659863946,
    15.719909297052155,
    15.928888888888888,
    16.091428571428573,
    16.27718820861678,
    16.46294784580499,
    16.671927437641724,
    16.857687074829933,
    17.020226757369613,
    17.066666666666666,
    17.22920634920635,
    17.41496598639456,
    17.786485260770974,
    18.18122448979592,
    18.36698412698413,
    18.552743764172334,
    18.738503401360543,
    19.11002267573696,
    19.29578231292517,
    19.481541950113378,
    19.690521541950112,
    19.87628117913832,
    20.038820861678005,
    20.433560090702947,
    20.805079365079365,
    21.199818594104308,
    21.385578231292516,
    21.571337868480725,
    21.757097505668934,
    21.942857142857143,
    22.128616780045352,
    22.31437641723356,
    22.50013605442177,
    22.709115646258503,
    22.871655328798187,
    23.08063492063492,
    23.26639455782313,
    23.42893424036281,
    23.800453514739228,
    24.19519274376417,
    24.357732426303855,
    24.543492063492064,
    24.729251700680273,
    25.10077097505669,
    25.2865306122449,
    25.495510204081633,
    25.75092970521542,
    25.843809523809522,
    26.21532879818594,
    26.377868480725624,
    26.749387755102042,
    27.46920634920635,
    27.654965986394558,
    28.026485260770976,
    28.212244897959184,
    28.76952380952381,
    28.93206349206349,
    29.326802721088434,
    29.675102040816327
  ],
  "rhythm_regularity": 0.9632945693453543,
  "syncopation_index": 0.45528455284552843,
  "beat_count": 77,
  "onset_count": 123
}