{
  "snr_db": 36.193513547040965,
  "dynamic_range_db": 20.3704151834796,
  "rms_energy": 0.1346874088048935,
  "zero_crossing_rate": 0.17128898614640345
}