{
  "tempo_bpm": 78.30255681818181,
  "tempo_confidence": 0.9816004446129699,
  "beat_positions": [
    0.301859410430839,
    1.0681179138321995,
    1.8343764172335602,
    2.6238548752834467,
    3.3668934240362813,
    4.1099319727891155,
    4.876190476190477,
    5.61922902494331,
    6.362267573696145,
    7.1053061224489795,
    7.87156462585034,
    8.614603174603175,
    9.404081632653062,
    10.147120181405896,
    10.95981859410431,
    11.72607709750567,
    12.515555555555556,
    13.25859410430839,
    14.001632653061224,
    14.79111111111111,
    15.557369614512472,
    16.300408163265306,
    17.04344671201814,
    17.832925170068027,
    18.575963718820862,
    19.342222222222222,
    20.108480725623583,
    20.874739229024943,
    21.66421768707483,
    22.407256235827663,
    23.196734693877552,
    23.962993197278912,
    24.729251700680273,
    25.495510204081633,
    26.261768707482993,
    27.051247165532878,
    27.817505668934242,
    28.583764172335602,
    29.350022675736962
  ],
  "onset_times": [
    0.13931972789115646,
    0.301859410430839,
    0.6733786848072563,
    1.0681179138321995,
    1.253877551020408,
    1.3467573696145125,
    1.555736961451247,
    1.811156462585034,
    2.48453514739229,
    2.6238548752834467,
    3.3668934240362813,
    3.5526530612244898,
    3.7151927437641725,
    3.900952380952381,
    4.1099319727891155,
    4.481451247165533,
    4.73687074829932,
    4.876190476190477,
    5.015510204081632,
    5.2477097505668935,
    5.596009070294785,
    5.758548752834467,
    5.990748299319728,
    6.130068027210885,
    6.362267573696145,
    6.6873469387755105,
    7.1053061224489795,
    7.662585034013605,
    7.848344671201814,
    8.266303854875284,
    8.614603174603175,
    8.753922902494331,
    9.009342403628118,
    9.380861678004536,
    9.58984126984127,
    9.775600907029478,
    10.12390022675737,
    10.518639455782314,
    10.95981859410431,
    11.19201814058957,
    11.331337868480725,
    11.72607709750567,
    12.120816326530612,
    12.329795918367347,
    12.515555555555556,
    12.701315192743763,
    13.072834467120181,
    13.25859410430839,
    13.653333333333334,
    13.978412698412699,
    14.048072562358277,
    14.79111111111111,
    15.069750566893424,
    15.232290249433106,
    15.534149659863946,
    15.719909297052155,
    15.905668934240364,
    16.068208616780044,
    16.184308390022675,
    16.300408163265306,
    16.671927437641724,
    16.857687074829933,
    17.020226757369613,
    17.438185941043084,
    17.531065759637187,
    17.600725623582765,
    17.99546485260771,
    18.36698412698413,
    18.575963718820862,
    19.040362811791383,
    19.319002267573698,
    19.71374149659864,
    20.085260770975058,
    20.317460317460316,
    20.503219954648525,
    20.619319727891156,
    20.851519274376418,
    21.060498866213152,
    21.24625850340136,
    21.43201814058957,
    21.61777777777778,
    21.66421768707483,
    21.826757369614512,
    22.01251700680272,
    22.267936507936508,
    22.407256235827663,
    22.709115646258503,
    23.173514739229024,
    23.870113378684806,
    23.962993197278912,
    24.3112925170068,
    24.473832199546486,
    24.706031746031748,
    25.10077097505669,
    25.495510204081633,
    25.75092970521542,
    25.86702947845805,
    26.261768707482993,
    26.493968253968255,
    27.028027210884353,
    27.422766439909296,
    27.794285714285714,
    28.0497052154195,
    28.16580498866213,
    28.53732426303855,
    28.583764172335602,
    28.955283446712016,
    29.326802721088434
  ],
  "rhythm_regularity": 0.9754790381292117,
  "syncopation_index": 0.6111111111111112,
  "beat_count": 39,
  "onset_count": 108
}