{
  "meta": {
    "path": "../../data/raw/MIREX-like_mood/dataset/Audio/388.mp3",
    "file_hash": "10b26a59482e8063ba981e58b93d6a83228e9582",
    "duration_sec": 29.814421768707483,
    "sample_rate": 22050,
    "analysis_timestamp": "2025-10-24T20:02:48.711413",
    "config": {
      "sr": 22050,
      "n_fft": 2048,
      "hop_length": 512,
      "n_mels": 128,
      "n_mfcc": 13,
      "n_chroma": 12,
      "frame_length": 2048,
      "workers": 4,
      "use_crepe": false,
      "save_matrices": false,
      "save_plots": true,
      "force": true,
      "quick": false,
      "verbose": false
    },
    "processing_time_sec": 2.9893341064453125
  },
  "acoustic": {
    "mfcc_mean": [
      -106.49846649169922,
      102.01945495605469,
      -13.392722129821777,
      49.0064697265625,
      -2.820462465286255,
      16.1256103515625,
      -9.75584602355957,
      11.893163681030273,
      -6.715632438659668,
      1.4362200498580933,
      -6.640773296356201,
      -1.7640613317489624,
      -3.710209369659424
    ],
    "mfcc_std": [
      85.12051391601562,
      38.097686767578125,
      27.625646591186523,
      18.51406478881836,
      14.996947288513184,
      14.80185317993164,
      15.514398574829102,
      10.233774185180664,
      8.374921798706055,
      8.398714065551758,
      7.490128993988037,
      7.275662422180176,
      7.529505252838135
    ],
    "spectral_centroid_mean": 2165.7380046829326,
    "spectral_centroid_std": 837.6110931893622,
    "spectral_bandwidth_mean": 2139.434701310495,
    "spectral_bandwidth_std": 531.075346622171,
    "spectral_rolloff_mean": 4509.061113053259,
    "spectral_rolloff_std": 1613.691715414865,
    "spectral_flux_mean": 5527.69091796875,
    "spectral_flux_std": 5826.50341796875,
    "spectral_flatness_mean": 0.01264036912471056,
    "spectral_flatness_std": 0.04555562883615494,
    "spectral_slope_mean": -0.0006598748474408593,
    "spectral_spread_mean": 2139.4347006907033,
    "spectral_skewness_mean": 1.267746617252085,
    "spectral_kurtosis_mean": 4.5259479401110205
  },
  "rhythm": {
    "tempo_bpm": 112.34714673913044,
    "tempo_confidence": 0.9797430656518499,
    "beat_positions": [
      0.25541950113378686,
      0.8591383219954648,
      1.4164172335600906,
      1.9272562358276644,
      2.461315192743764,
      2.995374149659864,
      3.5062131519274375,
      4.017052154195011,
      4.527891156462585,
      5.061950113378685,
      5.596009070294785,
      6.0836281179138325,
      6.640907029478458,
      7.174965986394557,
      7.7090249433106575,
      8.219863945578231,
      8.730702947845804,
      9.264761904761905,
      9.798820861678005,
      10.309659863945578,
      10.843718820861678,
      11.354557823129252,
      11.888616780045352,
      12.399455782312925,
      12.910294784580499,
      13.421133786848072,
      13.955192743764172,
      14.489251700680272,
      15.046530612244897,
      15.62702947845805,
      16.114648526077097,
      16.648707482993196,
      17.182766439909297,
      17.716825396825396,
      18.250884353741498,
      18.808163265306124,
      19.365442176870747,
      19.922721088435374,
      20.433560090702947,
      20.96761904761905,
      21.501678004535147,
      22.01251700680272,
      22.54657596371882,
      23.057414965986396,
      23.591473922902495,
      24.125532879818593,
      24.659591836734695,
      25.21687074829932,
      25.75092970521542,
      26.284988662131518,
      26.81904761904762,
      27.353106575963718,
      27.86394557823129,
      28.398004535147393,
      28.908843537414967
    ],
    "onset_times": [
      0.13931972789115646,
      0.8591383219954648,
      1.1377777777777778,
      1.3931972789115645,
      1.6486167800453515,
      1.9272562358276644,
      2.182675736961451,
      2.4380952380952383,
      2.693514739229025,
      2.9024943310657596,
      2.972154195011338,
      3.1811337868480725,
      3.4829931972789114,
      3.7616326530612243,
      4.017052154195011,
      4.272471655328798,
      4.504671201814059,
      4.783310657596372,
      5.038730158730159,
      5.294149659863946,
      5.596009070294785,
      5.851428571428571,
      6.060408163265306,
      6.640907029478458,
      6.896326530612245,
      7.151746031746032,
      7.569705215419501,
      7.685804988662132,
      7.9412244897959186,
      8.219863945578231,
      8.475283446712018,
      8.684263038548753,
      8.93968253968254,
      8.986122448979591,
      9.264761904761905,
      9.520181405895691,
      10.309659863945578,
      10.565079365079365,
      10.820498866213152,
      11.075918367346938,
      11.261678004535147,
      11.354557823129252,
      12.097596371882085,
      12.283356009070294,
      12.72453514739229,
      12.910294784580499,
      13.188934240362812,
      13.397913832199546,
      13.955192743764172,
      14.489251700680272,
      15.023310657596372,
      15.62702947845805,
      15.766349206349206,
      15.882448979591837,
      15.975328798185942,
      16.114648526077097,
      16.370068027210884,
      16.62548752834467,
      17.182766439909297,
      17.69360544217687,
      18.22766439909297,
      19.89950113378685,
      20.433560090702947,
      20.688979591836734,
      21.36235827664399,
      21.73387755102041,
      21.989297052154196,
      22.267936507936508,
      22.523356009070294,
      22.801995464852606,
      23.034195011337868,
      23.312834467120183,
      23.56825396825397,
      23.84689342403628,
      24.125532879818593,
      24.38095238095238,
      24.636371882086166,
      24.91501133786848,
      25.193650793650793,
      25.44907029478458,
      25.727709750566895,
      26.006349206349206,
      26.284988662131518,
      26.540408163265305,
      26.79582766439909,
      27.074467120181406,
      27.329886621315193,
      27.58530612244898,
      27.86394557823129,
      28.11936507936508,
      28.374784580498865,
      28.65342403628118,
      28.908843537414967,
      29.18748299319728,
      29.442902494331065,
      29.72154195011338
    ],
    "rhythm_regularity": 0.96103463442408,
    "syncopation_index": 0.4895833333333333,
    "beat_count": 55,
    "onset_count": 96
  },
  "harmony": {
    "chroma_mean": [
      0.6756505966186523,
      0.49985191226005554,
      0.6305814981460571,
      0.49145933985710144,
      0.54862380027771,
      0.5654531121253967,
      0.3702249526977539,
      0.44258925318717957,
      0.30469968914985657,
      0.42743393778800964,
      0.3845885396003723,
      0.46473264694213867
    ],
    "chroma_std": [
      0.22993671894073486,
      0.23375260829925537,
      0.28850698471069336,
      0.2165214866399765,
      0.24234314262866974,
      0.3132256269454956,
      0.1781349629163742,
      0.24535073339939117,
      0.13868151605129242,
      0.25973039865493774,
      0.194574773311615,
      0.23700127005577087
    ],
    "key_estimation": {
      "key": "C_major",
      "confidence": 0.6240625038279533
    },
    "tonal_complexity": 0.10392115265130997
  },
  "quality": {
    "snr_db": 37.212927197587945,
    "dynamic_range_db": 18.703732535947307,
    "rms_energy": 0.1641993373632431,
    "zero_crossing_rate": 0.11420233463035019
  },
  "lyrics": {
    "word_count": 266,
    "unique_word_count": 139,
    "sentence_count": 1,
    "avg_words_per_sentence": 266.0,
    "readability": null,
    "sentiment_analysis": null,
    "topic_keywords": [
      "the",
      "and",
      "time",
      "face",
      "But",
      "Ch-ch-ch-ch-Changes",
      "(Turn",
      "stranger)",
      "Ch-ch-Changes",
      "change"
    ],
    "repetition_analysis": {
      "repetition_ratio": 0.47744360902255634,