{
  "tempo_bpm": 135.99917763157896,
  "tempo_confidence": 0.9718676774442191,
  "beat_positions": [
    0.626938775510204,
    1.0913378684807256,
    1.5325170068027212,
    1.9969160997732427,
    2.4380952380952383,
    2.8792743764172335,
    3.320453514739229,
    3.877732426303855,
    4.295691609977324,
    4.690430839002268,
    5.131609977324263,
    5.572789115646258,
    5.990748299319728,
    6.362267573696145,
    6.780226757369615,
    7.244625850340136,
    7.685804988662132,
    8.126984126984127,
    8.591383219954649,
    9.032562358276644,
    9.496961451247165,
    9.93814058956916,
    10.402539682539683,
    10.820498866213152,
    11.261678004535147,
    11.72607709750567,
    12.19047619047619,
    12.654875283446712,
    13.096054421768708,
    13.537233560090703,
    14.001632653061224,
    14.44281179138322,
    14.883990929705215,
    15.32517006802721,
    15.789569160997733,
    16.207528344671204,
    16.602267573696146,
    17.04344671201814,
    17.438185941043084,
    17.87936507936508,
    18.320544217687075,
    18.784943310657596,
    19.156462585034014,
    19.52798185941043,
    19.9459410430839,
    20.36390022675737,
    20.758639455782312,
    21.199818594104308,
    21.61777777777778,
    22.058956916099774,
    22.523356009070294,
    22.987755102040815,
    23.42893424036281,
    23.893333333333334,
    24.33451247165533,
    24.752471655328797,
    25.14721088435374,
    25.541950113378686,
    25.98312925170068,
    26.424308390022677,
    26.888707482993198,
    27.329886621315193,
    27.794285714285714,
    28.23546485260771,
    28.676643990929705,
    29.1178231292517
  ],
  "onset_times": [
    0.16253968253968254,
    0.301859410430839,
    0.626938775510204,
    0.7662585034013606,
    0.905578231292517,
    1.0681179138321995,
    1.230657596371882,
    1.509297052154195,
    1.9736961451247166,
    2.2755555555555556,
    2.4380952380952383,
    2.716734693877551,
    3.1579138321995464,
    3.297233560090703,
    3.4597732426303853,
    3.622312925170068,
    3.877732426303855,
    4.365351473922902,
    4.690430839002268,
    4.829750566893424,
    5.108390022675737,
    5.572789115646258,
    5.712108843537415,
    5.874648526077097,
    5.990748299319728,
    6.339047619047619,
    6.617687074829932,
    6.757006802721088,
    7.244625850340136,
    7.500045351473923,
    7.685804988662132,
    8.103764172335602,
    8.289523809523809,
    8.428843537414966,
    8.70748299319728,
    9.032562358276644,
    9.079002267573696,
    9.914920634920636,
    10.24,
    10.379319727891156,
    10.518639455782314,
    10.704399092970522,
    10.797278911564625,
    10.983038548752834,
    11.122358276643991,
    11.42421768707483,
    11.586757369614512,
    12.051156462585034,
    12.329795918367347,
    12.654875283446712,
    12.910294784580499,
    13.049614512471654,
    13.235374149659863,
    13.537233560090703,
    13.978412698412699,
    14.721451247165533,
    15.046530612244897,
    15.185850340136055,
    15.301950113378684,
    15.487709750566893,
    15.650249433106575,
    15.789569160997733,
    15.928888888888888,
    16.370068027210884,
    16.579047619047618,
    16.904126984126986,
    17.04344671201814,
    17.136326530612244,
    17.438185941043084,
    17.554285714285715,
    17.69360544217687,
    17.87936507936508,
    17.99546485260771,
    18.320544217687075,
    18.622403628117915,
    18.784943310657596,
    19.202902494331067,
    19.52798185941043,
    19.853061224489796,
    20.131700680272107,
    20.456780045351476,
    20.735419501133787,
    21.0140589569161,
    21.199818594104308,
    21.408798185941045,
    21.59455782312925,
    21.91963718820862,
    22.221496598639455,
    22.38403628117914,
    22.523356009070294,
    22.825215419501134,
    23.127074829931974,
    23.289614512471655,
    23.42893424036281,
    23.56825396825397,
    23.893333333333334,
    24.009433106575965,
    24.3112925170068,
    24.636371882086166,
    24.79891156462585,
    24.91501133786848,
    25.193650793650793,
    25.240090702947846,
    25.518730158730158,
    25.820589569160997,
    25.959909297052153,
    26.16888888888889,
    26.284988662131518,
    26.40108843537415,
    26.656507936507936,
    26.726167800453513,
    27.028027210884353,
    27.190566893424037,
    27.30666666666667,
    27.608526077097505,
    27.910385487528345,
    28.23546485260771,
    28.374784580498865,
    28.53732426303855,
    28.676643990929705,
    28.792743764172336,
    29.094603174603176,
    29.41968253968254,
    29.58222222222222
  ],
  "rhythm_regularity": 0.9339601806686786,
  "syncopation_index": 0.5483870967741935,
  "beat_count": 66,
  "onset_count": 124
}