{
  "mfcc_mean": [
    -35.169708251953125,
    103.94473266601562,
    -2.515734910964966,
    24.775415420532227,
    9.656039237976074,
    14.64779281616211,
    3.75455904006958,
    8.850714683532715,
    -6.518036842346191,
    6.3997578620910645,
    0.22713512182235718,
    4.910023212432861,
    -1.438943862915039
  ],
  "mfcc_std": [
    53.69413757324219,
    15.281830787658691,
    12.585777282714844,
    9.460323333740234,
    6.714263439178467,
    6.287206649780273,
    6.699868202209473,
    6.554854393005371,
    6.249465465545654,
    7.075059413909912,
    8.8885498046875,
    7.361546993255615,
    6.676153659820557
  ],
  "spectral_centroid_mean": 1954.0524689538522,
  "spectral_centroid_std": 334.3613369505764,
  "spectral_bandwidth_mean": 2383.5281494960336,
  "spectral_bandwidth_std": 249.01822443356065,
  "spectral_rolloff_mean": 4363.697720692436,
  "spectral_rolloff_std": 853.573627576783,
  "spectral_flux_mean": 11080.2578125,
  "spectral_flux_std": 7324.83349609375,
  "spectral_flatness_mean": 0.013229787349700928,
  "spectral_flatness_std": 0.048299096524715424,
  "spectral_slope_mean": -0.0004168979635740573,
  "spectral_spread_mean": 2383.5281483873864,
  "spectral_skewness_mean": 1.6644057768666,
  "spectral_kurtosis_mean": 5.249789892822276
}