{
  "meta": {
    "path": "../../data/raw/MIREX-like_mood/dataset/Audio/272.mp3",
    "file_hash": "d27b0ebb2de8e95d188c6fbe5cdc73ea5b140929",
    "duration_sec": 29.675102040816327,
    "sample_rate": 22050,
    "analysis_timestamp": "2025-10-24T20:10:27.527722",
    "config": {
      "sr": 22050,
      "n_fft": 2048,
      "hop_length": 512,
      "n_mels": 128,
      "n_mfcc": 13,
      "n_chroma": 12,
      "frame_length": 2048,
      "workers": 4,
      "use_crepe": false,
      "save_matrices": false,
      "save_plots": true,
      "force": true,
      "quick": false,
      "verbose": false
    },
    "processing_time_sec": 2.959562063217163
  },
  "acoustic": {
    "mfcc_mean": [
      -56.083984375,
      113.35545349121094,
      -17.973419189453125,
      21.783788681030273,
      -3.069056749343872,
      18.129106521606445,
      6.480533123016357,
      13.340600967407227,
      1.3082871437072754,
      0.16965773701667786,
      -13.170711517333984,
      -1.8076515197753906,
      -9.86518669128418
    ],
    "mfcc_std": [
      92.65697479248047,
      25.521404266357422,
      20.477109909057617,
      12.472047805786133,
      10.189214706420898,
      6.482538223266602,
      8.888237953186035,
      9.360713958740234,
      10.143630027770996,
      9.570799827575684,
      5.538804054260254,
      7.488741874694824,
      5.52700662612915
    ],
    "spectral_centroid_mean": 1864.6695407845002,
    "spectral_centroid_std": 555.3719585854502,
    "spectral_bandwidth_mean": 2045.0255108347426,
    "spectral_bandwidth_std": 426.9433898918579,
    "spectral_rolloff_mean": 3856.9519186131743,
    "spectral_rolloff_std": 1254.6251255070365,
    "spectral_flux_mean": 6381.671875,
    "spectral_flux_std": 4136.07470703125,
    "spectral_flatness_mean": 0.01398826390504837,
    "spectral_flatness_std": 0.0329827219247818,
    "spectral_slope_mean": -0.0005123264456528585,
    "spectral_spread_mean": 2045.0255093604233,
    "spectral_skewness_mean": 1.8452837865531682,
    "spectral_kurtosis_mean": 7.521428747021894
  },
  "rhythm": {
    "tempo_bpm": 107.666015625,
    "tempo_confidence": 0.9809099405628637,
    "beat_positions": [
      0.6965986394557823,
      1.230657596371882,
      1.787936507936508,
      2.3219954648526078,
      2.972154195011338,
      3.5526530612244898,
      4.1099319727891155,
      4.690430839002268,
      5.2477097505668935,
      5.804988662131519,
      6.362267573696145,
      6.942766439909297,
      7.523265306122449,
      8.103764172335602,
      8.661043083900227,
      9.218321995464853,
      9.798820861678005,
      10.379319727891156,
      10.936598639455783,
      11.493877551020407,
      12.07437641723356,
      12.654875283446712,
      13.212154195011339,
      13.79265306122449,
      14.373151927437641,
      14.953650793650795,
      15.487709750566893,
      16.091428571428573,
      16.648707482993196,
      17.205986394557822,
      17.76326530612245,
      18.3437641723356,
      18.901043083900227,
      19.481541950113378,
      20.038820861678005,
      20.59609977324263,
      21.153378684807254,
      21.71065759637188,
      22.291156462585032,
      22.84843537414966,
      23.405714285714286,
      23.986213151927437,
      24.543492063492064,
      25.123990929705215,
      25.68126984126984
    ],
    "onset_times": [
      0.16253968253968254,
      0.3947392290249433,
      0.6965986394557823,
      0.8359183673469388,
      1.0913378684807256,
      1.230657596371882,
      1.3699773242630386,
      1.509297052154195,
      1.8343764172335602,
      2.066575963718821,
      2.2987755102040817,
      2.693514739229025,
      2.948934240362812,
      3.250793650793651,
      3.5294331065759637,
      4.08671201814059,
      4.365351473922902,
      4.667210884353741,
      4.9458503401360545,
      5.224489795918367,
      5.50312925170068,
      5.804988662131519,
      6.0836281179138325,
      6.362267573696145,
      6.617687074829932,
      6.942766439909297,
      6.989206349206349,
      7.198185941043084,
      7.500045351473923,
      7.778684807256236,
      8.080544217687075,
      8.359183673469389,
      8.6378231292517,
      8.93968253968254,
      9.218321995464853,
      9.496961451247165,
      9.775600907029478,
      10.077460317460318,
      10.356099773242631,
      10.634739229024943,
      10.913378684807256,
      11.19201814058957,
      11.470657596371883,
      11.77251700680272,
      11.911836734693878,
      12.051156462585034,
      12.353015873015874,
      12.631655328798185,
      12.933514739229025,
      13.212154195011339,
      13.49079365079365,
      13.79265306122449,
      14.071292517006803,
      14.349931972789115,
      14.651791383219955,
      14.930430839002268,
      15.232290249433106,
      15.487709750566893,
      15.766349206349206,
      16.068208616780044,
      16.34684807256236,
      16.62548752834467,
      16.92734693877551,
      17.205986394557822,
      17.484625850340137,
      17.740045351473924,
      18.04190476190476,
      18.320544217687075,
      18.599183673469387,
      18.877823129251702,
      19.17968253968254,
      19.458321995464853,
      19.736961451247165,
      20.01560090702948,
      20.317460317460316,
      20.59609977324263,
      20.874739229024943,
      21.13015873015873,
      21.71065759637188,
      21.989297052154196,
      22.291156462585032,
      22.54657596371882,
      22.84843537414966,
      23.127074829931974,
      23.289614512471655,
      23.405714285714286,
      23.684353741496597,
      23.962993197278912,
      24.264852607709752,
      24.52027210884354,
      24.79891156462585,
      25.10077097505669,
      25.379410430839002,
      25.541950113378686,
      25.658049886621317,
      26.261768707482993,
      26.493968253968255,
      26.79582766439909,
      27.074467120181406,
      27.260226757369615,
      27.376326530612246,
      27.631746031746033,
      27.910385487528345,
      27.980045351473922,
      28.212244897959184,
      28.514104308390024,
      28.76952380952381,
      29.048163265306123,
      29.326802721088434,
      29.628662131519274
    ],
    "rhythm_regularity": 0.9657266005305095,
    "syncopation_index": 0.5818181818181818,
    "beat_count": 45,
    "onset_count": 110
  },
  "harmony": {
    "chroma_mean": [
      0.2820553183555603,
      0.2746773362159729,
      0.2572809159755707,
      0.3838711082935333,
      0.8094648718833923,
      0.3729178011417389,
      0.5013005137443542,
      0.3015250563621521,
      0.3944163918495178,
      0.40227359533309937,
      0.36080703139305115,
      0.6762509346008301
    ],
    "chroma_std": [
      0.12028109282255173,
      0.16545067727565765,
      0.11287259310483932,
      0.14138387143611908,
      0.24987085163593292,
      0.141020268201828,
      0.27008506655693054,
      0.2023358941078186,
      0.2399323582649231,
      0.24897624552249908,
      0.1341589093208313,
      0.2682216167449951
    ],
    "key_estimation": {
      "key": "C_major",
      "confidence": -0.07770830862854289
    },
    "tonal_complexity": 0.1613919585943222
  },
  "quality": {
    "snr_db": 34.20231670887506,
    "dynamic_range_db": 15.6105507000746,
    "rms_energy": 0.21396656334400177,
    "zero_crossing_rate": 0.08612342100762314
  },
  "lyrics": {}
}