{
  "meta": {
    "path": "../../data/raw/MIREX-like_mood/dataset/Audio/521.mp3",
    "file_hash": "5f35329dafcd19fbc1be1b3818af8d105adfaffa",
    "duration_sec": 29.15265306122449,
    "sample_rate": 22050,
    "analysis_timestamp": "2025-10-24T20:18:20.606149",
    "config": {
      "sr": 22050,
      "n_fft": 2048,
      "hop_length": 512,
      "n_mels": 128,
      "n_mfcc": 13,
      "n_chroma": 12,
      "frame_length": 2048,
      "workers": 4,
      "use_crepe": false,
      "save_matrices": false,
      "save_plots": true,
      "force": true,
      "quick": false,
      "verbose": false
    },
    "processing_time_sec": 2.751854181289673
  },
  "acoustic": {
    "mfcc_mean": [
      -177.92413330078125,
      138.70147705078125,
      -47.68401336669922,
      21.94767951965332,
      1.2029577493667603,
      -4.568726539611816,
      -0.2553730309009552,
      -5.862903118133545,
      -10.129619598388672,
      -1.9703186750411987,
      -13.353580474853516,
      -3.7430548667907715,
      -8.403329849243164
    ],
    "mfcc_std": [
      66.49129486083984,
      31.209901809692383,
      25.522838592529297,
      13.63101577758789,
      12.273760795593262,
      13.9111967086792,
      11.118827819824219,
      10.407327651977539,
      8.896051406860352,
      11.14637565612793,
      10.105257034301758,
      8.064810752868652,
      7.42245626449585
    ],
    "spectral_centroid_mean": 1617.3167787915597,
    "spectral_centroid_std": 579.0520144361686,
    "spectral_bandwidth_mean": 1607.6320846241592,
    "spectral_bandwidth_std": 495.6490878301965,
    "spectral_rolloff_mean": 3094.8321883086187,
    "spectral_rolloff_std": 1302.6487115337754,
    "spectral_flux_mean": 1964.2430419921875,
    "spectral_flux_std": 3232.2001953125,
    "spectral_flatness_mean": 0.005608292296528816,
    "spectral_flatness_std": 0.017570970579981804,
    "spectral_slope_mean": -0.0006953430092490295,
    "spectral_spread_mean": 1607.632085905548,
    "spectral_skewness_mean": 2.0842376735147234,
    "spectral_kurtosis_mean": 9.234591690876126
  },
  "rhythm": {
    "tempo_bpm": 184.5703125,
    "tempo_confidence": 0.986981945825273,
    "beat_positions": [
      6.524807256235827,
      6.849886621315193,
      7.174965986394557,
      7.476825396825397,
      7.801904761904762,
      8.126984126984127,
      8.452063492063493,
      8.777142857142858,
      9.102222222222222,
      9.404081632653062,
      9.729160997732427,
      10.054240362811791,
      10.379319727891156,
      10.704399092970522,
      11.029478458049887,
      11.354557823129252,
      11.679637188208616,
      12.004716553287983,
      12.329795918367347,
      12.654875283446712,
      12.979954648526077,
      13.305034013605443,
      13.630113378684808,
      13.955192743764172,
      14.280272108843537,
      14.582131519274377,
      14.907210884353741,
      15.232290249433106,
      15.557369614512472,
      15.882448979591837,
      16.207528344671204,
      16.50938775510204,
      16.834467120181404,
      17.159546485260773,
      17.484625850340137,
      17.786485260770974,
      18.11156462585034,
      18.413424036281178,
      18.738503401360543,
      19.06358276643991,
      19.388662131519276,
      19.71374149659864,
      20.038820861678005,
      20.36390022675737,
      20.688979591836734,
      20.990839002267574,
      21.31591836734694,
      21.640997732426303,
      21.966077097505668,
      22.31437641723356,
      22.639455782312925,
      22.96453514739229,
      23.312834467120183,
      23.661133786848072,
      23.986213151927437,
      24.3112925170068,
      24.659591836734695,
      25.007891156462584,
      25.356190476190477,
      25.727709750566895,
      26.09922902494331,
      26.424308390022677,
      26.726167800453513,
      27.051247165532878,
      27.376326530612246,
      27.70140589569161,
      28.026485260770976,
      28.35156462585034,
      28.676643990929705
    ],
    "onset_times": [
      0.09287981859410431,
      0.905578231292517,
      1.207437641723356,
      1.3931972789115645,
      2.159455782312925,
      2.461315192743764,
      2.693514739229025,
      3.1579138321995464,
      3.4829931972789114,
      3.622312925170068,
      3.8080725623582765,
      3.947392290249433,
      4.272471655328798,
      4.435011337868481,
      4.597551020408163,
      4.760090702947846,
      4.922630385487528,
      5.085170068027211,
      5.2477097505668935,
      5.572789115646258,
      5.735328798185941,
      6.03718820861678,
      6.199727891156463,
      6.362267573696145,
      6.524807256235827,
      6.6873469387755105,
      6.826666666666667,
      6.989206349206349,
      7.151746031746032,
      7.7090249433106575,
      8.103764172335602,
      8.312743764172335,
      8.452063492063493,
      9.102222222222222,
      9.914920634920636,
      10.356099773242631,
      11.517097505668934,
      11.679637188208616,
      12.004716553287983,
      12.144036281179138,
      12.329795918367347,
      12.654875283446712,
      12.956734693877552,
      13.305034013605443,
      13.79265306122449,
      13.955192743764172,
      14.094512471655328,
      14.280272108843537,
      14.582131519274377,
      14.744671201814059,
      15.441269841269841,
      15.557369614512472,
      16.021768707482995,
      16.50938775510204,
      16.671927437641724,
      16.834467120181404,
      17.159546485260773,
      17.29886621315193,
      17.600725623582765,
      17.925804988662133,
      18.088344671201813,
      18.92426303854875,
      19.249342403628116,
      19.388662131519276,
      19.644081632653062,
      20.131700680272107,
      20.36390022675737,
      20.66575963718821,
      21.5481179138322,
      21.826757369614512,
      21.942857142857143,
      22.31437641723356,
      22.523356009070294,
      23.312834467120183,
      25.356190476190477,
      26.076009070294784,
      26.40108843537415,
      26.888707482993198,
      27.353106575963718,
      27.70140589569161,
      28.026485260770976,
      28.189024943310656,
      28.35156462585034,
      28.514104308390024,
      28.65342403628118,
      29.00172335600907
    ],
    "rhythm_regularity": 0.9595110945160834,
    "syncopation_index": 0.5465116279069767,
    "beat_count": 69,
    "onset_count": 86
  },
  "harmony": {
    "chroma_mean": [
      0.5049633979797363,
      0.20973394811153412,
      0.4056296944618225,
      0.22850561141967773,
      0.35822752118110657,
      0.5341672301292419,
      0.24693317711353302,
      0.510972261428833,
      0.2523479759693146,
      0.3771243989467621,
      0.4786648154258728,
      0.28212106227874756
    ],
    "chroma_std": [
      0.31301644444465637,
      0.16230545938014984,
      0.26796528697013855,
      0.18098951876163483,
      0.23970000445842743,
      0.2968063950538635,
      0.17642182111740112,
      0.3280666172504425,
      0.21343441307544708,
      0.29120737314224243,
      0.33872419595718384,
      0.18083816766738892
    ],
    "key_estimation": {
      "key": "C_major",
      "confidence": 0.7143125524462587
    },
    "tonal_complexity": 0.11565344035625458
  },
  "quality": {
    "snr_db": 37.23405986481684,
    "dynamic_range_db": 22.323953210872144,
    "rms_energy": 0.11099492013454437,
    "zero_crossing_rate": 0.08865531386843153
  },
  "lyrics": {
    "word_count": 145,
    "unique_word_count": 94,
    "sentence_count": 1,
    "avg_words_per_sentence": 145.0,
    "readability": null,
    "sentiment_analysis": null,
    "topic_keywords": [
      "our",
      "And",
      "are",
      "the",
      "that",
      "It's",
      "either",
      "sadness",
      "euphoria",
      "only"
    ],
    "repetition_analysis": {
      "repetition_ratio": 0.3517241379310345,