{
  "snr_db": 34.36599848996022,
  "dynamic_range_db": 18.326672759572954,
  "rms_energy": 0.16101570427417755,
  "zero_crossing_rate": 0.09710860906862745
}