{
  "mfcc_mean": [
    -121.74530029296875,
    90.52999877929688,
    11.348406791687012,
    28.161497116088867,
    6.695815563201904,
    11.353331565856934,
    -6.769023418426514,
    10.467345237731934,
    -6.217113018035889,
    -1.6416822671890259,
    -2.1394383907318115,
    -3.7640819549560547,
    -9.952434539794922
  ],
  "mfcc_std": [
    109.9354476928711,
    28.183734893798828,
    13.047113418579102,
    11.87252426147461,
    11.722536087036133,
    8.337946891784668,
    8.93854808807373,
    8.195732116699219,
    8.200507164001465,
    8.388686180114746,
    8.622368812561035,
    8.535880088806152,
    8.124866485595703
  ],
  "spectral_centroid_mean": 2282.8379103058114,
  "spectral_centroid_std": 772.2137701627131,
  "spectral_bandwidth_mean": 2529.9727710288744,
  "spectral_bandwidth_std": 472.21842396770455,
  "spectral_rolloff_mean": 5177.927225096511,
  "spectral_rolloff_std": 1717.286223836639,
  "spectral_flux_mean": 2927.25341796875,
  "spectral_flux_std": 3497.098876953125,
  "spectral_flatness_mean": 0.018529895693063736,
  "spectral_flatness_std": 0.034771211445331573,
  "spectral_slope_mean": -0.0003684145523629648,
  "spectral_spread_mean": 2529.9727709739873,
  "spectral_skewness_mean": 1.4572871164550996,
  "spectral_kurtosis_mean": 5.011073773253054
}