{
  "chroma_mean": [
    0.48927661776542664,
    0.534351110458374,
    0.616474449634552,
    0.519266664981842,
    0.4414278268814087,
    0.46033725142478943,
    0.5195790529251099,
    0.5849103927612305,
    0.5765607953071594,
    0.76543790102005,
    0.5658974647521973,
    0.41121727228164673
  ],
  "chroma_std": [
    0.2564169764518738,
    0.22312092781066895,
    0.26959848403930664,
    0.23135879635810852,
    0.161823570728302,
    0.21463312208652496,
    0.24482032656669617,
    0.2669866383075714,
    0.2507573962211609,
    0.21660736203193665,
    0.19153891503810883,
    0.16556115448474884
  ],
  "key_estimation": {
    "key": "C_major",
    "confidence": -0.07963755831006901
  },
  "tonal_complexity": 0.0898110568523407
}