{
  "mfcc_mean": [
    -296.8681945800781,
    46.26442337036133,
    -20.465322494506836,
    1.930410385131836,
    -18.550142288208008,
    -7.051316738128662,
    9.44209098815918,
    -10.528392791748047,
    3.541008234024048,
    8.518692016601562,
    -18.024677276611328,
    4.268411159515381,
    -7.964143753051758
  ],
  "mfcc_std": [
    86.56900024414062,
    35.405845642089844,
    28.54024314880371,
    30.196247100830078,
    16.89988899230957,
    20.977510452270508,
    13.220549583435059,
    14.881773948669434,
    13.187894821166992,
    12.154982566833496,
    13.24236011505127,
    13.073201179504395,
    14.859968185424805
  ],
  "spectral_centroid_mean": 2398.51900984956,
  "spectral_centroid_std": 1233.8477926326464,
  "spectral_bandwidth_mean": 2223.241518182927,
  "spectral_bandwidth_std": 442.73285668327225,
  "spectral_rolloff_mean": 4355.295681522632,
  "spectral_rolloff_std": 2020.1293981926278,
  "spectral_flux_mean": 2050.31103515625,
  "spectral_flux_std": 4062.59619140625,
  "spectral_flatness_mean": 0.04996104538440704,
  "spectral_flatness_std": 0.1267768293619156,
  "spectral_slope_mean": -0.00026878610034527687,
  "spectral_spread_mean": 2223.2415180155945,
  "spectral_skewness_mean": 1.7895229546161444,
  "spectral_kurtosis_mean": 6.990010176001112
}