{
  "meta": {
    "path": "../../data/raw/CSD/english/wav/en031b.wav",
    "file_hash": "aded3d1dceda98dc90fe3d7d2ea7576108b89036",
    "duration_sec": 78.20226757369615,
    "sample_rate": 22050,
    "analysis_timestamp": "2025-10-24T19:12:55.846927",
    "config": {
      "sr": 22050,
      "n_fft": 2048,
      "hop_length": 512,
      "n_mels": 128,
      "n_mfcc": 13,
      "n_chroma": 12,
      "frame_length": 2048,
      "workers": 4,
      "use_crepe": false,
      "save_matrices": false,
      "save_plots": true,
      "force": true,
      "quick": false,
      "verbose": false
    },
    "processing_time_sec": 6.256811618804932
  },
  "acoustic": {
    "mfcc_mean": [
      -253.4370574951172,
      36.37849426269531,
      -10.107475280761719,
      9.109878540039062,
      -8.616639137268066,
      -5.465900421142578,
      -1.8175040483474731,
      -11.071389198303223,
      -8.004984855651855,
      1.0856760740280151,
      -19.559762954711914,
      -6.591923236846924,
      -15.61697769165039
    ],
    "mfcc_std": [
      133.98568725585938,
      38.0964469909668,
      23.414501190185547,
      23.901660919189453,
      14.252111434936523,
      15.339038848876953,
      11.260794639587402,
      15.995939254760742,
      12.776580810546875,
      10.747160911560059,
      14.712021827697754,
      9.363083839416504,
      12.006986618041992
    ],
    "spectral_centroid_mean": 3033.5374758320977,
    "spectral_centroid_std": 1467.5417744676747,
    "spectral_bandwidth_mean": 2588.9162795930624,
    "spectral_bandwidth_std": 455.12438438268924,
    "spectral_rolloff_mean": 5910.515813759557,
    "spectral_rolloff_std": 2218.5460014108367,
    "spectral_flux_mean": 3651.18505859375,
    "spectral_flux_std": 5650.681640625,
    "spectral_flatness_mean": 0.09290198981761932,
    "spectral_flatness_std": 0.15738575160503387,
    "spectral_slope_mean": -0.00021776549538115838,
    "spectral_spread_mean": 2588.9162788877957,
    "spectral_skewness_mean": 1.196720064399697,
    "spectral_kurtosis_mean": 4.477578210260072
  },
  "rhythm": {
    "tempo_bpm": 89.10290948275862,
    "tempo_confidence": 0.9716248438818249,
    "beat_positions": [
      2.1130158730158732,
      2.7399546485260773,
      3.4597732426303853,
      4.1099319727891155,
      4.783310657596372,
      5.433469387755102,
      6.106848072562358,
      6.8034467120181406,
      7.476825396825397,
      8.126984126984127,
      8.823582766439909,
      9.47374149659864,
      10.170340136054422,
      10.820498866213152,
      11.447437641723356,
      12.19047619047619,
      12.863854875283447,
      13.537233560090703,
      14.233832199546486,
      14.883990929705215,
      15.557369614512472,
      16.23074829931973,
      16.880907029478458,
      17.57750566893424,
      18.250884353741498,
      18.92426303854875,
      19.59764172335601,
      20.24780045351474,
      20.94439909297052,
      21.59455782312925,
      22.244716553287983,
      22.987755102040815,
      23.637913832199548,
      24.33451247165533,
      25.031111111111112,
      25.658049886621317,
      26.33142857142857,
      27.028027210884353,
      27.678185941043083,
      28.35156462585034,
      29.048163265306123,
      29.744761904761905,
      30.418140589569163,
      31.045079365079363,
      31.741678004535146,
      32.391836734693875,
      33.041995464852604,
      33.761814058956915,
      34.43519274376417,
      35.131791383219955,
      35.80517006802721,
      36.47854875283447,
      37.151927437641724,
      37.82530612244898,
      38.49868480725623,
      39.172063492063494,
      39.84544217687075,
      40.518820861678,
      41.19219954648526,
      41.86557823129252,
      42.53895691609977,
      43.21233560090703,
      43.885714285714286,
      44.55909297052154,
      45.2324716553288,
      45.88263038548753,
      46.57922902494331,
      47.206167800453514,
      47.9027664399093,
      48.59936507936508,
      49.27274376417233,
      49.946122448979594,
      50.59628117913832,
      51.26965986394558,
      51.96625850340136,
      52.63963718820862,
      53.31301587301587,
      53.9631746031746,
      54.61333333333334,
      55.33315192743764,
      56.006530612244894,
      56.679909297052156,
      57.35328798185941,
      58.026666666666664,
      58.700045351473925,
      59.396643990929704,
      60.04680272108843,
      60.766621315192744,
      61.41678004535147,
      62.0669387755102,
      62.76353741496599,
      63.41369614512472,
      64.08707482993198,
      64.76045351473923,
      65.38739229024944,
      66.1536507936508,
      66.94312925170068,
      67.5004081632653,
      68.17378684807257,
      68.80072562358276,
      69.47410430839003,
      70.14748299319727,
      70.82086167800453,
      71.4942403628118,
      72.16761904761904,
      72.86421768707483,
      73.56081632653061,
      74.21097505668934,
      74.8843537414966,
      75.53451247165533,
      76.18467120181406
    ],