{
  "meta": {
    "path": "../../data/raw/CSD/english/wav/en004a.wav",
    "file_hash": "361e8c310e5232d29e9e2274fa3b378019f8d8dd",
    "duration_sec": 64.0,
    "sample_rate": 22050,
    "analysis_timestamp": "2025-10-24T19:15:01.085635",
    "config": {
      "sr": 22050,
      "n_fft": 2048,
      "hop_length": 512,
      "n_mels": 128,
      "n_mfcc": 13,
      "n_chroma": 12,
      "frame_length": 2048,
      "workers": 4,
      "use_crepe": false,
      "save_matrices": false,
      "save_plots": true,
      "force": true,
      "quick": false,
      "verbose": false
    },
    "processing_time_sec": 6.947638034820557
  },
  "acoustic": {
    "mfcc_mean": [
      -286.2405090332031,
      37.860469818115234,
      -22.552661895751953,
      13.393218040466309,
      -14.7888765335083,
      -13.462580680847168,
      7.434681415557861,
      -7.031919956207275,
      1.4281834363937378,
      2.0092406272888184,
      -12.20838451385498,
      5.174570560455322,
      1.5815914869308472
    ],
    "mfcc_std": [
      111.21625518798828,
      36.25761413574219,
      30.09952163696289,
      27.099027633666992,
      17.74570655822754,
      21.968549728393555,
      12.469684600830078,
      13.011207580566406,
      12.467982292175293,
      10.746270179748535,
      12.64045238494873,
      12.320732116699219,
      17.66387176513672
    ],
    "spectral_centroid_mean": 2684.4282431231522,
    "spectral_centroid_std": 1400.1271986729062,
    "spectral_bandwidth_mean": 2255.8495619520577,
    "spectral_bandwidth_std": 526.0193484431536,
    "spectral_rolloff_mean": 4720.62563226843,
    "spectral_rolloff_std": 2375.895001778623,
    "spectral_flux_mean": 3479.153564453125,
    "spectral_flux_std": 5101.57861328125,
    "spectral_flatness_mean": 0.08273018896579742,
    "spectral_flatness_std": 0.1651473492383957,
    "spectral_slope_mean": -0.00027473142145309867,
    "spectral_spread_mean": 2255.8495641784784,
    "spectral_skewness_mean": 1.5807073745902465,
    "spectral_kurtosis_mean": 6.500411724713711
  },
  "rhythm": {
    "tempo_bpm": 117.45383522727273,
    "tempo_confidence": 0.9712965781791033,
    "beat_positions": [
      1.3235374149659864,
      1.787936507936508,
      2.345215419501134,
      2.9257142857142857,
      3.4829931972789114,
      4.017052154195011,
      4.527891156462585,
      5.038730158730159,
      5.526349206349207,
      6.013968253968254,
      6.524807256235827,
      7.012426303854875,
      7.500045351473923,
      7.987664399092971,
      8.52172335600907,
      9.009342403628118,
      9.520181405895691,
      10.00780045351474,
      10.518639455782314,
      11.029478458049887,
      11.517097505668934,
      11.981496598639456,
      12.515555555555556,
      13.003174603174603,
      13.537233560090703,
      14.071292517006803,
      14.605351473922903,
      15.139410430839002,
      15.673469387755102,
      16.207528344671204,
      16.741587301587302,
      17.252426303854875,
      17.786485260770974,
      18.36698412698413,
      18.94748299319728,
      19.504761904761907,
      20.01560090702948,
      20.54965986394558,
      21.037278911564627,
      21.524897959183672,
      22.01251700680272,
      22.523356009070294,
      23.010975056689343,
      23.521814058956917,
      24.009433106575965,
      24.473832199546486,
      24.98467120181406,
      25.495510204081633,
      25.98312925170068,
      26.493968253968255,
      26.9815873015873,
      27.492426303854874,
      27.980045351473922,
      28.514104308390024,
      29.024943310657598,
      29.53578231292517,
      30.093061224489794,
      30.627120181405896,
      31.161179138321994,
      31.695238095238096,
      32.229297052154195,
      32.76335600907029,
      33.29741496598639,
      33.761814058956915,
      34.365532879818595,
      34.94603174603174,
      35.48009070294785,
      36.014149659863946,
      36.52498866213152,
      37.03582766439909,
      37.52344671201814,
      38.01106575963719,
      38.521904761904764,
      39.03274376417234,
      39.54358276643991,
      40.00798185941043,
      40.518820861678,
      41.029659863945575,
      41.517278911564624,
      41.98167800453515,
      42.49251700680272,
      43.003356009070295,
      43.51419501133787,
      44.00181405895692,
      44.51265306122449,
      45.023492063492064,
      45.55755102040816,
      46.09160997732426,
      46.625668934240366,
      47.159727891156464,
      47.69378684807256,
      48.22784580498866,
      48.76190476190476,
      49.295963718820865,
      49.76036281179138,
      50.29442176870748,
      50.89814058956916,
      51.50185941043084,
      51.98947845804989,
      52.523537414965986,
      53.03437641723356,
      53.52199546485261,
      54.03283446712018,
      54.543673469387755,
      55.031292517006804,
      55.51891156462585,
      56.029750566893426,
      56.540589569161,
      57.02820861678005,
      57.53904761904762,
      58.026666666666664,
      58.49106575963719,
      59.00190476190476,
      59.48952380952381,
      60.00036281179138,
      60.51120181405896,
      61.02204081632653
    ],