{
  "mfcc_mean": [
    -201.817626953125,
    120.99977111816406,
    10.688130378723145,
    27.501771926879883,
    7.476883411407471,
    11.931736946105957,
    2.1010706424713135,
    13.861066818237305,
    -0.6156491637229919,
    -2.544954776763916,
    -2.4821581840515137,
    -2.0876166820526123,
    -5.17946720123291
  ],
  "mfcc_std": [
    90.28862762451172,
    25.684993743896484,
    30.399436950683594,
    18.786413192749023,
    16.848468780517578,
    12.437780380249023,
    14.301417350769043,
    11.176251411437988,
    9.751420974731445,
    11.102660179138184,
    8.740517616271973,
    7.83738374710083,
    8.023193359375
  ],
  "spectral_centroid_mean": 1502.888828130707,
  "spectral_centroid_std": 596.2278450349269,
  "spectral_bandwidth_mean": 2045.1984252405161,
  "spectral_bandwidth_std": 368.2958304468884,
  "spectral_rolloff_mean": 2945.2926671532937,
  "spectral_rolloff_std": 1490.9580363447465,
  "spectral_flux_mean": 2338.81689453125,
  "spectral_flux_std": 4178.0478515625,
  "spectral_flatness_mean": 0.006461876444518566,
  "spectral_flatness_std": 0.038964830338954926,
  "spectral_slope_mean": -0.0004074906839720429,
  "spectral_spread_mean": 2045.1984277811364,
  "spectral_skewness_mean": 2.365299620984312,
  "spectral_kurtosis_mean": 9.078691882163112
}