{
  "meta": {
    "path": "../../data/raw/MIREX-like_mood/dataset/Audio/098.mp3",
    "file_hash": "ab097b3e753406393af9323ecbe3e59163a8724f",
    "duration_sec": 29.675102040816327,
    "sample_rate": 22050,
    "analysis_timestamp": "2025-10-24T20:19:48.520622",
    "config": {
      "sr": 22050,
      "n_fft": 2048,
      "hop_length": 512,
      "n_mels": 128,
      "n_mfcc": 13,
      "n_chroma": 12,
      "frame_length": 2048,
      "workers": 4,
      "use_crepe": false,
      "save_matrices": false,
      "save_plots": true,
      "force": true,
      "quick": false,
      "verbose": false
    },
    "processing_time_sec": 3.5720632076263428
  },
  "acoustic": {
    "mfcc_mean": [
      -201.817626953125,
      120.99977111816406,
      10.688130378723145,
      27.501771926879883,
      7.476883411407471,
      11.931736946105957,
      2.1010706424713135,
      13.861066818237305,
      -0.6156491637229919,
      -2.544954776763916,
      -2.4821581840515137,
      -2.0876166820526123,
      -5.17946720123291
    ],
    "mfcc_std": [
      90.28862762451172,
      25.684993743896484,
      30.399436950683594,
      18.786413192749023,
      16.848468780517578,
      12.437780380249023,
      14.301417350769043,
      11.176251411437988,
      9.751420974731445,
      11.102660179138184,
      8.740517616271973,
      7.83738374710083,
      8.023193359375
    ],
    "spectral_centroid_mean": 1502.888828130707,
    "spectral_centroid_std": 596.2278450349269,
    "spectral_bandwidth_mean": 2045.1984252405161,
    "spectral_bandwidth_std": 368.2958304468884,
    "spectral_rolloff_mean": 2945.2926671532937,
    "spectral_rolloff_std": 1490.9580363447465,
    "spectral_flux_mean": 2338.81689453125,
    "spectral_flux_std": 4178.0478515625,
    "spectral_flatness_mean": 0.006461876444518566,
    "spectral_flatness_std": 0.038964830338954926,
    "spectral_slope_mean": -0.0004074906839720429,
    "spectral_spread_mean": 2045.1984277811364,
    "spectral_skewness_mean": 2.365299620984312,
    "spectral_kurtosis_mean": 9.078691882163112
  },
  "rhythm": {
    "tempo_bpm": 75.99954044117646,
    "tempo_confidence": 0.9650836558355281,
    "beat_positions": [
      0.905578231292517,
      1.6950566893424037,
      2.507755102040816,
      3.320453514739229,
      4.08671201814059,
      4.899410430839002,
      5.6656689342403626,
      6.455147392290249,
      7.244625850340136,
      8.034104308390022,
      8.800362811791382,
      9.58984126984127,
      10.379319727891156,
      11.215238095238096,
      12.004716553287983,
      12.794195011337868,
      13.583673469387755,
      14.349931972789115,
      15.116190476190477,
      15.905668934240364,
      16.671927437641724,
      17.484625850340137,
      18.250884353741498,
      19.040362811791383,
      19.82984126984127,
      20.64253968253968,
      21.408798185941045,
      22.19827664399093,
      22.987755102040815,
      23.777233560090703,
      24.543492063492064,
      25.356190476190477,
      26.122448979591837,
      26.93514739229025,
      27.70140589569161,
      28.676643990929705
    ],
    "onset_times": [
      0.13931972789115646,
      0.8823582766439909,
      1.1145578231292517,
      1.2770975056689342,
      1.6718367346938776,
      1.9736961451247166,
      2.2523356009070294,
      2.48453514739229,
      2.8792743764172335,
      3.01859410430839,
      3.320453514739229,
      3.4829931972789114,
      3.599092970521542,
      4.063492063492063,
      4.481451247165533,
      5.2477097505668935,
      5.6656689342403626,
      6.03718820861678,
      6.431927437641724,
      7.22140589569161,
      7.778684807256236,
      8.034104308390022,
      8.40562358276644,
      8.777142857142858,
      9.195102040816327,
      9.58984126984127,
      9.984580498866213,
      10.356099773242631,
      10.797278911564625,
      10.95981859410431,
      11.563537414965987,
      12.004716553287983,
      12.376235827664399,
      12.770975056689343,
      13.56045351473923,
      13.955192743764172,
      14.349931972789115,
      14.721451247165533,
      15.09297052154195,
      15.51092970521542,
      15.882448979591837,
      16.671927437641724,
      17.08988662131519,
      17.484625850340137,
      17.856145124716555,
      18.22766439909297,
      18.64562358276644,
      19.040362811791383,
      19.4118820861678,
      19.667301587301587,
      19.806621315192743,
      20.06204081632653,
      20.224580498866214,
      20.503219954648525,
      20.619319727891156,
      21.385578231292516,
      21.66421768707483,
      21.803537414965987,
      21.966077097505668,
      22.19827664399093,
      22.360816326530614,
      22.523356009070294,
      22.77877551020408,
      22.96453514739229,
      23.2431746031746,
      23.38249433106576,
      23.754013605442175,
      24.125532879818593,
      24.52027210884354,
      24.938231292517006,
      25.10077097505669,
      25.240090702947846,
      25.33297052154195,
      25.727709750566895,
      26.122448979591837,
      26.354648526077096,
      26.610068027210886,
      26.911927437641722,
      27.678185941043083,
      28.11936507936508,
      28.258684807256238,
      28.490884353741496,
      29.257142857142856,
      29.6518820861678
    ],
    "rhythm_regularity": 0.9544026815905153,
    "syncopation_index": 0.6071428571428571,
    "beat_count": 36,
    "onset_count": 84
  },
  "harmony": {
    "chroma_mean": [
      0.3579263389110565,
      0.22662325203418732,
      0.4169350564479828,
      0.21102215349674225,
      0.26420676708221436,
      0.1672798991203308,
      0.38001924753189087,
      0.6515762805938721,
      0.24727977812290192,
      0.30074572563171387,
      0.3009071946144104,
      0.38125744462013245
    ],
    "chroma_std": [
      0.34809938073158264,
      0.1522412747144699,
      0.2897648811340332,
      0.15148885548114777,
      0.27628713846206665,
      0.10973287373781204,
      0.2581429183483124,
      0.3408394753932953,
      0.16805404424667358,
      0.21750609576702118,
      0.18410731852054596,
      0.2295406609773636
    ],
    "key_estimation": {
      "key": "C_major",
      "confidence": 0.41839316651989805
    },
    "tonal_complexity": 0.12275553494691849
  },
  "quality": {
    "snr_db": 36.711778323060415,
    "dynamic_range_db": 21.61277035950691,
    "rms_energy": 0.11962559074163437,
    "zero_crossing_rate": 0.05419540107017201
  },
  "lyrics": {
    "word_count": 148,
    "unique_word_count": 82,
    "sentence_count": 1,
    "avg_words_per_sentence": 148.0,
    "readability": null,
    "sentiment_analysis": null,
    "topic_keywords": [
      "the",
      "end",
      "street",
      "and",
      "You",
      "meet",
      "Dark",
      "They're",
      "gonna",
      "find"
    ],
    "repetition_analysis": {
      "repetition_ratio": 0.44594594594594594,
      "most_common_words": [
        [
          "the",
          10
        ],
        [
          "end",
          5
        ],
        [
          "street",
          5
        ],
        [
          "and",
          5
        ],
        [
          "You",
          4
        ]
      ]
    }
  }
}