{
  "meta": {
    "path": "../../data/raw/MIREX-like_mood/dataset/Audio/230.mp3",
    "file_hash": "1314a380433a4ac4cb71b5021d5a4cafdf7d2b82",
    "duration_sec": 29.860861678004536,
    "sample_rate": 22050,
    "analysis_timestamp": "2025-10-24T20:10:36.282159",
    "config": {
      "sr": 22050,
      "n_fft": 2048,
      "hop_length": 512,
      "n_mels": 128,
      "n_mfcc": 13,
      "n_chroma": 12,
      "frame_length": 2048,
      "workers": 4,
      "use_crepe": false,
      "save_matrices": false,
      "save_plots": true,
      "force": true,
      "quick": false,
      "verbose": false
    },
    "processing_time_sec": 3.3768656253814697
  },
  "acoustic": {
    "mfcc_mean": [
      -59.191349029541016,
      73.58910369873047,
      2.4131789207458496,
      14.212030410766602,
      -9.894723892211914,
      5.765304088592529,
      -10.664848327636719,
      0.6002632975578308,
      -5.906593322753906,
      2.030428886413574,
      -3.985952615737915,
      -2.1196701526641846,
      -7.397862434387207
    ],
    "mfcc_std": [
      75.07535552978516,
      24.070688247680664,
      16.376741409301758,
      11.227729797363281,
      11.380377769470215,
      9.222192764282227,
      7.7702484130859375,
      7.051084041595459,
      7.295917510986328,
      6.772546768188477,
      7.316126346588135,
      6.450221061706543,
      6.208805561065674
    ],
    "spectral_centroid_mean": 2779.677417516188,
    "spectral_centroid_std": 718.0147606802166,
    "spectral_bandwidth_mean": 2664.8933148618025,
    "spectral_bandwidth_std": 261.9678957739145,
    "spectral_rolloff_mean": 5922.358671601835,
    "spectral_rolloff_std": 1135.2816483669658,
    "spectral_flux_mean": 5568.67431640625,
    "spectral_flux_std": 6928.35009765625,
    "spectral_flatness_mean": 0.03177943453192711,
    "spectral_flatness_std": 0.040291789919137955,
    "spectral_slope_mean": -0.00034882626620573464,
    "spectral_spread_mean": 2664.8933128028953,
    "spectral_skewness_mean": 1.106536578769291,
    "spectral_kurtosis_mean": 3.444540884463962
  },
  "rhythm": {
    "tempo_bpm": 135.99917763157896,
    "tempo_confidence": 0.9715295466632611,
    "beat_positions": [
      0.16253968253968254,
      0.603718820861678,
      1.0448979591836736,
      1.486077097505669,
      1.9040362811791383,
      2.345215419501134,
      2.8560544217687074,
      3.297233560090703,
      3.7384126984126986,
      4.2260317460317465,
      4.713650793650793,
      5.154829931972789,
      5.596009070294785,
      6.060408163265306,
      6.524807256235827,
      6.989206349206349,
      7.453605442176871,
      7.918004535147392,
      8.382403628117913,
      8.93968253968254,
      9.404081632653062,
      9.868480725623582,
      10.309659863945578,
      10.750839002267574,
      11.19201814058957,
      11.586757369614512,
      12.004716553287983,
      12.469115646258503,
      12.933514739229025,
      13.397913832199546,
      13.815873015873017,
      14.257052154195012,
      14.721451247165533,
      15.185850340136055,
      15.62702947845805,
      16.068208616780044,
      16.50938775510204,
      16.950566893424035,
      17.438185941043084,
      17.902585034013605,
      18.320544217687075,
      18.808163265306124,
      19.249342403628116,
      19.690521541950112,
      20.131700680272107,
      20.54965986394558,
      20.990839002267574,
      21.478458049886623,
      21.942857142857143,
      22.407256235827663,
      22.84843537414966,
      23.405714285714286,
      23.870113378684806,
      24.3112925170068,
      24.752471655328797,
      25.193650793650793,
      25.63482993197279,
      26.076009070294784,
      26.540408163265305,
      27.00480725623583,
      27.39954648526077,
      27.794285714285714,
      28.212244897959184,
      28.65342403628118,
      29.094603174603176
    ],
    "onset_times": [
      0.13931972789115646,
      0.2786394557823129,
      0.603718820861678,
      1.1377777777777778,
      1.4628571428571429,
      1.8808163265306121,
      2.066575963718821,
      2.3219954648526078,
      2.8328344671201813,
      3.274013605442177,
      3.622312925170068,
      4.713650793650793,
      5.108390022675737,
      5.154829931972789,
      5.572789115646258,
      6.15328798185941,
      6.501587301587302,
      7.128526077097506,
      7.546485260770975,
      7.894784580498866,
      8.335963718820862,
      8.382403628117913,
      8.93968253968254,
      9.404081632653062,
      9.729160997732427,
      10.170340136054422,
      10.611519274376418,
      10.750839002267574,
      11.19201814058957,
      11.563537414965987,
      11.981496598639456,
      12.585215419501134,
      13.397913832199546,
      13.815873015873017,
      14.233832199546486,
      14.396371882086168,
      14.721451247165533,
      15.000090702947846,
      15.348390022675737,
      15.557369614512472,
      15.719909297052155,
      15.975328798185942,
      16.16108843537415,
      16.50938775510204,
      16.92734693877551,
      17.438185941043084,
      17.902585034013605,
      18.297324263038547,
      18.622403628117915,
      18.808163265306124,
      19.086802721088436,
      19.22612244897959,
      19.82984126984127,
      20.131700680272107,
      20.526439909297054,
      21.478458049886623,
      22.01251700680272,
      22.360816326530614,
      22.801995464852606,
      23.405714285714286,
      23.870113378684806,
      24.19519274376417,
      24.61315192743764,
      25.054331065759637,
      25.193650793650793,
      25.611609977324264,
      26.354648526077096,
      27.00480725623583,
      27.445986394557824,
      27.77106575963719,
      28.189024943310656,
      28.63020408163265,
      28.81596371882086,
      29.094603174603176,
      29.41968253968254,
      29.53578231292517,
      29.72154195011338
    ],
    "rhythm_regularity": 0.9351755360953171,
    "syncopation_index": 0.2857142857142857,
    "beat_count": 65,
    "onset_count": 77
  },
  "harmony": {
    "chroma_mean": [
      0.4028613269329071,
      0.4228556454181671,
      0.43460601568222046,
      0.33657288551330566,
      0.4440266788005829,
      0.38765862584114075,
      0.5163934826850891,
      0.4991013705730438,
      0.5140026807785034,
      0.5772567391395569,
      0.4043707251548767,
      0.5295352339744568
    ],
    "chroma_std": [
      0.20455744862556458,
      0.23756198585033417,
      0.24383914470672607,
      0.1833726465702057,
      0.2558172047138214,
      0.23736798763275146,
      0.2770720422267914,
      0.2654239535331726,
      0.265775203704834,
      0.2929873466491699,
      0.22794878482818604,
      0.2986298203468323
    ],
    "key_estimation": {
      "key": "C_major",
      "confidence": -0.03363470757121852
    },
    "tonal_complexity": 0.06776288151741028
  },
  "quality": {
    "snr_db": 36.47559127299243,
    "dynamic_range_db": 17.796209498094456,
    "rms_energy": 0.18025946617126465,
    "zero_crossing_rate": 0.1485042735042735
  },
  "lyrics": {
    "word_count": 179,
    "unique_word_count": 82,
    "sentence_count": 1,
    "avg_words_per_sentence": 179.0,
    "readability": null,
    "sentiment_analysis": null,
    "topic_keywords": [
      "the",
      "that",
      "and",
      "Like",
      "said,",
      "\"Ain't",
      "kick",
      "fella",
      "just",
      "Tell"
    ],
    "repetition_analysis": {
      "repetition_ratio": 0.541899441340782,
      "most_common_words": [
        [
          "the",
          13
        ],
        [
          "that",
          7
        ],
        [
          "and",
          4
        ],
        [
          "Like",
          4
        ],
        [
          "said,",
          4
        ]
      ]
    }
  }
}