{
  "snr_db": 34.0532346156444,
  "dynamic_range_db": 18.180063973215518,
  "rms_energy": 0.16504089534282684,
  "zero_crossing_rate": 0.1680306932752545
}