{
  "tempo_bpm": 117.45383522727273,
  "tempo_confidence": 0.9874205544192325,
  "beat_positions": [
    0.603718820861678,
    1.1145578231292517,
    1.6253968253968254,
    2.1130158730158732,
    2.6006349206349206,
    3.111473922902494,
    3.622312925170068,
    4.1099319727891155,
    4.620770975056689,
    5.131609977324263,
    5.642448979591837,
    6.130068027210885,
    6.617687074829932,
    7.128526077097506,
    7.63936507936508,
    8.150204081632653,
    8.6378231292517,
    9.1718820861678,
    9.682721088435374,
    10.170340136054422,
    10.65795918367347,
    11.168798185941043,
    11.656417233560092,
    12.144036281179138,
    12.654875283446712,
    13.165714285714285,
    13.653333333333334,
    14.164172335600908,
    14.651791383219955,
    15.162630385487528,
    15.673469387755102,
    16.184308390022675,
    16.69514739229025,
    17.182766439909297,
    17.69360544217687,
    18.18122448979592,
    18.692063492063493,
    19.202902494331067,
    19.690521541950112,
    20.201360544217685,
    20.712199546485262,
    21.223038548752836,
    21.71065759637188,
    22.221496598639455,
    22.709115646258503,
    23.219954648526077,
    23.707573696145126,
    24.2184126984127,
    24.706031746031748,
    25.21687074829932,
    25.704489795918366,
    26.21532879818594,
    26.726167800453513,
    27.237006802721087,
    27.724625850340136,
    28.212244897959184,
    28.746303854875283
  ],
  "onset_times": [
    0.13931972789115646,
    0.2786394557823129,
    0.5804988662131519,
    0.7894784580498866,
    1.1145578231292517,
    1.6021768707482993,
    1.7647165532879818,
    1.8808163265306121,
    1.9272562358276644,
    2.1130158730158732,
    2.36843537414966,
    2.6006349206349206,
    2.786394557823129,
    3.111473922902494,
    3.274013605442177,
    3.4829931972789114,
    3.599092970521542,
    3.8545124716553287,
    4.017052154195011,
    4.1099319727891155,
    4.249251700680272,
    4.597551020408163,
    4.783310657596372,
    4.992290249433107,
    5.131609977324263,
    5.5495691609977325,
    5.642448979591837,
    5.990748299319728,
    6.130068027210885,
    6.3854875283446715,
    6.617687074829932,
    6.8034467120181406,
    7.012426303854875,
    7.128526077097506,
    7.523265306122449,
    7.63936507936508,
    7.87156462585034,
    8.034104308390022,
    8.126984126984127,
    8.6378231292517,
    9.032562358276644,
    9.148662131519274,
    9.311201814058958,
    9.659501133786849,
    10.00780045351474,
    10.147120181405896,
    10.402539682539683,
    10.634739229024943,
    10.820498866213152,
    11.029478458049887,
    11.145578231292516,
    11.3081179138322,
    11.54031746031746,
    11.656417233560092,
    11.888616780045352,
    12.051156462585034,
    12.144036281179138,
    12.283356009070294,
    12.631655328798185,
    12.817414965986394,
    13.142494331065759,
    13.537233560090703,
    13.653333333333334,
    14.001632653061224,
    14.164172335600908,
    14.349931972789115,
    14.628571428571428,
    14.744671201814059,
    15.139410430839002,
    15.62702947845805,
    15.673469387755102,
    16.16108843537415,
    16.439727891156462,
    16.69514739229025,
    16.834467120181404,
    16.950566893424035,
    17.159546485260773,
    17.205986394557822,
    17.41496598639456,
    17.670385487528346,
    18.088344671201813,
    18.18122448979592,
    18.320544217687075,
    18.436643990929706,
    18.575963718820862,
    18.692063492063493,
    18.92426303854875,
    19.17968253968254,
    19.435102040816325,
    19.690521541950112,
    19.853061224489796,
    19.9459410430839,
    20.06204081632653,
    20.201360544217685,
    20.340680272108845,
    20.433560090702947,
    20.572879818594103,
    20.712199546485262,
    20.94439909297052,
    21.083718820861677,
    21.199818594104308,
    21.455238095238094,
    21.687437641723356,
    21.966077097505668,
    22.0821768707483,
    22.19827664399093,
    22.337596371882086,
    22.453696145124717,
    22.593015873015872,
    22.709115646258503,
    22.96453514739229,
    23.196734693877552,
    23.45215419501134,
    23.707573696145126,
    24.079092970521543,
    24.19519274376417,
    24.357732426303855,
    24.450612244897957,
    24.589931972789117,
    24.706031746031748,
    24.961451247165535,
    25.193650793650793,
    25.472290249433108,
    25.588390022675735,
    25.704489795918366,
    26.02956916099773,
    26.21532879818594,
    26.63328798185941,
    26.911927437641722,
    27.190566893424037,
    27.237006802721087,
    27.724625850340136,
    28.003265306122447,
    28.189024943310656,
    28.490884353741496,
    28.746303854875283,
    28.862403628117914,
    29.00172335600907,
    29.210702947845807
  ],
  "rhythm_regularity": 0.9746496840004337,
  "syncopation_index": 0.5323741007194245,
  "beat_count": 57,
  "onset_count": 139
}