{
  "tempo_bpm": 117.45383522727273,
  "tempo_confidence": 0.9815257399365532,
  "beat_positions": [
    0.9287981859410431,
    1.486077097505669,
    1.9504761904761905,
    2.48453514739229,
    2.972154195011338,
    3.4597732426303853,
    3.9706122448979593,
    4.458231292517007,
    4.96907029478458,
    5.479909297052155,
    5.990748299319728,
    6.501587301587302,
    7.012426303854875,
    7.500045351473923,
    8.010884353741497,
    8.52172335600907,
    9.009342403628118,
    9.47374149659864,
    9.93814058956916,
    10.402539682539683,
    10.89015873015873,
    11.377777777777778,
    11.865396825396825,
    12.353015873015874,
    12.84063492063492,
    13.351473922902494,
    13.862312925170068,
    14.373151927437641,
    14.883990929705215,
    15.394829931972788,
    15.905668934240364,
    16.39328798185941,
    16.880907029478458,
    17.39174603174603,
    17.87936507936508,
    18.390204081632653,
    18.877823129251702,
    19.388662131519276,
    19.89950113378685,
    20.410340136054423,
    20.921179138321996,
    21.408798185941045,
    21.91963718820862,
    22.430476190476192,
    22.941315192743765,
    23.405714285714286,
    23.893333333333334,
    24.38095238095238,
    24.86857142857143,
    25.356190476190477,
    25.890249433106575,
    26.424308390022677,
    26.93514739229025,
    27.422766439909296,
    27.910385487528345
  ],
  "onset_times": [
    0.09287981859410431,
    0.905578231292517,
    1.253877551020408,
    1.486077097505669,
    1.6486167800453515,
    1.9504761904761905,
    2.1130158730158732,
    2.507755102040816,
    2.670294784580499,
    2.948934240362812,
    3.436553287981859,
    3.5062131519274375,
    3.7151927437641725,
    3.947392290249433,
    4.2260317460317465,
    4.435011337868481,
    4.9458503401360545,
    5.479909297052155,
    5.7817687074829935,
    5.990748299319728,
    6.989206349206349,
    7.500045351473923,
    8.010884353741497,
    9.009342403628118,
    9.241541950113378,
    9.450521541950113,
    9.775600907029478,
    10.054240362811791,
    10.216780045351474,
    10.425759637188209,
    10.704399092970522,
    10.89015873015873,
    11.19201814058957,
    11.470657596371883,
    11.95827664399093,
    12.19047619047619,
    12.329795918367347,
    13.188934240362812,
    13.862312925170068,
    14.86077097505669,
    15.882448979591837,
    16.579047619047618,
    16.671927437641724,
    17.11310657596372,
    17.809705215419502,
    17.87936507936508,
    17.99546485260771,
    18.413424036281178,
    18.854603174603174,
    19.52798185941043,
    19.736961451247165,
    19.87628117913832,
    20.038820861678005,
    20.201360544217685,
    20.410340136054423,
    20.897959183673468,
    21.408798185941045,
    21.91963718820862,
    22.709115646258503,
    22.941315192743765,
    23.1502947845805,
    23.405714285714286,
    23.870113378684806,
    25.356190476190477,
    25.541950113378686,
    25.68126984126984,
    25.890249433106575,
    26.192108843537415,
    26.9815873015873,
    27.213786848072562,
    27.608526077097505,
    27.910385487528345
  ],
  "rhythm_regularity": 0.9623303465951131,
  "syncopation_index": 0.4305555555555556,
  "beat_count": 55,
  "onset_count": 72
}