{
  "track_id": "3130313733395f313331",
  "provenance": {
    "original_audio_path": "../../data/raw/Viet_Dataset/songs/3130313733395f313331.wav",
    "original_lyrics_path": "../../data/raw/Viet_Dataset/lyrics/3130313733395f313331.txt",
    "processing_date": "2025-10-24T22:30:34.675058+00:00",
    "script_version": "1.0.0"
  },
  "audio_properties": {
    "original_sr": 44100,
    "target_sr": 44100,
    "channels": 2
  },
  "audio_features": {
    "duration_seconds": 4.5351473922902495e-05,
    "integrated_loudness_lufs": -Infinity,
    "snr_percentile_db": 2.534525156021118,
    "clipping_percentage": 0.0,
    "rms_energy_mean": 7.575557901873253e-06,
    "rms_energy_std": 0.0,
    "zcr_mean": 0.0,
    "zcr_std": 0.0,
    "spectral_centroid_mean": 8306.835784021383,
    "spectral_bandwidth_mean": 5526.9332711515435,
    "mfcc_0_mean": -920.1360473632812,
    "mfcc_0_std": 0.0,
    "mfcc_1_mean": 23.086904525756836,
    "mfcc_1_std": 0.0,
    "mfcc_2_mean": -17.936614990234375,
    "mfcc_2_std": 0.0,
    "mfcc_3_mean": 13.316238403320312,
    "mfcc_3_std": 0.0,
    "mfcc_4_mean": -10.134393692016602,
    "mfcc_4_std": 0.0,
    "mfcc_5_mean": 7.835361003875732,
    "mfcc_5_std": 0.0,
    "mfcc_6_mean": -6.277473449707031,
    "mfcc_6_std": 0.0,
    "mfcc_7_mean": 5.051311492919922,
    "mfcc_7_std": 0.0,
    "mfcc_8_mean": -4.226864814758301,
    "mfcc_8_std": 0.0,
    "mfcc_9_mean": 3.4755380153656006,
    "mfcc_9_std": 0.0,
    "mfcc_10_mean": -3.0072827339172363,
    "mfcc_10_std": 0.0,
    "mfcc_11_mean": 2.503716230392456,
    "mfcc_11_std": 0.0,
    "mfcc_12_mean": -2.22121524810791,
    "mfcc_12_std": 0.0,
    "vocal_dominance_score_hpss": 0.5
  },
  "lyrics_features": {
    "cleaned_text": "Anh s\u1ebd gi\u1eef ch\u1eb7t D\u00f9 em h\u1ea5t ra V\u00ec ta \u0111\u00e3 xa Nh\u01b0 th\u1ebf \u0111\u1ee7 r\u1ed3i Anh kh\u00f4ng cho ph\u00e9p Em \u0111\u01b0\u1ee3c l\u1eb7p l\u1ea1i V\u00ec \u1edf hi\u1ec7n t\u1ea1i Anh c\u00f2n th\u01b0\u01a1ng em N\u00ean kh\u00f4ng th\u1ec3 n\u00e0o \u0110\u1ec3 t\u00e1i hi\u1ec7n l\u1ea1i Anh v\u00ed em nh\u01b0 Lo\u00e0i hoa T\u01b0\u1eddng Vi Mang \u0111\u1ea7y s\u1eafc th\u1eafm N\u1edf kh\u1eafp tr\u1eddi Anh y\u00eau m\u00e0u t\u00edm V\u00ec \u0111\u00f3 l\u00e0 em Kho\u1ea3ng tr\u1ed1ng kh\u00f4ng th\u1ec3 Kh\u1ecfa l\u1ea5p r\u1ed3i Ng\u00e0y ta b\u00ean nhau Anh c\u00f2n nh\u1edb r\u00f5 Ch\u1ec9 ti\u1ebfc l\u00e0 em Kh\u00f4ng v\u1ec1 l\u1ea1i \u0111\u00e2y D\u00f9 b\u1ed1n m\u00f9a h\u1ea1 N\u00f3 \u0111\u00e3 d\u1ea7n qua N\u1ed7i nh\u1edb v\u1ec1 em \u0110\u01b0\u1ee3c m\u1ea5y ai th\u1ea5y Thanh xu\u00e2n c\u1ee7a anh \u0110\u1eb7t h\u1ebft v\u00e0o em V\u00ec em l\u00e0 ng\u01b0\u1eddi Anh th\u01b0\u01a1ng nh\u1ea5t Anh bi\u1ebft \u0111\u00f4i ch\u00e2n Anh \u0111\u1eb7t \u0111\u00fang \u0111\u01b0\u1eddng N\u00ean mong ng\u00e0y sau",
    "language_code": "vi",
    "completeness_heuristic": 1.0,
    "word_count": 129,
    "char_count": 526,
    "sentence_count": 1,
    "type_token_ratio": 0.7286821705426356
  },
  "is_high_quality": false,
  "normalized_audio_path": "processed_dataset/Viet/audio_rejected/3130313733395f313331.wav"
}