{
  "track_id": "3130323533385f3336",
  "provenance": {
    "original_audio_path": "../../data/raw/Viet_Dataset/songs/3130323533385f3336.wav",
    "original_lyrics_path": "../../data/raw/Viet_Dataset/lyrics/3130323533385f3336.txt",
    "processing_date": "2025-10-24T22:30:36.696800+00:00",
    "script_version": "1.0.0"
  },
  "audio_properties": {
    "original_sr": 48000,
    "target_sr": 44100,
    "channels": 2
  },
  "audio_features": {
    "duration_seconds": 4.5351473922902495e-05,
    "integrated_loudness_lufs": -Infinity,
    "snr_percentile_db": 8.249603271484375,
    "clipping_percentage": 0.0,
    "rms_energy_mean": 8.419384016633558e-07,
    "rms_energy_std": 0.0,
    "zcr_mean": 0.00048828125,
    "zcr_std": 0.0,
    "spectral_centroid_mean": 12664.630085462599,
    "spectral_bandwidth_mean": 6086.1735287542415,
    "mfcc_0_mean": -1131.1328125,
    "mfcc_0_std": 0.0,
    "mfcc_1_mean": -0.3354676365852356,
    "mfcc_1_std": 0.0,
    "mfcc_2_mean": 0.33150795102119446,
    "mfcc_2_std": 0.0,
    "mfcc_3_mean": -0.3249795436859131,
    "mfcc_3_std": 0.0,
    "mfcc_4_mean": 0.31600379943847656,
    "mfcc_4_std": 0.0,
    "mfcc_5_mean": -0.3047220706939697,
    "mfcc_5_std": 0.0,
    "mfcc_6_mean": 0.29133814573287964,
    "mfcc_6_std": 0.0,
    "mfcc_7_mean": -0.27606838941574097,
    "mfcc_7_std": 0.0,
    "mfcc_8_mean": 0.2591647505760193,
    "mfcc_8_std": 0.0,
    "mfcc_9_mean": -0.24092450737953186,
    "mfcc_9_std": 0.0,
    "mfcc_10_mean": 0.22162126004695892,
    "mfcc_10_std": 0.0,
    "mfcc_11_mean": -0.20156210660934448,
    "mfcc_11_std": 0.0,
    "mfcc_12_mean": 0.1810622215270996,
    "mfcc_12_std": 0.0,
    "vocal_dominance_score_hpss": 0.4999999701976776
  },
  "lyrics_features": {
    "cleaned_text": "Anh v\u1eabn l\u00e0 g\u00e3 ng\u1ed1c si t\u00ecnh V\u1eabn \u1edf \u0111\u00e2y ch\u1edd em G\u1eedi t\u1eb7ng em... V\u00e0i th\u1ecfi son \u0111\u1ecf h\u1ed3ng T\u00f4 m\u00f4i r\u1ef1c r\u1ee1 khi ng\u1ed3i \u0111\u1ed1i di\u1ec7n \u0110\u1ec3 nghe anh ta ng\u00f5 l\u00f2ng M\u1eaft em l\u1ea1i long lanh nh\u01b0 thu\u1edf Khi \u1ea5y \u0111\u01b0\u1ee3c anh t\u1ecf t\u00ecnh K\u00e8m c\u00e1i g\u1eadt \u0111\u1ea7u \u0111\u00e1p v\u1ed9i Anh l\u1ea7m t\u01b0\u1edfng \u0111ang \u0111\u1ecf t\u00ecnh R\u1ed3i h\u00f4m nay m\u1edf m\u1eaft d\u1eady Xung quanh ch\u1eb3ng c\u00f2n ai",
    "language_code": "vi",
    "completeness_heuristic": 0.8,
    "word_count": 70,
    "char_count": 287,
    "sentence_count": 2,
    "type_token_ratio": 0.9142857142857143
  },
  "is_high_quality": false,
  "normalized_audio_path": "processed_dataset/Viet/audio_rejected/3130323533385f3336.wav"
}