{
  "track_id": "37303932305f3431",
  "provenance": {
    "original_audio_path": "../../data/raw/Viet_Dataset/songs/37303932305f3431.wav",
    "original_lyrics_path": "../../data/raw/Viet_Dataset/lyrics/37303932305f3431.txt",
    "processing_date": "2025-10-24T22:30:36.137125+00:00",
    "script_version": "1.0.0"
  },
  "audio_properties": {
    "original_sr": 44100,
    "target_sr": 44100,
    "channels": 2
  },
  "audio_features": {
    "duration_seconds": 4.5351473922902495e-05,
    "integrated_loudness_lufs": -Infinity,
    "snr_percentile_db": 4.615183353424072,
    "clipping_percentage": 0.0,
    "rms_energy_mean": 2.997105866597849e-06,
    "rms_energy_std": 0.0,
    "zcr_mean": 0.0,
    "zcr_std": 0.0,
    "spectral_centroid_mean": 8706.609218851327,
    "spectral_bandwidth_mean": 5778.469535035019,
    "mfcc_0_mean": -1010.8710327148438,
    "mfcc_0_std": 0.0,
    "mfcc_1_mean": 19.612102508544922,
    "mfcc_1_std": 0.0,
    "mfcc_2_mean": -14.808732986450195,
    "mfcc_2_std": 0.0,
    "mfcc_3_mean": 10.539939880371094,
    "mfcc_3_std": 0.0,
    "mfcc_4_mean": -7.668076515197754,
    "mfcc_4_std": 0.0,
    "mfcc_5_mean": 5.635091781616211,
    "mfcc_5_std": 0.0,
    "mfcc_6_mean": -4.308078289031982,
    "mfcc_6_std": 0.0,
    "mfcc_7_mean": 3.2830886840820312,
    "mfcc_7_std": 0.0,
    "mfcc_8_mean": -2.63533878326416,
    "mfcc_8_std": 0.0,
    "mfcc_9_mean": 2.0399646759033203,
    "mfcc_9_std": 0.0,
    "mfcc_10_mean": -1.709850788116455,
    "mfcc_10_std": 0.0,
    "mfcc_11_mean": 1.3291501998901367,
    "mfcc_11_std": 0.0,
    "mfcc_12_mean": -1.1561529636383057,
    "mfcc_12_std": 0.0,
    "vocal_dominance_score_hpss": 0.4999999403953552
  },
  "lyrics_features": {
    "cleaned_text": "M\u1ec9m c\u01b0\u1eddi nh\u00ecn ng\u01b0\u1eddi \u0111\u1edbn \u0111au V\u00ec em kh\u00f4ng mu\u1ed1n l\u00e0m c\u01a1n gi\u00f4ng kia V\u00f9i ch\u00f4n \u0111i bao th\u00e1ng n\u0103m b\u1ea1n b\u00e8 Th\u1ebf th\u00f4i ng\u01b0\u1eddi t\u1eeb \u0111\u00e2y \u0111\u1eebng nh\u1edb v\u1ec1 em. Anh \u0111\u00e3 c\u1ed1 g\u1eafng l\u00e0m h\u1ebft t\u1ea5t c\u1ea3 M\u1ecdi th\u1ee9 ch\u1ec9 \u0111\u1ec3 \u0111\u01b0\u1ee3c y\u00eau em T\u1eebng trang gi\u1ea5y, t\u1eebng v\u1ebft m\u1ef1c Ch\u1ec9 l\u00e0m cho anh c\u00e0ng y\u00eau th\u00eam Con tim th\u00ec y\u1ebfu m\u1ec1m Nh\u01b0ng c\u0169ng \u0111\u1ee7 \u0111\u1ec3 ch\u1ecbu \u0111\u1ef1ng M\u1ed9t c\u1ea3m gi\u00e1c ch\u1edd ai m\u1ed9t c\u1ea3m gi\u00e1c th\u1edf d\u00e0i \u0110\u1ec3 c\u1ea3m nh\u1eadn t\u1eebng gi\u1ecdt \u0111\u1eafng C\u1ee9 l\u1eafng s\u00e2u tr\u00ean \u0111\u00f4i m\u00e1",
    "language_code": "vi",
    "completeness_heuristic": 1.0,
    "word_count": 92,
    "char_count": 389,
    "sentence_count": 2,
    "type_token_ratio": 0.8913043478260869
  },
  "is_high_quality": false,
  "normalized_audio_path": "processed_dataset/Viet/audio_rejected/37303932305f3431.wav"
}