{
  "track_id": "37323031385f3937",
  "provenance": {
    "original_audio_path": "../../data/raw/Viet_Dataset/songs/37323031385f3937.wav",
    "original_lyrics_path": "../../data/raw/Viet_Dataset/lyrics/37323031385f3937.txt",
    "processing_date": "2025-10-24T22:30:35.904568+00:00",
    "script_version": "1.0.0"
  },
  "audio_properties": {
    "original_sr": 44100,
    "target_sr": 44100,
    "channels": 2
  },
  "audio_features": {
    "duration_seconds": 4.5351473922902495e-05,
    "integrated_loudness_lufs": -Infinity,
    "snr_percentile_db": 9.11663818359375,
    "clipping_percentage": 0.0,
    "rms_energy_mean": 1.6696288867024123e-06,
    "rms_energy_std": 0.0,
    "zcr_mean": 0.0,
    "zcr_std": 0.0,
    "spectral_centroid_mean": 9526.450637861004,
    "spectral_bandwidth_mean": 6134.539101453835,
    "mfcc_0_mean": -1070.4290771484375,
    "mfcc_0_std": 0.0,
    "mfcc_1_mean": 13.107185363769531,
    "mfcc_1_std": 0.0,
    "mfcc_2_mean": -9.385814666748047,
    "mfcc_2_std": 0.0,
    "mfcc_3_mean": 6.14415168762207,
    "mfcc_3_std": 0.0,
    "mfcc_4_mean": -4.106141090393066,
    "mfcc_4_std": 0.0,
    "mfcc_5_mean": 2.726165294647217,
    "mfcc_5_std": 0.0,
    "mfcc_6_mean": -1.917378306388855,
    "mfcc_6_std": 0.0,
    "mfcc_7_mean": 1.3052760362625122,
    "mfcc_7_std": 0.0,
    "mfcc_8_mean": -0.990398645401001,
    "mfcc_8_std": 0.0,
    "mfcc_9_mean": 0.6652449369430542,
    "mfcc_9_std": 0.0,
    "mfcc_10_mean": -0.5556261539459229,
    "mfcc_10_std": 0.0,
    "mfcc_11_mean": 0.3561827540397644,
    "mfcc_11_std": 0.0,
    "mfcc_12_mean": -0.33271244168281555,
    "mfcc_12_std": 0.0,
    "vocal_dominance_score_hpss": 0.5
  },
  "lyrics_features": {
    "cleaned_text": "M\u01b0a s\u1ebd v\u1ec1 Cho \u0111\u00e1 \u0110\u01a1m..... b\u00f4ng.........",
    "language_code": "vi",
    "completeness_heuristic": 0.8,
    "word_count": 7,
    "char_count": 39,
    "sentence_count": 3,
    "type_token_ratio": 1.0
  },
  "is_high_quality": false,
  "normalized_audio_path": "processed_dataset/Viet/audio_rejected/37323031385f3937.wav"
}