{
  "track_id": "37343838385f3831",
  "provenance": {
    "original_audio_path": "../../data/raw/Viet_Dataset/songs/37343838385f3831.wav",
    "original_lyrics_path": "../../data/raw/Viet_Dataset/lyrics/37343838385f3831.txt",
    "processing_date": "2025-10-24T22:30:35.496570+00:00",
    "script_version": "1.0.0"
  },
  "audio_properties": {
    "original_sr": 44100,
    "target_sr": 44100,
    "channels": 2
  },
  "audio_features": {
    "duration_seconds": 4.5351473922902495e-05,
    "integrated_loudness_lufs": -Infinity,
    "snr_percentile_db": 0.007124701980501413,
    "clipping_percentage": 0.0,
    "rms_energy_mean": 9.428233170183375e-05,
    "rms_energy_std": 0.0,
    "zcr_mean": 0.0,
    "zcr_std": 0.0,
    "spectral_centroid_mean": 8006.403539789754,
    "spectral_bandwidth_mean": 5284.777365887271,
    "mfcc_0_mean": -673.7434692382812,
    "mfcc_0_std": 0.0,
    "mfcc_1_mean": 26.405475616455078,
    "mfcc_1_std": 0.0,
    "mfcc_2_mean": -21.086223602294922,
    "mfcc_2_std": 0.0,
    "mfcc_3_mean": 16.288055419921875,
    "mfcc_3_std": 0.0,
    "mfcc_4_mean": -12.941850662231445,
    "mfcc_4_std": 0.0,
    "mfcc_5_mean": 10.494140625,
    "mfcc_5_std": 0.0,
    "mfcc_6_mean": -8.800312995910645,
    "mfcc_6_std": 0.0,
    "mfcc_7_mean": 7.449258327484131,
    "mfcc_7_std": 0.0,
    "mfcc_8_mean": -6.509236812591553,
    "mfcc_8_std": 0.0,
    "mfcc_9_mean": 5.650477409362793,
    "mfcc_9_std": 0.0,
    "mfcc_10_mean": -5.08205509185791,
    "mfcc_10_std": 0.0,
    "mfcc_11_mean": 4.484778881072998,
    "mfcc_11_std": 0.0,
    "mfcc_12_mean": -4.114418029785156,
    "mfcc_12_std": 0.0,
    "vocal_dominance_score_hpss": 0.5000003576278687
  },
  "lyrics_features": {
    "cleaned_text": "Cho em \u1ea5m \u00eam Khi y\u00eau anh r\u1ed3i Th\u00ec anh ph\u1ea3i Ch\u1edf che cho \u0111\u1eddi em Anh y\u00eau em v\u00ec em Bao kh\u00f3 kh\u0103n trong \u0111\u1eddi Ch\u1eb3ng l\u00e0 g\u00ec th\u1ea5m th\u00eda Khi anh v\u1eabn th\u1ea5y em Lu\u00f4n t\u01b0\u01a1i c\u01b0\u1eddi \u0110\u1eebng bu\u1ed3n anh Nghe em V\u00ec ph\u1ea3i \u0111\u1ec3 em Hay ngh\u0129 suy \u0110\u00f4i khi em bu\u1ed3n M\u00e0 sao anh th\u1ea5y Th\u01b0\u01a1ng em",
    "language_code": "vi",
    "completeness_heuristic": 1.0,
    "word_count": 61,
    "char_count": 248,
    "sentence_count": 1,
    "type_token_ratio": 0.7049180327868853
  },
  "is_high_quality": false,
  "normalized_audio_path": "processed_dataset/Viet/audio_rejected/37343838385f3831.wav"
}