{
  "track_id": "37343836395f313232",
  "provenance": {
    "original_audio_path": "../../data/raw/Viet_Dataset/songs/37343836395f313232.wav",
    "original_lyrics_path": "../../data/raw/Viet_Dataset/lyrics/37343836395f313232.txt",
    "processing_date": "2025-10-24T22:30:35.541037+00:00",
    "script_version": "1.0.0"
  },
  "audio_properties": {
    "original_sr": 44100,
    "target_sr": 44100,
    "channels": 2
  },
  "audio_features": {
    "duration_seconds": 4.5351473922902495e-05,
    "integrated_loudness_lufs": -Infinity,
    "snr_percentile_db": 13.494657516479492,
    "clipping_percentage": 0.0,
    "rms_energy_mean": 2.504330723240855e-06,
    "rms_energy_std": 0.0,
    "zcr_mean": 0.0,
    "zcr_std": 0.0,
    "spectral_centroid_mean": 10093.86015441898,
    "spectral_bandwidth_mean": 6281.572146687427,
    "mfcc_0_mean": -1034.04443359375,
    "mfcc_0_std": 0.0,
    "mfcc_1_mean": 8.486684799194336,
    "mfcc_1_std": 0.0,
    "mfcc_2_mean": -5.8647613525390625,
    "mfcc_2_std": 0.0,
    "mfcc_3_mean": 3.5911898612976074,
    "mfcc_3_std": 0.0,
    "mfcc_4_mean": -2.265732765197754,
    "mfcc_4_std": 0.0,
    "mfcc_5_mean": 1.3842928409576416,
    "mfcc_5_std": 0.0,
    "mfcc_6_mean": -0.9297136664390564,
    "mfcc_6_std": 0.0,
    "mfcc_7_mean": 0.5697463750839233,
    "mfcc_7_std": 0.0,
    "mfcc_8_mean": -0.4373958110809326,
    "mfcc_8_std": 0.0,
    "mfcc_9_mean": 0.24570392072200775,
    "mfcc_9_std": 0.0,
    "mfcc_10_mean": -0.23430496454238892,
    "mfcc_10_std": 0.0,
    "mfcc_11_mean": 0.10813160985708237,
    "mfcc_11_std": 0.0,
    "mfcc_12_mean": -0.13953790068626404,
    "mfcc_12_std": 0.0,
    "vocal_dominance_score_hpss": 0.5
  },
  "lyrics_features": {
    "cleaned_text": "\u0110\u00f4i tay c\u00f2n \u0111\u00f3 M\u00e0 sao anh n\u01a1i ch\u1ed1n nao Xin m\u1ed9t l\u1ea7n n\u1eefa quay v\u1ec1 c\u00f9ng em",
    "language_code": "vi",
    "completeness_heuristic": 1.0,
    "word_count": 18,
    "char_count": 70,
    "sentence_count": 1,
    "type_token_ratio": 1.0
  },
  "is_high_quality": true,
  "normalized_audio_path": "processed_dataset/Viet/audio_normalized/37343836395f313232.wav"
}