{
  "track_id": "37363034375f313131",
  "provenance": {
    "original_audio_path": "../../data/raw/Viet_Dataset/songs/37363034375f313131.wav",
    "original_lyrics_path": "../../data/raw/Viet_Dataset/lyrics/37363034375f313131.txt",
    "processing_date": "2025-10-24T22:30:36.432174+00:00",
    "script_version": "1.0.0"
  },
  "audio_properties": {
    "original_sr": 48000,
    "target_sr": 44100,
    "channels": 2
  },
  "audio_features": {
    "duration_seconds": 4.5351473922902495e-05,
    "integrated_loudness_lufs": -Infinity,
    "snr_percentile_db": 4.637578010559082,
    "clipping_percentage": 0.0,
    "rms_energy_mean": 1.37015558721032e-06,
    "rms_energy_std": 0.0,
    "zcr_mean": 0.0,
    "zcr_std": 0.0,
    "spectral_centroid_mean": 8711.04974106696,
    "spectral_bandwidth_mean": 5780.9320575446745,
    "mfcc_0_mean": -1084.3955078125,
    "mfcc_0_std": 0.0,
    "mfcc_1_mean": 14.807010650634766,
    "mfcc_1_std": 0.0,
    "mfcc_2_mean": -10.104276657104492,
    "mfcc_2_std": 0.0,
    "mfcc_3_mean": 5.996645927429199,
    "mfcc_3_std": 0.0,
    "mfcc_4_mean": -3.340665817260742,
    "mfcc_4_std": 0.0,
    "mfcc_5_mean": 1.571352481842041,
    "mfcc_5_std": 0.0,
    "mfcc_6_mean": -0.5476081967353821,
    "mfcc_6_std": 0.0,
    "mfcc_7_mean": -0.1438533514738083,
    "mfcc_7_std": 0.0,
    "mfcc_8_mean": 0.43771207332611084,
    "mfcc_8_std": 0.0,
    "mfcc_9_mean": -0.6691322326660156,
    "mfcc_9_std": 0.0,
    "mfcc_10_mean": 0.6351702213287354,
    "mfcc_10_std": 0.0,
    "mfcc_11_mean": -0.6610875129699707,
    "mfcc_11_std": 0.0,
    "mfcc_12_mean": 0.49700236320495605,
    "mfcc_12_std": 0.0,
    "vocal_dominance_score_hpss": 0.5
  },
  "lyrics_features": {
    "cleaned_text": "em y\u00eau anh nhi\u1ec1u l\u1eafm anh ph\u1ea3i c\u01b0\u1eddi th\u00ec em m\u1edbi vui \u0111\u01b0\u1eddng t\u01b0\u01a1ng lai c\u00f2n xa x\u0103m",
    "language_code": "vi",
    "completeness_heuristic": 1.0,
    "word_count": 18,
    "char_count": 76,
    "sentence_count": 1,
    "type_token_ratio": 0.8888888888888888
  },
  "is_high_quality": false,
  "normalized_audio_path": "processed_dataset/Viet/audio_rejected/37363034375f313131.wav"
}