{
  "track_id": "38303932325f30",
  "provenance": {
    "original_audio_path": "../../data/raw/Viet_Dataset/songs/38303932325f30.wav",
    "original_lyrics_path": "../../data/raw/Viet_Dataset/lyrics/38303932325f30.txt",
    "processing_date": "2025-10-24T22:30:36.689659+00:00",
    "script_version": "1.0.0"
  },
  "audio_properties": {
    "original_sr": 44100,
    "target_sr": 44100,
    "channels": 2
  },
  "audio_features": {
    "duration_seconds": 4.5351473922902495e-05,
    "integrated_loudness_lufs": -Infinity,
    "snr_percentile_db": 1.2855709791183472,
    "clipping_percentage": 0.0,
    "rms_energy_mean": 2.3552565835416317e-05,
    "rms_energy_std": 0.0,
    "zcr_mean": 0.0,
    "zcr_std": 0.0,
    "spectral_centroid_mean": 8110.0442697155395,
    "spectral_bandwidth_mean": 5376.293505563289,
    "mfcc_0_mean": -809.3970336914062,
    "mfcc_0_std": 0.0,
    "mfcc_1_mean": 25.125732421875,
    "mfcc_1_std": 0.0,
    "mfcc_2_mean": -19.851560592651367,
    "mfcc_2_std": 0.0,
    "mfcc_3_mean": 15.10147476196289,
    "mfcc_3_std": 0.0,
    "mfcc_4_mean": -11.800471305847168,
    "mfcc_4_std": 0.0,
    "mfcc_5_mean": 9.39437198638916,
    "mfcc_5_std": 0.0,
    "mfcc_6_mean": -7.739288330078125,
    "mfcc_6_std": 0.0,
    "mfcc_7_mean": 6.424507141113281,
    "mfcc_7_std": 0.0,
    "mfcc_8_mean": -5.518640995025635,
    "mfcc_8_std": 0.0,
    "mfcc_9_mean": 4.692237854003906,
    "mfcc_9_std": 0.0,
    "mfcc_10_mean": -4.154500961303711,
    "mfcc_10_std": 0.0,
    "mfcc_11_mean": 3.586435317993164,
    "mfcc_11_std": 0.0,
    "mfcc_12_mean": -3.243960380554199,
    "mfcc_12_std": 0.0,
    "vocal_dominance_score_hpss": 0.5
  },
  "lyrics_features": {
    "cleaned_text": "N\u00e0o m\u00ecnh c\u00f9ng c\u00f9ng n\u00e2ng ly l\u00ean Ta \u0111\u00e2u c\u00f3 say Ch\u01a1i t\u1edbi ng\u00e0y mai lu\u00f4n Gi\u1edd m\u00ecnh c\u00f9ng c\u00f9ng n\u00e2ng ly l\u00ean L\u1eb9 l\u00ean m\u1ea5y cha V\u1ee3 tao l\u1ea1i n\u00f3 la B\u1edfi v\u00ec \u0111\u1eddi c\u00f2n nhi\u1ec1u chuy\u1ec7n bu\u1ed3n phi\u1ec1n H\u00f4m nay c\u1ee9 ch\u01a1i R\u1ed3i mai m\u00ecnh g\u00f3p sau U\u1ed1ng h\u1ebft k\u1ebft n\u00e0y \u1eeb r\u1ed3i th\u00ec K\u00eau th\u00eam k\u1ebft sau M\u00e0y n\u00f3i \u0111\u1ec3 t\u00ednh tao \u00c0 \u00e0 v\u1ee3 \u01a1i anh \u0111i ra \u0111\u00e2y \u1edc kho\u1ea3ng m\u1ed9t ch\u00fat anh v\u1ec1",
    "language_code": "vi",
    "completeness_heuristic": 1.0,
    "word_count": 79,
    "char_count": 319,
    "sentence_count": 1,
    "type_token_ratio": 0.8227848101265823
  },
  "is_high_quality": false,
  "normalized_audio_path": "processed_dataset/Viet/audio_rejected/38303932325f30.wav"
}