{
  "track_id": "38303934305f3234",
  "provenance": {
    "original_audio_path": "../../data/raw/Viet_Dataset/songs/38303934305f3234.wav",
    "original_lyrics_path": "../../data/raw/Viet_Dataset/lyrics/38303934305f3234.txt",
    "processing_date": "2025-10-24T22:30:34.961183+00:00",
    "script_version": "1.0.0"
  },
  "audio_properties": {
    "original_sr": 48000,
    "target_sr": 44100,
    "channels": 2
  },
  "audio_features": {
    "duration_seconds": 4.5351473922902495e-05,
    "integrated_loudness_lufs": -Infinity,
    "snr_percentile_db": 5.620292663574219,
    "clipping_percentage": 0.0,
    "rms_energy_mean": 1.044322289089905e-06,
    "rms_energy_std": 0.0,
    "zcr_mean": 0.00048828125,
    "zcr_std": 0.0,
    "spectral_centroid_mean": 13145.363666074956,
    "spectral_bandwidth_mean": 5882.101421222177,
    "mfcc_0_mean": -1128.0987548828125,
    "mfcc_0_std": 0.0,
    "mfcc_1_mean": -4.5036301612854,
    "mfcc_1_std": 0.0,
    "mfcc_2_mean": 4.146986961364746,
    "mfcc_2_std": 0.0,
    "mfcc_3_mean": -3.599428653717041,
    "mfcc_3_std": 0.0,
    "mfcc_4_mean": 2.9235353469848633,
    "mfcc_4_std": 0.0,
    "mfcc_5_mean": -2.193065643310547,
    "mfcc_5_std": 0.0,
    "mfcc_6_mean": 1.4819703102111816,
    "mfcc_6_std": 0.0,
    "mfcc_7_mean": -0.8541480302810669,
    "mfcc_7_std": 0.0,
    "mfcc_8_mean": 0.3553120493888855,
    "mfcc_8_std": 0.0,
    "mfcc_9_mean": -0.008430654183030128,
    "mfcc_9_std": 0.0,
    "mfcc_10_mean": -0.1868624985218048,
    "mfcc_10_std": 0.0,
    "mfcc_11_mean": 0.2510004937648773,
    "mfcc_11_std": 0.0,
    "mfcc_12_mean": -0.21834272146224976,
    "mfcc_12_std": 0.0,
    "vocal_dominance_score_hpss": 0.5000000596046448
  },
  "lyrics_features": {
    "cleaned_text": "Em g\u1eedi t\u00e2m t\u01b0 v\u00e0i n\u1ed1t nh\u1ea1c Hi\u00ean nh\u00e0 n\u0103m \u1ea5y sao v\u1eabn m\u01b0a Li\u1ec7u anh \u0111\u00e3 th\u01b0\u01a1ng ng\u01b0\u1eddi t\u1ed1t kh\u00e1c? Ch\u1ec9 ri\u00eang em l\u00e0 v\u1eabn ch\u01b0a Chuy\u1ec7n c\u0169 qua r\u1ed3i em v\u1eabn b\u1ed3i h\u1ed3i Tim ph\u1ee7 v\u00f4 v\u00e0n luy\u1ebfn ti\u1ebfc th\u00f4i Em s\u1ebd m\u00e3i y\u00eau gi\u1ecdng anh N\u1ed3ng \u1ea5m kh\u1ebd g\u1ecdi, n\u00e0y Hexi \u01a1i!",
    "language_code": "vi",
    "completeness_heuristic": 1.0,
    "word_count": 55,
    "char_count": 232,
    "sentence_count": 3,
    "type_token_ratio": 0.9090909090909091
  },
  "is_high_quality": false,
  "normalized_audio_path": "processed_dataset/Viet/audio_rejected/38303934305f3234.wav"
}