{
  "track_id": "38313531365f3230",
  "provenance": {
    "original_audio_path": "../../data/raw/Viet_Dataset/songs/38313531365f3230.wav",
    "original_lyrics_path": "../../data/raw/Viet_Dataset/lyrics/38313531365f3230.txt",
    "processing_date": "2025-10-24T22:30:35.440081+00:00",
    "script_version": "1.0.0"
  },
  "audio_properties": {
    "original_sr": 44100,
    "target_sr": 44100,
    "channels": 2
  },
  "audio_features": {
    "duration_seconds": 4.5351473922902495e-05,
    "integrated_loudness_lufs": -Infinity,
    "snr_percentile_db": 0.15197068452835083,
    "clipping_percentage": 0.0,
    "rms_energy_mean": 5.1371614972595125e-05,
    "rms_energy_std": 0.0,
    "zcr_mean": 0.0,
    "zcr_std": 0.0,
    "spectral_centroid_mean": 8009.061759912572,
    "spectral_bandwidth_mean": 5287.425718478823,
    "mfcc_0_mean": -733.3990478515625,
    "mfcc_0_std": 0.0,
    "mfcc_1_mean": 26.379928588867188,
    "mfcc_1_std": 0.0,
    "mfcc_2_mean": -21.061317443847656,
    "mfcc_2_std": 0.0,
    "mfcc_3_mean": 16.263832092285156,
    "mfcc_3_std": 0.0,
    "mfcc_4_mean": -12.918279647827148,
    "mfcc_4_std": 0.0,
    "mfcc_5_mean": 10.471172332763672,
    "mfcc_5_std": 0.0,
    "mfcc_6_mean": -8.777902603149414,
    "mfcc_6_std": 0.0,
    "mfcc_7_mean": 7.427392959594727,
    "mfcc_7_std": 0.0,
    "mfcc_8_mean": -6.487873077392578,
    "mfcc_8_std": 0.0,
    "mfcc_9_mean": 5.62961483001709,
    "mfcc_9_std": 0.0,
    "mfcc_10_mean": -5.061668395996094,
    "mfcc_10_std": 0.0,
    "mfcc_11_mean": 4.464846611022949,
    "mfcc_11_std": 0.0,
    "mfcc_12_mean": -4.094908714294434,
    "mfcc_12_std": 0.0,
    "vocal_dominance_score_hpss": 0.5000002384185791
  },
  "lyrics_features": {
    "cleaned_text": "Ph\u1ea5n son \u0111i\u1ec3m h\u1ed3ng n\u00e0ng t\u00f4 h\u01b0\u01a1ng R\u01b0\u1ee3u cay \u0111\u00f3n t\u00e2n n\u01b0\u01a1ng tr\u1ed1ng k\u00e8n T\u1ea5m quan t\u00e0i \u0111\u1eady l\u1ea1i v\u1ebft th\u01b0\u01a1ng Ba n\u00e9n nhan thay cho h\u1ed3ng n\u01b0\u01a1ng B\u01b0\u1edbc l\u00ean ki\u1ec7u \u0111\u1ecf l\u1ec7 hoa v\u01b0\u01a1ng Tr\u1ea7n gian c\u0169ng \u00e2m d\u01b0\u01a1ng c\u00e1ch bi\u1ec7t",
    "language_code": "vi",
    "completeness_heuristic": 1.0,
    "word_count": 42,
    "char_count": 193,
    "sentence_count": 1,
    "type_token_ratio": 0.9523809523809523
  },
  "is_high_quality": false,
  "normalized_audio_path": "processed_dataset/Viet/audio_rejected/38313531365f3230.wav"
}