{
  "mfcc_mean": [
    -127.19185638427734,
    106.51783752441406,
    5.168999671936035,
    16.085609436035156,
    -6.071349620819092,
    -1.8548707962036133,
    -2.4858603477478027,
    -0.2207849621772766,
    0.8151180148124695,
    -0.44720974564552307,
    -5.394070625305176,
    2.192657232284546,
    -8.866312980651855
  ],
  "mfcc_std": [
    78.7371597290039,
    20.079280853271484,
    15.858049392700195,
    13.910235404968262,
    10.9974365234375,
    10.632981300354004,
    8.998603820800781,
    9.654508590698242,
    7.939877986907959,
    8.566025733947754,
    7.609847545623779,
    7.738075256347656,
    10.2725191116333
  ],
  "spectral_centroid_mean": 1949.3220787442351,
  "spectral_centroid_std": 502.78845723481743,
  "spectral_bandwidth_mean": 2352.351395504177,
  "spectral_bandwidth_std": 405.5588763771275,
  "spectral_rolloff_mean": 4291.4623021156085,
  "spectral_rolloff_std": 1335.3261863298278,
  "spectral_flux_mean": 2829.95654296875,
  "spectral_flux_std": 3818.925048828125,
  "spectral_flatness_mean": 0.010572589933872223,
  "spectral_flatness_std": 0.03487556427717209,
  "spectral_slope_mean": -0.000412511579941399,
  "spectral_spread_mean": 2352.3513947994597,
  "spectral_skewness_mean": 1.8482204320966087,
  "spectral_kurtosis_mean": 6.0958246919154195
}