{
  "snr_db": 36.906268971464435,
  "dynamic_range_db": 20.105939001463078,
  "rms_energy": 0.13834242522716522,
  "zero_crossing_rate": 0.08290001996998451
}