{
  "tempo_bpm": 95.703125,
  "tempo_confidence": 0.9830814374587175,
  "beat_positions": [
    1.3003174603174603,
    1.9504761904761905,
    2.6006349206349206,
    3.2275736961451247,
    3.8545124716553287,
    4.481451247165533,
    5.085170068027211,
    5.712108843537415,
    6.339047619047619,
    6.989206349206349,
    7.616145124716553,
    8.243083900226758,
    8.870022675736962,
    9.496961451247165,
    10.12390022675737,
    10.7740589569161,
    11.400997732426303,
    12.027936507936507,
    12.678095238095239,
    13.328253968253968,
    13.955192743764172,
    14.605351473922903,
    15.209070294784581,
    15.85922902494331,
    16.486167800453515,
    17.159546485260773,
    17.76326530612245,
    18.390204081632653,
    19.017142857142858,
    19.690521541950112,
    20.29424036281179,
    20.94439909297052,
    21.571337868480725,
    22.221496598639455,
    22.84843537414966,
    23.475374149659864,
    24.125532879818593,
    24.752471655328797,
    25.356190476190477,
    25.98312925170068,
    26.610068027210886,
    27.237006802721087,
    27.840725623582767
  ],
  "onset_times": [
    0.16253968253968254,
    0.6733786848072563,
    1.2770975056689342,
    1.6486167800453515,
    1.9272562358276644,
    2.2755555555555556,
    2.5774149659863945,
    3.2275736961451247,
    3.5526530612244898,
    3.877732426303855,
    4.156371882086168,
    4.481451247165533,
    5.085170068027211,
    5.688888888888889,
    6.339047619047619,
    6.965986394557823,
    7.592925170068027,
    7.9412244897959186,
    8.243083900226758,
    8.428843537414966,
    8.614603174603175,
    8.870022675736962,
    9.496961451247165,
    10.100680272108843,
    10.750839002267574,
    11.377777777777778,
    12.027936507936507,
    12.422675736961452,
    12.678095238095239,
    13.02639455782313,
    13.142494331065759,
    13.305034013605443,
    13.79265306122449,
    13.931972789115646,
    14.349931972789115,
    14.605351473922903,
    15.185850340136055,
    15.85922902494331,
    16.207528344671204,
    16.46294784580499,
    17.136326530612244,
    17.76326530612245,
    18.76172335600907,
    19.017142857142858,
    19.249342403628116,
    19.4118820861678,
    19.667301587301587,
    20.29424036281179,
    20.94439909297052,
    21.5481179138322,
    22.19827664399093,
    22.825215419501134,
    23.196734693877552,
    23.45215419501134,
    23.800453514739228,
    24.125532879818593,
    24.404172335600908,
    24.729251700680273,
    25.33297052154195,
    25.98312925170068,
    26.586848072562358,
    27.237006802721087,
    27.840725623582767,
    28.142585034013607,
    28.258684807256238,
    28.398004535147393,
    28.46766439909297,
    28.88562358276644,
    29.094603174603176
  ],
  "rhythm_regularity": 0.9727657350546401,
  "syncopation_index": 0.391304347826087,
  "beat_count": 43,
  "onset_count": 69
}