{
  "tempo_bpm": 92.28515625,
  "tempo_confidence": 0.9653161712295258,
  "beat_positions": [
    0.2089795918367347,
    0.8823582766439909,
    1.555736961451247,
    2.2058956916099772,
    2.8560544217687074,
    3.5062131519274375,
    4.179591836734694,
    4.829750566893424,
    5.50312925170068,
    6.130068027210885,
    6.733786848072563,
    7.430385487528345,
    8.080544217687075,
    8.730702947845804,
    9.357641723356009,
    9.984580498866213,
    10.7740589569161,
    11.563537414965987,
    12.213696145124716,
    12.84063492063492,
    13.514013605442177,
    14.140952380952381,
    14.79111111111111,
    15.441269841269841,
    16.091428571428573,
    16.741587301587302,
    17.39174603174603,
    18.04190476190476,
    18.692063492063493,
    19.319002267573698,
    19.99238095238095,
    20.619319727891156,
    21.269478458049885,
    21.91963718820862,
    22.569795918367348,
    23.196734693877552,
    23.84689342403628,
    24.473832199546486,
    25.10077097505669,
    25.75092970521542,
    26.377868480725624
  ],
  "onset_times": [
    0.18575963718820862,
    0.5340589569160997,
    0.6733786848072563,
    0.8591383219954648,
    1.230657596371882,
    1.555736961451247,
    1.7414965986394557,
    1.9969160997732427,
    2.182675736961451,
    2.461315192743764,
    2.5541950113378684,
    2.716734693877551,
    2.8328344671201813,
    2.9024943310657596,
    3.1346938775510202,
    3.1811337868480725,
    3.3436734693877552,
    3.4829931972789114,
    3.8545124716553287,
    3.9938321995464854,
    4.063492063492063,
    4.481451247165533,
    4.667210884353741,
    4.806530612244898,
    5.154829931972789,
    5.38702947845805,
    5.479909297052155,
    5.688888888888889,
    5.897868480725624,
    6.106848072562358,
    6.431927437641724,
    6.710566893424036,
    6.8034467120181406,
    7.058866213151927,
    7.4071655328798185,
    7.75546485260771,
    7.848344671201814,
    8.080544217687075,
    8.196643990929704,
    8.359183673469389,
    8.70748299319728,
    9.032562358276644,
    9.334421768707482,
    9.58984126984127,
    9.682721088435374,
    9.984580498866213,
    10.286439909297052,
    10.634739229024943,
    10.936598639455783,
    11.563537414965987,
    11.911836734693878,
    12.19047619047619,
    12.84063492063492,
    13.165714285714285,
    13.212154195011339,
    13.49079365079365,
    13.815873015873017,
    14.140952380952381,
    14.349931972789115,
    14.489251700680272,
    14.79111111111111,
    15.116190476190477,
    15.441269841269841,
    15.766349206349206,
    16.091428571428573,
    16.300408163265306,
    16.416507936507937,
    16.648707482993196,
    16.741587301587302,
    17.04344671201814,
    17.368526077097506,
    17.600725623582765,
    17.716825396825396,
    18.018684807256236,
    18.3437641723356,
    18.668843537414965,
    19.017142857142858,
    19.319002267573698,
    19.52798185941043,
    19.969160997732427,
    20.29424036281179,
    20.59609977324263,
    20.921179138321996,
    21.269478458049885,
    21.59455782312925,
    21.78031746031746,
    21.89641723356009,
    22.105396825396827,
    22.407256235827663,
    22.54657596371882,
    22.77877551020408,
    23.057414965986396,
    23.196734693877552,
    23.359274376417233,
    23.49859410430839,
    23.823673469387757,
    24.14875283446712,
    24.33451247165533,
    24.473832199546486,
    24.659591836734695,
    25.077551020408162,
    25.240090702947846,
    25.402630385487527,
    25.611609977324264,
    25.727709750566895,
    25.890249433106575,
    26.02956916099773,
    26.377868480725624,
    26.865487528344673,
    27.00480725623583
  ],
  "rhythm_regularity": 0.9450797936985137,
  "syncopation_index": 0.6181818181818182,
  "beat_count": 41,
  "onset_count": 110
}