{
  "snr_db": 89.31925894622351,
  "dynamic_range_db": 20.70402527424963,
  "rms_energy": 0.1434427946805954,
  "zero_crossing_rate": 0.14881812805408315
}