{
  "chroma_mean": [
    0.3796499967575073,
    0.45513108372688293,
    0.5614595413208008,
    0.5080621838569641,
    0.7634187340736389,
    0.4495532810688019,
    0.534239649772644,
    0.4940417408943176,
    0.4620448052883148,
    0.5992090106010437,
    0.40141355991363525,
    0.5220722556114197
  ],
  "chroma_std": [
    0.1977950930595398,
    0.19049547612667084,
    0.2610763907432556,
    0.20142462849617004,
    0.2563045024871826,
    0.18607187271118164,
    0.22608104348182678,
    0.25381535291671753,
    0.1959569901227951,
    0.2793999910354614,
    0.17149724066257477,
    0.2068958729505539
  ],
  "key_estimation": {
    "key": "C_major",
    "confidence": 0.018740708320609967
  },
  "tonal_complexity": 0.0972781702876091
}