{
  "meta": {
    "path": "../../data/raw/MIREX-like_mood/dataset/Audio/316.mp3",
    "file_hash": "8fd05fd51bbf38bdcf1ead01b9d63cc267a24841",
    "duration_sec": 29.675102040816327,
    "sample_rate": 22050,
    "analysis_timestamp": "2025-10-24T20:05:13.912781",
    "config": {
      "sr": 22050,
      "n_fft": 2048,
      "hop_length": 512,
      "n_mels": 128,
      "n_mfcc": 13,
      "n_chroma": 12,
      "frame_length": 2048,
      "workers": 4,
      "use_crepe": false,
      "save_matrices": false,
      "save_plots": true,
      "force": true,
      "quick": false,
      "verbose": false
    },
    "processing_time_sec": 4.66962194442749
  },
  "acoustic": {
    "mfcc_mean": [
      -96.75598907470703,
      121.05961608886719,
      -44.473663330078125,
      45.19144058227539,
      -6.931025981903076,
      3.469289541244507,
      -4.35541296005249,
      0.9517632126808167,
      -4.847986698150635,
      0.9709844589233398,
      -4.9847259521484375,
      -1.7225933074951172,
      -5.290929317474365
    ],
    "mfcc_std": [
      52.62012481689453,
      29.38853645324707,
      17.499542236328125,
      11.580159187316895,
      9.216578483581543,
      8.503239631652832,
      8.621111869812012,
      7.839027404785156,
      7.94216251373291,
      8.80737018585205,
      7.672225475311279,
      8.472916603088379,
      7.162989616394043
    ],
    "spectral_centroid_mean": 1941.8088679725554,
    "spectral_centroid_std": 493.42172746815277,
    "spectral_bandwidth_mean": 1753.6320866408234,
    "spectral_bandwidth_std": 311.9258647998631,
    "spectral_rolloff_mean": 3616.1470677164775,
    "spectral_rolloff_std": 864.0169151973402,
    "spectral_flux_mean": 3011.620849609375,
    "spectral_flux_std": 2430.68505859375,
    "spectral_flatness_mean": 0.005361270159482956,
    "spectral_flatness_std": 0.032533612102270126,
    "spectral_slope_mean": -0.0007117241564463447,
    "spectral_spread_mean": 1753.6320844374632,
    "spectral_skewness_mean": 1.4909984519054604,
    "spectral_kurtosis_mean": 5.939032059807549
  },
  "rhythm": {
    "tempo_bpm": 143.5546875,
    "tempo_confidence": 0.9776865291194863,
    "beat_positions": [
      0.16253968253968254,
      0.6501587301587302,
      1.1145578231292517,
      1.555736961451247,
      1.9969160997732427,
      2.414875283446712,
      2.8328344671201813,
      3.250793650793651,
      3.6687528344671203,
      4.08671201814059,
      4.527891156462585,
      4.9458503401360545,
      5.363809523809524,
      5.7817687074829935,
      6.176507936507937,
      6.5712471655328795,
      6.989206349206349,
      7.4071655328798185,
      7.825124716553288,
      8.219863945578231,
      8.6378231292517,
      9.05578231292517,
      9.427301587301587,
      9.845260770975056,
      10.263219954648527,
      10.704399092970522,
      11.145578231292516,
      11.563537414965987,
      11.981496598639456,
      12.376235827664399,
      12.794195011337868,
      13.212154195011339,
      13.630113378684808,
      14.048072562358277,
      14.466031746031746,
      14.86077097505669,
      15.301950113378684,
      15.766349206349206,
      16.184308390022675,
      16.602267573696146,
      17.066666666666666,
      17.46140589569161,
      17.832925170068027,
      18.250884353741498,
      18.64562358276644,
      19.06358276643991,
      19.52798185941043,
      19.922721088435374,
      20.340680272108845,
      20.78185941043084,
      21.176598639455783,
      21.571337868480725,
      21.989297052154196,
      22.38403628117914,
      22.77877551020408,
      23.196734693877552,
      23.637913832199548,
      24.055873015873015,
      24.473832199546486,
      24.86857142857143,
      25.2865306122449,
      25.68126984126984,
      26.076009070294784,
      26.470748299319727,
      26.865487528344673,
      27.237006802721087,
      27.608526077097505,
      28.026485260770976,
      28.421224489795918,
      28.81596371882086,
      29.210702947845807,
      29.60544217687075
    ],
    "onset_times": [
      0.13931972789115646,
      0.25541950113378686,
      1.555736961451247,
      2.345215419501134,
      2.391655328798186,
      2.6238548752834467,
      2.786394557823129,
      2.8328344671201813,
      2.972154195011338,
      3.1579138321995464,
      3.250793650793651,
      4.388571428571429,
      4.574331065759637,
      4.713650793650793,
      4.876190476190477,
      5.224489795918367,
      5.410249433106576,
      5.572789115646258,
      5.61922902494331,
      5.758548752834467,
      6.013968253968254,
      6.246167800453515,
      6.5712471655328795,
      6.710566893424036,
      7.430385487528345,
      7.569705215419501,
      7.732244897959184,
      7.87156462585034,
      8.034104308390022,
      8.219863945578231,
      8.6378231292517,
      8.823582766439909,
      9.032562358276644,
      9.264761904761905,
      9.427301587301587,
      9.613061224489796,
      9.775600907029478,
      9.845260770975056,
      10.24,
      10.425759637188209,
      10.89015873015873,
      11.052698412698414,
      11.145578231292516,
      11.284897959183674,
      11.54031746031746,
      11.749297052154194,
      11.95827664399093,
      12.144036281179138,
      12.376235827664399,
      12.585215419501134,
      12.794195011337868,
      13.188934240362812,
      13.444353741496599,
      13.722993197278912,
      14.048072562358277,
      14.233832199546486,
      14.582131519274377,
      14.698231292517006,
      14.86077097505669,
      15.998548752834466,
      16.184308390022675,
      16.579047619047618,
      16.880907029478458,
      17.04344671201814,
      17.925804988662133,
      18.250884353741498,
      18.64562358276644,
      18.901043083900227,
      19.040362811791383,
      19.11002267573696,
      19.319002267573698,
      19.504761904761907,
      19.71374149659864,
      19.922721088435374,
      20.29424036281179,
      20.36390022675737,
      20.758639455782312,
      21.176598639455783,
      21.36235827664399,
      21.571337868480725,
      21.989297052154196,
      22.360816326530614,
      23.196734693877552,
      23.26639455782313,
      23.61469387755102,
      24.009433106575965,
      24.3112925170068,
      24.473832199546486,
      24.68281179138322,
      24.822131519274375,
      25.26331065759637,
      25.658049886621317,
      26.076009070294784,
      26.470748299319727,
      26.51718820861678,
      26.81904761904762,
      26.865487528344673,
      27.12090702947846,
      27.237006802721087,
      27.562086167800455,
      27.654965986394558,
      28.026485260770976,
      28.07292517006803,
      28.606984126984127,
      28.88562358276644,
      29.30358276643991,
      29.559002267573696
    ],
    "rhythm_regularity": 0.9449642071849591,
    "syncopation_index": 0.3177570093457944,
    "beat_count": 72,
    "onset_count": 107
  },
  "harmony": {
    "chroma_mean": [
      0.35992035269737244,
      0.1843695491552353,
      0.47999370098114014,
      0.4602597653865814,
      0.22494010627269745,
      0.45483192801475525,
      0.1781160980463028,
      0.3190666139125824,
      0.15320394933223724,
      0.3081236183643341,
      0.763688325881958,
      0.19649547338485718
    ],
    "chroma_std": [
      0.30963853001594543,
      0.12656424939632416,
      0.2978936433792114,
      0.3361169099807739,
      0.11176197230815887,
      0.23999889194965363,
      0.10405869781970978,
      0.2033424973487854,
      0.09473513811826706,
      0.19791270792484283,
      0.27032116055488586,
      0.11819097399711609
    ],
    "key_estimation": {
      "key": "C_minor",
      "confidence": 0.2391375309388843
    },
    "tonal_complexity": 0.1702354997396469
  },
  "quality": {
    "snr_db": 33.94904094290613,
    "dynamic_range_db": 18.636183294154822,
    "rms_energy": 0.1542329043149948,
    "zero_crossing_rate": 0.12692296532935887
  },
  "lyrics": {
    "word_count": 111,