{
  "tempo_bpm": 71.77734375,
  "tempo_confidence": 0.9625922269969506,
  "beat_positions": [
    0.301859410430839,
    1.0448979591836736,
    1.811156462585034,
    2.5541950113378684,
    3.3901133786848074,
    4.20281179138322,
    5.038730158730159,
    5.828208616780046,
    6.548027210884354,
    7.267845804988662,
    7.987664399092971,
    8.800362811791382,
    9.613061224489796,
    10.425759637188209,
    11.23845804988662,
    12.051156462585034,
    12.887074829931972,
    13.699773242630386,
    14.512471655328799,
    15.348390022675737,
    16.16108843537415,
    16.99700680272109,
    17.832925170068027,
    18.64562358276644,
    19.481541950113378,
    20.317460317460316,
    21.153378684807254,
    21.989297052154196,
    22.825215419501134
  ],
  "onset_times": [
    0.2786394557823129,
    0.7198185941043084,
    0.8591383219954648,
    1.3699773242630386,
    2.5309750566893423,
    3.3668934240362813,
    4.179591836734694,
    4.2260317460317465,
    4.96907029478458,
    5.038730158730159,
    5.828208616780046,
    7.546485260770975,
    7.964444444444444,
    8.266303854875284,
    8.591383219954649,
    8.800362811791382,
    9.102222222222222,
    9.404081632653062,
    9.613061224489796,
    9.914920634920636,
    10.216780045351474,
    10.425759637188209,
    10.727619047619047,
    11.029478458049887,
    11.215238095238096,
    11.54031746031746,
    11.749297052154194,
    11.842176870748299,
    12.051156462585034,
    12.353015873015874,
    12.654875283446712,
    12.863854875283447,
    13.165714285714285,
    13.467573696145125,
    13.676553287981859,
    14.001632653061224,
    14.303492063492063,
    14.512471655328799,
    14.814331065759637,
    15.116190476190477,
    15.32517006802721,
    15.557369614512472,
    15.650249433106575,
    15.952108843537415,
    16.16108843537415,
    16.46294784580499,
    16.764807256235827,
    16.973786848072564,
    17.29886621315193,
    17.507845804988662,
    17.600725623582765,
    17.809705215419502,
    18.134784580498867,
    18.436643990929706,
    18.622403628117915,
    18.854603174603174,
    18.94748299319728,
    19.249342403628116,
    19.481541950113378,
    19.783401360544218,
    20.085260770975058,
    20.317460317460316,
    20.619319727891156,
    20.921179138321996,
    21.153378684807254,
    21.478458049886623,
    21.78031746031746,
    21.989297052154196,
    22.291156462585032,
    22.593015873015872,
    22.825215419501134,
    23.127074829931974,
    23.42893424036281,
    23.637913832199548,
    23.962993197278912,
    24.264852607709752,
    24.49705215419501,
    24.79891156462585,
    25.10077097505669,
    25.309750566893424,
    25.63482993197279,
    25.843809523809522,
    25.93668934240363,
    26.145668934240362,
    26.470748299319727,
    26.679727891156464,
    26.772607709750567,
    26.9815873015873,
    27.190566893424037,
    27.28344671201814,
    27.58530612244898,
    27.794285714285714,
    28.11936507936508,
    28.421224489795918,
    28.63020408163265,
    28.955283446712016,
    29.23392290249433,
    29.466122448979593
  ],
  "rhythm_regularity": 0.9516891772624331,
  "syncopation_index": 0.7244897959183674,
  "beat_count": 29,
  "onset_count": 98
}