{
  "chroma_mean": [
    0.5927172303199768,
    0.46640512347221375,
    0.45475515723228455,
    0.46494200825691223,
    0.5872659683227539,
    0.4188162386417389,
    0.4898749589920044,
    0.5555349588394165,
    0.4226035475730896,
    0.5618616938591003,
    0.4667944312095642,
    0.6476125121116638
  ],
  "chroma_std": [
    0.29314354062080383,
    0.23202814161777496,
    0.2468901425600052,
    0.2547670900821686,
    0.263502836227417,
    0.20888620615005493,
    0.22494037449359894,
    0.22953613102436066,
    0.21228018403053284,
    0.28182464838027954,
    0.20158833265304565,
    0.25482842326164246
  ],
  "key_estimation": {
    "key": "C_major",
    "confidence": 0.4859557833813338
  },
  "tonal_complexity": 0.0717126727104187
}