{
  "meta": {
    "path": "../../data/raw/MIREX-like_mood/dataset/Audio/265.mp3",
    "file_hash": "7f1c0a3371a1bc87a218facdeceb249c4656dc10",
    "duration_sec": 29.675102040816327,
    "sample_rate": 22050,
    "analysis_timestamp": "2025-10-24T20:07:54.538605",
    "config": {
      "sr": 22050,
      "n_fft": 2048,
      "hop_length": 512,
      "n_mels": 128,
      "n_mfcc": 13,
      "n_chroma": 12,
      "frame_length": 2048,
      "workers": 4,
      "use_crepe": false,
      "save_matrices": false,
      "save_plots": true,
      "force": true,
      "quick": false,
      "verbose": false
    },
    "processing_time_sec": 2.7321901321411133
  },
  "acoustic": {
    "mfcc_mean": [
      -197.716552734375,
      188.9108123779297,
      -28.22265625,
      46.96892166137695,
      11.534928321838379,
      -7.364482879638672,
      26.230300903320312,
      -9.283135414123535,
      1.2755531072616577,
      4.8363261222839355,
      -16.53437042236328,
      -3.802018642425537,
      -9.9260892868042
    ],
    "mfcc_std": [
      46.027626037597656,
      21.75238800048828,
      17.300384521484375,
      8.422510147094727,
      6.788848876953125,
      7.458041191101074,
      6.452818870544434,
      7.343846797943115,
      8.406441688537598,
      7.814853191375732,
      6.850912570953369,
      7.951533317565918,
      8.714756965637207
    ],
    "spectral_centroid_mean": 864.5229753340351,
    "spectral_centroid_std": 237.1207795529713,
    "spectral_bandwidth_mean": 1039.3083099621895,
    "spectral_bandwidth_std": 158.75162800105866,
    "spectral_rolloff_mean": 1842.0400993818412,
    "spectral_rolloff_std": 589.6298244996842,
    "spectral_flux_mean": 4487.203125,
    "spectral_flux_std": 3909.2255859375,
    "spectral_flatness_mean": 0.0011552051873877645,
    "spectral_flatness_std": 0.02958720177412033,
    "spectral_slope_mean": -0.001245957500140655,
    "spectral_spread_mean": 1039.3083097276367,
    "spectral_skewness_mean": 2.0189003941168875,
    "spectral_kurtosis_mean": 7.7260020979070845
  },
  "rhythm": {
    "tempo_bpm": 143.5546875,
    "tempo_confidence": 0.981955143990867,
    "beat_positions": [
      0.5804988662131519,
      0.9752380952380952,
      1.3931972789115645,
      1.811156462585034,
      2.2291156462585033,
      2.670294784580499,
      3.0650340136054424,
      3.4829931972789114,
      3.900952380952381,
      4.31891156462585,
      4.713650793650793,
      5.131609977324263,
      5.5495691609977325,
      5.9675283446712015,
      6.362267573696145,
      6.757006802721088,
      7.174965986394557,
      7.592925170068027,
      8.010884353741497,
      8.428843537414966,
      8.823582766439909,
      9.241541950113378,
      9.659501133786849,
      10.054240362811791,
      10.47219954648526,
      10.913378684807256,
      11.3081179138322,
      11.72607709750567,
      12.144036281179138,
      12.561995464852608,
      12.979954648526077,
      13.397913832199546,
      13.815873015873017,
      14.233832199546486,
      14.628571428571428,
      15.046530612244897,
      15.464489795918368,
      15.882448979591837,
      16.27718820861678,
      16.69514739229025,
      17.11310657596372,
      17.531065759637187,
      17.949024943310658,
      18.36698412698413,
      18.76172335600907,
      19.17968253968254,
      19.59764172335601,
      20.01560090702948,
      20.410340136054423,
      20.82829931972789,
      21.223038548752836,
      21.640997732426303,
      22.058956916099774,
      22.47691609977324,
      22.894875283446712,
      23.289614512471655,
      23.684353741496597,
      24.102312925170068,
      24.52027210884354,
      24.938231292517006,
      25.356190476190477,
      25.843809523809522,
      26.354648526077096,
      26.772607709750567,
      27.190566893424037,
      27.608526077097505,
      28.026485260770976,
      28.421224489795918,
      28.81596371882086,
      29.23392290249433,
      29.628662131519274
    ],
    "onset_times": [
      0.13931972789115646,
      0.2786394557823129,
      0.37151927437641724,
      0.5804988662131519,
      0.7894784580498866,
      0.9752380952380952,
      1.207437641723356,
      1.3931972789115645,
      1.5325170068027212,
      1.6021768707482993,
      1.7647165532879818,
      1.811156462585034,
      1.9504761904761905,
      2.020136054421769,
      2.2291156462585033,
      2.4380952380952383,
      2.647074829931973,
      2.786394557823129,
      2.8792743764172335,
      3.0650340136054424,
      3.2043537414965986,
      3.274013605442177,
      3.4829931972789114,
      3.6687528344671203,
      3.900952380952381,
      4.08671201814059,
      4.295691609977324,
      4.504671201814059,
      4.713650793650793,
      4.85297052154195,
      4.922630385487528,
      5.085170068027211,
      5.131609977324263,
      5.317369614512471,
      5.363809523809524,
      5.5495691609977325,
      5.7817687074829935,
      5.9675283446712015,
      6.130068027210885,
      6.199727891156463,
      6.362267573696145,
      6.501587301587302,
      6.710566893424036,
      6.989206349206349,
      7.244625850340136,
      7.314285714285714,
      7.430385487528345,
      7.546485260770975,
      7.75546485260771,
      7.825124716553288,
      8.010884353741497,
      8.219863945578231,
      8.40562358276644,
      8.544943310657596,
      8.6378231292517,
      8.823582766439909,
      9.032562358276644,
      9.218321995464853,
      9.427301587301587,
      9.636281179138322,
      9.845260770975056,
      10.054240362811791,
      10.263219954648527,
      10.47219954648526,
      10.681179138321996,
      10.89015873015873,
      11.099138321995465,
      11.3081179138322,
      11.517097505668934,
      11.702857142857143,
      11.911836734693878,
      12.144036281179138,
      12.353015873015874,
      12.515555555555556,
      12.561995464852608,
      12.770975056689343,
      12.956734693877552,
      13.165714285714285,
      13.374693877551021,
      13.514013605442177,
      13.583673469387755,
      13.79265306122449,
      13.978412698412699,
      14.210612244897959,
      14.419591836734694,
      14.605351473922903,
      14.837551020408164,
      15.046530612244897,
      15.232290249433106,
      15.464489795918368,
      15.673469387755102,
      15.85922902494331,
      16.068208616780044,
      16.253968253968253,
      16.486167800453515,
      16.69514739229025,
      16.904126984126986,
      17.08988662131519,
      17.322086167800453,
      17.531065759637187,
      17.716825396825396,
      17.925804988662133,
      18.11156462585034,
      18.3437641723356,
      18.552743764172334,
      18.76172335600907,
      18.970702947845805,
      19.202902494331067,
      19.388662131519276,
      19.574421768707484,
      19.783401360544218,
      19.99238095238095,
      20.131700680272107,
      20.201360544217685,
      20.340680272108845,
      20.410340136054423,
      20.526439909297054,
      20.619319727891156,
      20.735419501133787,
      20.805079365079365,
      20.94439909297052,
      21.0140589569161,
      21.223038548752836,
      21.408798185941045,
      21.61777777777778,
      21.826757369614512,
      22.035736961451246,
      22.244716553287983,
      22.453696145124717,
      22.66267573696145,
      22.871655328798187,
      23.08063492063492,
      23.26639455782313,
      23.475374149659864,
      23.684353741496597,
      23.893333333333334,
      24.102312925170068,
      24.3112925170068,
      24.49705215419501,
      24.706031746031748,
      24.891791383219953,
      25.123990929705215,
      25.33297052154195,
      25.541950113378686,
      25.75092970521542,
      25.959909297052153,
      26.16888888888889,
      26.354648526077096,
      26.563628117913833,
      26.656507936507936,
      26.772607709750567,
      26.9815873015873,
      27.190566893424037,
      27.353106575963718,
      27.58530612244898,
      27.910385487528345,
