{
  "chroma_mean": [
    0.33668845891952515,
    0.3868589699268341,
    0.4799840450286865,
    0.5919983386993408,
    0.8213955760002136,
    0.3409644365310669,
    0.31150931119918823,
    0.4188139736652374,
    0.5165612697601318,
    0.5098097920417786,
    0.4025194048881531,
    0.7114220857620239
  ],
  "chroma_std": [
    0.15114448964595795,
    0.24536029994487762,
    0.20959560573101044,
    0.2317899912595749,
    0.2471143901348114,
    0.16461563110351562,
    0.148452028632164,
    0.20725254714488983,
    0.14752933382987976,
    0.15963098406791687,
    0.12429539859294891,
    0.22168327867984772
  ],
  "key_estimation": {
    "key": "C_major",
    "confidence": -0.09893016325116274
  },
  "tonal_complexity": 0.15032333135604858
}