{
  "mfcc_mean": [
    -107.08180236816406,
    76.94950866699219,
    -10.621999740600586,
    41.79098129272461,
    -11.33289623260498,
    9.841801643371582,
    -1.9731090068817139,
    7.736631870269775,
    4.171885013580322,
    2.9228851795196533,
    -0.9389608502388,
    7.942405700683594,
    -1.511221170425415
  ],
  "mfcc_std": [
    92.86105346679688,
    29.549455642700195,
    21.877187728881836,
    12.895345687866211,
    16.19159507751465,
    11.373711585998535,
    9.324380874633789,
    9.739167213439941,
    9.07080078125,
    8.4323148727417,
    8.611063003540039,
    8.973814010620117,
    7.351352214813232
  ],
  "spectral_centroid_mean": 2430.1584975057185,
  "spectral_centroid_std": 600.1321408729519,
  "spectral_bandwidth_mean": 2263.605521534344,
  "spectral_bandwidth_std": 232.00585030301187,
  "spectral_rolloff_mean": 4742.784795097488,
  "spectral_rolloff_std": 798.2429758074686,
  "spectral_flux_mean": 4662.77587890625,
  "spectral_flux_std": 5352.6748046875,
  "spectral_flatness_mean": 0.011027436703443527,
  "spectral_flatness_std": 0.03107949160039425,
  "spectral_slope_mean": -0.0004152081835576777,
  "spectral_spread_mean": 2263.6055200555893,
  "spectral_skewness_mean": 1.153305362273269,
  "spectral_kurtosis_mean": 4.119475703200458
}