{
  "snr_db": 34.31997307911545,
  "dynamic_range_db": 18.09609429160417,
  "rms_energy": 0.16553470492362976,
  "zero_crossing_rate": 0.09030339865129007
}