{
  "tempo_bpm": 89.10290948275862,
  "tempo_confidence": 0.9864015191451622,
  "beat_positions": [
    0.25541950113378686,
    0.9520181405895691,
    1.6486167800453515,
    2.36843537414966,
    3.0650340136054424,
    3.7848526077097504,
    4.481451247165533,
    5.178049886621316,
    5.874648526077097,
    6.548027210884354,
    7.22140589569161,
    7.894784580498866,
    8.591383219954649,
    9.264761904761905,
    9.961360544217687,
    10.65795918367347,
    11.354557823129252,
    12.027936507936507,
    12.701315192743763,
    13.397913832199546,
    14.071292517006803,
    14.744671201814059,
    15.418049886621315,
    16.114648526077097,
    16.788027210884355,
    17.484625850340137,
    18.15800453514739,
    18.83138321995465,
    19.52798185941043,
    20.201360544217685,
    20.874739229024943,
    21.571337868480725,
    22.244716553287983,
    22.918095238095237,
    23.61469387755102,
    24.288072562358277,
    24.961451247165535,
    25.63482993197279,
    26.33142857142857
  ],
  "onset_times": [
    0.13931972789115646,
    0.25541950113378686,
    0.5804988662131519,
    0.8126984126984127,
    0.9520181405895691,
    1.3003174603174603,
    1.5325170068027212,
    1.6486167800453515,
    2.2291156462585033,
    2.5541950113378684,
    2.8560544217687074,
    3.0882539682539685,
    3.2275736961451247,
    3.599092970521542,
    3.8312925170068026,
    3.924172335600907,
    4.156371882086168,
    4.458231292517007,
    4.829750566893424,
    4.992290249433107,
    5.178049886621316,
    5.363809523809524,
    5.50312925170068,
    5.712108843537415,
    5.851428571428571,
    6.199727891156463,
    6.3854875283446715,
    6.524807256235827,
    6.710566893424036,
    6.873106575963718,
    7.058866213151927,
    7.198185941043084,
    7.546485260770975,
    7.87156462585034,
    8.080544217687075,
    8.243083900226758,
    8.40562358276644,
    8.568163265306122,
    8.916462585034013,
    9.102222222222222,
    9.264761904761905,
    9.450521541950113,
    9.613061224489796,
    9.798820861678005,
    9.93814058956916,
    10.309659863945578,
    10.634739229024943,
    10.843718820861678,
    11.00625850340136,
    11.168798185941043,
    11.331337868480725,
    11.656417233560092,
    11.842176870748299,
    12.004716553287983,
    12.167256235827665,
    12.353015873015874,
    12.515555555555556,
    12.678095238095239,
    12.887074829931972,
    13.02639455782313,
    13.212154195011339,
    13.374693877551021,
    13.583673469387755,
    13.722993197278912,
    13.885532879818594,
    14.048072562358277,
    14.396371882086168,
    14.55891156462585,
    14.721451247165533,
    14.953650793650795,
    15.069750566893424,
    15.255510204081633,
    15.394829931972788,
    15.766349206349206,
    15.928888888888888,
    16.091428571428573,
    16.300408163265306,
    16.439727891156462,
    16.602267573696146,
    16.764807256235827,
    17.136326530612244,
    17.322086167800453,
    17.46140589569161,
    17.647165532879818,
    17.809705215419502,
    17.99546485260771,
    18.134784580498867,
    18.506303854875284,
    18.692063492063493,
    18.808163265306124,
    19.017142857142858,
    19.156462585034014,
    19.504761904761907,
    19.853061224489796,
    20.038820861678005,
    20.17814058956916,
    20.36390022675737,
    20.526439909297054,
    20.851519274376418,
    21.199818594104308,
    21.385578231292516,
    21.5481179138322,
    21.73387755102041,
    21.89641723356009,
    22.058956916099774,
    22.221496598639455,
    22.569795918367348,
    22.825215419501134,
    22.894875283446712,
    23.103854875283446,
    23.26639455782313,
    23.45215419501134,
    23.591473922902495,
    23.777233560090703,
    23.939773242630384,
    24.14875283446712,
    24.264852607709752,
    24.473832199546486,
    24.589931972789117,
    24.775691609977326,
    24.845351473922904,
    24.938231292517006,
    25.2865306122449,
    25.495510204081633,
    25.611609977324264,
    25.820589569160997,
    25.98312925170068,
    26.16888888888889,
    26.284988662131518,
    26.33142857142857,
    26.679727891156464,
    26.865487528344673,
    27.00480725623583,
    27.213786848072562,
    27.515646258503402,
    27.678185941043083,
    28.026485260770976,
    28.35156462585034,
    28.53732426303855
  ],
  "rhythm_regularity": 0.9799100370922912,
  "syncopation_index": 0.7122302158273381,
  "beat_count": 39,
  "onset_count": 139
}