{
  "mfcc_mean": [
    -121.53543853759766,
    81.76141357421875,
    -10.081942558288574,
    35.073699951171875,
    -14.891355514526367,
    14.733511924743652,
    -12.99637508392334,
    2.5663442611694336,
    -8.185403823852539,
    5.518637657165527,
    -9.44352912902832,
    1.9444568157196045,
    -7.764209270477295
  ],
  "mfcc_std": [
    91.0474624633789,
    29.949737548828125,
    26.278074264526367,
    16.59183120727539,
    13.6837797164917,
    11.741860389709473,
    10.2920503616333,
    10.305459976196289,
    9.95820426940918,
    8.679277420043945,
    8.610326766967773,
    7.506951332092285,
    9.101088523864746
  ],
  "spectral_centroid_mean": 2508.974270941516,
  "spectral_centroid_std": 758.0600258358747,
  "spectral_bandwidth_mean": 2311.375284663925,
  "spectral_bandwidth_std": 350.6267546387864,
  "spectral_rolloff_mean": 5100.482382294915,
  "spectral_rolloff_std": 1223.6473787443217,
  "spectral_flux_mean": 4550.32861328125,
  "spectral_flux_std": 5503.888671875,
  "spectral_flatness_mean": 0.018291117623448372,
  "spectral_flatness_std": 0.040073614567518234,
  "spectral_slope_mean": -0.000506569226293335,
  "spectral_spread_mean": 2311.3752833038584,
  "spectral_skewness_mean": 1.1511710693676231,
  "spectral_kurtosis_mean": 3.900755933796869
}