{
  "chroma_mean": [
    0.36447492241859436,
    0.4188007116317749,
    0.6999045014381409,
    0.37291815876960754,
    0.303668349981308,
    0.41215264797210693,
    0.3498794734477997,
    0.3763917088508606,
    0.3090090751647949,
    0.42564916610717773,
    0.5506230592727661,
    0.35891929268836975
  ],
  "chroma_std": [
    0.23166032135486603,
    0.2723107635974884,
    0.31249454617500305,
    0.23577460646629333,
    0.19710300862789154,
    0.2749083936214447,
    0.17679208517074585,
    0.23917019367218018,
    0.17692095041275024,
    0.22097817063331604,
    0.31426289677619934,
    0.2156699001789093
  ],
  "key_estimation": {
    "key": "C_minor",
    "confidence": -0.10826272852400197
  },
  "tonal_complexity": 0.10661890357732773
}