{
  "meta": {
    "path": "../../data/raw/MIREX-like_mood/dataset/Audio/629.mp3",
    "file_hash": "c87e5bfd50c4a329a93bed8bdd5aed197fb87f23",
    "duration_sec": 29.72154195011338,
    "sample_rate": 22050,
    "analysis_timestamp": "2025-10-24T19:59:40.904661",
    "config": {
      "sr": 22050,
      "n_fft": 2048,
      "hop_length": 512,
      "n_mels": 128,
      "n_mfcc": 13,
      "n_chroma": 12,
      "frame_length": 2048,
      "workers": 4,
      "use_crepe": false,
      "save_matrices": false,
      "save_plots": true,
      "force": true,
      "quick": false,
      "verbose": false
    },
    "processing_time_sec": 3.0858137607574463
  },
  "acoustic": {
    "mfcc_mean": [
      -166.27391052246094,
      163.87838745117188,
      -63.59286117553711,
      47.74018096923828,
      -12.203460693359375,
      -22.026639938354492,
      0.5468180179595947,
      -14.818812370300293,
      -7.993843078613281,
      -1.597661018371582,
      -7.392063617706299,
      -3.0361380577087402,
      -4.9222822189331055
    ],
    "mfcc_std": [
      61.85646057128906,
      36.13777542114258,
      26.06753921508789,
      17.407472610473633,
      20.811925888061523,
      15.566755294799805,
      15.249665260314941,
      11.301544189453125,
      9.323147773742676,
      10.09313678741455,
      8.289349555969238,
      9.459397315979004,
      9.107398986816406
    ],
    "spectral_centroid_mean": 1443.2011999618312,
    "spectral_centroid_std": 362.8867983254811,
    "spectral_bandwidth_mean": 1277.102734041871,
    "spectral_bandwidth_std": 227.25317053350832,
    "spectral_rolloff_mean": 2888.97925204918,
    "spectral_rolloff_std": 678.9872308769449,
    "spectral_flux_mean": 4363.1787109375,
    "spectral_flux_std": 4590.51513671875,
    "spectral_flatness_mean": 0.0020038399379700422,
    "spectral_flatness_std": 0.03732307255268097,
    "spectral_slope_mean": -0.0009252674126442001,
    "spectral_spread_mean": 1277.1027323792298,
    "spectral_skewness_mean": 1.49397387230228,
    "spectral_kurtosis_mean": 6.450067779562082
  },
  "rhythm": {
    "tempo_bpm": 135.99917763157896,
    "tempo_confidence": 0.9719397717055565,
    "beat_positions": [
      0.7198185941043084,
      1.207437641723356,
      1.6718367346938776,
      2.182675736961451,
      2.693514739229025,
      3.1811337868480725,
      3.6919727891156464,
      4.133151927437642,
      4.574331065759637,
      5.015510204081632,
      5.456689342403628,
      5.897868480725624,
      6.339047619047619,
      6.757006802721088,
      7.22140589569161,
      7.662585034013605,
      8.103764172335602,
      8.568163265306122,
      9.009342403628118,
      9.450521541950113,
      9.822040816326531,
      10.193560090702947,
      10.634739229024943,
      11.075918367346938,
      11.517097505668934,
      11.935056689342403,
      12.353015873015874,
      12.794195011337868,
      13.212154195011339,
      13.630113378684808,
      14.02485260770975,
      14.396371882086168,
      14.837551020408164,
      15.27873015873016,
      15.696689342403628,
      16.114648526077097,
      16.555827664399093,
      16.99700680272109,
      17.438185941043084,
      17.87936507936508,
      18.320544217687075,
      18.784943310657596,
      19.272562358276645,
      19.736961451247165,
      20.201360544217685,
      20.64253968253968,
      21.083718820861677,
      21.524897959183672,
      21.989297052154196,
      22.453696145124717,
      22.941315192743765,
      23.38249433106576,
      23.823673469387757,
      24.3112925170068,
      24.775691609977326,
      25.240090702947846,
      25.68126984126984,
      26.122448979591837,
      26.563628117913833,
      26.9815873015873,
      27.422766439909296,
      27.86394557823129,
      28.35156462585034,
      28.81596371882086,
      29.280362811791385
    ],
    "onset_times": [
      0.13931972789115646,
      0.2786394557823129,
      0.46439909297052157,
      0.7198185941043084,
      0.9520181405895691,
      1.18421768707483,
      1.5325170068027212,
      2.066575963718821,
      2.3219954648526078,
      2.693514739229025,
      3.01859410430839,
      3.274013605442177,
      3.3668934240362813,
      3.575873015873016,
      3.6919727891156464,
      3.8312925170068026,
      4.249251700680272,
      4.388571428571429,
      4.574331065759637,
      4.6439909297052155,
      4.713650793650793,
      4.876190476190477,
      5.015510204081632,
      5.154829931972789,
      5.294149659863946,
      5.456689342403628,
      5.596009070294785,
      5.735328798185941,
      5.897868480725624,
      6.03718820861678,
      6.176507936507937,
      6.315827664399093,
      6.455147392290249,
      6.594467120181406,
      6.757006802721088,
      6.896326530612245,
      7.035646258503402,
      7.198185941043084,
      7.360725623582766,
      7.500045351473923,
      7.63936507936508,
      7.778684807256236,
      7.894784580498866,
      8.080544217687075,
      8.219863945578231,
      8.382403628117913,
      8.684263038548753,
      9.009342403628118,
      9.079002267573696,
      9.311201814058958,
      9.427301587301587,
      9.566621315192744,
      9.613061224489796,
      9.752380952380953,
      10.054240362811791,
      10.170340136054422,
      10.402539682539683,
      10.611519274376418,
      10.797278911564625,
      10.936598639455783,
      11.075918367346938,
      11.42421768707483,
      11.517097505668934,
      11.702857142857143,
      12.004716553287983,
      12.167256235827665,
      12.49233560090703,
      12.678095238095239,
      12.887074829931972,
      13.049614512471654,
      13.212154195011339,
      13.328253968253968,
      13.49079365079365,
      13.630113378684808,
      13.815873015873017,
      14.048072562358277,
      14.373151927437641,
      14.721451247165533,
      14.86077097505669,
      14.97687074829932,
      15.023310657596372,
      15.162630385487528,
      15.348390022675737,
      15.418049886621315,
      15.62702947845805,
      15.975328798185942,
      16.23074829931973,
      16.370068027210884,
      16.69514739229025,
      16.857687074829933,
      16.973786848072564,
      17.136326530612244,
      17.2756462585034,
      17.438185941043084,
      17.57750566893424,
      17.740045351473924,
      17.972244897959182,
      18.204444444444444,
      18.297324263038547,
      18.436643990929706,
      18.599183673469387,
      18.64562358276644,
      18.76172335600907,
      18.94748299319728,
      19.11002267573696,
      19.272562358276645,
      19.4118820861678,
      19.551201814058956,
      19.644081632653062,
      19.87628117913832,
      20.038820861678005,
      20.17814058956916,
      20.340680272108845,
      20.48,
      20.619319727891156,
      20.94439909297052,
      21.060498866213152,
      21.31591836734694,
      21.385578231292516,
      21.524897959183672,
      21.71065759637188,
      21.826757369614512,
      21.989297052154196,
      22.19827664399093,
      22.68589569160998,
      22.918095238095237,
      23.034195011337868,
      23.127074829931974,
      23.2431746031746,
      23.38249433106576,
      23.475374149659864,
      23.661133786848072,
      23.823673469387757,
      23.939773242630384,
      24.055873015873015,
      24.14875283446712,
      24.450612244897957,
      24.56671201814059,
      24.61315192743764,
      24.775691609977326,
      24.91501133786848,
      25.054331065759637,
      25.240090702947846,
      25.379410430839002,
      25.518730158730158,
      25.68126984126984,
      25.75092970521542,
      26.122448979591837,
      26.424308390022677,
      26.79582766439909,
      27.237006802721087,
      27.39954648526077,
      27.538866213151927,
      27.70140589569161,
      27.86394557823129,
      28.026485260770976,
      28.35156462585034,
      28.862403628117914,
      28.955283446712016,
      29.00172335600907,
      29.141043083900225,
      29.280362811791385,
