{
  "track_id": "3132313536335f3730",
  "provenance": {
    "original_audio_path": "../../data/raw/Viet_Dataset/songs/3132313536335f3730.wav",
    "original_lyrics_path": "../../data/raw/Viet_Dataset/lyrics/3132313536335f3730.txt",
    "processing_date": "2025-10-24T22:30:36.339800+00:00",
    "script_version": "1.0.0"
  },
  "audio_properties": {
    "original_sr": 44100,
    "target_sr": 44100,
    "channels": 2
  },
  "audio_features": {
    "duration_seconds": 4.5351473922902495e-05,
    "integrated_loudness_lufs": -Infinity,
    "snr_percentile_db": 5.7969160079956055,
    "clipping_percentage": 0.0,
    "rms_energy_mean": 1.918255838972982e-05,
    "rms_energy_std": 0.0,
    "zcr_mean": 0.0,
    "zcr_std": 0.0,
    "spectral_centroid_mean": 8938.939245673388,
    "spectral_bandwidth_mean": 5898.817076693457,
    "mfcc_0_mean": -828.677490234375,
    "mfcc_0_std": 0.0,
    "mfcc_1_mean": 17.741300582885742,
    "mfcc_1_std": 0.0,
    "mfcc_2_mean": -13.192351341247559,
    "mfcc_2_std": 0.0,
    "mfcc_3_mean": 9.17331314086914,
    "mfcc_3_std": 0.0,
    "mfcc_4_mean": -6.512973785400391,
    "mfcc_4_std": 0.0,
    "mfcc_5_mean": 4.653465270996094,
    "mfcc_5_std": 0.0,
    "mfcc_6_mean": -3.470398187637329,
    "mfcc_6_std": 0.0,
    "mfcc_7_mean": 2.5652222633361816,
    "mfcc_7_std": 0.0,
    "mfcc_8_mean": -2.0181398391723633,
    "mfcc_8_std": 0.0,
    "mfcc_9_mean": 1.5077497959136963,
    "mfcc_9_std": 0.0,
    "mfcc_10_mean": -1.249644160270691,
    "mfcc_10_std": 0.0,
    "mfcc_11_mean": 0.9302723407745361,
    "mfcc_11_std": 0.0,
    "mfcc_12_mean": -0.8096219301223755,
    "mfcc_12_std": 0.0,
    "vocal_dominance_score_hpss": 0.5
  },
  "lyrics_features": {
    "cleaned_text": "C\u1ee9 ngh\u0129 v\u1ec1 ph\u01b0\u01a1ng tr\u1eddi xa \u1ea5y Tr\u00e1i tim t\u00f4i l\u1ea1i qu\u1eb7n \u0111au th\u00eam Em vui b\u00ean ng\u01b0\u1eddi n\u00e0o \u0111\u00e2u th\u1ea5y N\u01a1i n\u00e0y anh l\u1eb7ng kh\u00f3c trong \u0111\u00eam T\u00f4i ki\u1ebfp xa tr\u01b0\u1eddng em b\u01b0\u1edbc sang ngang \u0110\u1eb1ng sau bao nhi\u00eau l\u1eddi em h\u1ee9a Cu\u1ed9c \u0111\u1eddi th\u1eb1ng l\u00ednh nh\u1ecdc nh\u1eb1n s\u01b0\u01a1ng gi\u00f3 M\u1ea5t h\u1ebft t\u1ea5t c\u1ea3 \u0111\u00e3 \u0111\u1ee7 ch\u01b0a Tay \u00f4m th\u00e9p s\u00fang ng\u1ea9ng \u0111\u1ea7u nh\u00ecn l\u00ean Th\u1ea7m h\u1ecfi b\u1ea7u tr\u1eddi cao v\u1eddi v\u1ee3i H\u1eadu ph\u01b0\u01a1ng gi\u1edd \u0111\u00e2y c\u00f3 c\u00f2n ai ng\u00f3ng C\u00f3 c\u00f2n ai chung th\u1ee7y ch\u1edd t\u00f4i Nh\u00ecn v\u1ec1 h\u1eadu ph\u01b0\u01a1ng n\u01a1i xa \u1ea5y Ng\u01b0\u1eddi y\u00eau t\u00f4i \u0111i l\u1ea5y ch\u1ed3ng",
    "language_code": "vi",
    "completeness_heuristic": 1.0,
    "word_count": 101,
    "char_count": 441,
    "sentence_count": 1,
    "type_token_ratio": 0.8811881188118812
  },
  "is_high_quality": false,
  "normalized_audio_path": "processed_dataset/Viet/audio_rejected/3132313536335f3730.wav"
}