{
  "track_id": "3132313830325f3431",
  "provenance": {
    "original_audio_path": "../../data/raw/Viet_Dataset/songs/3132313830325f3431.wav",
    "original_lyrics_path": "../../data/raw/Viet_Dataset/lyrics/3132313830325f3431.txt",
    "processing_date": "2025-10-24T22:30:34.719427+00:00",
    "script_version": "1.0.0"
  },
  "audio_properties": {
    "original_sr": 44100,
    "target_sr": 44100,
    "channels": 2
  },
  "audio_features": {
    "duration_seconds": 4.5351473922902495e-05,
    "integrated_loudness_lufs": -Infinity,
    "snr_percentile_db": 0.9832241535186768,
    "clipping_percentage": 0.0,
    "rms_energy_mean": 3.340947841934394e-06,
    "rms_energy_std": 0.0,
    "zcr_mean": 0.0,
    "zcr_std": 0.0,
    "spectral_centroid_mean": 8073.151068528879,
    "spectral_bandwidth_mean": 5345.19599423889,
    "mfcc_0_mean": -999.8873901367188,
    "mfcc_0_std": 0.0,
    "mfcc_1_mean": 23.2553768157959,
    "mfcc_1_std": 0.0,
    "mfcc_2_mean": -17.967689514160156,
    "mfcc_2_std": 0.0,
    "mfcc_3_mean": 13.20627212524414,
    "mfcc_3_std": 0.0,
    "mfcc_4_mean": -9.898496627807617,
    "mfcc_4_std": 0.0,
    "mfcc_5_mean": 7.490462303161621,
    "mfcc_5_std": 0.0,
    "mfcc_6_mean": -5.837885856628418,
    "mfcc_6_std": 0.0,
    "mfcc_7_mean": 4.52981424331665,
    "mfcc_7_std": 0.0,
    "mfcc_8_mean": -3.634655237197876,
    "mfcc_8_std": 0.0,
    "mfcc_9_mean": 2.8226680755615234,
    "mfcc_9_std": 0.0,
    "mfcc_10_mean": -2.3029747009277344,
    "mfcc_10_std": 0.0,
    "mfcc_11_mean": 1.7563508749008179,
    "mfcc_11_std": 0.0,
    "mfcc_12_mean": -1.4384961128234863,
    "mfcc_12_std": 0.0,
    "vocal_dominance_score_hpss": 0.5
  },
  "lyrics_features": {
    "cleaned_text": "Tr\u00f4i tr\u00f4i tr\u00f4i Nh\u1edb mong th\u00eam c\u00f3 T\u00f4i v\u00e0 t\u00f4i thoi thoi Qu\u00ean t\u00ecnh m\u00ecnh r\u1ed3i Ng\u00e0y qua ri\u00eang anh ni\u1ec1m th\u01b0\u01a1ng nh\u1edb Over th\u1eadt r\u1ed3i T\u00ecnh nay tr\u00f4i trong ni\u1ec1m nh\u1edb mong Humn Kh\u00f3c l\u1ec7 nh\u1ea1t nho\u00e0 M\u00ecnh anh c\u00f4 \u0111\u01a1n ni\u1ec1m b\u0103ng gi\u00e1 Trong l\u00f2ng ngh\u1eb9n ng\u00e0o T\u00ecnh nay over and over h\u1edf Mra yeah so so so so so so",
    "language_code": "vi",
    "completeness_heuristic": 1.0,
    "word_count": 63,
    "char_count": 282,
    "sentence_count": 1,
    "type_token_ratio": 0.7301587301587301
  },
  "is_high_quality": false,
  "normalized_audio_path": "processed_dataset/Viet/audio_rejected/3132313830325f3431.wav"
}