{
  "track_id": "37303836315f3530",
  "provenance": {
    "original_audio_path": "../../data/raw/Viet_Dataset/songs/37303836315f3530.wav",
    "original_lyrics_path": "../../data/raw/Viet_Dataset/lyrics/37303836315f3530.txt",
    "processing_date": "2025-10-24T22:30:36.260100+00:00",
    "script_version": "1.0.0"
  },
  "audio_properties": {
    "original_sr": 44100,
    "target_sr": 44100,
    "channels": 2
  },
  "audio_features": {
    "duration_seconds": 4.5351473922902495e-05,
    "integrated_loudness_lufs": -Infinity,
    "snr_percentile_db": 6.2886643409729,
    "clipping_percentage": 0.0,
    "rms_energy_mean": 1.7870728470370523e-06,
    "rms_energy_std": 0.0,
    "zcr_mean": 0.0,
    "zcr_std": 0.0,
    "spectral_centroid_mean": 9033.230735460264,
    "spectral_bandwidth_mean": 5942.979827480989,
    "mfcc_0_mean": -1061.57177734375,
    "mfcc_0_std": 0.0,
    "mfcc_1_mean": 16.26447105407715,
    "mfcc_1_std": 0.0,
    "mfcc_2_mean": -11.833490371704102,
    "mfcc_2_std": 0.0,
    "mfcc_3_mean": 7.930773735046387,
    "mfcc_3_std": 0.0,
    "mfcc_4_mean": -5.370124816894531,
    "mfcc_4_std": 0.0,
    "mfcc_5_mean": 3.59426212310791,
    "mfcc_5_std": 0.0,
    "mfcc_6_mean": -2.4830374717712402,
    "mfcc_6_std": 0.0,
    "mfcc_7_mean": 1.6406192779541016,
    "mfcc_7_std": 0.0,
    "mfcc_8_mean": -1.1495633125305176,
    "mfcc_8_std": 0.0,
    "mfcc_9_mean": 0.690081000328064,
    "mfcc_9_std": 0.0,
    "mfcc_10_mean": -0.4789746105670929,
    "mfcc_10_std": 0.0,
    "mfcc_11_mean": 0.203629732131958,
    "mfcc_11_std": 0.0,
    "mfcc_12_mean": -0.1247103363275528,
    "mfcc_12_std": 0.0,
    "vocal_dominance_score_hpss": 0.5
  },
  "lyrics_features": {
    "cleaned_text": "\u0111\u1ea5t l\u1ea1 qu\u00ea ng\u01b0\u1eddi Ng\u1eadm ng\u00f9i l\u00f2ng x\u00f3t xa M\u1eaft l\u1ec7 \u0111ong \u0111\u1ea7y V\u01a1i n\u1ed7i nh\u1edb Y\u00eau d\u00e2n t\u1ed9c Vi\u1ec7t Nam M\u00e1u \u0111\u1ecf da v\u00e0ng Y\u00eau anh d\u00e2n c\u00e0y Y\u00eau ng\u01b0\u1eddi N\u01a1i chi\u1ebfn tr\u01b0\u1eddng Ta kh\u00f4ng th\u1ec3 qu\u00ean",
    "language_code": "vi",
    "completeness_heuristic": 1.0,
    "word_count": 38,
    "char_count": 163,
    "sentence_count": 1,
    "type_token_ratio": 0.8947368421052632
  },
  "is_high_quality": false,
  "normalized_audio_path": "processed_dataset/Viet/audio_rejected/37303836315f3530.wav"
}