{
  "track_id": "37343831335f3637",
  "provenance": {
    "original_audio_path": "../../data/raw/Viet_Dataset/songs/37343831335f3637.wav",
    "original_lyrics_path": "../../data/raw/Viet_Dataset/lyrics/37343831335f3637.txt",
    "processing_date": "2025-10-24T22:30:35.722813+00:00",
    "script_version": "1.0.0"
  },
  "audio_properties": {
    "original_sr": 44100,
    "target_sr": 44100,
    "channels": 2
  },
  "audio_features": {
    "duration_seconds": 4.5351473922902495e-05,
    "integrated_loudness_lufs": -Infinity,
    "snr_percentile_db": 29.339946746826172,
    "clipping_percentage": 0.0,
    "rms_energy_mean": 1.3894398762204219e-05,
    "rms_energy_std": 0.0,
    "zcr_mean": 0.0,
    "zcr_std": 0.0,
    "spectral_centroid_mean": 10872.39041522042,
    "spectral_bandwidth_mean": 6369.1081627929,
    "mfcc_0_mean": -873.3421020507812,
    "mfcc_0_std": 0.0,
    "mfcc_1_mean": 1.4558539390563965,
    "mfcc_1_std": 0.0,
    "mfcc_2_mean": -1.0231915712356567,
    "mfcc_2_std": 0.0,
    "mfcc_3_mean": 0.5102993249893188,
    "mfcc_3_std": 0.0,
    "mfcc_4_mean": -0.3330738842487335,
    "mfcc_4_std": 0.0,
    "mfcc_5_mean": 0.14779192209243774,
    "mfcc_5_std": 0.0,
    "mfcc_6_mean": -0.12461325526237488,
    "mfcc_6_std": 0.0,
    "mfcc_7_mean": 0.03189173340797424,
    "mfcc_7_std": 0.0,
    "mfcc_8_mean": -0.07058297842741013,
    "mfcc_8_std": 0.0,
    "mfcc_9_mean": -0.009530868381261826,
    "mfcc_9_std": 0.0,
    "mfcc_10_mean": -0.05267326533794403,
    "mfcc_10_std": 0.0,
    "mfcc_11_mean": -0.023318976163864136,
    "mfcc_11_std": 0.0,
    "mfcc_12_mean": -0.04251149296760559,
    "mfcc_12_std": 0.0,
    "vocal_dominance_score_hpss": 0.5000000596046448
  },
  "lyrics_features": {
    "cleaned_text": "Qu\u00ea h\u01b0\u01a1ng Vi\u1ec7t Nam L\u1edbn l\u00ean trong chi\u1ebfc n\u00f4i Qu\u00ea h\u01b0\u01a1ng Vi\u1ec7t Nam...",
    "language_code": "vi",
    "completeness_heuristic": 0.8,
    "word_count": 13,
    "char_count": 64,
    "sentence_count": 2,
    "type_token_ratio": 0.7692307692307693
  },
  "is_high_quality": true,
  "normalized_audio_path": "processed_dataset/Viet/audio_normalized/37343831335f3637.wav"
}