{
  "track_id": "37383337365f3835",
  "provenance": {
    "original_audio_path": "../../data/raw/Viet_Dataset/songs/37383337365f3835.wav",
    "original_lyrics_path": "../../data/raw/Viet_Dataset/lyrics/37383337365f3835.txt",
    "processing_date": "2025-10-24T22:30:34.757890+00:00",
    "script_version": "1.0.0"
  },
  "audio_properties": {
    "original_sr": 44100,
    "target_sr": 44100,
    "channels": 2
  },
  "audio_features": {
    "duration_seconds": 4.5351473922902495e-05,
    "integrated_loudness_lufs": -Infinity,
    "snr_percentile_db": 3.6613330841064453,
    "clipping_percentage": 0.0,
    "rms_energy_mean": 9.208676488015044e-07,
    "rms_energy_std": 0.0,
    "zcr_mean": 0.0,
    "zcr_std": 0.0,
    "spectral_centroid_mean": 8518.444602277932,
    "spectral_bandwidth_mean": 5667.800984186106,
    "mfcc_0_mean": -1117.0377197265625,
    "mfcc_0_std": 0.0,
    "mfcc_1_mean": 7.612059593200684,
    "mfcc_1_std": 0.0,
    "mfcc_2_mean": -3.618542432785034,
    "mfcc_2_std": 0.0,
    "mfcc_3_mean": 0.6594828367233276,
    "mfcc_3_std": 0.0,
    "mfcc_4_mean": 0.5815954208374023,
    "mfcc_4_std": 0.0,
    "mfcc_5_mean": -0.8853042125701904,
    "mfcc_5_std": 0.0,
    "mfcc_6_mean": 0.5915788412094116,
    "mfcc_6_std": 0.0,
    "mfcc_7_mean": -0.2547774016857147,
    "mfcc_7_std": 0.0,
    "mfcc_8_mean": -0.12344059348106384,
    "mfcc_8_std": 0.0,
    "mfcc_9_mean": 0.21571765840053558,
    "mfcc_9_std": 0.0,
    "mfcc_10_mean": -0.291024386882782,
    "mfcc_10_std": 0.0,
    "mfcc_11_mean": 0.12223823368549347,
    "mfcc_11_std": 0.0,
    "mfcc_12_mean": -0.06112487614154816,
    "mfcc_12_std": 0.0,
    "vocal_dominance_score_hpss": 0.4999999403953552
  },
  "lyrics_features": {
    "cleaned_text": "D\u1eb7n d\u00f2 th\u00eam l\u1ea7n cu\u1ed1i S\u00e1ch trao cho b\u1ea7y em",
    "language_code": "vi",
    "completeness_heuristic": 1.0,
    "word_count": 10,
    "char_count": 41,
    "sentence_count": 1,
    "type_token_ratio": 1.0
  },
  "is_high_quality": false,
  "normalized_audio_path": "processed_dataset/Viet/audio_rejected/37383337365f3835.wav"
}