{
  "track_id": "37393938355f3535",
  "provenance": {
    "original_audio_path": "../../data/raw/Viet_Dataset/songs/37393938355f3535.wav",
    "original_lyrics_path": "../../data/raw/Viet_Dataset/lyrics/37393938355f3535.txt",
    "processing_date": "2025-10-24T22:30:35.299368+00:00",
    "script_version": "1.0.0"
  },
  "audio_properties": {
    "original_sr": 44100,
    "target_sr": 44100,
    "channels": 2
  },
  "audio_features": {
    "duration_seconds": 4.5351473922902495e-05,
    "integrated_loudness_lufs": -Infinity,
    "snr_percentile_db": 6.084797382354736,
    "clipping_percentage": 0.0,
    "rms_energy_mean": 4.503169748204527e-06,
    "rms_energy_std": 0.0,
    "zcr_mean": 0.0,
    "zcr_std": 0.0,
    "spectral_centroid_mean": 8994.369480370962,
    "spectral_bandwidth_mean": 5925.091594998414,
    "mfcc_0_mean": -971.1897583007812,
    "mfcc_0_std": 0.0,
    "mfcc_1_mean": 17.30169677734375,
    "mfcc_1_std": 0.0,
    "mfcc_2_mean": -12.819244384765625,
    "mfcc_2_std": 0.0,
    "mfcc_3_mean": 8.864557266235352,
    "mfcc_3_std": 0.0,
    "mfcc_4_mean": -6.257686614990234,
    "mfcc_4_std": 0.0,
    "mfcc_5_mean": 4.441165924072266,
    "mfcc_5_std": 0.0,
    "mfcc_6_mean": -3.2930188179016113,
    "mfcc_6_std": 0.0,
    "mfcc_7_mean": 2.4163050651550293,
    "mfcc_7_std": 0.0,
    "mfcc_8_mean": -1.8926528692245483,
    "mfcc_8_std": 0.0,
    "mfcc_9_mean": 1.4016335010528564,
    "mfcc_9_std": 0.0,
    "mfcc_10_mean": -1.1596298217773438,
    "mfcc_10_std": 0.0,
    "mfcc_11_mean": 0.8536903858184814,
    "mfcc_11_std": 0.0,
    "mfcc_12_mean": -0.744314968585968,
    "mfcc_12_std": 0.0,
    "vocal_dominance_score_hpss": 0.5000000596046448
  },
  "lyrics_features": {
    "cleaned_text": "C\u00f3 con chim bay cu\u1ed1i tr\u1eddi C\u1ea5t l\u00ean ti\u1ebfng ca r\u00e3 r\u1eddi Cu\u1ed9c t\u00ecnh s\u1ea7u kh\u00f4n ngu\u00f4i",
    "language_code": "vi",
    "completeness_heuristic": 1.0,
    "word_count": 17,
    "char_count": 74,
    "sentence_count": 1,
    "type_token_ratio": 1.0
  },
  "is_high_quality": false,
  "normalized_audio_path": "processed_dataset/Viet/audio_rejected/37393938355f3535.wav"
}