{
  "mfcc_mean": [
    -36.114646911621094,
    97.25196075439453,
    -17.412105560302734,
    25.604642868041992,
    16.285215377807617,
    7.335168361663818,
    6.407564163208008,
    9.336135864257812,
    0.10067010670900345,
    2.8899056911468506,
    -0.38296201825141907,
    3.1222286224365234,
    4.1522955894470215
  ],
  "mfcc_std": [
    56.86690139770508,
    25.694101333618164,
    19.107807159423828,
    12.823637962341309,
    9.871615409851074,
    7.274479866027832,
    7.537735462188721,
    7.280488014221191,
    6.038777828216553,
    5.607417583465576,
    5.566008567810059,
    5.943746566772461,
    6.549810886383057
  ],
  "spectral_centroid_mean": 2296.6569480424014,
  "spectral_centroid_std": 744.6607862719746,
  "spectral_bandwidth_mean": 2423.1182887828045,
  "spectral_bandwidth_std": 505.6432147849452,
  "spectral_rolloff_mean": 4766.147713298992,
  "spectral_rolloff_std": 1704.4925069587714,
  "spectral_flux_mean": 7448.74462890625,
  "spectral_flux_std": 6149.23486328125,
  "spectral_flatness_mean": 0.026181118562817574,
  "spectral_flatness_std": 0.04533502832055092,
  "spectral_slope_mean": -0.00042321195263945685,
  "spectral_spread_mean": 2423.118287263398,
  "spectral_skewness_mean": 1.4882008448179216,
  "spectral_kurtosis_mean": 5.031862885100165
}