{
  "tempo_bpm": 103.359375,
  "tempo_confidence": 0.9864032901716985,
  "beat_positions": [
    0.2089795918367347,
    0.7894784580498866,
    1.3699773242630386,
    1.9504761904761905,
    2.5541950113378684,
    3.1346938775510202,
    3.7151927437641725,
    4.31891156462585,
    4.899410430839002,
    5.479909297052155,
    6.060408163265306,
    6.664126984126984,
    7.244625850340136,
    7.825124716553288,
    8.40562358276644,
    8.986122448979591,
    9.58984126984127,
    10.170340136054422,
    10.750839002267574,
    11.331337868480725,
    11.935056689342403,
    12.515555555555556,
    13.096054421768708,
    13.699773242630386,
    14.280272108843537,
    14.86077097505669,
    15.464489795918368,
    16.04498866213152,
    16.602267573696146,
    17.205986394557822,
    17.809705215419502,
    18.390204081632653,
    18.99392290249433,
    19.551201814058956,
    20.154920634920636,
    20.735419501133787,
    21.339138321995463,
    21.91963718820862,
    22.50013605442177,
    23.08063492063492,
    23.684353741496597,
    24.264852607709752,
    24.845351473922904,
    25.425850340136055,
    26.02956916099773,
    26.610068027210886,
    27.190566893424037,
    27.74784580498866,
    28.374784580498865,
    28.955283446712016,
    29.53578231292517
  ],
  "onset_times": [
    0.18575963718820862,
    0.5108390022675737,
    0.7662585034013606,
    1.0448979591836736,
    1.3467573696145125,
    1.6486167800453515,
    1.9504761904761905,
    2.2291156462585033,
    2.5309750566893423,
    2.8560544217687074,
    3.111473922902494,
    3.4133333333333336,
    3.6919727891156464,
    4.017052154195011,
    4.20281179138322,
    4.295691609977324,
    4.574331065759637,
    4.899410430839002,
    5.201269841269841,
    5.456689342403628,
    5.735328798185941,
    6.03718820861678,
    6.339047619047619,
    6.640907029478458,
    6.942766439909297,
    7.244625850340136,
    7.546485260770975,
    7.685804988662132,
    7.825124716553288,
    8.080544217687075,
    8.266303854875284,
    8.382403628117913,
    8.684263038548753,
    8.846802721088435,
    8.986122448979591,
    9.264761904761905,
    9.427301587301587,
    9.58984126984127,
    9.914920634920636,
    10.170340136054422,
    10.425759637188209,
    10.750839002267574,
    11.052698412698414,
    11.331337868480725,
    11.609977324263038,
    11.911836734693878,
    12.236916099773243,
    12.422675736961452,
    12.515555555555556,
    12.794195011337868,
    13.096054421768708,
    13.397913832199546,
    13.583673469387755,
    13.699773242630386,
    13.955192743764172,
    14.280272108843537,
    14.605351473922903,
    14.744671201814059,
    14.86077097505669,
    15.139410430839002,
    15.441269841269841,
    15.74312925170068,
    15.882448979591837,
    16.021768707482995,
    16.184308390022675,
    16.300408163265306,
    16.602267573696146,
    16.788027210884355,
    16.904126984126986,
    17.04344671201814,
    17.205986394557822,
    17.507845804988662,
    17.69360544217687,
    17.809705215419502,
    18.088344671201813,
    18.274104308390022,
    18.390204081632653,
    18.599183673469387,
    18.692063492063493,
    18.970702947845805,
    19.272562358276645,
    19.551201814058956,
    19.853061224489796,
    20.131700680272107,
    20.456780045351476,
    20.735419501133787,
    21.0140589569161,
    21.153378684807254,
    21.31591836734694,
    21.61777777777778,
    21.757097505668934,
    21.89641723356009,
    22.0821768707483,
    22.19827664399093,
    22.407256235827663,
    22.50013605442177,
    22.77877551020408,
    22.941315192743765,
    23.08063492063492,
    23.219954648526077,
    23.38249433106576,
    23.637913832199548,
    23.986213151927437,
    24.125532879818593,
    24.241632653061224,
    24.52027210884354,
    24.822131519274375,
    25.123990929705215,
    25.402630385487527,
    25.658049886621317,
    26.006349206349206,
    26.33142857142857,
    26.586848072562358,
    26.865487528344673,
    27.16734693877551,
    27.724625850340136,
    27.93360544217687,
    28.35156462585034,
    28.93206349206349,
    29.094603174603176,
    29.23392290249433,
    29.53578231292517
  ],
  "rhythm_regularity": 0.9764990940939736,
  "syncopation_index": 0.5655737704918032,
  "beat_count": 51,
  "onset_count": 122
}