{
  "mfcc_mean": [
    -256.9476013183594,
    57.423431396484375,
    -7.206187725067139,
    18.247020721435547,
    -14.619315147399902,
    -5.967118740081787,
    7.863128662109375,
    -10.327130317687988,
    -4.036983489990234,
    8.74169635772705,
    -18.817712783813477,
    3.347947120666504,
    -12.835741996765137
  ],
  "mfcc_std": [
    80.41236114501953,
    39.0828971862793,
    29.33052635192871,
    28.149885177612305,
    18.328195571899414,
    19.090457916259766,
    14.760457038879395,
    15.949069023132324,
    13.942976951599121,
    11.326130867004395,
    12.637944221496582,
    10.0545654296875,
    10.27734661102295
  ],
  "spectral_centroid_mean": 2253.861693530624,
  "spectral_centroid_std": 1125.2291167483802,
  "spectral_bandwidth_mean": 2257.8556776006108,
  "spectral_bandwidth_std": 430.44315915090374,
  "spectral_rolloff_mean": 4311.549891930836,
  "spectral_rolloff_std": 1917.8883681394336,
  "spectral_flux_mean": 2503.656494140625,
  "spectral_flux_std": 4209.58837890625,
  "spectral_flatness_mean": 0.029662711545825005,
  "spectral_flatness_std": 0.0861738845705986,
  "spectral_slope_mean": -0.0002994543801699607,
  "spectral_spread_mean": 2257.8556768106278,
  "spectral_skewness_mean": 1.7355155140769447,
  "spectral_kurtosis_mean": 6.528054365325444
}