{
  "chroma_mean": [
    0.4868539273738861,
    0.34693682193756104,
    0.513887882232666,
    0.3902674615383148,
    0.3841319978237152,
    0.46415531635284424,
    0.39416876435279846,
    0.5931522846221924,
    0.3975692391395569,
    0.5016387104988098,
    0.5197253227233887,
    0.3944537937641144
  ],
  "chroma_std": [
    0.2942807376384735,
    0.18766510486602783,
    0.2703777551651001,
    0.21250252425670624,
    0.20339302718639374,
    0.24539102613925934,
    0.20809733867645264,
    0.304981529712677,
    0.22564439475536346,
    0.27208131551742554,
    0.29321691393852234,
    0.2261413037776947
  ],
  "key_estimation": {
    "key": "C_major",
    "confidence": 0.5249139029427884
  },
  "tonal_complexity": 0.07137160003185272
}