{
  "meta": {
    "path": "../../data/raw/MIREX-like_mood/dataset/Audio/564.mp3",
    "file_hash": "87e4386c11d0b59f437daa762de5de4a0ad04b48",
    "duration_sec": 29.675102040816327,
    "sample_rate": 22050,
    "analysis_timestamp": "2025-10-24T20:22:00.044618",
    "config": {
      "sr": 22050,
      "n_fft": 2048,
      "hop_length": 512,
      "n_mels": 128,
      "n_mfcc": 13,
      "n_chroma": 12,
      "frame_length": 2048,
      "workers": 4,
      "use_crepe": false,
      "save_matrices": false,
      "save_plots": true,
      "force": true,
      "quick": false,
      "verbose": false
    },
    "processing_time_sec": 2.6012983322143555
  },
  "acoustic": {
    "mfcc_mean": [
      -115.27886962890625,
      84.08895874023438,
      -26.48725128173828,
      26.754297256469727,
      3.1113967895507812,
      3.0967836380004883,
      -5.8809814453125,
      6.363619804382324,
      -7.871460914611816,
      -1.1346062421798706,
      -2.1347124576568604,
      -1.8154754638671875,
      -4.308746337890625
    ],
    "mfcc_std": [
      84.19440460205078,
      32.90517044067383,
      29.36972999572754,
      19.843297958374023,
      16.293081283569336,
      11.984994888305664,
      11.801318168640137,
      9.03597354888916,
      8.677022933959961,
      9.393826484680176,
      9.290932655334473,
      6.857746124267578,
      7.618592739105225
    ],
    "spectral_centroid_mean": 2493.5229904232137,
    "spectral_centroid_std": 744.2034681167457,
    "spectral_bandwidth_mean": 2264.0442129928947,
    "spectral_bandwidth_std": 545.3254897655851,
    "spectral_rolloff_mean": 4890.394144900802,
    "spectral_rolloff_std": 1641.7586565629333,
    "spectral_flux_mean": 2973.343994140625,
    "spectral_flux_std": 3354.184326171875,
    "spectral_flatness_mean": 0.02409590408205986,
    "spectral_flatness_std": 0.044168442487716675,
    "spectral_slope_mean": -0.0005006191489711005,
    "spectral_spread_mean": 2264.0442150913373,
    "spectral_skewness_mean": 1.3148629110602272,
    "spectral_kurtosis_mean": 4.769673156199356
  },
  "rhythm": {
    "tempo_bpm": 135.99917763157896,
    "tempo_confidence": 0.9721881922771901,
    "beat_positions": [
      1.555736961451247,
      1.9272562358276644,
      2.3219954648526078,
      2.716734693877551,
      3.1579138321995464,
      3.575873015873016,
      3.9938321995464854,
      4.435011337868481,
      4.85297052154195,
      5.294149659863946,
      5.735328798185941,
      6.176507936507937,
      6.640907029478458,
      7.1053061224489795,
      7.569705215419501,
      8.010884353741497,
      8.452063492063493,
      8.916462585034013,
      9.380861678004536,
      9.868480725623582,
      10.286439909297052,
      10.750839002267574,
      11.215238095238096,
      11.702857142857143,
      12.167256235827665,
      12.631655328798185,
      13.072834467120181,
      13.537233560090703,
      14.001632653061224,
      14.419591836734694,
      14.86077097505669,
      15.301950113378684,
      15.696689342403628,
      16.114648526077097,
      16.555827664399093,
      16.99700680272109,
      17.41496598639456,
      17.87936507936508,
      18.45986394557823,
      18.92426303854875,
      19.365442176870747,
      19.82984126984127,
      20.24780045351474,
      20.66575963718821,
      21.13015873015873,
      21.571337868480725,
      21.989297052154196,
      22.430476190476192,
      22.894875283446712,
      23.336054421768708,
      23.754013605442175,
      24.19519274376417,
      24.636371882086166,
      25.077551020408162,
      25.495510204081633,
      25.93668934240363,
      26.377868480725624,
      26.81904761904762,
      27.260226757369615,
      27.70140589569161,
      28.142585034013607,
      28.583764172335602
    ],
    "onset_times": [
      0.13931972789115646,
      0.2786394557823129,
      0.7198185941043084,
      1.555736961451247,
      2.2058956916099772,
      2.647074829931973,
      2.693514739229025,
      3.7616326530612243,
      4.295691609977324,
      4.760090702947846,
      5.178049886621316,
      5.572789115646258,
      5.712108843537415,
      5.944308390022676,
      6.15328798185941,
      6.501587301587302,
      6.617687074829932,
      7.1053061224489795,
      7.383945578231293,
      7.894784580498866,
      8.428843537414966,
      8.684263038548753,
      8.893242630385487,
      9.264761904761905,
      9.357641723356009,
      9.566621315192744,
      9.7059410430839,
      9.868480725623582,
      10.263219954648527,
      10.65795918367347,
      11.122358276643991,
      11.215238095238096,
      11.72607709750567,
      12.60843537414966,
      13.049614512471654,
      13.514013605442177,
      13.839092970521541,
      14.001632653061224,
      14.419591836734694,
      14.605351473922903,
      14.744671201814059,
      14.930430839002268,
      15.301950113378684,
      15.62702947845805,
      15.81278911564626,
      16.114648526077097,
      16.207528344671204,
      16.532607709750568,
      16.69514739229025,
      16.99700680272109,
      17.136326530612244,
      17.39174603174603,
      17.856145124716555,
      18.018684807256236,
      18.320544217687075,
      18.45986394557823,
      18.901043083900227,
      19.13324263038549,
      19.249342403628116,
      19.365442176870747,
      19.620861678004534,
      19.667301587301587,
      19.82984126984127,
      20.038820861678005,
      20.108480725623583,
      20.24780045351474,
      20.66575963718821,
      20.94439909297052,
      21.385578231292516,
      21.571337868480725,
      21.849977324263037,
      21.989297052154196,
      22.175056689342405,
      22.267936507936508,
      22.407256235827663,
      22.639455782312925,
      22.732335600907028,
      22.871655328798187,
      23.1502947845805,
      23.312834467120183,
      23.49859410430839,
      23.61469387755102,
      23.754013605442175,
      24.171972789115646,
      24.473832199546486,
      24.61315192743764,
      24.86857142857143,
      25.541950113378686,
      25.913469387755104,
      26.16888888888889,
      26.354648526077096,
      26.79582766439909,
      27.074467120181406,
      27.260226757369615,
      27.58530612244898,
      27.88716553287982,
      28.11936507936508,
      28.560544217687074,
      28.81596371882086,
      28.88562358276644,
      29.442902494331065,
      29.6518820861678
    ],
    "rhythm_regularity": 0.9354354150238632,
    "syncopation_index": 0.49019607843137253,
    "beat_count": 62,
    "onset_count": 102
  },
  "harmony": {
    "chroma_mean": [
      0.4868539273738861,
      0.34693682193756104,
      0.513887882232666,
      0.3902674615383148,
      0.3841319978237152,
      0.46415531635284424,
      0.39416876435279846,
      0.5931522846221924,
      0.3975692391395569,
      0.5016387104988098,
      0.5197253227233887,
      0.3944537937641144
    ],
    "chroma_std": [
      0.2942807376384735,
      0.18766510486602783,
      0.2703777551651001,
      0.21250252425670624,
      0.20339302718639374,
      0.24539102613925934,
      0.20809733867645264,
      0.304981529712677,
      0.22564439475536346,
      0.27208131551742554,
      0.29321691393852234,
      0.2261413037776947
    ],
    "key_estimation": {
      "key": "C_major",
      "confidence": 0.5249139029427884
    },
    "tonal_complexity": 0.07137160003185272
  },
  "quality": {
    "snr_db": 37.96015299400293,
    "dynamic_range_db": 21.4304059631821,
    "rms_energy": 0.12109127640724182,
    "zero_crossing_rate": 0.13777128432857702
  },
  "lyrics": {
    "word_count": 128,
    "unique_word_count": 81,
    "sentence_count": 1,
    "avg_words_per_sentence": 128.0,
    "readability": null,
    "sentiment_analysis": null,
    "topic_keywords": [
      "oh,",
      "the",
      "and",
      "oh!",
      "love",
      "way",
      "can",
      "leave",
      "all",
      "behind"
    ],
    "repetition_analysis": {
      "repetition_ratio": 0.3671875,