{
  "meta": {
    "path": "../../data/raw/MIREX-like_mood/dataset/Audio/645.mp3",
    "file_hash": "3b7adb9df0a44831a4a941a5e2defe5abea97093",
    "duration_sec": 29.489342403628118,
    "sample_rate": 22050,
    "analysis_timestamp": "2025-10-24T20:00:42.999106",
    "config": {
      "sr": 22050,
      "n_fft": 2048,
      "hop_length": 512,
      "n_mels": 128,
      "n_mfcc": 13,
      "n_chroma": 12,
      "frame_length": 2048,
      "workers": 4,
      "use_crepe": false,
      "save_matrices": false,
      "save_plots": true,
      "force": true,
      "quick": false,
      "verbose": false
    },
    "processing_time_sec": 3.259024143218994
  },
  "acoustic": {
    "mfcc_mean": [
      -246.43063354492188,
      111.76313018798828,
      2.076498508453369,
      24.864906311035156,
      8.97439193725586,
      11.006771087646484,
      5.313711643218994,
      6.298924922943115,
      -6.419521808624268,
      -2.6844804286956787,
      -4.542141437530518,
      3.2100207805633545,
      1.9208956956863403
    ],
    "mfcc_std": [
      102.2947006225586,
      27.306121826171875,
      20.08255386352539,
      15.683547019958496,
      12.061043739318848,
      9.356497764587402,
      9.04169750213623,
      7.690092086791992,
      8.351844787597656,
      8.161304473876953,
      7.969357967376709,
      7.177411079406738,
      6.95681619644165
    ],
    "spectral_centroid_mean": 1622.7137604348968,
    "spectral_centroid_std": 713.2728134868014,
    "spectral_bandwidth_mean": 2019.263953078021,
    "spectral_bandwidth_std": 549.3525793443621,
    "spectral_rolloff_mean": 3465.668238437992,
    "spectral_rolloff_std": 1717.3963726057755,
    "spectral_flux_mean": 1910.7564697265625,
    "spectral_flux_std": 5652.96826171875,
    "spectral_flatness_mean": 0.008090285584330559,
    "spectral_flatness_std": 0.04447611793875694,
    "spectral_slope_mean": -0.000488024719895532,
    "spectral_spread_mean": 2019.2639535801993,
    "spectral_skewness_mean": 2.1351204955869205,
    "spectral_kurtosis_mean": 8.427530906623295
  },
  "rhythm": {
    "tempo_bpm": 112.34714673913044,
    "tempo_confidence": 0.9692882478991808,
    "beat_positions": [
      4.783310657596372,
      5.317369614512471,
      5.874648526077097,
      6.408707482993197,
      6.965986394557823,
      7.500045351473923,
      8.034104308390022,
      8.591383219954649,
      9.125442176870749,
      9.682721088435374,
      10.216780045351474,
      10.7740589569161,
      11.3081179138322,
      11.842176870748299,
      12.376235827664399,
      12.887074829931972,
      13.421133786848072,
      13.885532879818594,
      14.349931972789115,
      14.814331065759637,
      15.32517006802721,
      15.85922902494331,
      16.39328798185941,
      17.020226757369613,
      17.670385487528346,
      18.22766439909297,
      18.738503401360543,
      19.272562358276645,
      19.783401360544218,
      20.29424036281179,
      20.851519274376418,
      21.36235827664399,
      21.89641723356009,
      22.407256235827663,
      22.941315192743765,
      23.475374149659864,
      23.986213151927437,
      24.52027210884354,
      25.054331065759637,
      25.588390022675735,
      26.09922902494331,
      26.63328798185941,
      27.16734693877551,
      27.678185941043083,
      28.189024943310656,
      28.723083900226758,
      29.257142857142856
    ],
    "onset_times": [
      1.0216780045351475,
      1.4164172335600906,
      2.345215419501134,
      3.1579138321995464,
      3.436553287981859,
      3.5526530612244898,
      3.6919727891156464,
      3.8312925170068026,
      3.947392290249433,
      4.08671201814059,
      4.249251700680272,
      4.365351473922902,
      4.760090702947846,
      5.317369614512471,
      6.664126984126984,
      7.22140589569161,
      7.500045351473923,
      7.87156462585034,
      8.010884353741497,
      8.17342403628118,
      8.289523809523809,
      8.40562358276644,
      8.70748299319728,
      9.102222222222222,
      9.659501133786849,
      10.077460317460318,
      10.750839002267574,
      11.00625850340136,
      11.563537414965987,
      11.842176870748299,
      12.236916099773243,
      12.353015873015874,
      12.60843537414966,
      12.887074829931972,
      13.421133786848072,
      14.001632653061224,
      14.814331065759637,
      15.32517006802721,
      15.836009070294784,
      16.370068027210884,
      16.904126984126986,
      17.29886621315193,
      17.670385487528346,
      18.204444444444444,
      18.45986394557823,
      18.738503401360543,
      18.99392290249433,
      19.249342403628116,
      19.504761904761907,
      19.760181405895693,
      20.06204081632653,
      20.29424036281179,
      20.572879818594103,
      20.82829931972789,
      21.083718820861677,
      21.36235827664399,
      21.501678004535147,
      21.640997732426303,
      21.873197278911565,
      22.175056689342405,
      22.407256235827663,
      22.66267573696145,
      22.941315192743765,
      23.196734693877552,
      23.45215419501134,
      23.73079365079365,
      23.986213151927437,
      24.264852607709752,
      24.52027210884354,
      24.775691609977326,
      25.054331065759637,
      25.309750566893424,
      25.56517006802721,
      25.843809523809522,
      26.076009070294784,
      26.377868480725624,
      26.540408163265305,
      26.63328798185941,
      26.865487528344673,
      27.144126984126984,
      27.39954648526077,
      27.654965986394558,
      27.93360544217687,
      28.16580498866213,
      28.46766439909297,
      28.69986394557823,
      28.978503401360545,
      29.23392290249433,
      29.489342403628118
    ],
    "rhythm_regularity": 0.9404464712467729,
    "syncopation_index": 0.5617977528089888,
    "beat_count": 47,
    "onset_count": 89
  },
  "harmony": {
    "chroma_mean": [
      0.49204373359680176,
      0.3563964366912842,
      0.5580540895462036,
      0.35311073064804077,
      0.5828091502189636,
      0.30094680190086365,
      0.324585497379303,
      0.4191414713859558,
      0.28551870584487915,
      0.3693836033344269,
      0.24843327701091766,
      0.36604398488998413
    ],
    "chroma_std": [
      0.35080212354660034,
      0.23770079016685486,
      0.33036908507347107,
      0.23660634458065033,
      0.3173739016056061,
      0.24802501499652863,
      0.25199002027511597,
      0.2922912836074829,
      0.2104020118713379,
      0.29508620500564575,
      0.2074470818042755,
      0.2097269594669342
    ],
    "key_estimation": {
      "key": "C_major",
      "confidence": 0.5872156236229793
    },
    "tonal_complexity": 0.10136135667562485
  },
  "quality": {
    "snr_db": 45.22620990404625,
    "dynamic_range_db": 26.41750800728753,
    "rms_energy": 0.08856485038995743,
    "zero_crossing_rate": 0.06814884933123525
  },
  "lyrics": {
    "word_count": 229,
    "unique_word_count": 139,
    "sentence_count": 1,
    "avg_words_per_sentence": 229.0,
    "readability": null,
    "sentiment_analysis": null,
    "topic_keywords": [
      "the",
      "you",
      "she",
      "year",
      "cat",
      "your",
      "And",
      "and",
      "like",
      "She"
    ],
    "repetition_analysis": {
      "repetition_ratio": 0.39301310043668125,
      "most_common_words": [
        [
          "the",
          19
        ],
        [
          "you",
          7
        ],
        [
          "she",
          5
        ],
        [
          "year",
          4
        ],
        [
          "cat",
          4
        ]
      ]
    }
  }
}