{
  "mfcc_mean": [
    -78.19512176513672,
    101.34677124023438,
    -17.260404586791992,
    19.873762130737305,
    6.294633865356445,
    5.419698715209961,
    -6.517177104949951,
    8.652996063232422,
    -5.646890640258789,
    3.9856841564178467,
    -7.2030181884765625,
    0.20026324689388275,
    -5.056000709533691
  ],
  "mfcc_std": [
    79.71458435058594,
    26.074115753173828,
    24.214439392089844,
    15.029207229614258,
    14.153925895690918,
    12.243977546691895,
    9.665395736694336,
    9.729818344116211,
    8.681875228881836,
    7.568650722503662,
    8.178192138671875,
    6.941990852355957,
    6.687136173248291
  ],
  "spectral_centroid_mean": 2192.6051714039663,
  "spectral_centroid_std": 728.13489840175,
  "spectral_bandwidth_mean": 2283.9101828460743,
  "spectral_bandwidth_std": 466.0794572392983,
  "spectral_rolloff_mean": 4435.427362532985,
  "spectral_rolloff_std": 1680.5981106480194,
  "spectral_flux_mean": 5871.404296875,
  "spectral_flux_std": 4949.162109375,
  "spectral_flatness_mean": 0.019354047253727913,
  "spectral_flatness_std": 0.03862616792321205,
  "spectral_slope_mean": -0.0004415837328453928,
  "spectral_spread_mean": 2283.9101799081946,
  "spectral_skewness_mean": 1.6271805960761634,
  "spectral_kurtosis_mean": 5.6446305531874215
}