{
  "chroma_mean": [
    0.37234944105148315,
    0.35123708844184875,
    0.46957331895828247,
    0.37006014585494995,
    0.4862460494041443,
    0.42448997497558594,
    0.5249882340431213,
    0.7749150395393372,
    0.4043869376182556,
    0.36554259061813354,
    0.36663588881492615,
    0.5689916014671326
  ],
  "chroma_std": [
    0.2375544309616089,
    0.18284907937049866,
    0.22183382511138916,
    0.21723301708698273,
    0.3037690818309784,
    0.20723477005958557,
    0.23331713676452637,
    0.2642267644405365,
    0.17189238965511322,
    0.19583837687969208,
    0.20894037187099457,
    0.29725947976112366
  ],
  "key_estimation": {
    "key": "C_major",
    "confidence": 0.31195731025649426
  },
  "tonal_complexity": 0.11744196712970734
}