{
  "meta": {
    "path": "../../data/raw/MIREX-like_mood/dataset/Audio/638.mp3",
    "file_hash": "f9f82eec6fda100635f8602c513b7441c35eae8e",
    "duration_sec": 29.675102040816327,
    "sample_rate": 22050,
    "analysis_timestamp": "2025-10-24T20:07:45.352398",
    "config": {
      "sr": 22050,
      "n_fft": 2048,
      "hop_length": 512,
      "n_mels": 128,
      "n_mfcc": 13,
      "n_chroma": 12,
      "frame_length": 2048,
      "workers": 4,
      "use_crepe": false,
      "save_matrices": false,
      "save_plots": true,
      "force": true,
      "quick": false,
      "verbose": false
    },
    "processing_time_sec": 2.8273441791534424
  },
  "acoustic": {
    "mfcc_mean": [
      -42.424625396728516,
      57.23723220825195,
      8.104410171508789,
      40.198814392089844,
      9.747223854064941,
      15.880867004394531,
      -1.8183012008666992,
      1.872189998626709,
      0.12772956490516663,
      2.900143623352051,
      -3.9426469802856445,
      -3.930246114730835,
      -4.0344672203063965
    ],
    "mfcc_std": [
      58.40108871459961,
      17.38706398010254,
      17.675033569335938,
      13.529221534729004,
      7.547163963317871,
      10.232094764709473,
      10.100966453552246,
      6.732038974761963,
      7.302156448364258,
      6.431064128875732,
      6.604774475097656,
      7.067783832550049,
      6.433076858520508
    ],
    "spectral_centroid_mean": 3002.7050212342324,
    "spectral_centroid_std": 624.5513804031464,
    "spectral_bandwidth_mean": 2777.3347758385007,
    "spectral_bandwidth_std": 312.47220399855973,
    "spectral_rolloff_mean": 6140.767819402365,
    "spectral_rolloff_std": 1179.694888157391,
    "spectral_flux_mean": 5974.79052734375,
    "spectral_flux_std": 4134.888671875,
    "spectral_flatness_mean": 0.03250721096992493,
    "spectral_flatness_std": 0.03965061902999878,
    "spectral_slope_mean": -0.0003057905548775729,
    "spectral_spread_mean": 2777.334774197066,
    "spectral_skewness_mean": 0.9190052594735455,
    "spectral_kurtosis_mean": 3.1046921905791085
  },
  "rhythm": {
    "tempo_bpm": 151.99908088235293,
    "tempo_confidence": 0.9836688742943116,
    "beat_positions": [
      0.16253968253968254,
      0.5108390022675737,
      0.8823582766439909,
      1.2770975056689342,
      1.6718367346938776,
      2.066575963718821,
      2.48453514739229,
      2.9024943310657596,
      3.297233560090703,
      3.6919727891156464,
      4.08671201814059,
      4.481451247165533,
      4.899410430839002,
      5.294149659863946,
      5.712108843537415,
      6.106848072562358,
      6.501587301587302,
      6.896326530612245,
      7.314285714285714,
      7.732244897959184,
      8.103764172335602,
      8.498503401360544,
      8.893242630385487,
      9.311201814058958,
      9.729160997732427,
      10.100680272108843,
      10.518639455782314,
      10.936598639455783,
      11.331337868480725,
      11.72607709750567,
      12.120816326530612,
      12.538775510204081,
      12.910294784580499,
      13.305034013605443,
      13.722993197278912,
      14.140952380952381,
      14.535691609977324,
      14.930430839002268,
      15.348390022675737,
      15.74312925170068,
      16.137868480725622,
      16.532607709750568,
      16.950566893424035,
      17.368526077097506,
      17.76326530612245,
      18.15800453514739,
      18.552743764172334,
      18.970702947845805,
      19.342222222222222,
      19.760181405895693,
      20.154920634920636,
      20.572879818594103,
      20.96761904761905,
      21.339138321995463,
      21.757097505668934,
      22.175056689342405,
      22.569795918367348,
      22.941315192743765,
      23.38249433106576,
      23.777233560090703,
      24.171972789115646,
      24.589931972789117,
      24.98467120181406,
      25.379410430839002,
      25.774149659863944,
      26.16888888888889,
      26.563628117913833,
      26.9815873015873,
      27.376326530612246,
      27.77106575963719,
      28.142585034013607
    ],
    "onset_times": [
      0.16253968253968254,
      0.2089795918367347,
      0.4179591836734694,
      0.8126984126984127,
      1.0448979591836736,
      1.2770975056689342,
      1.6486167800453515,
      1.8575963718820863,
      2.020136054421769,
      2.461315192743764,
      2.8792743764172335,
      3.0650340136054424,
      3.250793650793651,
      3.297233560090703,
      3.622312925170068,
      3.6919727891156464,
      3.877732426303855,
      4.063492063492063,
      4.272471655328798,
      4.481451247165533,
      4.667210884353741,
      4.876190476190477,
      5.270929705215419,
      5.479909297052155,
      5.688888888888889,
      5.897868480725624,
      6.106848072562358,
      6.478367346938776,
      6.6873469387755105,
      6.896326530612245,
      7.291065759637188,
      7.500045351473923,
      7.7090249433106575,
      8.103764172335602,
      8.475283446712018,
      8.52172335600907,
      8.893242630385487,
      9.102222222222222,
      9.311201814058958,
      9.520181405895691,
      9.7059410430839,
      10.100680272108843,
      10.518639455782314,
      10.704399092970522,
      10.913378684807256,
      11.331337868480725,
      11.702857142857143,
      12.120816326530612,
      12.329795918367347,
      12.538775510204081,
      12.747755102040816,
      12.887074829931972,
      13.096054421768708,
      13.305034013605443,
      13.699773242630386,
      14.140952380952381,
      14.466031746031746,
      14.535691609977324,
      14.907210884353741,
      15.32517006802721,
      15.534149659863946,
      15.74312925170068,
      15.928888888888888,
      16.114648526077097,
      16.532607709750568,
      16.92734693877551,
      17.159546485260773,
      17.345306122448978,
      17.554285714285715,
      17.740045351473924,
      18.134784580498867,
      18.3437641723356,
      18.552743764172334,
      18.738503401360543,
      18.970702947845805,
      19.342222222222222,
      19.52798185941043,
      19.736961451247165,
      20.131700680272107,
      20.36390022675737,
      20.572879818594103,
      20.94439909297052,
      21.31591836734694,
      21.757097505668934,
      21.942857142857143,
      22.175056689342405,
      22.569795918367348,
      22.77877551020408,
      22.918095238095237,
      23.359274376417233,
      23.54503401360544,
      23.777233560090703,
      23.962993197278912,
      24.14875283446712,
      24.357732426303855,
      24.543492063492064,
      24.589931972789117,
      24.752471655328797,
      24.961451247165535,
      25.14721088435374,
      25.379410430839002,
      25.56517006802721,
      25.75092970521542,
      26.16888888888889,
      26.563628117913833,
      26.749387755102042,
      26.9815873015873,
      27.16734693877551,
      27.353106575963718,
      27.74784580498866,
      28.11936507936508,
      28.35156462585034,
      28.560544217687074,
      28.76952380952381,
      28.93206349206349,
      28.978503401360545,
      29.141043083900225,
      29.350022675736962
    ],
    "rhythm_regularity": 0.9584647510166232,
    "syncopation_index": 0.3474576271186441,
    "beat_count": 71,
    "onset_count": 118
  },
  "harmony": {
    "chroma_mean": [
      0.6391457319259644,
      0.4474899172782898,
      0.44410091638565063,
      0.4084998071193695,
      0.4273565709590912,
      0.515853226184845,
      0.3252864181995392,
      0.4197750389575958,
      0.3528628349304199,
      0.4353429973125458,
      0.5638352632522583,
      0.4470268189907074
    ],
    "chroma_std": [
      0.293866366147995,
      0.1643316000699997,
      0.2185918390750885,
      0.23893539607524872,
      0.18070736527442932,
      0.2937753200531006,
      0.13585464656352997,
      0.19094406068325043,
      0.20498614013195038,
      0.2196744829416275,
      0.301261842250824,
      0.2438761591911316
    ],
    "key_estimation": {
      "key": "C_major",
      "confidence": 0.5214502068627617
    },