{
  "snr_db": 35.47844136654407,
  "dynamic_range_db": 20.506319532570014,
  "rms_energy": 0.13049599528312683,
  "zero_crossing_rate": 0.15513266827867242
}