{
  "meta": {
    "path": "../../data/raw/MIREX-like_mood/dataset/Audio/002.mp3",
    "file_hash": "c5ff4dfd570ed81b4b959e8eb6b7d6635af3910e",
    "duration_sec": 29.58222222222222,
    "sample_rate": 22050,
    "analysis_timestamp": "2025-10-24T20:19:46.504643",
    "config": {
      "sr": 22050,
      "n_fft": 2048,
      "hop_length": 512,
      "n_mels": 128,
      "n_mfcc": 13,
      "n_chroma": 12,
      "frame_length": 2048,
      "workers": 4,
      "use_crepe": false,
      "save_matrices": false,
      "save_plots": true,
      "force": true,
      "quick": false,
      "verbose": false
    },
    "processing_time_sec": 3.378086805343628
  },
  "acoustic": {
    "mfcc_mean": [
      -229.34141540527344,
      113.45124053955078,
      38.350555419921875,
      35.652767181396484,
      15.814788818359375,
      16.90475082397461,
      0.13095587491989136,
      8.438629150390625,
      1.350050687789917,
      1.1165696382522583,
      -3.648249387741089,
      2.4305062294006348,
      -0.8163983821868896
    ],
    "mfcc_std": [
      105.75906372070312,
      42.97795104980469,
      22.709453582763672,
      20.290904998779297,
      9.077433586120605,
      8.444458961486816,
      14.278456687927246,
      7.547624588012695,
      7.280961513519287,
      6.692601680755615,
      6.7510223388671875,
      4.99063777923584,
      5.0920844078063965
    ],
    "spectral_centroid_mean": 1483.9518429034651,
    "spectral_centroid_std": 971.1010325048885,
    "spectral_bandwidth_mean": 2169.1695593864397,
    "spectral_bandwidth_std": 746.8703101119352,
    "spectral_rolloff_mean": 3270.868221507353,
    "spectral_rolloff_std": 2642.701833304649,
    "spectral_flux_mean": 2090.677001953125,
    "spectral_flux_std": 2373.5830078125,
    "spectral_flatness_mean": 0.008843988180160522,
    "spectral_flatness_std": 0.043299730867147446,
    "spectral_slope_mean": -0.00035291932110366854,
    "spectral_spread_mean": 2169.169556971466,
    "spectral_skewness_mean": 2.707374981078434,
    "spectral_kurtosis_mean": 12.881640360963969
  },
  "rhythm": {
    "tempo_bpm": 151.99908088235293,
    "tempo_confidence": 0.9885853597535988,
    "beat_positions": [
      0.7662585034013606,
      1.1609977324263039,
      1.555736961451247,
      1.9272562358276644,
      2.3219954648526078,
      2.693514739229025,
      3.0650340136054424,
      3.4597732426303853,
      3.8545124716553287,
      4.249251700680272,
      4.620770975056689,
      4.992290249433107,
      5.363809523809524,
      5.735328798185941,
      6.106848072562358,
      6.501587301587302,
      6.873106575963718,
      7.267845804988662,
      7.63936507936508,
      8.034104308390022,
      8.40562358276644,
      8.800362811791382,
      9.1718820861678,
      9.566621315192744,
      9.93814058956916,
      10.332879818594105,
      10.704399092970522,
      11.099138321995465,
      11.493877551020407,
      11.865396825396825,
      12.236916099773243,
      12.631655328798185,
      13.02639455782313,
      13.421133786848072,
      13.815873015873017,
      14.187392290249432,
      14.582131519274377,
      14.953650793650795,
      15.32517006802721,
      15.719909297052155,
      16.114648526077097,
      16.50938775510204,
      16.880907029478458,
      17.2756462585034,
      17.647165532879818,
      18.04190476190476,
      18.413424036281178,
      18.784943310657596,
      19.17968253968254,
      19.574421768707484,
      19.969160997732427,
      20.340680272108845,
      20.735419501133787,
      21.106938775510205,
      21.501678004535147,
      21.873197278911565,
      22.267936507936508,
      22.639455782312925,
      23.034195011337868,
      23.42893424036281,
      23.800453514739228,
      24.19519274376417,
      24.56671201814059,
      24.961451247165535,
      25.356190476190477,
      25.727709750566895,
      26.122448979591837,
      26.51718820861678
    ],
    "onset_times": [
      0.37151927437641724,
      0.603718820861678,
      0.7430385487528345,
      1.1377777777777778,
      1.2770975056689342,
      1.555736961451247,
      1.9272562358276644,
      2.020136054421769,
      2.3219954648526078,
      2.693514739229025,
      2.809614512471655,
      2.972154195011338,
      3.1811337868480725,
      3.4597732426303853,
      3.645532879818594,
      3.8312925170068026,
      4.063492063492063,
      4.179591836734694,
      4.342131519274377,
      4.620770975056689,
      4.96907029478458,
      5.340589569160998,
      5.712108843537415,
      6.0836281179138325,
      6.478367346938776,
      6.849886621315193,
      7.244625850340136,
      7.63936507936508,
      8.034104308390022,
      8.219863945578231,
      8.40562358276644,
      8.661043083900227,
      8.777142857142858,
      8.93968253968254,
      9.1718820861678,
      9.543401360544218,
      9.798820861678005,
      9.93814058956916,
      10.193560090702947,
      10.309659863945578,
      10.47219954648526,
      10.704399092970522,
      11.075918367346938,
      11.3081179138322,
      11.470657596371883,
      11.865396825396825,
      12.236916099773243,
      12.631655328798185,
      13.003174603174603,
      13.212154195011339,
      13.397913832199546,
      13.537233560090703,
      13.815873015873017,
      14.164172335600908,
      14.55891156462585,
      14.930430839002268,
      15.116190476190477,
      15.32517006802721,
      15.580589569160997,
      15.719909297052155,
      16.091428571428573,
      16.300408163265306,
      16.486167800453515,
      16.718367346938777,
      16.880907029478458,
      17.252426303854875,
      17.46140589569161,
      17.647165532879818,
      18.018684807256236,
      18.250884353741498,
      18.413424036281178,
      18.668843537414965,
      18.784943310657596,
      19.040362811791383,
      19.156462585034014,
      19.551201814058956,
      19.690521541950112,
      19.969160997732427,
      20.340680272108845,
      20.712199546485262,
      21.106938775510205,
      21.478458049886623,
      21.873197278911565,
      22.105396825396827,
      22.244716553287983,
      22.639455782312925,
      22.84843537414966,
      23.034195011337868,
      23.405714285714286,
      23.800453514739228,
      24.009433106575965,
      24.19519274376417,
      24.357732426303855,
      24.56671201814059,
      24.938231292517006,
      25.33297052154195,
      25.541950113378686,
      25.727709750566895,
      25.86702947845805,
      25.93668934240363,
      26.02956916099773,
      26.21532879818594,
      26.308208616780046,
      26.51718820861678,
      26.63328798185941,
      26.911927437641722,
      27.28344671201814,
      27.654965986394558,
      28.026485260770976,
      28.398004535147393,
      28.792743764172336,
      29.164263038548754,
      29.53578231292517
    ],
    "rhythm_regularity": 0.9699579238071101,
    "syncopation_index": 0.37168141592920356,
    "beat_count": 68,
    "onset_count": 113
  },
  "harmony": {
    "chroma_mean": [
      0.39808768033981323,
      0.3748956322669983,
      0.5172756314277649,
      0.3690108358860016,
      0.4272650480270386,
      0.3557029366493225,
      0.2877807021141052,
      0.4380418360233307,
      0.40507248044013977,
      0.5156725645065308,
      0.3815609812736511,
      0.3517613112926483
    ],
    "chroma_std": [
      0.24580587446689606,
      0.22806468605995178,
      0.30000734329223633,
      0.2101992666721344,
      0.29888850450515747,
      0.26733091473579407,
      0.14854706823825836,
      0.23883327841758728,
      0.23554173111915588,
      0.3252115845680237,
      0.24316902458667755,
      0.24332325160503387
    ],
    "key_estimation": {
      "key": "C_major",
      "confidence": 0.31039516504306236
    },
    "tonal_complexity": 0.06332837045192719
  },
  "quality": {
    "snr_db": 34.07805860208868,
    "dynamic_range_db": 20.078806953039773,
    "rms_energy": 0.13017794489860535,