{
  "snr_db": 37.22420134105505,
  "dynamic_range_db": 21.373051781214897,
  "rms_energy": 0.12404900044202805,
  "zero_crossing_rate": 0.10878951990632318
}