{
  "mfcc_mean": [
    -18.834077835083008,
    69.38148498535156,
    -9.667019844055176,
    23.258176803588867,
    10.501121520996094,
    6.070398807525635,
    6.215859413146973,
    8.559264183044434,
    -0.870678186416626,
    6.111170291900635,
    -2.3814990520477295,
    4.510463714599609,
    -2.680725574493408
  ],
  "mfcc_std": [
    70.44194793701172,
    31.234943389892578,
    18.58277130126953,
    13.146705627441406,
    12.060660362243652,
    8.556451797485352,
    8.631240844726562,
    8.761152267456055,
    8.06342887878418,
    8.098213195800781,
    7.543272018432617,
    6.690098285675049,
    7.496557712554932
  ],
  "spectral_centroid_mean": 2942.4344242860707,
  "spectral_centroid_std": 938.7040431496553,
  "spectral_bandwidth_mean": 2695.864978963128,
  "spectral_bandwidth_std": 399.9251612074833,
  "spectral_rolloff_mean": 5963.720042234773,
  "spectral_rolloff_std": 1676.86690829352,
  "spectral_flux_mean": 10031.544921875,
  "spectral_flux_std": 7367.86572265625,
  "spectral_flatness_mean": 0.04767964780330658,
  "spectral_flatness_std": 0.048501305282115936,
  "spectral_slope_mean": -0.0003261482864517933,
  "spectral_spread_mean": 2695.8649794327985,
  "spectral_skewness_mean": 1.0956908324921724,
  "spectral_kurtosis_mean": 3.7328321139296228
}