{
  "chroma_mean": [
    0.42293673753738403,
    0.4241334795951843,
    0.4540552794933319,
    0.42023083567619324,
    0.38096195459365845,
    0.41689532995224,
    0.29308971762657166,
    0.27947407960891724,
    0.29283592104911804,
    0.32353439927101135,
    0.3399493992328644,
    0.3062843978404999
  ],
  "chroma_std": [
    0.3625209331512451,
    0.37490445375442505,
    0.3765659034252167,
    0.3660970628261566,
    0.335185706615448,
    0.370065838098526,
    0.3040271997451782,
    0.29415255784988403,
    0.30305933952331543,
    0.3150862753391266,
    0.31468626856803894,
    0.29148101806640625
  ],
  "key_estimation": {
    "key": "C_minor",
    "confidence": 0.23546652148555294
  },
  "tonal_complexity": 0.06070132553577423
}