{
  "chroma_mean": [
    0.5377565622329712,
    0.33588388562202454,
    0.38976043462753296,
    0.4191923439502716,
    0.432765930891037,
    0.5931432247161865,
    0.389435350894928,
    0.4633726477622986,
    0.3301846385002136,
    0.5206776857376099,
    0.4211810827255249,
    0.32052040100097656
  ],
  "chroma_std": [
    0.27947160601615906,
    0.1735633909702301,
    0.19000498950481415,
    0.21049070358276367,
    0.21987642347812653,
    0.31633615493774414,
    0.17722417414188385,
    0.2564290165901184,
    0.1892073154449463,
    0.326498419046402,
    0.2976466417312622,
    0.20611557364463806
  ],
  "key_estimation": {
    "key": "C_major",
    "confidence": 0.6700121216462323
  },
  "tonal_complexity": 0.08258021622896194
}