{
  "mfcc_mean": [
    -159.3609161376953,
    62.78535842895508,
    -6.155502796173096,
    12.862064361572266,
    -14.839884757995605,
    -10.827149391174316,
    -6.754773139953613,
    -12.149694442749023,
    -5.957852363586426,
    -7.112673759460449,
    -14.631178855895996,
    -2.723541021347046,
    -9.53686237335205
  ],
  "mfcc_std": [
    137.36390686035156,
    40.11655807495117,
    37.96469497680664,
    21.026077270507812,
    20.75293731689453,
    26.868343353271484,
    13.097987174987793,
    22.546052932739258,
    12.058815956115723,
    14.12795639038086,
    12.809162139892578,
    9.122668266296387,
    10.470948219299316
  ],
  "spectral_centroid_mean": 3015.879490302202,
  "spectral_centroid_std": 1325.767328330987,
  "spectral_bandwidth_mean": 2539.1206672490994,
  "spectral_bandwidth_std": 688.7120929820105,
  "spectral_rolloff_mean": 5832.173681148177,
  "spectral_rolloff_std": 2390.37232935971,
  "spectral_flux_mean": 2134.696533203125,
  "spectral_flux_std": 2613.832275390625,
  "spectral_flatness_mean": 0.06628307700157166,
  "spectral_flatness_std": 0.12586911022663116,
  "spectral_slope_mean": -0.0003118497594557028,
  "spectral_spread_mean": 2560.975384207899,
  "spectral_skewness_mean": 1.187098407187414,
  "spectral_kurtosis_mean": 5.187701543631205
}