{
  "chroma_mean": [
    0.4736146926879883,
    0.44341444969177246,
    0.5846856236457825,
    0.4113753139972687,
    0.45165538787841797,
    0.4318780303001404,
    0.5752771496772766,
    0.6842339634895325,
    0.3915577232837677,
    0.4054543972015381,
    0.29128381609916687,
    0.4028494358062744
  ],
  "chroma_std": [
    0.31051555275917053,
    0.24868802726268768,
    0.2738443613052368,
    0.21551921963691711,
    0.23438969254493713,
    0.22587186098098755,
    0.23645228147506714,
    0.2594640851020813,
    0.1668703854084015,
    0.23599563539028168,
    0.1483120173215866,
    0.219310462474823
  ],
  "key_estimation": {
    "key": "C_major",
    "confidence": 0.43397126554777243
  },
  "tonal_complexity": 0.10088375210762024
}