{
  "mfcc_mean": [
    -90.96463012695312,
    128.4392547607422,
    -37.64978790283203,
    35.35704803466797,
    -18.85468864440918,
    8.452362060546875,
    -10.317548751831055,
    4.836395740509033,
    -15.596617698669434,
    5.005748748779297,
    -4.914073944091797,
    -1.8453494310379028,
    -1.410812497138977
  ],
  "mfcc_std": [
    63.369224548339844,
    31.233558654785156,
    23.60829734802246,
    21.477863311767578,
    19.074783325195312,
    13.053749084472656,
    14.579704284667969,
    11.425951957702637,
    12.767292022705078,
    11.388209342956543,
    9.586113929748535,
    9.825359344482422,
    9.08154582977295
  ],
  "spectral_centroid_mean": 1709.2213347459372,
  "spectral_centroid_std": 585.9766165329443,
  "spectral_bandwidth_mean": 1670.1999403052685,
  "spectral_bandwidth_std": 289.3535460365271,
  "spectral_rolloff_mean": 3287.382701787285,
  "spectral_rolloff_std": 985.9754483091907,
  "spectral_flux_mean": 9294.021484375,
  "spectral_flux_std": 7020.8359375,
  "spectral_flatness_mean": 0.004494708962738514,
  "spectral_flatness_std": 0.03036426194012165,
  "spectral_slope_mean": -0.000763613001454896,
  "spectral_spread_mean": 1670.199940352168,
  "spectral_skewness_mean": 1.7979721745428827,
  "spectral_kurtosis_mean": 7.0231441950401985
}