{
  "tempo_bpm": 151.99908088235293,
  "tempo_confidence": 0.9821082981104615,
  "beat_positions": [
    1.1145578231292517,
    1.509297052154195,
    1.9272562358276644,
    2.2987755102040817,
    2.716734693877551,
    3.111473922902494,
    3.5294331065759637,
    3.924172335600907,
    4.31891156462585,
    4.690430839002268,
    5.085170068027211,
    5.479909297052155,
    5.851428571428571,
    6.246167800453515,
    6.664126984126984,
    7.035646258503402,
    7.430385487528345,
    7.801904761904762,
    8.196643990929704,
    8.591383219954649,
    8.986122448979591,
    9.380861678004536,
    9.775600907029478,
    10.147120181405896,
    10.541859410430838,
    10.936598639455783,
    11.354557823129252,
    11.749297052154194,
    12.144036281179138,
    12.538775510204081,
    12.933514739229025,
    13.305034013605443,
    13.699773242630386,
    14.094512471655328,
    14.489251700680272,
    14.86077097505669,
    15.232290249433106,
    15.62702947845805,
    16.021768707482995,
    16.416507936507937,
    16.834467120181404,
    17.22920634920635,
    17.623945578231293,
    18.018684807256236,
    18.390204081632653,
    18.808163265306124,
    19.22612244897959,
    19.620861678004534,
    19.99238095238095,
    20.340680272108845,
    20.78185941043084,
    21.176598639455783,
    21.5481179138322,
    21.942857142857143,
    22.360816326530614,
    22.755555555555556,
    23.1502947845805,
    23.56825396825397,
    23.962993197278912,
    24.33451247165533,
    24.68281179138322,
    25.077551020408162,
    25.495510204081633,
    25.86702947845805,
    26.284988662131518,
    26.679727891156464,
    27.074467120181406,
    27.46920634920635,
    27.840725623582767,
    28.23546485260771,
    28.65342403628118,
    29.024943310657598,
    29.373242630385487
  ],
  "onset_times": [
    0.16253968253968254,
    0.37151927437641724,
    0.5572789115646258,
    0.7198185941043084,
    0.9752380952380952,
    1.0913378684807256,
    1.4396371882086167,
    1.509297052154195,
    1.9504761904761905,
    2.1130158730158732,
    2.2755555555555556,
    2.6006349206349206,
    2.716734693877551,
    2.995374149659864,
    3.111473922902494,
    3.5294331065759637,
    3.900952380952381,
    4.156371882086168,
    4.31891156462585,
    4.690430839002268,
    4.899410430839002,
    5.201269841269841,
    5.340589569160998,
    5.456689342403628,
    5.828208616780046,
    6.222947845804988,
    6.524807256235827,
    6.640907029478458,
    6.965986394557823,
    7.4071655328798185,
    7.778684807256236,
    8.17342403628118,
    8.568163265306122,
    8.70748299319728,
    8.870022675736962,
    9.05578231292517,
    9.636281179138322,
    9.752380952380953,
    10.147120181405896,
    10.518639455782314,
    10.89015873015873,
    11.331337868480725,
    11.470657596371883,
    11.656417233560092,
    11.749297052154194,
    12.120816326530612,
    12.422675736961452,
    12.538775510204081,
    12.910294784580499,
    13.305034013605443,
    13.537233560090703,
    13.676553287981859,
    13.862312925170068,
    14.094512471655328,
    14.233832199546486,
    14.489251700680272,
    14.86077097505669,
    15.209070294784581,
    15.603809523809524,
    16.021768707482995,
    16.416507936507937,
    16.81124716553288,
    17.11310657596372,
    17.623945578231293,
    18.018684807256236,
    18.36698412698413,
    18.83138321995465,
    19.202902494331067,
    19.620861678004534,
    19.969160997732427,
    20.317460317460316,
    20.619319727891156,
    20.758639455782312,
    21.176598639455783,
    21.385578231292516,
    21.524897959183672,
    21.91963718820862,
    22.221496598639455,
    22.360816326530614,
    22.709115646258503,
    22.755555555555556,
    23.010975056689343,
    23.127074829931974,
    23.54503401360544,
    24.171972789115646,
    24.33451247165533,
    24.68281179138322,
    25.031111111111112,
    25.077551020408162,
    25.495510204081633,
    25.843809523809522,
    26.261768707482993,
    26.40108843537415,
    26.586848072562358,
    27.051247165532878,
    27.46920634920635,
    27.724625850340136,
    27.840725623582767,
    28.212244897959184,
    28.65342403628118,
    28.76952380952381,
    29.00172335600907,
    29.373242630385487
  ],
  "rhythm_regularity": 0.9535834535990185,
  "syncopation_index": 0.2912621359223301,
  "beat_count": 73,
  "onset_count": 103
}