{
  "mfcc_mean": [
    -25.845460891723633,
    94.66729736328125,
    -27.274763107299805,
    33.36730194091797,
    -3.3015363216400146,
    11.273795127868652,
    -6.494007587432861,
    6.960880279541016,
    -10.359360694885254,
    8.25539493560791,
    -7.741885185241699,
    0.5126814246177673,
    -8.532995223999023
  ],
  "mfcc_std": [
    63.673946380615234,
    18.44561195373535,
    14.706787109375,
    11.341458320617676,
    11.002074241638184,
    8.235583305358887,
    10.008054733276367,
    6.998989582061768,
    7.180942535400391,
    7.450629711151123,
    9.045028686523438,
    6.282797336578369,
    7.848147869110107
  ],
  "spectral_centroid_mean": 2273.902241723296,
  "spectral_centroid_std": 398.3094542276651,
  "spectral_bandwidth_mean": 2184.7775859250087,
  "spectral_bandwidth_std": 251.97537143653562,
  "spectral_rolloff_mean": 4508.621733593139,
  "spectral_rolloff_std": 864.6450170682543,
  "spectral_flux_mean": 7687.724609375,
  "spectral_flux_std": 5467.15185546875,
  "spectral_flatness_mean": 0.016521058976650238,
  "spectral_flatness_std": 0.03223056718707085,
  "spectral_slope_mean": -0.0005415065290900281,
  "spectral_spread_mean": 2184.7775853278204,
  "spectral_skewness_mean": 1.3575660917421584,
  "spectral_kurtosis_mean": 4.535819228076263
}