{
  "snr_db": 35.331757722179645,
  "dynamic_range_db": 17.606126014934446,
  "rms_energy": 0.17965617775917053,
  "zero_crossing_rate": 0.09111770975860047
}