{
  "tempo_bpm": 117.45383522727273,
  "tempo_confidence": 0.9818204247311041,
  "beat_positions": [
    0.8591383219954648,
    1.3699773242630386,
    1.8808163265306121,
    2.391655328798186,
    2.9024943310657596,
    3.436553287981859,
    4.017052154195011,
    4.527891156462585,
    5.015510204081632,
    5.50312925170068,
    6.013968253968254,
    6.501587301587302,
    7.035646258503402,
    7.523265306122449,
    8.034104308390022,
    8.52172335600907,
    9.05578231292517,
    9.543401360544218,
    10.054240362811791,
    10.541859410430838,
    11.052698412698414,
    11.54031746031746,
    12.07437641723356,
    12.585215419501134,
    13.096054421768708,
    13.583673469387755,
    14.094512471655328,
    14.582131519274377,
    15.116190476190477,
    15.603809523809524,
    16.114648526077097,
    16.62548752834467,
    17.136326530612244,
    17.623945578231293,
    18.15800453514739,
    18.64562358276644,
    19.156462585034014,
    19.644081632653062,
    20.154920634920636,
    20.66575963718821,
    21.176598639455783,
    21.66421768707483,
    22.175056689342405,
    22.66267573696145,
    23.196734693877552,
    23.684353741496597,
    24.2184126984127,
    24.729251700680273,
    25.21687074829932,
    25.727709750566895,
    26.23854875283447,
    26.726167800453513,
    27.237006802721087,
    27.724625850340136,
    28.23546485260771,
    28.746303854875283,
    29.23392290249433,
    29.744761904761905
  ],
  "onset_times": [
    0.23219954648526078,
    0.34829931972789113,
    0.46439909297052157,
    0.603718820861678,
    0.7198185941043084,
    0.8591383219954648,
    0.9752380952380952,
    1.1145578231292517,
    1.207437641723356,
    1.3467573696145125,
    1.486077097505669,
    1.7182766439909296,
    1.8808163265306121,
    1.9969160997732427,
    2.2523356009070294,
    2.36843537414966,
    2.507755102040816,
    2.647074829931973,
    2.7399546485260773,
    2.8792743764172335,
    2.995374149659864,
    3.4133333333333336,
    3.5294331065759637,
    3.7384126984126986,
    3.9938321995464854,
    4.388571428571429,
    4.527891156462585,
    4.783310657596372,
    5.015510204081632,
    5.50312925170068,
    5.7817687074829935,
    6.013968253968254,
    6.2693877551020405,
    6.431927437641724,
    6.501587301587302,
    6.757006802721088,
    7.035646258503402,
    7.500045351473923,
    7.778684807256236,
    8.034104308390022,
    8.428843537414966,
    8.52172335600907,
    8.800362811791382,
    8.93968253968254,
    9.05578231292517,
    9.427301587301587,
    9.543401360544218,
    9.798820861678005,
    10.054240362811791,
    10.309659863945578,
    10.425759637188209,
    10.541859410430838,
    10.797278911564625,
    10.936598639455783,
    11.075918367346938,
    11.54031746031746,
    11.818956916099774,
    12.07437641723356,
    12.469115646258503,
    12.84063492063492,
    13.072834467120181,
    13.305034013605443,
    13.467573696145125,
    13.583673469387755,
    13.815873015873017,
    14.094512471655328,
    14.349931972789115,
    14.489251700680272,
    14.582131519274377,
    14.86077097505669,
    15.000090702947846,
    15.116190476190477,
    15.580589569160997,
    15.85922902494331,
    16.114648526077097,
    16.602267573696146,
    16.880907029478458,
    17.136326530612244,
    17.600725623582765,
    17.87936507936508,
    18.134784580498867,
    18.390204081632653,
    18.552743764172334,
    18.622403628117915,
    18.901043083900227,
    19.156462585034014,
    19.644081632653062,
    19.922721088435374,
    20.154920634920636,
    20.54965986394558,
    20.66575963718821,
    20.921179138321996,
    21.153378684807254,
    21.43201814058957,
    21.5481179138322,
    21.66421768707483,
    21.91963718820862,
    22.175056689342405,
    22.430476190476192,
    22.54657596371882,
    22.66267573696145,
    22.941315192743765,
    23.08063492063492,
    23.196734693877552,
    23.336054421768708,
    23.45215419501134,
    23.56825396825397,
    23.684353741496597,
    23.939773242630384,
    24.19519274376417,
    24.589931972789117,
    24.729251700680273,
    24.961451247165535,
    25.10077097505669,
    25.21687074829932,
    25.472290249433108,
    25.588390022675735,
    25.704489795918366,
    25.98312925170068,
    26.122448979591837,
    26.21532879818594,
    26.470748299319727,
    26.610068027210886,
    26.726167800453513,
    26.9815873015873,
    27.09768707482993,
    27.237006802721087,
    27.376326530612246,
    27.492426303854874,
    27.608526077097505,
    27.724625850340136,
    27.980045351473922,
    28.212244897959184,
    28.490884353741496,
    28.606984126984127,
    28.746303854875283,
    28.978503401360545,
    29.23392290249433,
    29.489342403628118,
    29.628662131519274,
    29.744761904761905
  ],
  "rhythm_regularity": 0.9634619994296991,
  "syncopation_index": 0.5531914893617021,
  "beat_count": 58,
  "onset_count": 141
}