{
  "mfcc_mean": [
    -119.7314453125,
    78.79924774169922,
    -2.616847515106201,
    24.85138702392578,
    -6.042846202850342,
    18.13508415222168,
    -6.4439215660095215,
    8.931339263916016,
    1.0633654594421387,
    6.952542304992676,
    -4.478150844573975,
    2.352897882461548,
    -6.629423141479492
  ],
  "mfcc_std": [
    64.98069763183594,
    17.090267181396484,
    22.072843551635742,
    11.057372093200684,
    13.129398345947266,
    9.933895111083984,
    11.183919906616211,
    7.039501667022705,
    9.983820915222168,
    7.206541061401367,
    7.8595356941223145,
    7.820425510406494,
    7.9436259269714355
  ],
  "spectral_centroid_mean": 2604.0241912035062,
  "spectral_centroid_std": 475.0790442629789,
  "spectral_bandwidth_mean": 2558.7244023812855,
  "spectral_bandwidth_std": 324.76823647522906,
  "spectral_rolloff_mean": 5676.889667436771,
  "spectral_rolloff_std": 894.8327070730176,
  "spectral_flux_mean": 3035.591796875,
  "spectral_flux_std": 4604.39208984375,
  "spectral_flatness_mean": 0.02254633419215679,
  "spectral_flatness_std": 0.03642081841826439,
  "spectral_slope_mean": -0.0004040353747566311,
  "spectral_spread_mean": 2558.7244022786513,
  "spectral_skewness_mean": 1.0755219478494322,
  "spectral_kurtosis_mean": 3.326583656386177
}