{
  "meta": {
    "path": "../../data/raw/CSD/english/wav/en003a.wav",
    "file_hash": "475b43291fd78c5b384d92024379d5cf8c7fd835",
    "duration_sec": 62.608707482993196,
    "sample_rate": 22050,
    "analysis_timestamp": "2025-10-24T19:15:11.515999",
    "config": {
      "sr": 22050,
      "n_fft": 2048,
      "hop_length": 512,
      "n_mels": 128,
      "n_mfcc": 13,
      "n_chroma": 12,
      "frame_length": 2048,
      "workers": 4,
      "use_crepe": false,
      "save_matrices": false,
      "save_plots": true,
      "force": true,
      "quick": false,
      "verbose": false
    },
    "processing_time_sec": 6.9738452434539795
  },
  "acoustic": {
    "mfcc_mean": [
      -294.1650085449219,
      49.22346496582031,
      -18.98216438293457,
      18.66034507751465,
      -4.676241874694824,
      -17.735931396484375,
      4.068480968475342,
      -2.9549500942230225,
      -1.7716809511184692,
      7.954061985015869,
      -11.207422256469727,
      -1.155859351158142,
      1.698738932609558
    ],
    "mfcc_std": [
      110.20423889160156,
      37.74932861328125,
      33.723419189453125,
      28.08638572692871,
      14.760152816772461,
      22.780553817749023,
      11.833769798278809,
      12.16530704498291,
      12.646646499633789,
      10.79832649230957,
      13.320101737976074,
      7.229332447052002,
      10.388348579406738
    ],
    "spectral_centroid_mean": 2557.9849706321133,
    "spectral_centroid_std": 1445.6268217576305,
    "spectral_bandwidth_mean": 2309.4888586514885,
    "spectral_bandwidth_std": 530.6779476989984,
    "spectral_rolloff_mean": 4688.51765090552,
    "spectral_rolloff_std": 2354.517866876292,
    "spectral_flux_mean": 1791.9102783203125,
    "spectral_flux_std": 4014.304931640625,
    "spectral_flatness_mean": 0.07911460846662521,
    "spectral_flatness_std": 0.1614188700914383,
    "spectral_slope_mean": -0.0002897858793706109,
    "spectral_spread_mean": 2309.488861020549,
    "spectral_skewness_mean": 1.6380366771555008,
    "spectral_kurtosis_mean": 6.685148418633408
  },
  "rhythm": {
    "tempo_bpm": 112.34714673913044,
    "tempo_confidence": 0.9758039087536869,
    "beat_positions": [
      1.509297052154195,
      2.089795918367347,
      2.6238548752834467,
      3.1346938775510202,
      3.6919727891156464,
      4.179591836734694,
      4.690430839002268,
      5.224489795918367,
      5.735328798185941,
      6.339047619047619,
      6.849886621315193,
      7.360725623582766,
      7.87156462585034,
      8.382403628117913,
      8.846802721088435,
      9.404081632653062,
      9.93814058956916,
      10.47219954648526,
      10.983038548752834,
      11.517097505668934,
      12.07437641723356,
      12.561995464852608,
      13.096054421768708,
      13.630113378684808,
      14.187392290249432,
      14.651791383219955,
      15.185850340136055,
      15.719909297052155,
      16.207528344671204,
      16.671927437641724,
      17.22920634920635,
      17.740045351473924,
      18.274104308390022,
      18.808163265306124,
      19.319002267573698,
      19.853061224489796,
      20.387120181405894,
      20.897959183673468,
      21.385578231292516,
      21.966077097505668,
      22.47691609977324,
      23.010975056689343,
      23.49859410430839,
      24.009433106575965,
      24.543492063492064,
      25.10077097505669,
      25.658049886621317,
      26.192108843537415,
      26.749387755102042,
      27.30666666666667,
      27.86394557823129,
      28.421224489795918,
      28.978503401360545,
      29.53578231292517,
      30.093061224489794,
      30.627120181405896,
      31.161179138321994,
      31.695238095238096,
      32.229297052154195,
      32.76335600907029,
      33.29741496598639,
      33.8314739229025,
      34.365532879818595,
      34.89959183673469,
      35.456870748299316,
      35.99092970521542,
      36.52498866213152,
      37.05904761904762,
      37.61632653061225,
      38.12716553287982,
      38.66122448979592,
      39.172063492063494,
      39.68290249433107,
      40.216961451247165,
      40.72780045351474,
      41.26185941043084,
      41.795918367346935,
      42.26031746031746,
      42.81759637188209,
      43.35165532879819,
      43.86249433106576,
      44.373333333333335,
      44.90739229024943,
      45.41823129251701,
      45.92907029478458,
      46.46312925170068,
      46.97396825396825,
      47.50802721088435,
      48.042086167800456,
      48.55292517006803,
      49.08698412698413,
      49.5978231292517,
      50.108662131519274,
      50.64272108843537,
      51.13034013605442,
      51.641179138321995,
      52.17523809523809,
      52.68607709750567,
      53.2433560090703,
      53.80063492063492,
      54.31147392290249,
      54.84553287981859,
      55.356371882086165,
      55.89043083900227,
      56.42448979591837,
      56.93532879818594,
      57.42294784580499,
      57.933786848072565
    ],