{
  "chroma_mean": [
    0.5643461346626282,
    0.4490637183189392,
    0.3426322042942047,
    0.2803390324115753,
    0.2623234987258911,
    0.26774346828460693,
    0.34827518463134766,
    0.342941552400589,
    0.42101964354515076,
    0.549221932888031,
    0.6673877239227295,
    0.7343311309814453
  ],
  "chroma_std": [
    0.2908724844455719,
    0.26982372999191284,
    0.20716291666030884,
    0.1604040116071701,
    0.13617026805877686,
    0.13369981944561005,
    0.1856449395418167,
    0.20091849565505981,
    0.22195850312709808,
    0.2742137014865875,
    0.2489510178565979,
    0.28517550230026245
  ],
  "key_estimation": {
    "key": "C_minor",
    "confidence": -0.02679321459348249
  },
  "tonal_complexity": 0.152754008769989
}