{
  "mfcc_mean": [
    -274.2586975097656,
    45.548561096191406,
    -9.028155326843262,
    23.226303100585938,
    -5.277559280395508,
    -13.64207649230957,
    13.618772506713867,
    -3.997051954269409,
    -0.09421522170305252,
    0.5742090940475464,
    -14.42334270477295,
    -3.8783130645751953,
    -9.287860870361328
  ],
  "mfcc_std": [
    93.85931396484375,
    34.9153938293457,
    27.477680206298828,
    26.335643768310547,
    14.70807933807373,
    20.111370086669922,
    13.681777000427246,
    14.721527099609375,
    14.791019439697266,
    11.033064842224121,
    13.35851001739502,
    9.327388763427734,
    11.685047149658203
  ],
  "spectral_centroid_mean": 2467.266105290677,
  "spectral_centroid_std": 1174.9279402842037,
  "spectral_bandwidth_mean": 2474.1985684505303,
  "spectral_bandwidth_std": 444.4980172281738,
  "spectral_rolloff_mean": 4776.132632132256,
  "spectral_rolloff_std": 1932.4330150747887,
  "spectral_flux_mean": 1702.2025146484375,
  "spectral_flux_std": 5120.88525390625,
  "spectral_flatness_mean": 0.036990564316511154,
  "spectral_flatness_std": 0.10062437504529953,
  "spectral_slope_mean": -0.00025681448183388736,
  "spectral_spread_mean": 2474.198568839745,
  "spectral_skewness_mean": 1.5840595948299865,
  "spectral_kurtosis_mean": 5.756695200358304
}