{
  "mfcc_mean": [
    -185.50669860839844,
    119.56423950195312,
    41.002471923828125,
    22.732769012451172,
    9.463680267333984,
    16.980947494506836,
    7.816135406494141,
    4.021839141845703,
    2.908828020095825,
    2.7291431427001953,
    -1.479366421699524,
    -2.8204047679901123,
    -8.591391563415527
  ],
  "mfcc_std": [
    65.59578704833984,
    25.659809112548828,
    18.527982711791992,
    13.207008361816406,
    11.869669914245605,
    8.77511978149414,
    12.274765968322754,
    7.550540447235107,
    7.946612358093262,
    9.331345558166504,
    8.488435745239258,
    8.081267356872559,
    7.223729610443115
  ],
  "spectral_centroid_mean": 1326.3530104578758,
  "spectral_centroid_std": 579.1336607879647,
  "spectral_bandwidth_mean": 2232.1812040641075,
  "spectral_bandwidth_std": 388.4711218070556,
  "spectral_rolloff_mean": 2625.659638526576,
  "spectral_rolloff_std": 1690.8224764584168,
  "spectral_flux_mean": 2116.359375,
  "spectral_flux_std": 3160.49560546875,
  "spectral_flatness_mean": 0.00353970006108284,
  "spectral_flatness_std": 0.02940318174660206,
  "spectral_slope_mean": -0.00031887868710495185,
  "spectral_spread_mean": 2232.181209637971,
  "spectral_skewness_mean": 2.5587888747118814,
  "spectral_kurtosis_mean": 9.496148474691752
}