{
  "snr_db": 34.02299958789085,
  "dynamic_range_db": 17.02514645360887,
  "rms_energy": 0.18517443537712097,
  "zero_crossing_rate": 0.10140037092707525
}