{
  "snr_db": 35.45732414509989,
  "dynamic_range_db": 19.307225269475147,
  "rms_energy": 0.14848744869232178,
  "zero_crossing_rate": 0.10306640625
}