{
  "tempo_bpm": 123.046875,
  "tempo_confidence": 0.9744222478298136,
  "beat_positions": [
    0.5340589569160997,
    0.9984580498866213,
    1.486077097505669,
    1.9504761904761905,
    2.461315192743764,
    2.948934240362812,
    3.436553287981859,
    3.924172335600907,
    4.435011337868481,
    4.899410430839002,
    5.38702947845805,
    5.874648526077097,
    6.339047619047619,
    6.8034467120181406,
    7.267845804988662,
    7.75546485260771,
    8.219863945578231,
    8.614603174603175,
    9.032562358276644,
    9.543401360544218,
    10.031020408163265,
    10.518639455782314,
    11.00625850340136,
    11.470657596371883,
    11.935056689342403,
    12.445895691609977,
    12.933514739229025,
    13.444353741496599,
    13.931972789115646,
    14.466031746031746,
    15.000090702947846,
    15.51092970521542,
    16.021768707482995,
    16.532607709750568,
    17.04344671201814,
    17.554285714285715,
    18.06512471655329,
    18.552743764172334,
    19.040362811791383,
    19.574421768707484,
    20.108480725623583,
    20.59609977324263,
    21.083718820861677,
    21.5481179138322,
    22.035736961451246,
    22.50013605442177,
    22.987755102040815,
    23.45215419501134,
    23.939773242630384,
    24.404172335600908,
    24.891791383219953,
    25.402630385487527,
    25.93668934240363,
    26.447528344671202,
    26.958367346938775,
    27.445986394557824,
    27.93360544217687,
    28.398004535147393
  ],
  "onset_times": [
    0.5340589569160997,
    0.6501587301587302,
    0.9752380952380952,
    1.2770975056689342,
    1.6253968253968254,
    1.811156462585034,
    1.9272562358276644,
    2.2755555555555556,
    2.6238548752834467,
    3.111473922902494,
    3.274013605442177,
    3.436553287981859,
    3.599092970521542,
    3.7616326530612243,
    3.900952380952381,
    4.1099319727891155,
    4.4117913832199545,
    4.504671201814059,
    4.783310657596372,
    4.899410430839002,
    5.224489795918367,
    5.38702947845805,
    5.712108843537415,
    5.874648526077097,
    6.176507936507937,
    6.455147392290249,
    6.8034467120181406,
    6.942766439909297,
    7.1053061224489795,
    7.453605442176871,
    7.732244897959184,
    8.219863945578231,
    8.289523809523809,
    8.40562358276644,
    8.544943310657596,
    8.70748299319728,
    9.032562358276644,
    9.520181405895691,
    9.659501133786849,
    9.7059410430839,
    9.822040816326531,
    10.00780045351474,
    10.309659863945578,
    10.797278911564625,
    10.843718820861678,
    10.983038548752834,
    11.261678004535147,
    11.470657596371883,
    11.586757369614512,
    11.935056689342403,
    12.120816326530612,
    12.283356009070294,
    12.422675736961452,
    12.585215419501134,
    12.910294784580499,
    13.421133786848072,
    13.583673469387755,
    13.769433106575963,
    13.908752834467121,
    14.071292517006803,
    14.210612244897959,
    14.396371882086168,
    14.698231292517006,
    14.86077097505669,
    15.185850340136055,
    15.51092970521542,
    15.928888888888888,
    16.021768707482995,
    16.16108843537415,
    16.32362811791383,
    16.439727891156462,
    16.764807256235827,
    16.973786848072564,
    17.205986394557822,
    17.2756462585034,
    17.41496598639456,
    17.670385487528346,
    18.04190476190476,
    18.552743764172334,
    18.715283446712018,
    18.854603174603174,
    19.017142857142858,
    19.319002267573698,
    19.481541950113378,
    19.806621315192743,
    19.922721088435374,
    20.108480725623583,
    20.271020408163267,
    20.572879818594103,
    21.083718820861677,
    21.223038548752836,
    21.385578231292516,
    21.524897959183672,
    21.71065759637188,
    21.849977324263037,
    22.035736961451246,
    22.175056689342405,
    22.337596371882086,
    22.47691609977324,
    22.66267573696145,
    22.732335600907028,
    22.801995464852606,
    23.103854875283446,
    23.405714285714286,
    23.61469387755102,
    23.777233560090703,
    23.939773242630384,
    24.079092970521543,
    24.264852607709752,
    24.38095238095238,
    24.891791383219953,
    25.054331065759637,
    25.193650793650793,
    25.33297052154195,
    25.658049886621317,
    25.93668934240363,
    26.16888888888889,
    26.33142857142857,
    26.586848072562358,
    26.63328798185941,
    26.93514739229025,
    27.144126984126984,
    27.422766439909296,
    27.58530612244898,
    27.93360544217687,
    28.0497052154195,
    28.212244897959184,
    28.69986394557823,
    28.862403628117914,
    29.024943310657598
  ],
  "rhythm_regularity": 0.9463033210213769,
  "syncopation_index": 0.6076923076923076,
  "beat_count": 58,
  "onset_count": 130
}