{
  "tempo_bpm": 89.10290948275862,
  "tempo_confidence": 0.9770075787014023,
  "beat_positions": [
    2.1130158730158732,
    2.7399546485260773,
    3.436553287981859,
    4.1099319727891155,
    4.760090702947846,
    5.433469387755102,
    6.106848072562358,
    6.8034467120181406,
    7.453605442176871,
    8.103764172335602,
    8.823582766439909,
    9.496961451247165,
    10.170340136054422,
    10.820498866213152,
    11.447437641723356,
    12.167256235827665,
    12.84063492063492,
    13.514013605442177,
    14.233832199546486,
    14.86077097505669,
    15.557369614512472,
    16.207528344671204,
    16.904126984126986,
    17.554285714285715,
    18.22766439909297,
    18.92426303854875,
    19.59764172335601,
    20.271020408163267,
    20.921179138321996,
    21.59455782312925,
    22.291156462585032,
    22.96453514739229,
    23.637913832199548,
    24.3112925170068,
    25.031111111111112,
    25.68126984126984,
    26.354648526077096,
    27.00480725623583,
    27.70140589569161,
    28.374784580498865,
    29.071383219954647,
    29.744761904761905,
    30.418140589569163,
    31.091519274376417,
    31.741678004535146,
    32.391836734693875,
    33.01877551020408,
    33.73859410430839,
    34.411972789115644,
    35.10857142857143,
    35.80517006802721,
    36.47854875283447,
    37.151927437641724,
    37.82530612244898,
    38.49868480725623,
    39.172063492063494,
    39.84544217687075,
    40.518820861678,
    41.19219954648526,
    41.86557823129252,
    42.53895691609977,
    43.21233560090703,
    43.885714285714286,
    44.55909297052154,
    45.2324716553288,
    45.905850340136055,
    46.602448979591834,
    47.25260770975056,
    47.925986394557825,
    48.59936507936508,
    49.27274376417233,
    49.946122448979594,
    50.61950113378685,
    51.26965986394558,
    51.98947845804989,
    52.63963718820862,
    53.31301587301587,
    53.9631746031746,
    54.61333333333334,
    55.356371882086165,
    56.006530612244894,
    56.65668934240363,
    57.376507936507934,
    58.026666666666664,
    58.700045351473925,
    59.396643990929704,
    60.04680272108843,
    60.74340136054422,
    61.39356009070295,
    62.0669387755102,
    62.74031746031746,
    63.43691609977324,
    64.08707482993198,
    64.76045351473923,
    65.38739229024944,
    66.13043083900227,
    66.80380952380952,
    67.45396825396826,
    68.15056689342404,
    68.80072562358276,
    69.47410430839003,
    70.14748299319727,
    70.82086167800453,
    71.4942403628118,
    72.19083900226758,
    72.88743764172335,
    73.56081632653061,
    74.21097505668934,
    74.86113378684807,
    75.53451247165533,
    76.16145124716553
  ],
  "onset_times": [
    1.9736961451247166,
    2.066575963718821,
    2.1130158730158732,
    2.716734693877551,
    3.0882539682539685,
    3.4133333333333336,
    3.924172335600907,
    4.1099319727891155,
    4.435011337868481,
    4.760090702947846,
    5.224489795918367,
    5.410249433106576,
    5.758548752834467,
    6.106848072562358,
    6.594467120181406,
    6.8034467120181406,
    7.012426303854875,
    7.128526077097506,
    7.430385487528345,
    7.75546485260771,
    8.080544217687075,
    8.475283446712018,
    8.800362811791382,
    9.311201814058958,
    9.496961451247165,
    9.822040816326531,
    10.147120181405896,
    10.379319727891156,
    10.495419501133787,
    10.820498866213152,
    10.983038548752834,
    11.145578231292516,
    11.42421768707483,
    11.818956916099774,
    12.144036281179138,
    12.84063492063492,
    13.003174603174603,
    13.49079365079365,
    13.653333333333334,
    13.862312925170068,
    14.233832199546486,
    14.698231292517006,
    14.837551020408164,
    15.000090702947846,
    15.209070294784581,
    15.534149659863946,
    15.882448979591837,
    16.04498866213152,
    16.207528344671204,
    16.416507936507937,
    16.555827664399093,
    16.880907029478458,
    17.22920634920635,
    17.368526077097506,
    17.554285714285715,
    17.87936507936508,
    18.22766439909297,
    18.622403628117915,
    18.901043083900227,
    19.249342403628116,
    19.574421768707484,
    20.085260770975058,
    20.24780045351474,
    20.410340136054423,
    20.59609977324263,
    20.897959183673468,
    21.060498866213152,
    21.24625850340136,
    21.59455782312925,
    21.942857142857143,
    22.267936507936508,
    22.66267573696145,
    22.941315192743765,
    23.637913832199548,
    23.823673469387757,
    24.3112925170068,
    24.38095238095238,
    24.61315192743764,
    25.031111111111112,
    25.495510204081633,
    25.68126984126984,
    25.98312925170068,
    26.33142857142857,
    26.81904761904762,
    26.9815873015873,
    27.144126984126984,
    27.260226757369615,
    27.353106575963718,
    27.678185941043083,
    28.189024943310656,
    28.35156462585034,
    28.398004535147393,
    28.676643990929705,
    29.048163265306123,
    29.350022675736962,
    29.698321995464852,
    29.744761904761905,
    29.95374149659864,
    30.093061224489794,
    30.394920634920634,
    30.905759637188208,
    31.068299319727892,
    31.230839002267572,
    31.41659863945578,
    31.71845804988662,
    31.973877551020408,
    32.08997732426304,
    32.391836734693875,
    32.53115646258503,
    32.71691609977324,
    32.995555555555555,
    33.436734693877554,
    33.73859410430839,
    34.73705215419501,
    34.87637188208617,
    44.90739229024943,
    45.2324716553288,
    45.88263038548753,
    46.25414965986395,
    46.602448979591834,
    47.09006802721088,
    47.22938775510204,
    47.57768707482993,
    47.74022675736961,
    47.9027664399093,
    48.39038548752834,
    48.576145124716554,
    48.92444444444445,
    49.24952380952381,
    49.76036281179138,
    49.946122448979594,
    50.108662131519274,
    50.271201814058955,
    50.59628117913832,
    50.96780045351474,
    51.26965986394558,
    51.61795918367347,
    51.98947845804989,
    52.47709750566894,
    52.61641723356009,
    52.964716553287985,
    53.289795918367346,
    53.56843537414966,
    53.9631746031746,
    54.14893424036281,
    54.31147392290249,
    54.590113378684805,
    54.72943310657596,
    55.356371882086165,
    56.006530612244894,
    56.122630385487525,
    56.6334693877551,
    57.02820861678005,
    57.376507936507934,
    57.86412698412698,
    58.026666666666664,
    58.35174603174603,
    58.6768253968254,
    59.2108843537415,
    59.37342403628118,
    59.69850340136055,
    60.04680272108843,
    60.53442176870748,
    60.74340136054422,
    60.998820861678006,
    61.39356009070295,
    61.718639455782316,
    62.0669387755102,
    62.345578231292514,
    62.39201814058957,
    62.71709750566893,
    63.227936507936505,
    63.41369614512472,
    63.715555555555554,
    64.06385487528345,
    64.41215419501134,
    64.7372335600907,
    64.92299319727891,
    65.06231292517006,
    65.36417233560091,
    65.59637188208617,
    65.78213151927437,
    65.96789115646258,
    66.10721088435375,
    66.61804988662132,
    66.82702947845804,
    66.94312925170068,
    67.45396825396826,
    67.75582766439909,
    68.15056689342404,
    68.63818594104309,
    68.80072562358276,
    69.12580498866213,
    69.4508843537415,
    69.82240362811791,
    69.9849433106576,
    70.14748299319727,
    70.44934240362812,
    70.49578231292517,
    70.82086167800453,
    71.3317006802721,
    71.4942403628118,
    71.70321995464853,
    71.81931972789116,
    72.19083900226758,
    72.51591836734694,
    72.86421768707483,
    73.14285714285714,
    73.56081632653061,
    74.04843537414966,
    74.18775510204081,
    74.3502947845805,
    74.53605442176871,
    74.86113378684807,
    75.13977324263038,
    75.37197278911565,
    75.51129251700681,
    75.697052154195,
    75.88281179138322,
    76.16145124716553,
    76.579410430839,
    76.88126984126984,
    77.85650793650794
  ],
  "rhythm_regularity": 0.9650406318418404,
  "syncopation_index": 0.5560538116591929,