{
  "snr_db": 34.736440752999364,
  "dynamic_range_db": 19.604106155834838,
  "rms_energy": 0.1428094059228897,
  "zero_crossing_rate": 0.09109671251954653
}