{
  "snr_db": 40.75637276789813,
  "dynamic_range_db": 23.867863943278223,
  "rms_energy": 0.10549832135438919,
  "zero_crossing_rate": 0.07081341911764706
}