{
  "meta": {
    "path": "../../data/raw/MIREX-like_mood/dataset/Audio/042.mp3",
    "file_hash": "7981607b26550fea6af3b12e60d4215202558fe9",
    "duration_sec": 29.76798185941043,
    "sample_rate": 22050,
    "analysis_timestamp": "2025-10-24T20:03:59.596601",
    "config": {
      "sr": 22050,
      "n_fft": 2048,
      "hop_length": 512,
      "n_mels": 128,
      "n_mfcc": 13,
      "n_chroma": 12,
      "frame_length": 2048,
      "workers": 4,
      "use_crepe": false,
      "save_matrices": false,
      "save_plots": true,
      "force": true,
      "quick": false,
      "verbose": false
    },
    "processing_time_sec": 2.9713494777679443
  },
  "acoustic": {
    "mfcc_mean": [
      -70.26242065429688,
      86.9002456665039,
      -29.54555892944336,
      46.471649169921875,
      5.321172714233398,
      9.000929832458496,
      -6.77565336227417,
      5.339404582977295,
      -4.940572738647461,
      7.864529609680176,
      0.08041788637638092,
      5.193846702575684,
      -4.494102478027344
    ],
    "mfcc_std": [
      96.6487808227539,
      36.12193298339844,
      30.21966552734375,
      18.14433479309082,
      13.940998077392578,
      11.118134498596191,
      12.31889820098877,
      9.315306663513184,
      9.798376083374023,
      9.322837829589844,
      8.752229690551758,
      7.392450332641602,
      7.0529680252075195
    ],
    "spectral_centroid_mean": 2425.9938648939274,
    "spectral_centroid_std": 733.3431726994634,
    "spectral_bandwidth_mean": 2117.7996686920037,
    "spectral_bandwidth_std": 439.5754096904563,
    "spectral_rolloff_mean": 4586.714925193638,
    "spectral_rolloff_std": 1404.3397028578468,
    "spectral_flux_mean": 6967.046875,
    "spectral_flux_std": 6785.021484375,
    "spectral_flatness_mean": 0.025803379714488983,
    "spectral_flatness_std": 0.03931533917784691,
    "spectral_slope_mean": -0.0005731416961385675,
    "spectral_spread_mean": 2117.799667353356,
    "spectral_skewness_mean": 1.2191901744323015,
    "spectral_kurtosis_mean": 4.654173501627821
  },
  "rhythm": {
    "tempo_bpm": 135.99917763157896,
    "tempo_confidence": 0.9840334286485727,
    "beat_positions": [
      0.4179591836734694,
      0.8591383219954648,
      1.3003174603174603,
      1.7414965986394557,
      2.182675736961451,
      2.6238548752834467,
      3.0650340136054424,
      3.5062131519274375,
      3.924172335600907,
      4.4117913832199545,
      4.876190476190477,
      5.340589569160998,
      5.758548752834467,
      6.222947845804988,
      6.6873469387755105,
      7.151746031746032,
      7.592925170068027,
      8.057324263038549,
      8.52172335600907,
      8.962902494331066,
      9.380861678004536,
      9.845260770975056,
      10.309659863945578,
      10.750839002267574,
      11.19201814058957,
      11.656417233560092,
      12.097596371882085,
      12.538775510204081,
      12.979954648526077,
      13.444353741496599,
      13.908752834467121,
      14.349931972789115,
      14.79111111111111,
      15.232290249433106,
      15.673469387755102,
      16.137868480725622,
      16.579047619047618,
      17.020226757369613,
      17.438185941043084,
      17.902585034013605,
      18.320544217687075,
      18.784943310657596,
      19.249342403628116,
      19.71374149659864,
      20.131700680272107,
      20.59609977324263,
      21.0140589569161,
      21.455238095238094,
      21.89641723356009,
      22.337596371882086,
      22.77877551020408,
      23.219954648526077,
      23.661133786848072,
      24.102312925170068,
      24.543492063492064,
      24.98467120181406,
      25.402630385487527,
      25.843809523809522,
      26.308208616780046,
      26.772607709750567,
      27.190566893424037,
      27.631746031746033,
      28.07292517006803
    ],
    "onset_times": [
      0.13931972789115646,
      0.3947392290249433,
      0.603718820861678,
      0.8359183673469388,
      1.0913378684807256,
      1.2770975056689342,
      1.509297052154195,
      1.7182766439909296,
      2.159455782312925,
      2.391655328798186,
      2.6006349206349206,
      2.8328344671201813,
      3.0650340136054424,
      3.5062131519274375,
      3.924172335600907,
      5.340589569160998,
      5.735328798185941,
      6.222947845804988,
      6.6873469387755105,
      7.592925170068027,
      8.057324263038549,
      8.93968253968254,
      9.357641723356009,
      9.845260770975056,
      10.750839002267574,
      11.168798185941043,
      11.656417233560092,
      12.538775510204081,
      12.979954648526077,
      13.444353741496599,
      13.908752834467121,
      14.349931972789115,
      14.79111111111111,
      15.905668934240364,
      16.137868480725622,
      16.32362811791383,
      16.555827664399093,
      16.99700680272109,
      17.41496598639456,
      17.902585034013605,
      18.15800453514739,
      18.320544217687075,
      18.76172335600907,
      18.808163265306124,
      19.017142857142858,
      19.249342403628116,
      19.458321995464853,
      19.690521541950112,
      19.922721088435374,
      20.131700680272107,
      20.572879818594103,
      21.0140589569161,
      21.223038548752836,
      21.89641723356009,
      22.128616780045352,
      22.337596371882086,
      22.77877551020408,
      23.010975056689343,
      23.219954648526077,
      23.45215419501134,
      23.661133786848072,
      23.893333333333334,
      24.102312925170068,
      24.543492063492064,
      24.752471655328797,
      24.98467120181406,
      25.402630385487527,
      25.63482993197279,
      25.843809523809522,
      26.284988662131518,
      26.51718820861678,
      26.749387755102042,
      26.958367346938775,
      27.16734693877551,
      27.608526077097505,
      27.86394557823129,
      28.07292517006803,
      28.281904761904762,
      28.955283446712016,
      29.41968253968254
    ],
    "rhythm_regularity": 0.9636235448825615,
    "syncopation_index": 0.3125,
    "beat_count": 63,
    "onset_count": 80
  },
  "harmony": {
    "chroma_mean": [
      0.6527119874954224,
      0.697778046131134,
      0.6351084113121033,
      0.6690340638160706,
      0.7628515362739563,
      0.6267227530479431,
      0.6615745425224304,
      0.6473357081413269,
      0.5915656685829163,
      0.6232512593269348,
      0.6412203311920166,
      0.7490954399108887
    ],
    "chroma_std": [
      0.19056324660778046,
      0.19327785074710846,
      0.19265958666801453,
      0.18256278336048126,
      0.19551454484462738,
      0.17698654532432556,
      0.19581545889377594,
      0.1957079917192459,
      0.16865406930446625,
      0.2011346071958542,
      0.16664569079875946,
      0.191520556807518
    ],
    "key_estimation": {
      "key": "C_major",
      "confidence": 0.009990204215511075
    },
    "tonal_complexity": 0.04850485920906067
  },
  "quality": {
    "snr_db": 36.99773263811842,
    "dynamic_range_db": 18.222067257474798,
    "rms_energy": 0.17287816107273102,
    "zero_crossing_rate": 0.14872635851032737
  },
  "lyrics": {
    "word_count": 187,
    "unique_word_count": 115,
    "sentence_count": 1,
    "avg_words_per_sentence": 187.0,
    "readability": null,
    "sentiment_analysis": null,
    "topic_keywords": [
      "you",
      "the",
      "Done",
      "Dirt",
      "Cheap",
      "your",
      "Pick",
      "phone",
      "alone",
      "Dirty"
    ],
    "repetition_analysis": {
      "repetition_ratio": 0.3850267379679144,
      "most_common_words": [
        [
          "you",
          8
        ],
        [
          "the",
          6
        ],
        [
          "Done",
          5
        ],
        [
          "Dirt",
          5
        ],
        [
          "Cheap",
          5
        ]
      ]
    }
  }
}