{
  "chroma_mean": [
    0.318698525428772,
    0.20192110538482666,
    0.23445862531661987,
    0.1882069855928421,
    0.27365565299987793,
    0.4966079592704773,
    0.26396796107292175,
    0.25961753726005554,
    0.1997964084148407,
    0.27580541372299194,
    0.4129396975040436,
    0.26988014578819275
  ],
  "chroma_std": [
    0.34738752245903015,
    0.27861377596855164,
    0.3190459609031677,
    0.26413556933403015,
    0.3015349507331848,
    0.41130027174949646,
    0.30662694573402405,
    0.3169526159763336,
    0.2668948173522949,
    0.30216699838638306,
    0.41563841700553894,
    0.3128034770488739
  ],
  "key_estimation": {
    "key": "C_major",
    "confidence": 0.2711524997764799
  },
  "tonal_complexity": 0.08652833104133606
}