{
  "meta": {
    "path": "../../data/raw/CSD/english/wav/en013a.wav",
    "file_hash": "2d7e7cef8dbd9cf3fdad59f7d859c81d08cf0917",
    "duration_sec": 45.0,
    "sample_rate": 22050,
    "analysis_timestamp": "2025-10-24T19:12:18.753418",
    "config": {
      "sr": 22050,
      "n_fft": 2048,
      "hop_length": 512,
      "n_mels": 128,
      "n_mfcc": 13,
      "n_chroma": 12,
      "frame_length": 2048,
      "workers": 4,
      "use_crepe": false,
      "save_matrices": false,
      "save_plots": true,
      "force": true,
      "quick": false,
      "verbose": false
    },
    "processing_time_sec": 4.881112337112427
  },
  "acoustic": {
    "mfcc_mean": [
      -249.09034729003906,
      32.28336715698242,
      -34.35637283325195,
      8.299174308776855,
      -14.292484283447266,
      -16.56562042236328,
      -8.501349449157715,
      -1.794205904006958,
      -11.93321704864502,
      1.16582453250885,
      -24.122760772705078,
      -10.608173370361328,
      -6.239442348480225
    ],
    "mfcc_std": [
      82.29505920410156,
      35.275272369384766,
      35.45730209350586,
      26.200210571289062,
      16.534793853759766,
      19.551109313964844,
      11.957145690917969,
      12.591981887817383,
      14.368125915527344,
      11.442571640014648,
      12.90191650390625,
      10.871307373046875,
      10.644746780395508
    ],
    "spectral_centroid_mean": 2611.8515449904803,
    "spectral_centroid_std": 1058.0737767878813,
    "spectral_bandwidth_mean": 2334.7227364987925,
    "spectral_bandwidth_std": 464.2500162117238,
    "spectral_rolloff_mean": 4969.031064060081,
    "spectral_rolloff_std": 1817.6149547817004,
    "spectral_flux_mean": 2966.23876953125,
    "spectral_flux_std": 4888.0048828125,
    "spectral_flatness_mean": 0.040140677243471146,
    "spectral_flatness_std": 0.09014610946178436,
    "spectral_slope_mean": -0.000272308081998361,
    "spectral_spread_mean": 2334.722739637248,
    "spectral_skewness_mean": 1.4771072301202088,
    "spectral_kurtosis_mean": 5.400792037901115
  },
  "rhythm": {
    "tempo_bpm": 107.666015625,
    "tempo_confidence": 0.9656667659052037,
    "beat_positions": [
      1.6021768707482993,
      2.2291156462585033,
      2.7631746031746034,
      3.297233560090703,
      3.8312925170068026,
      4.388571428571429,
      4.899410430839002,
      5.433469387755102,
      5.944308390022676,
      6.455147392290249,
      6.965986394557823,
      7.500045351473923,
      8.010884353741497,
      8.544943310657596,
      9.148662131519274,
      9.729160997732427,
      10.24,
      10.7740589569161,
      11.3081179138322,
      11.865396825396825,
      12.376235827664399,
      12.933514739229025,
      13.444353741496599,
      14.001632653061224,
      14.512471655328799,
      15.000090702947846,
      15.534149659863946,
      16.068208616780044,
      16.602267573696146,
      17.136326530612244,
      17.716825396825396,
      18.297324263038547,
      18.808163265306124,
      19.29578231292517,
      19.87628117913832,
      20.456780045351476,
      20.990839002267574,
      21.524897959183672,
      22.035736961451246,
      22.569795918367348,
      23.103854875283446,
      23.591473922902495,
      24.102312925170068,
      24.636371882086166,
      25.193650793650793,
      25.75092970521542,
      26.284988662131518,
      26.842267573696144,
      27.562086167800455,
      28.189024943310656,
      28.723083900226758,
      29.280362811791385,
      29.814421768707483,
      30.394920634920634,
      30.998639455782314,
      31.579138321995465,
      32.15963718820862,
      32.670476190476194,
      33.20453514739229,
      33.73859410430839,
      34.29587301587301,
      34.87637188208617,
      35.43365079365079,
      35.9677097505669,
      36.501768707482995,
      37.01260770975057,
      37.54666666666667,
      38.12716553287982,
      38.66122448979592,
      39.21850340136054,
      39.72934240362812,
      40.263401360544215,
      40.77424036281179,
      41.308299319727894,
      41.81913832199547,
      42.353197278911566,
      42.887256235827664,
      43.44453514739229,
      44.00181405895692
    ],
    "onset_times": [
      1.6021768707482993,
      2.089795918367347,
      2.2291156462585033,
      2.7631746031746034,
      2.995374149659864,
      3.297233560090703,
      3.8312925170068026,
      4.063492063492063,
      4.365351473922902,
      4.876190476190477,
      5.433469387755102,
      5.944308390022676,
      6.106848072562358,
      6.431927437641724,
      7.058866213151927,
      7.22140589569161,
      7.360725623582766,
      7.476825396825397,
      8.382403628117913,
      8.52172335600907,
      9.125442176870749,
      9.729160997732427,
      10.356099773242631,
      10.634739229024943,
      10.750839002267574,
      11.052698412698414,
      11.284897959183674,
      11.517097505668934,
      11.702857142857143,
      11.842176870748299,
      12.120816326530612,
      12.329795918367347,
      12.376235827664399,
      12.60843537414966,
      12.933514739229025,
      13.421133786848072,
      14.001632653061224,
      14.280272108843537,
      14.535691609977324,
      14.675011337868481,
      14.97687074829932,
      15.023310657596372,
      15.255510204081633,
      15.301950113378684,
      15.603809523809524,
      15.882448979591837,
      16.04498866213152,
      16.114648526077097,
      16.34684807256236,
      16.950566893424035,
      17.11310657596372,
      17.716825396825396,
      18.018684807256236,
      18.274104308390022,
      18.970702947845805,
      19.272562358276645,
      19.574421768707484,
      19.760181405895693,
      19.87628117913832,
      20.131700680272107,
      20.433560090702947,
      20.688979591836734,
      20.851519274376418,
      20.96761904761905,
      21.223038548752836,
      21.501678004535147,
      22.035736961451246,
      23.127074829931974,
      23.26639455782313,
      23.56825396825397,
      23.823673469387757,
      24.19519274376417,
      24.357732426303855,
      24.473832199546486,
      24.636371882086166,
      24.68281179138322,
      24.961451247165535,
      25.309750566893424,
      25.518730158730158,
      25.727709750566895,
      26.284988662131518,
      26.586848072562358,
      26.842267573696144,
      27.562086167800455,
      27.794285714285714,
      27.93360544217687,
      28.0497052154195,
      28.189024943310656,
      28.328344671201815,
      28.46766439909297,
      28.69986394557823,
      28.908843537414967,
      29.048163265306123,
      29.1178231292517,
      29.280362811791385,
      29.41968253968254,
      29.53578231292517,
      29.791201814058958,
      30.06984126984127,
      30.580680272108843,
      31.184399092970523,
      31.857777777777777,
      32.13641723356009,
      32.46149659863946,
      32.78657596371882,
      32.949115646258505,
      33.18131519274377,
      33.85469387755102,
      34.13333333333333,
      34.29587301587301,
      34.853151927437644,
      35.15501133786848,
      35.41043083900227,
      36.08380952380952,
      36.40888888888889,
      36.47854875283447,
      36.75718820861678,
      37.01260770975057,
      37.24480725623583,
      37.54666666666667,
      37.82530612244898,
      37.964625850340134,
      38.10394557823129,
      38.33614512471655,
      38.638004535147395,
      39.21850340136054,
      39.75256235827664,
      40.24018140589569,
      40.4259410430839,
      40.751020408163264,
      41.00643990929705,
      41.65659863945578,
      41.795918367346935,
      42.074557823129254,
      42.42285714285714,
      42.70149659863946,
      42.86403628117914,
      42.93369614512471,
      43.42131519274376,
      43.723174603174606,
      44.00181405895692
    ],
    "rhythm_regularity": 0.9345936533326015,
    "syncopation_index": 0.48936170212765956,
    "beat_count": 79,
    "onset_count": 141
  },