{
  "mfcc_mean": [
    -39.98918914794922,
    80.63500213623047,
    -20.3304500579834,
    34.609676361083984,
    -4.510787010192871,
    9.872486114501953,
    -4.676688194274902,
    6.109134674072266,
    -0.39852914214134216,
    0.6685588359832764,
    -3.369856119155884,
    1.1074001789093018,
    -3.129410982131958
  ],
  "mfcc_std": [
    70.94258117675781,
    22.452802658081055,
    12.204893112182617,
    13.082275390625,
    7.177757740020752,
    6.67480993270874,
    7.050281524658203,
    6.306674003601074,
    5.724552631378174,
    5.845285892486572,
    5.696300029754639,
    5.060074806213379,
    4.772138595581055
  ],
  "spectral_centroid_mean": 2559.8498595281603,
  "spectral_centroid_std": 561.6440506122782,
  "spectral_bandwidth_mean": 2363.064832352169,
  "spectral_bandwidth_std": 259.6193463546361,
  "spectral_rolloff_mean": 5136.477071778489,
  "spectral_rolloff_std": 959.8954868639568,
  "spectral_flux_mean": 5421.81103515625,
  "spectral_flux_std": 5218.7001953125,
  "spectral_flatness_mean": 0.035755205899477005,
  "spectral_flatness_std": 0.045937761664390564,
  "spectral_slope_mean": -0.0004257373432219498,
  "spectral_spread_mean": 2363.0648333342483,
  "spectral_skewness_mean": 1.1559868820534185,
  "spectral_kurtosis_mean": 3.9090379378917435
}