{
  "meta": {
    "path": "../../data/raw/MIREX-like_mood/dataset/Audio/242.mp3",
    "file_hash": "72838bc58c302011868e13739e928784b0e21eb5",
    "duration_sec": 29.675102040816327,
    "sample_rate": 22050,
    "analysis_timestamp": "2025-10-24T20:00:35.639822",
    "config": {
      "sr": 22050,
      "n_fft": 2048,
      "hop_length": 512,
      "n_mels": 128,
      "n_mfcc": 13,
      "n_chroma": 12,
      "frame_length": 2048,
      "workers": 4,
      "use_crepe": false,
      "save_matrices": false,
      "save_plots": true,
      "force": true,
      "quick": false,
      "verbose": false
    },
    "processing_time_sec": 3.2263035774230957
  },
  "acoustic": {
    "mfcc_mean": [
      -38.316463470458984,
      82.2815933227539,
      -20.175024032592773,
      27.618946075439453,
      -1.731132984161377,
      6.679609775543213,
      3.7003090381622314,
      1.4825308322906494,
      -3.946176767349243,
      0.3277227282524109,
      -7.380386829376221,
      3.009669542312622,
      -8.276866912841797
    ],
    "mfcc_std": [
      66.82136535644531,
      18.24909019470215,
      20.465299606323242,
      10.064021110534668,
      9.784100532531738,
      10.732398986816406,
      7.0661821365356445,
      5.955125331878662,
      6.247800350189209,
      6.189950466156006,
      5.889708042144775,
      6.223708629608154,
      5.86111307144165
    ],
    "spectral_centroid_mean": 2592.418521445276,
    "spectral_centroid_std": 476.3749573968511,
    "spectral_bandwidth_mean": 2425.365696156274,
    "spectral_bandwidth_std": 323.9923764775963,
    "spectral_rolloff_mean": 5135.407987807857,
    "spectral_rolloff_std": 1056.5646864513083,
    "spectral_flux_mean": 4484.900390625,
    "spectral_flux_std": 3284.450439453125,
    "spectral_flatness_mean": 0.03977040573954582,
    "spectral_flatness_std": 0.04429993778467178,
    "spectral_slope_mean": -0.00039374976642168104,
    "spectral_spread_mean": 2425.3656992926853,
    "spectral_skewness_mean": 1.2466448274826158,
    "spectral_kurtosis_mean": 4.140781568766577
  },
  "rhythm": {
    "tempo_bpm": 83.35433467741936,
    "tempo_confidence": 0.9868860349225461,
    "beat_positions": [
      0.626938775510204,
      1.3467573696145125,
      2.066575963718821,
      2.786394557823129,
      3.5062131519274375,
      4.2260317460317465,
      4.96907029478458,
      5.688888888888889,
      6.431927437641724,
      7.174965986394557,
      7.894784580498866,
      8.614603174603175,
      9.334421768707482,
      10.077460317460318,
      10.797278911564625,
      11.517097505668934,
      12.236916099773243,
      12.956734693877552,
      13.653333333333334,
      14.396371882086168,
      15.116190476190477,
      15.836009070294784,
      16.555827664399093,
      17.2756462585034,
      17.99546485260771,
      18.715283446712018,
      19.435102040816325,
      20.154920634920636,
      20.921179138321996,
      21.640997732426303,
      22.337596371882086,
      23.057414965986396,
      23.777233560090703,
      24.49705215419501,
      25.240090702947846,
      25.93668934240363,
      26.656507936507936,
      27.376326530612246,
      28.096145124716553,
      28.83918367346939,
      29.559002267573696
    ],
    "onset_times": [
      0.2089795918367347,
      0.44117913832199546,
      0.603718820861678,
      0.8126984126984127,
      0.9984580498866213,
      1.3235374149659864,
      1.5789569160997732,
      1.6950566893424037,
      1.7414965986394557,
      1.9040362811791383,
      2.043356009070295,
      2.7631746031746034,
      3.1579138321995464,
      3.5062131519274375,
      3.877732426303855,
      4.2260317460317465,
      4.620770975056689,
      4.9458503401360545,
      5.363809523809524,
      5.5495691609977325,
      5.688888888888889,
      5.921088435374149,
      6.060408163265306,
      6.431927437641724,
      6.8034467120181406,
      7.151746031746032,
      7.523265306122449,
      7.732244897959184,
      7.87156462585034,
      8.266303854875284,
      8.475283446712018,
      8.591383219954649,
      8.846802721088435,
      8.986122448979591,
      9.195102040816327,
      9.334421768707482,
      9.566621315192744,
      9.7059410430839,
      9.914920634920636,
      10.054240362811791,
      10.286439909297052,
      10.448979591836734,
      10.65795918367347,
      10.797278911564625,
      11.052698412698414,
      11.377777777777778,
      11.493877551020407,
      12.236916099773243,
      12.631655328798185,
      12.956734693877552,
      13.165714285714285,
      13.351473922902494,
      13.630113378684808,
      13.885532879818594,
      14.071292517006803,
      14.233832199546486,
      14.373151927437641,
      14.605351473922903,
      14.767891156462586,
      14.953650793650795,
      15.09297052154195,
      15.32517006802721,
      15.487709750566893,
      15.534149659863946,
      15.696689342403628,
      15.81278911564626,
      16.04498866213152,
      16.207528344671204,
      16.416507936507937,
      16.532607709750568,
      16.764807256235827,
      16.950566893424035,
      17.11310657596372,
      17.2756462585034,
      17.484625850340137,
      17.623945578231293,
      17.99546485260771,
      18.36698412698413,
      18.692063492063493,
      19.11002267573696,
      19.156462585034014,
      19.435102040816325,
      19.806621315192743,
      19.922721088435374,
      20.01560090702948,
      20.131700680272107,
      20.36390022675737,
      20.526439909297054,
      20.78185941043084,
      20.897959183673468,
      21.13015873015873,
      21.269478458049885,
      21.501678004535147,
      21.61777777777778,
      21.826757369614512,
      22.01251700680272,
      22.19827664399093,
      22.337596371882086,
      22.54657596371882,
      22.639455782312925,
      22.918095238095237,
      23.057414965986396,
      23.26639455782313,
      23.42893424036281,
      23.637913832199548,
      23.777233560090703,
      23.986213151927437,
      24.14875283446712,
      24.49705215419501,
      24.706031746031748,
      24.86857142857143,
      25.10077097505669,
      25.240090702947846,
      25.425850340136055,
      25.797369614512473,
      25.93668934240363,
      26.145668934240362,
      26.308208616780046,
      26.493968253968255,
      26.656507936507936,
      26.865487528344673,
      27.028027210884353,
      27.353106575963718,
      27.58530612244898,
      27.74784580498866,
      27.956825396825398,
      28.07292517006803,
      28.328344671201815,
      28.490884353741496,
      28.676643990929705,
      28.81596371882086,
      29.048163265306123,
      29.18748299319728,
      29.53578231292517
    ],
    "rhythm_regularity": 0.9816283737684437,
    "syncopation_index": 0.6940298507462687,
    "beat_count": 41,
    "onset_count": 134
  },
  "harmony": {
    "chroma_mean": [
      0.5247042179107666,
      0.3906500041484833,
      0.34290042519569397,
      0.5887532830238342,
      0.4475254714488983,
      0.6880517601966858,
      0.666911244392395,
      0.5575299263000488,
      0.6576194763183594,
      0.3223845064640045,
      0.2987707257270813,
      0.3138750195503235
    ],
    "chroma_std": [
      0.2600691318511963,
      0.22653847932815552,
      0.17214179039001465,
      0.3011687994003296,
      0.17057466506958008,
      0.2441357523202896,
      0.2085672914981842,
      0.21860845386981964,
      0.24425335228443146,
      0.14021384716033936,
      0.1131354570388794,
      0.12193575501441956
    ],
    "key_estimation": {
      "key": "C_minor",
      "confidence": 0.32624002498153437
    },
    "tonal_complexity": 0.1421835571527481
  },
  "quality": {
    "snr_db": 34.18503860405059,
    "dynamic_range_db": 18.16302782303557,
    "rms_energy": 0.1627434939146042,
    "zero_crossing_rate": 0.13770791084343237
  },
  "lyrics": {
    "word_count": 212,
    "unique_word_count": 98,
    "sentence_count": 1,
    "avg_words_per_sentence": 212.0,