{
  "tempo_bpm": 117.45383522727273,
  "tempo_confidence": 0.9891725258471816,
  "beat_positions": [
    0.5340589569160997,
    1.0448979591836736,
    1.5789569160997732,
    2.089795918367347,
    2.6238548752834467,
    3.1346938775510202,
    3.645532879818594,
    4.179591836734694,
    4.690430839002268,
    5.201269841269841,
    5.735328798185941,
    6.246167800453515,
    6.757006802721088,
    7.267845804988662,
    7.801904761904762,
    8.312743764172335,
    8.823582766439909,
    9.357641723356009,
    9.868480725623582,
    10.402539682539683,
    10.913378684807256,
    11.42421768707483,
    11.95827664399093,
    12.469115646258503,
    12.979954648526077,
    13.49079365079365,
    14.02485260770975,
    14.535691609977324,
    15.069750566893424,
    15.580589569160997,
    16.091428571428573,
    16.62548752834467,
    17.136326530612244,
    17.647165532879818,
    18.18122448979592,
    18.692063492063493,
    19.202902494331067,
    19.71374149659864,
    20.24780045351474,
    20.758639455782312,
    21.269478458049885,
    21.803537414965987,
    22.31437641723356,
    22.84843537414966,
    23.359274376417233,
    23.870113378684806,
    24.38095238095238,
    24.91501133786848,
    25.425850340136055,
    25.93668934240363,
    26.470748299319727,
    26.9815873015873,
    27.492426303854874,
    28.026485260770976,
    28.53732426303855
  ],
  "onset_times": [
    0.16253968253968254,
    0.2786394557823129,
    0.5340589569160997,
    0.7894784580498866,
    1.0448979591836736,
    1.3235374149659864,
    1.5789569160997732,
    1.8343764172335602,
    1.9736961451247166,
    2.089795918367347,
    2.345215419501134,
    2.6006349206349206,
    2.7631746031746034,
    2.8792743764172335,
    3.01859410430839,
    3.111473922902494,
    3.3901133786848074,
    3.5294331065759637,
    3.645532879818594,
    3.900952380952381,
    4.063492063492063,
    4.156371882086168,
    4.435011337868481,
    4.690430839002268,
    4.9458503401360545,
    5.201269841269841,
    5.456689342403628,
    5.712108843537415,
    5.990748299319728,
    6.106848072562358,
    6.246167800453515,
    6.501587301587302,
    6.757006802721088,
    6.896326530612245,
    7.012426303854875,
    7.151746031746032,
    7.267845804988662,
    7.546485260770975,
    7.685804988662132,
    7.801904761904762,
    8.057324263038549,
    8.196643990929704,
    8.312743764172335,
    8.568163265306122,
    8.823582766439909,
    9.079002267573696,
    9.334421768707482,
    9.613061224489796,
    9.868480725623582,
    10.12390022675737,
    10.379319727891156,
    10.65795918367347,
    10.89015873015873,
    11.029478458049887,
    11.168798185941043,
    11.3081179138322,
    11.42421768707483,
    11.679637188208616,
    11.818956916099774,
    11.935056689342403,
    12.213696145124716,
    12.469115646258503,
    12.72453514739229,
    12.979954648526077,
    13.235374149659863,
    13.49079365079365,
    13.769433106575963,
    13.885532879818594,
    14.02485260770975,
    14.280272108843537,
    14.419591836734694,
    14.535691609977324,
    14.79111111111111,
    15.046530612244897,
    15.185850340136055,
    15.301950113378684,
    15.464489795918368,
    15.557369614512472,
    15.836009070294784,
    15.975328798185942,
    16.091428571428573,
    16.34684807256236,
    16.486167800453515,
    16.602267573696146,
    16.880907029478458,
    17.11310657596372,
    17.39174603174603,
    17.647165532879818,
    17.925804988662133,
    18.15800453514739,
    18.436643990929706,
    18.552743764172334,
    18.692063492063493,
    18.94748299319728,
    19.202902494331067,
    19.458321995464853,
    19.59764172335601,
    19.71374149659864,
    19.99238095238095,
    20.224580498866214,
    20.503219954648525,
    20.64253968253968,
    20.758639455782312,
    21.0140589569161,
    21.269478458049885,
    21.524897959183672,
    21.78031746031746,
    22.058956916099774,
    22.31437641723356,
    22.569795918367348,
    22.825215419501134,
    23.08063492063492,
    23.336054421768708,
    23.49859410430839,
    23.61469387755102,
    23.754013605442175,
    23.870113378684806,
    24.125532879818593,
    24.264852607709752,
    24.38095238095238,
    24.636371882086166,
    24.775691609977326,
    24.891791383219953,
    25.14721088435374,
    25.425850340136055,
    25.68126984126984,
    25.93668934240363,
    26.21532879818594,
    26.470748299319727,
    26.865487528344673,
    26.9815873015873,
    27.237006802721087,
    27.492426303854874,
    27.74784580498866,
    27.88716553287982,
    28.003265306122447,
    28.281904761904762,
    28.421224489795918,
    28.53732426303855,
    28.792743764172336,
    28.93206349206349,
    29.048163265306123,
    29.30358276643991,
    29.559002267573696,
    29.837641723356008
  ],
  "rhythm_regularity": 0.9788923348899535,
  "syncopation_index": 0.6206896551724138,
  "beat_count": 55,
  "onset_count": 145
}