{
  "chroma_mean": [
    0.5744776129722595,
    0.4809122383594513,
    0.7161353230476379,
    0.5225124955177307,
    0.5857377648353577,
    0.431826651096344,
    0.47377920150756836,
    0.6016644835472107,
    0.42105501890182495,
    0.5472447872161865,
    0.3819046914577484,
    0.4526083171367645
  ],
  "chroma_std": [
    0.2650976777076721,
    0.19368447363376617,
    0.25622349977493286,
    0.2141120284795761,
    0.23342925310134888,
    0.18234898149967194,
    0.21109648048877716,
    0.25535106658935547,
    0.19000086188316345,
    0.24926596879959106,
    0.18574902415275574,
    0.21776169538497925
  ],
  "key_estimation": {
    "key": "C_major",
    "confidence": 0.5183734870226495
  },
  "tonal_complexity": 0.09028072655200958
}