{
  "snr_db": 37.03397459202121,
  "dynamic_range_db": 20.17432183716657,
  "rms_energy": 0.13706205785274506,
  "zero_crossing_rate": 0.11447958472004699
}