{
  "meta": {
    "path": "../../data/raw/MIREX-like_mood/dataset/Audio/151.mp3",
    "file_hash": "b3910d8364be084eb69b76e803ee61aab4e7a48d",
    "duration_sec": 29.675102040816327,
    "sample_rate": 22050,
    "analysis_timestamp": "2025-10-24T20:02:20.899994",
    "config": {
      "sr": 22050,
      "n_fft": 2048,
      "hop_length": 512,
      "n_mels": 128,
      "n_mfcc": 13,
      "n_chroma": 12,
      "frame_length": 2048,
      "workers": 4,
      "use_crepe": false,
      "save_matrices": false,
      "save_plots": true,
      "force": true,
      "quick": false,
      "verbose": false
    },
    "processing_time_sec": 2.821560859680176
  },
  "acoustic": {
    "mfcc_mean": [
      -169.0435028076172,
      152.5026092529297,
      -26.230270385742188,
      27.978395462036133,
      -3.884634017944336,
      3.4281864166259766,
      -14.46751880645752,
      0.8389676213264465,
      -7.336922645568848,
      -6.204584121704102,
      -14.862475395202637,
      -4.145141124725342,
      -5.624696731567383
    ],
    "mfcc_std": [
      60.368812561035156,
      25.564462661743164,
      25.17620277404785,
      12.539814949035645,
      10.526646614074707,
      10.092551231384277,
      11.037047386169434,
      9.164875984191895,
      11.522028923034668,
      9.08517837524414,
      10.424793243408203,
      9.247612953186035,
      9.349222183227539
    ],
    "spectral_centroid_mean": 1289.8550614646063,
    "spectral_centroid_std": 345.0129406629948,
    "spectral_bandwidth_mean": 1444.8731492930967,
    "spectral_bandwidth_std": 245.98455522638233,
    "spectral_rolloff_mean": 2241.0862139000196,
    "spectral_rolloff_std": 652.9435970434175,
    "spectral_flux_mean": 5204.634765625,
    "spectral_flux_std": 7132.91259765625,
    "spectral_flatness_mean": 0.002244183560833335,
    "spectral_flatness_std": 0.030735662207007408,
    "spectral_slope_mean": -0.0006392315768559109,
    "spectral_spread_mean": 1444.8731501562754,
    "spectral_skewness_mean": 2.6134942711630087,
    "spectral_kurtosis_mean": 12.158979452441324
  },
  "rhythm": {
    "tempo_bpm": 129.19921875,
    "tempo_confidence": 0.9854810333039884,
    "beat_positions": [
      0.905578231292517,
      1.3699773242630386,
      1.787936507936508,
      2.2755555555555556,
      2.7399546485260773,
      3.2275736961451247,
      3.6919727891156464,
      4.179591836734694,
      4.6439909297052155,
      5.108390022675737,
      5.572789115646258,
      6.013968253968254,
      6.478367346938776,
      6.942766439909297,
      7.4071655328798185,
      7.87156462585034,
      8.335963718820862,
      8.800362811791382,
      9.264761904761905,
      9.729160997732427,
      10.170340136054422,
      10.634739229024943,
      11.099138321995465,
      11.54031746031746,
      12.004716553287983,
      12.469115646258503,
      12.910294784580499,
      13.374693877551021,
      13.839092970521541,
      14.280272108843537,
      14.744671201814059,
      15.209070294784581,
      15.673469387755102,
      16.137868480725622,
      16.579047619047618,
      17.020226757369613,
      17.484625850340137,
      17.925804988662133,
      18.36698412698413,
      18.83138321995465,
      19.272562358276645,
      19.736961451247165,
      20.17814058956916,
      20.64253968253968,
      21.083718820861677,
      21.5481179138322,
      21.989297052154196,
      22.430476190476192,
      22.894875283446712,
      23.336054421768708,
      23.800453514739228,
      24.264852607709752,
      24.706031746031748,
      25.170430839002268,
      25.611609977324264,
      26.05278911564626,
      26.493968253968255,
      26.93514739229025,
      27.353106575963718,
      27.794285714285714,
      28.23546485260771,
      28.676643990929705
    ],
    "onset_times": [
      0.13931972789115646,
      0.18575963718820862,
      0.25541950113378686,
      0.37151927437641724,
      0.6965986394557823,
      0.905578231292517,
      1.1377777777777778,
      1.3467573696145125,
      1.486077097505669,
      1.555736961451247,
      1.7647165532879818,
      1.9969160997732427,
      2.136235827664399,
      2.2523356009070294,
      2.391655328798186,
      2.693514739229025,
      2.8792743764172335,
      3.0418140589569163,
      3.274013605442177,
      3.436553287981859,
      3.575873015873016,
      3.7616326530612243,
      4.040272108843538,
      4.20281179138322,
      4.527891156462585,
      4.6439909297052155,
      4.992290249433107,
      5.108390022675737,
      5.433469387755102,
      5.572789115646258,
      5.874648526077097,
      6.013968253968254,
      6.315827664399093,
      6.5712471655328795,
      6.780226757369615,
      6.942766439909297,
      7.035646258503402,
      7.267845804988662,
      7.383945578231293,
      7.7090249433106575,
      7.848344671201814,
      8.126984126984127,
      8.312743764172335,
      8.614603174603175,
      8.777142857142858,
      8.823582766439909,
      9.102222222222222,
      9.264761904761905,
      9.566621315192744,
      9.7059410430839,
      10.054240362811791,
      10.170340136054422,
      10.47219954648526,
      10.634739229024943,
      10.913378684807256,
      11.075918367346938,
      11.517097505668934,
      11.749297052154194,
      12.004716553287983,
      12.329795918367347,
      12.469115646258503,
      12.794195011337868,
      12.910294784580499,
      13.212154195011339,
      13.374693877551021,
      13.722993197278912,
      13.839092970521541,
      14.164172335600908,
      14.280272108843537,
      14.628571428571428,
      14.744671201814059,
      15.185850340136055,
      15.673469387755102,
      15.998548752834466,
      16.114648526077097,
      16.46294784580499,
      16.555827664399093,
      16.880907029478458,
      17.020226757369613,
      17.345306122448978,
      17.484625850340137,
      17.740045351473924,
      17.925804988662133,
      18.018684807256236,
      18.15800453514739,
      18.3437641723356,
      18.808163265306124,
      19.272562358276645,
      19.620861678004534,
      19.736961451247165,
      20.17814058956916,
      20.526439909297054,
      20.619319727891156,
      21.060498866213152,
      21.43201814058957,
      21.5481179138322,
      21.873197278911565,
      21.989297052154196,
      22.337596371882086,
      22.430476190476192,
      22.871655328798187,
      23.26639455782313,
      23.336054421768708,
      23.45215419501134,
      23.637913832199548,
      23.684353741496597,
      23.800453514739228,
      23.91655328798186,
      24.125532879818593,
      24.264852607709752,
      24.706031746031748,
      25.031111111111112,
      25.14721088435374,
      25.356190476190477,
      25.472290249433108,
      25.588390022675735,
      25.774149659863944,
      25.913469387755104,
      26.02956916099773,
      26.21532879818594,
      26.354648526077096,
      26.470748299319727,
      26.656507936507936,
      26.79582766439909,
      26.911927437641722,
      27.09768707482993,
      27.237006802721087,
      27.353106575963718,
      27.562086167800455,
      27.70140589569161,
      27.794285714285714,
      28.003265306122447,
      28.11936507936508,
      28.23546485260771,
      28.421224489795918,
      28.53732426303855,
      28.676643990929705,
      28.862403628117914,
      29.141043083900225,
      29.30358276643991,
      29.41968253968254,
      29.559002267573696
    ],
    "rhythm_regularity": 0.9676387918388568,
    "syncopation_index": 0.5211267605633803,
    "beat_count": 62,
    "onset_count": 142
  },
  "harmony": {
    "chroma_mean": [
      0.5285274386405945,
      0.30659088492393494,
      0.3423408269882202,
      0.370757132768631,
      0.3744487166404724,
      0.3448430597782135,
      0.4747210443019867,
      0.5368809103965759,
      0.38986438512802124,
      0.49913161993026733,
      0.37976258993148804,
      0.4139673411846161
    ],