{
  "mfcc_mean": [
    -148.41033935546875,
    96.46288299560547,
    -10.233393669128418,
    9.7210111618042,
    -8.273736953735352,
    -14.21769905090332,
    -5.488293647766113,
    -17.784854888916016,
    -12.723880767822266,
    -16.505659103393555,
    -10.118372917175293,
    -12.410382270812988,
    -1.763990879058838
  ],
  "mfcc_std": [
    68.63591766357422,
    34.78026580810547,
    23.72824478149414,
    13.108312606811523,
    11.023406028747559,
    9.548402786254883,
    11.953211784362793,
    11.734622955322266,
    8.383995056152344,
    9.041131973266602,
    9.986872673034668,
    10.170933723449707,
    8.671177864074707
  ],
  "spectral_centroid_mean": 1977.7833705341995,
  "spectral_centroid_std": 1034.2974243522865,
  "spectral_bandwidth_mean": 2285.9788469644773,
  "spectral_bandwidth_std": 469.88007202551626,
  "spectral_rolloff_mean": 3881.406162193364,
  "spectral_rolloff_std": 1673.8541950264569,
  "spectral_flux_mean": 2831.409912109375,
  "spectral_flux_std": 4756.091796875,
  "spectral_flatness_mean": 0.007141768001019955,
  "spectral_flatness_std": 0.034036681056022644,
  "spectral_slope_mean": -0.00036285031234812844,
  "spectral_spread_mean": 2285.9788479999866,
  "spectral_skewness_mean": 2.014949599534926,
  "spectral_kurtosis_mean": 7.417111912373035
}