{
  "snr_db": 35.03462452567783,
  "dynamic_range_db": 16.058313768456085,
  "rms_energy": 0.20917166769504547,
  "zero_crossing_rate": 0.13682411796325253
}