{
  "mfcc_mean": [
    -80.68977355957031,
    91.8001937866211,
    -4.193785190582275,
    22.686792373657227,
    1.5278083086013794,
    14.02975082397461,
    -1.2537810802459717,
    -4.150141716003418,
    0.9469157457351685,
    6.606555461883545,
    0.46913769841194153,
    -2.3420119285583496,
    -3.214033603668213
  ],
  "mfcc_std": [
    63.00393295288086,
    21.377105712890625,
    16.171234130859375,
    14.637236595153809,
    10.58210563659668,
    8.981791496276855,
    9.946381568908691,
    7.504028797149658,
    8.552380561828613,
    7.235048770904541,
    7.665282726287842,
    7.440489768981934,
    6.560583114624023
  ],
  "spectral_centroid_mean": 2337.867087989538,
  "spectral_centroid_std": 611.669103772909,
  "spectral_bandwidth_mean": 2469.47333114263,
  "spectral_bandwidth_std": 381.6434185122536,
  "spectral_rolloff_mean": 4995.6778710479375,
  "spectral_rolloff_std": 1324.1423076250703,
  "spectral_flux_mean": 3020.362060546875,
  "spectral_flux_std": 2298.523681640625,
  "spectral_flatness_mean": 0.023166337981820107,
  "spectral_flatness_std": 0.052247144281864166,
  "spectral_slope_mean": -0.0003884694897994514,
  "spectral_spread_mean": 2469.473333502989,
  "spectral_skewness_mean": 1.4362437282123137,
  "spectral_kurtosis_mean": 4.633248135251555
}