{
  "mfcc_mean": [
    -77.84519958496094,
    100.4113998413086,
    -44.79781723022461,
    28.282794952392578,
    -2.517587184906006,
    -2.863485813140869,
    -4.2120890617370605,
    13.243215560913086,
    -21.302387237548828,
    6.3806023597717285,
    4.005966663360596,
    1.6120104789733887,
    3.9499950408935547
  ],
  "mfcc_std": [
    66.84027099609375,
    26.178953170776367,
    22.980602264404297,
    20.208904266357422,
    14.967288970947266,
    11.328228950500488,
    10.258673667907715,
    11.037768363952637,
    11.972443580627441,
    11.452354431152344,
    8.346640586853027,
    8.9970121383667,
    8.522039413452148
  ],
  "spectral_centroid_mean": 2264.8911102207585,
  "spectral_centroid_std": 524.540237665287,
  "spectral_bandwidth_mean": 1988.845769899149,
  "spectral_bandwidth_std": 414.2567646034048,
  "spectral_rolloff_mean": 4075.407410862862,
  "spectral_rolloff_std": 1240.6885699993247,
  "spectral_flux_mean": 5803.556640625,
  "spectral_flux_std": 5424.93212890625,
  "spectral_flatness_mean": 0.017275070771574974,
  "spectral_flatness_std": 0.037296127527952194,
  "spectral_slope_mean": -0.0005638402858021865,
  "spectral_spread_mean": 1988.845771420758,
  "spectral_skewness_mean": 1.4488237877417864,
  "spectral_kurtosis_mean": 5.521296893319047
}