{
  "tempo_bpm": 161.4990234375,
  "tempo_confidence": 0.9880239910834581,
  "beat_positions": [
    0.44117913832199546,
    0.7894784580498866,
    1.1609977324263039,
    1.509297052154195,
    1.8808163265306121,
    2.2291156462585033,
    2.6006349206349206,
    2.948934240362812,
    3.320453514739229,
    3.6687528344671203,
    4.040272108843538,
    4.388571428571429,
    4.73687074829932,
    5.108390022675737,
    5.456689342403628,
    5.804988662131519,
    6.15328798185941,
    6.501587301587302,
    6.873106575963718,
    7.22140589569161,
    7.592925170068027,
    7.9412244897959186,
    8.312743764172335,
    8.661043083900227,
    9.009342403628118,
    9.357641723356009,
    9.729160997732427,
    10.077460317460318,
    10.448979591836734,
    10.797278911564625,
    11.168798185941043,
    11.517097505668934,
    11.888616780045352,
    12.26013605442177,
    12.60843537414966,
    12.956734693877552,
    13.305034013605443,
    13.676553287981859,
    14.02485260770975,
    14.396371882086168,
    14.767891156462586,
    15.116190476190477,
    15.487709750566893,
    15.85922902494331,
    16.207528344671204,
    16.579047619047618,
    16.92734693877551,
    17.29886621315193,
    17.670385487528346,
    18.018684807256236,
    18.390204081632653,
    18.738503401360543,
    19.11002267573696,
    19.481541950113378,
    19.82984126984127,
    20.201360544217685,
    20.54965986394558,
    20.921179138321996,
    21.292698412698414,
    21.66421768707483,
    22.035736961451246,
    22.38403628117914,
    22.755555555555556,
    23.127074829931974,
    23.49859410430839,
    23.84689342403628,
    24.2184126984127,
    24.589931972789117,
    24.961451247165535,
    25.309750566893424,
    25.68126984126984,
    26.05278911564626,
    26.424308390022677,
    26.79582766439909,
    27.16734693877551,
    27.515646258503402,
    27.88716553287982,
    28.258684807256238,
    28.63020408163265,
    29.00172335600907,
    29.326802721088434
  ],
  "onset_times": [
    0.13931972789115646,
    0.4179591836734694,
    0.5804988662131519,
    0.7894784580498866,
    0.9287981859410431,
    1.1377777777777778,
    1.2770975056689342,
    1.486077097505669,
    1.6486167800453515,
    1.8575963718820863,
    2.020136054421769,
    2.2291156462585033,
    2.391655328798186,
    2.5774149659863945,
    2.7631746031746034,
    2.9257142857142857,
    3.0882539682539685,
    3.297233560090703,
    3.4597732426303853,
    3.645532879818594,
    3.8312925170068026,
    4.017052154195011,
    4.179591836734694,
    4.365351473922902,
    4.527891156462585,
    4.713650793650793,
    4.876190476190477,
    5.085170068027211,
    5.2477097505668935,
    5.433469387755102,
    5.61922902494331,
    5.804988662131519,
    5.9675283446712015,
    6.15328798185941,
    6.315827664399093,
    6.478367346938776,
    6.640907029478458,
    6.873106575963718,
    7.012426303854875,
    7.22140589569161,
    7.360725623582766,
    7.569705215419501,
    7.7090249433106575,
    7.918004535147392,
    8.312743764172335,
    8.6378231292517,
    8.777142857142858,
    8.986122448979591,
    9.125442176870749,
    9.334421768707482,
    9.496961451247165,
    9.7059410430839,
    9.845260770975056,
    10.054240362811791,
    10.216780045351474,
    10.425759637188209,
    10.565079365079365,
    10.7740589569161,
    10.936598639455783,
    11.145578231292516,
    11.3081179138322,
    11.493877551020407,
    11.656417233560092,
    11.865396825396825,
    11.981496598639456,
    12.236916099773243,
    12.353015873015874,
    12.585215419501134,
    12.72453514739229,
    12.887074829931972,
    12.933514739229025,
    13.072834467120181,
    13.281814058956916,
    13.444353741496599,
    13.653333333333334,
    13.79265306122449,
    14.001632653061224,
    14.164172335600908,
    14.373151927437641,
    14.512471655328799,
    14.744671201814059,
    14.883990929705215,
    15.116190476190477,
    15.255510204081633,
    15.464489795918368,
    15.62702947845805,
    15.836009070294784,
    15.975328798185942,
    16.184308390022675,
    16.34684807256236,
    16.555827664399093,
    16.718367346938777,
    16.92734693877551,
    17.066666666666666,
    17.2756462585034,
    17.438185941043084,
    17.647165532879818,
    17.809705215419502,
    17.99546485260771,
    18.36698412698413,
    18.506303854875284,
    18.715283446712018,
    18.877823129251702,
    19.086802721088436,
    19.22612244897959,
    19.435102040816325,
    19.620861678004534,
    19.806621315192743,
    19.969160997732427,
    20.17814058956916,
    20.317460317460316,
    20.54965986394558,
    20.66575963718821,
    20.897959183673468,
    21.060498866213152,
    21.269478458049885,
    21.43201814058957,
    21.640997732426303,
    21.803537414965987,
    22.01251700680272,
    22.175056689342405,
    22.38403628117914,
    22.523356009070294,
    22.755555555555556,
    22.894875283446712,
    23.103854875283446,
    23.2431746031746,
    23.42893424036281,
    23.49859410430839,
    23.637913832199548,
    23.777233560090703,
    23.986213151927437,
    24.19519274376417,
    24.357732426303855,
    24.589931972789117,
    24.729251700680273,
    24.961451247165535,
    25.077551020408162,
    25.2865306122449,
    25.63482993197279,
    25.68126984126984,
    25.820589569160997,
    26.05278911564626,
    26.192108843537415,
    26.424308390022677,
    26.772607709750567,
    26.93514739229025,
    27.144126984126984,
    27.30666666666667,
    27.515646258503402,
    27.654965986394558,
    27.88716553287982,
    28.0497052154195,
    28.258684807256238,
    28.398004535147393,
    28.63020408163265,
    28.76952380952381,
    29.00172335600907,
    29.141043083900225,
    29.326802721088434,
    29.628662131519274
  ],
  "rhythm_regularity": 0.9664298826080052,
  "syncopation_index": 0.4658385093167702,
  "beat_count": 81,
  "onset_count": 161
}