{
  "tempo_bpm": 99.38401442307692,
  "tempo_confidence": 0.982711818431238,
  "beat_positions": [
    0.6501587301587302,
    1.253877551020408,
    1.8808163265306121,
    2.48453514739229,
    3.0882539682539685,
    3.7151927437641725,
    4.295691609977324,
    4.899410430839002,
    5.50312925170068,
    6.106848072562358,
    6.733786848072563,
    7.337505668934241,
    7.9412244897959186,
    8.544943310657596,
    9.148662131519274,
    9.752380952380953,
    10.332879818594105,
    10.936598639455783,
    11.54031746031746,
    12.167256235827665,
    12.770975056689343,
    13.374693877551021,
    13.955192743764172,
    14.55891156462585,
    15.185850340136055,
    15.789569160997733,
    16.39328798185941,
    16.973786848072564,
    17.57750566893424,
    18.18122448979592,
    18.784943310657596,
    19.388662131519276,
    19.99238095238095,
    20.59609977324263,
    21.199818594104308,
    21.803537414965987,
    22.407256235827663,
    22.96453514739229,
    23.61469387755102,
    24.241632653061224,
    24.845351473922904,
    25.402630385487527,
    26.05278911564626,
    26.656507936507936,
    27.260226757369615,
    27.86394557823129,
    28.46766439909297,
    29.048163265306123
  ],
  "onset_times": [
    0.18575963718820862,
    0.301859410430839,
    0.5340589569160997,
    0.8126984126984127,
    0.9520181405895691,
    1.230657596371882,
    1.555736961451247,
    1.8575963718820863,
    2.159455782312925,
    2.461315192743764,
    2.786394557823129,
    3.0650340136054424,
    3.3901133786848074,
    3.6919727891156464,
    3.9938321995464854,
    4.179591836734694,
    4.272471655328798,
    4.504671201814059,
    4.597551020408163,
    4.760090702947846,
    4.806530612244898,
    4.899410430839002,
    5.108390022675737,
    5.201269841269841,
    5.479909297052155,
    5.804988662131519,
    5.9675283446712015,
    6.106848072562358,
    6.2693877551020405,
    6.408707482993197,
    6.710566893424036,
    6.896326530612245,
    7.012426303854875,
    7.174965986394557,
    7.314285714285714,
    7.500045351473923,
    7.616145124716553,
    7.918004535147392,
    8.103764172335602,
    8.219863945578231,
    8.40562358276644,
    8.52172335600907,
    8.823582766439909,
    9.125442176870749,
    9.334421768707482,
    9.427301587301587,
    9.58984126984127,
    9.729160997732427,
    10.00780045351474,
    10.309659863945578,
    10.611519274376418,
    10.797278911564625,
    10.913378684807256,
    11.145578231292516,
    11.23845804988662,
    11.42421768707483,
    11.54031746031746,
    11.72607709750567,
    11.842176870748299,
    12.027936507936507,
    12.144036281179138,
    12.353015873015874,
    12.747755102040816,
    13.049614512471654,
    13.281814058956916,
    13.374693877551021,
    13.56045351473923,
    13.676553287981859,
    13.839092970521541,
    13.955192743764172,
    14.257052154195012,
    14.419591836734694,
    14.535691609977324,
    14.744671201814059,
    14.86077097505669,
    15.162630385487528,
    15.371609977324264,
    15.464489795918368,
    15.650249433106575,
    15.766349206349206,
    15.952108843537415,
    16.068208616780044,
    16.253968253968253,
    16.370068027210884,
    16.555827664399093,
    16.648707482993196,
    16.834467120181404,
    16.973786848072564,
    17.159546485260773,
    17.2756462585034,
    17.554285714285715,
    17.76326530612245,
    17.856145124716555,
    18.04190476190476,
    18.15800453514739,
    18.36698412698413,
    18.45986394557823,
    18.668843537414965,
    18.76172335600907,
    18.970702947845805,
    19.06358276643991,
    19.249342403628116,
    19.388662131519276,
    19.667301587301587,
    19.9459410430839,
    19.99238095238095,
    20.271020408163267,
    20.456780045351476,
    20.572879818594103,
    20.78185941043084,
    20.874739229024943,
    21.083718820861677,
    21.176598639455783,
    21.385578231292516,
    21.478458049886623,
    21.66421768707483,
    21.803537414965987,
    21.989297052154196,
    22.0821768707483,
    22.407256235827663,
    22.593015873015872,
    22.68589569160998,
    22.871655328798187,
    22.941315192743765,
    23.312834467120183,
    23.61469387755102,
    23.800453514739228,
    23.91655328798186,
    24.079092970521543,
    24.2184126984127,
    24.404172335600908,
    24.52027210884354,
    24.68281179138322,
    24.729251700680273,
    24.822131519274375,
    25.054331065759637,
    25.14721088435374,
    25.2865306122449,
    25.379410430839002,
    25.727709750566895,
    25.93668934240363,
    26.05278911564626,
    26.23854875283447,
    26.33142857142857,
    26.51718820861678,
    26.63328798185941,
    26.842267573696144,
    26.93514739229025,
    27.237006802721087,
    27.445986394557824,
    27.538866213151927,
    27.724625850340136,
    27.840725623582767,
    28.0497052154195,
    28.142585034013607,
    28.374784580498865,
    28.444444444444443,
    28.63020408163265,
    28.746303854875283,
    28.93206349206349,
    29.048163265306123,
    29.257142857142856,
    29.350022675736962
  ],
  "rhythm_regularity": 0.9708839021835404,
  "syncopation_index": 0.6809815950920245,
  "beat_count": 48,
  "onset_count": 163
}