{
  "snr_db": 37.29739849136478,
  "dynamic_range_db": 20.745876686947508,
  "rms_energy": 0.1322731226682663,
  "zero_crossing_rate": 0.12092004556782643
}