{
  "meta": {
    "path": "../../data/raw/MIREX-like_mood/dataset/Audio/868.mp3",
    "file_hash": "529b15fbf63394e8a5f194b5ac019bc545d47038",
    "duration_sec": 29.628662131519274,
    "sample_rate": 22050,
    "analysis_timestamp": "2025-10-24T20:14:28.485928",
    "config": {
      "sr": 22050,
      "n_fft": 2048,
      "hop_length": 512,
      "n_mels": 128,
      "n_mfcc": 13,
      "n_chroma": 12,
      "frame_length": 2048,
      "workers": 4,
      "use_crepe": false,
      "save_matrices": false,
      "save_plots": true,
      "force": true,
      "quick": false,
      "verbose": false
    },
    "processing_time_sec": 3.173780918121338
  },
  "acoustic": {
    "mfcc_mean": [
      -4.522237777709961,
      73.1264419555664,
      -33.688133239746094,
      33.3554573059082,
      -1.495958924293518,
      6.863877773284912,
      -4.217952728271484,
      0.08392453193664551,
      -6.525670528411865,
      8.661613464355469,
      -6.338181972503662,
      1.0141291618347168,
      -2.9657230377197266
    ],
    "mfcc_std": [
      78.85177612304688,
      27.972150802612305,
      18.412626266479492,
      15.581298828125,
      11.613024711608887,
      9.109309196472168,
      8.326637268066406,
      7.443028926849365,
      7.493072986602783,
      6.767864227294922,
      6.367928981781006,
      6.046172618865967,
      6.550355434417725
    ],
    "spectral_centroid_mean": 2755.860097507776,
    "spectral_centroid_std": 571.3050913475563,
    "spectral_bandwidth_mean": 2303.9221663163707,
    "spectral_bandwidth_std": 369.22625052388526,
    "spectral_rolloff_mean": 5178.979855435102,
    "spectral_rolloff_std": 1178.3596708226346,
    "spectral_flux_mean": 9175.25,
    "spectral_flux_std": 6803.91845703125,
    "spectral_flatness_mean": 0.04693947732448578,
    "spectral_flatness_std": 0.05275033414363861,
    "spectral_slope_mean": -0.0004764812848276,
    "spectral_spread_mean": 2303.9221661697684,
    "spectral_skewness_mean": 1.080865683166401,
    "spectral_kurtosis_mean": 3.87658504358145
  },
  "rhythm": {
    "tempo_bpm": 80.74951171875,
    "tempo_confidence": 0.9789907160794743,
    "beat_positions": [
      3.01859410430839,
      3.7384126984126986,
      4.481451247165533,
      5.224489795918367,
      5.944308390022676,
      6.710566893424036,
      7.453605442176871,
      8.196643990929704,
      8.93968253968254,
      9.682721088435374,
      10.425759637188209,
      11.19201814058957,
      11.95827664399093,
      12.701315192743763,
      13.444353741496599,
      14.117732426303855,
      14.930430839002268,
      15.673469387755102,
      16.39328798185941,
      17.136326530612244,
      17.856145124716555,
      18.599183673469387,
      19.342222222222222,
      20.06204081632653,
      20.805079365079365,
      21.5481179138322,
      22.267936507936508,
      22.987755102040815,
      23.73079365079365,
      24.450612244897957,
      25.170430839002268,
      25.913469387755104,
      26.63328798185941,
      27.376326530612246,
      28.096145124716553,
      28.81596371882086,
      29.559002267573696
    ],
    "onset_times": [
      0.16253968253968254,
      0.34829931972789113,
      0.5804988662131519,
      1.3235374149659864,
      2.6238548752834467,
      2.995374149659864,
      3.1811337868480725,
      3.3436734693877552,
      3.5294331065759637,
      3.7151927437641725,
      3.924172335600907,
      4.08671201814059,
      4.272471655328798,
      4.458231292517007,
      4.667210884353741,
      4.829750566893424,
      5.015510204081632,
      5.201269841269841,
      5.38702947845805,
      5.572789115646258,
      5.735328798185941,
      5.944308390022676,
      6.130068027210885,
      6.315827664399093,
      6.501587301587302,
      6.6873469387755105,
      6.873106575963718,
      7.058866213151927,
      7.244625850340136,
      7.430385487528345,
      7.616145124716553,
      7.801904761904762,
      7.987664399092971,
      8.17342403628118,
      8.359183673469389,
      8.544943310657596,
      8.730702947845804,
      8.916462585034013,
      9.125442176870749,
      9.287981859410431,
      9.47374149659864,
      9.659501133786849,
      9.868480725623582,
      10.031020408163265,
      10.24,
      10.425759637188209,
      10.611519274376418,
      10.797278911564625,
      10.95981859410431,
      11.168798185941043,
      11.354557823129252,
      11.563537414965987,
      11.95827664399093,
      12.144036281179138,
      12.329795918367347,
      12.515555555555556,
      12.887074829931972,
      13.072834467120181,
      13.421133786848072,
      13.537233560090703,
      13.722993197278912,
      13.908752834467121,
      14.094512471655328,
      14.280272108843537,
      14.44281179138322,
      14.582131519274377,
      14.930430839002268,
      15.301950113378684,
      15.650249433106575,
      16.021768707482995,
      16.23074829931973,
      16.370068027210884,
      16.579047619047618,
      16.741587301587302,
      16.950566893424035,
      17.11310657596372,
      17.46140589569161,
      17.832925170068027,
      18.22766439909297,
      18.390204081632653,
      18.575963718820862,
      18.94748299319728,
      19.156462585034014,
      19.319002267573698,
      19.667301587301587,
      20.038820861678005,
      20.410340136054423,
      20.78185941043084,
      21.153378684807254,
      21.339138321995463,
      21.524897959183672,
      21.873197278911565,
      22.0821768707483,
      22.244716553287983,
      22.430476190476192,
      22.6162358276644,
      22.96453514739229,
      23.312834467120183,
      23.707573696145126,
      24.055873015873015,
      24.264852607709752,
      24.427392290249433,
      24.79891156462585,
      25.170430839002268,
      25.518730158730158,
      25.890249433106575,
      26.261768707482993,
      26.447528344671202,
      26.63328798185941,
      27.00480725623583,
      27.16734693877551,
      27.353106575963718,
      27.724625850340136,
      28.096145124716553,
      28.444444444444443,
      28.606984126984127,
      28.81596371882086,
      29.18748299319728,
      29.53578231292517
    ],
    "rhythm_regularity": 0.9708909802981377,
    "syncopation_index": 0.6890756302521008,
    "beat_count": 37,
    "onset_count": 119
  },
  "harmony": {
    "chroma_mean": [
      0.6128146648406982,
      0.6417744159698486,
      0.8061898946762085,
      0.655153214931488,
      0.6093825697898865,
      0.6352195143699646,
      0.5971102118492126,
      0.6471143960952759,
      0.5939947962760925,
      0.7990074157714844,
      0.6942575573921204,
      0.610073983669281
    ],
    "chroma_std": [
      0.18234144151210785,
      0.18296106159687042,
      0.17605163156986237,
      0.1622113287448883,
      0.17254160344600677,
      0.19363224506378174,
      0.1520589292049408,
      0.2082764059305191,
      0.15323679149150848,
      0.18010567128658295,
      0.16970042884349823,
      0.1626371443271637
    ],
    "key_estimation": {
      "key": "C_major",
      "confidence": -0.04079207635424298
    },
    "tonal_complexity": 0.06986306607723236
  },
  "quality": {
    "snr_db": 35.118903896890124,
    "dynamic_range_db": 15.942168675506036,
    "rms_energy": 0.21054986119270325,
    "zero_crossing_rate": 0.1768151673844949
  },
  "lyrics": {}
}