{
  "mfcc_mean": [
    -138.775146484375,
    94.72569274902344,
    23.571195602416992,
    23.621902465820312,
    12.712553024291992,
    14.437459945678711,
    -1.4286748170852661,
    6.861285209655762,
    -5.78886604309082,
    2.202907085418701,
    -5.678966522216797,
    -1.9616683721542358,
    -7.20194149017334
  ],
  "mfcc_std": [
    81.07928466796875,
    27.147247314453125,
    18.280517578125,
    12.010265350341797,
    12.917078018188477,
    8.584015846252441,
    8.138875007629395,
    9.200969696044922,
    5.7537384033203125,
    6.045783042907715,
    6.065203666687012,
    5.219532489776611,
    5.946998596191406
  ],
  "spectral_centroid_mean": 2058.4877225032096,
  "spectral_centroid_std": 789.8626872121009,
  "spectral_bandwidth_mean": 2629.4256181160126,
  "spectral_bandwidth_std": 431.2676314579829,
  "spectral_rolloff_mean": 4985.702559983385,
  "spectral_rolloff_std": 1809.0441025560124,
  "spectral_flux_mean": 3391.042236328125,
  "spectral_flux_std": 5750.97509765625,
  "spectral_flatness_mean": 0.012564652599394321,
  "spectral_flatness_std": 0.04051673039793968,
  "spectral_slope_mean": -0.00031083332259873445,
  "spectral_spread_mean": 2629.425620976442,
  "spectral_skewness_mean": 1.6258679286302162,
  "spectral_kurtosis_mean": 5.105079800212607
}