{
  "tempo_bpm": 107.666015625,
  "tempo_confidence": 0.9709742326569619,
  "beat_positions": [
    0.5108390022675737,
    1.0448979591836736,
    1.6021768707482993,
    2.1130158730158732,
    2.6238548752834467,
    3.1579138321995464,
    3.6919727891156464,
    4.2260317460317465,
    4.783310657596372,
    5.340589569160998,
    5.921088435374149,
    6.431927437641724,
    6.942766439909297,
    7.4071655328798185,
    8.010884353741497,
    8.544943310657596,
    9.102222222222222,
    9.566621315192744,
    10.147120181405896,
    10.681179138321996,
    11.19201814058957,
    11.72607709750567,
    12.236916099773243,
    12.72453514739229,
    13.25859410430839,
    13.769433106575963,
    14.303492063492063,
    14.814331065759637,
    15.301950113378684,
    15.836009070294784,
    16.370068027210884,
    16.904126984126986,
    17.46140589569161,
    18.018684807256236,
    18.575963718820862,
    19.13324263038549,
    19.690521541950112,
    20.24780045351474,
    20.805079365079365,
    21.36235827664399,
    21.89641723356009,
    22.407256235827663,
    22.918095238095237,
    23.42893424036281,
    23.962993197278912,
    24.52027210884354,
    25.031111111111112,
    25.588390022675735,
    26.192108843537415,
    26.772607709750567,
    27.353106575963718,
    27.93360544217687,
    28.490884353741496,
    29.024943310657598,
    29.559002267573696
  ],
  "onset_times": [
    0.13931972789115646,
    0.18575963718820862,
    0.3947392290249433,
    0.603718820861678,
    0.6965986394557823,
    0.8591383219954648,
    1.0448979591836736,
    1.253877551020408,
    1.4396371882086167,
    1.6021768707482993,
    1.6718367346938776,
    1.811156462585034,
    1.9504761904761905,
    2.089795918367347,
    2.345215419501134,
    2.48453514739229,
    2.6238548752834467,
    2.693514739229025,
    2.7631746031746034,
    2.8328344671201813,
    2.972154195011338,
    3.1579138321995464,
    3.2275736961451247,
    3.599092970521542,
    3.7384126984126986,
    3.947392290249433,
    4.20281179138322,
    4.272471655328798,
    4.4117913832199545,
    4.551111111111111,
    4.713650793650793,
    4.85297052154195,
    5.340589569160998,
    5.456689342403628,
    5.572789115646258,
    5.688888888888889,
    5.828208616780046,
    5.897868480725624,
    6.176507936507937,
    6.246167800453515,
    6.3854875283446715,
    6.455147392290249,
    6.5712471655328795,
    6.710566893424036,
    6.780226757369615,
    6.849886621315193,
    6.919546485260771,
    7.128526077097506,
    7.244625850340136,
    7.383945578231293,
    7.500045351473923,
    7.616145124716553,
    7.685804988662132,
    7.825124716553288,
    8.150204081632653,
    8.289523809523809,
    8.614603174603175,
    8.962902494331066,
    9.102222222222222,
    9.195102040816327,
    9.357641723356009,
    9.520181405895691,
    9.682721088435374,
    9.891700680272109,
    9.93814058956916,
    10.054240362811791,
    10.193560090702947,
    10.402539682539683,
    10.541859410430838,
    10.65795918367347,
    10.797278911564625,
    10.936598639455783,
    11.029478458049887,
    11.145578231292516,
    11.23845804988662,
    11.377777777777778,
    11.586757369614512,
    11.842176870748299,
    12.004716553287983,
    12.120816326530612,
    12.26013605442177,
    12.376235827664399,
    12.561995464852608,
    12.701315192743763,
    12.863854875283447,
    13.003174603174603,
    13.235374149659863,
    13.397913832199546,
    13.769433106575963,
    13.908752834467121,
    14.721451247165533,
    16.16108843537415,
    16.602267573696146,
    16.764807256235827,
    16.857687074829933,
    17.04344671201814,
    17.205986394557822,
    17.2756462585034,
    17.41496598639456,
    17.623945578231293,
    17.740045351473924,
    17.809705215419502,
    17.87936507936508,
    18.018684807256236,
    18.15800453514739,
    18.204444444444444,
    18.3437641723356,
    18.413424036281178,
    18.552743764172334,
    18.738503401360543,
    18.877823129251702,
    19.017142857142858,
    19.342222222222222,
    19.59764172335601,
    20.224580498866214,
    20.990839002267574,
    21.037278911564627,
    21.36235827664399,
    21.43201814058957,
    21.571337868480725,
    21.66421768707483,
    21.873197278911565,
    22.01251700680272,
    22.175056689342405,
    22.360816326530614,
    22.407256235827663,
    22.50013605442177,
    22.593015873015872,
    22.77877551020408,
    22.918095238095237,
    23.359274376417233,
    23.61469387755102,
    23.939773242630384,
    24.125532879818593,
    24.357732426303855,
    24.49705215419501,
    24.636371882086166,
    25.031111111111112,
    25.170430839002268,
    25.379410430839002,
    25.820589569160997,
    26.05278911564626,
    26.261768707482993,
    26.377868480725624,
    26.540408163265305,
    26.610068027210886,
    26.749387755102042,
    26.888707482993198,
    26.958367346938775,
    27.16734693877551,
    27.93360544217687,
    28.11936507936508,
    28.16580498866213,
    28.281904761904762,
    28.46766439909297,
    28.63020408163265,
    28.76952380952381,
    28.908843537414967,
    29.00172335600907,
    29.23392290249433,
    29.373242630385487,
    29.53578231292517
  ],
  "rhythm_regularity": 0.9444286320083622,
  "syncopation_index": 0.6234567901234568,
  "beat_count": 55,
  "onset_count": 162
}