{
  "snr_db": 38.05740248681683,
  "dynamic_range_db": 19.576920011009243,
  "rms_energy": 0.1469045877456665,
  "zero_crossing_rate": 0.08502851043295544
}