{
  "snr_db": 35.20053367522255,
  "dynamic_range_db": 18.492049385457968,
  "rms_energy": 0.1613372266292572,
  "zero_crossing_rate": 0.08531636349198593
}