{
  "chroma_mean": [
    0.484874427318573,
    0.5036094784736633,
    0.6821436882019043,
    0.6275163292884827,
    0.7294146418571472,
    0.6430399417877197,
    0.5716400146484375,
    0.7016844749450684,
    0.53839111328125,
    0.5052520632743835,
    0.4150358736515045,
    0.5096474885940552
  ],
  "chroma_std": [
    0.1793660968542099,
    0.1773373931646347,
    0.2342236489057541,
    0.19001832604408264,
    0.2309284806251526,
    0.22551362216472626,
    0.17137910425662994,
    0.2494593858718872,
    0.178131565451622,
    0.17612695693969727,
    0.14518894255161285,
    0.17370066046714783
  ],
  "key_estimation": {
    "key": "C_major",
    "confidence": 0.2971669904585306
  },
  "tonal_complexity": 0.09488698095083237
}