{
  "snr_db": 35.923169907129434,
  "dynamic_range_db": 21.394991114569407,
  "rms_energy": 0.11829966306686401,
  "zero_crossing_rate": 0.2182956430523029
}