{
  "mfcc_mean": [
    -25.67296028137207,
    79.9902114868164,
    6.689086437225342,
    27.769123077392578,
    12.03579044342041,
    15.972742080688477,
    8.73566722869873,
    15.932506561279297,
    5.022661209106445,
    4.9230637550354,
    0.22547827661037445,
    0.3020119071006775,
    1.2437459230422974
  ],
  "mfcc_std": [
    93.01119232177734,
    22.22509002685547,
    30.01651954650879,
    12.572346687316895,
    11.387504577636719,
    12.771039962768555,
    11.289505958557129,
    6.875667572021484,
    7.128483295440674,
    7.496877670288086,
    7.212968826293945,
    6.39914608001709,
    7.056308746337891
  ],
  "spectral_centroid_mean": 2412.7250301898825,
  "spectral_centroid_std": 684.7725034934992,
  "spectral_bandwidth_mean": 2678.9617043758226,
  "spectral_bandwidth_std": 378.00659989098403,
  "spectral_rolloff_mean": 5417.191447424388,
  "spectral_rolloff_std": 1395.9082879073399,
  "spectral_flux_mean": 15206.71484375,
  "spectral_flux_std": 12956.8037109375,
  "spectral_flatness_mean": 0.025680338963866234,
  "spectral_flatness_std": 0.04093804955482483,
  "spectral_slope_mean": -0.00022950834176244098,
  "spectral_spread_mean": 2679.300942204675,
  "spectral_skewness_mean": 1.3445430919694967,
  "spectral_kurtosis_mean": 4.298902427838012
}