{
  "snr_db": 35.723124895972404,
  "dynamic_range_db": 13.581099480164067,
  "rms_energy": 0.27644744515419006,
  "zero_crossing_rate": 0.06903802983732417
}