{
  "chroma_mean": [
    0.2919255793094635,
    0.34982919692993164,
    0.3670111894607544,
    0.4830222427845001,
    0.6996682286262512,
    0.4175623953342438,
    0.4732171595096588,
    0.5005208253860474,
    0.394552081823349,
    0.4878314137458801,
    0.3740800619125366,
    0.45099034905433655
  ],
  "chroma_std": [
    0.1691284030675888,
    0.20657287538051605,
    0.18840178847312927,
    0.2413642257452011,
    0.2786148190498352,
    0.2083481401205063,
    0.2814694941043854,
    0.261034220457077,
    0.2071324735879898,
    0.28495150804519653,
    0.23660369217395782,
    0.25178754329681396
  ],
  "key_estimation": {
    "key": "C_major",
    "confidence": 0.03969592832849063
  },
  "tonal_complexity": 0.0994749441742897
}