{
  "mfcc_mean": [
    -229.70057678222656,
    116.288330078125,
    -15.301867485046387,
    36.16029357910156,
    15.492757797241211,
    -11.354704856872559,
    -5.189725399017334,
    9.525351524353027,
    -19.606168746948242,
    2.5108749866485596,
    0.7347063422203064,
    -9.047338485717773,
    -7.703023433685303
  ],
  "mfcc_std": [
    84.13384246826172,
    27.88348960876465,
    25.507116317749023,
    16.996265411376953,
    18.64833641052246,
    15.190215110778809,
    12.368818283081055,
    14.13696002960205,
    12.160009384155273,
    9.770312309265137,
    10.863260269165039,
    11.833395957946777,
    9.433287620544434
  ],
  "spectral_centroid_mean": 1720.3417662971897,
  "spectral_centroid_std": 517.8481248158475,
  "spectral_bandwidth_mean": 1910.689783969996,
  "spectral_bandwidth_std": 325.51823691233733,
  "spectral_rolloff_mean": 3154.6225717905404,
  "spectral_rolloff_std": 997.7008662640565,
  "spectral_flux_mean": 1378.8956298828125,
  "spectral_flux_std": 2994.644775390625,
  "spectral_flatness_mean": 0.0056260135024785995,
  "spectral_flatness_std": 0.03660831227898598,
  "spectral_slope_mean": -0.0004506043395077043,
  "spectral_spread_mean": 1910.6897838436455,
  "spectral_skewness_mean": 2.119513450754202,
  "spectral_kurtosis_mean": 8.456776246042066
}