{
  "tempo_bpm": 117.45383522727273,
  "tempo_confidence": 0.9849882247627589,
  "beat_positions": [
    0.5108390022675737,
    1.0448979591836736,
    1.555736961451247,
    2.043356009070295,
    2.6006349206349206,
    3.111473922902494,
    3.622312925170068,
    4.156371882086168,
    4.690430839002268,
    5.201269841269841,
    5.712108843537415,
    6.222947845804988,
    6.757006802721088,
    7.267845804988662,
    7.778684807256236,
    8.289523809523809,
    8.777142857142858,
    9.264761904761905,
    9.752380952380953,
    10.263219954648527,
    10.820498866213152,
    11.354557823129252,
    11.865396825396825,
    12.376235827664399,
    12.887074829931972,
    13.397913832199546,
    13.908752834467121,
    14.419591836734694,
    14.930430839002268,
    15.441269841269841,
    15.975328798185942,
    16.486167800453515,
    16.99700680272109,
    17.531065759637187,
    18.06512471655329,
    18.575963718820862,
    19.086802721088436,
    19.59764172335601,
    20.108480725623583,
    20.619319727891156,
    21.13015873015873,
    21.640997732426303,
    22.151836734693877,
    22.66267573696145,
    23.196734693877552,
    23.684353741496597,
    24.19519274376417,
    24.706031746031748,
    25.193650793650793,
    25.704489795918366,
    26.21532879818594,
    26.726167800453513,
    27.260226757369615,
    27.77106575963719,
    28.281904761904762,
    28.76952380952381,
    29.280362811791385
  ],
  "onset_times": [
    0.16253968253968254,
    0.5108390022675737,
    0.8823582766439909,
    1.0216780045351475,
    1.3931972789115645,
    1.5325170068027212,
    1.9969160997732427,
    2.5541950113378684,
    2.6006349206349206,
    2.8328344671201813,
    3.0882539682539685,
    3.4829931972789114,
    3.599092970521542,
    3.8080725623582765,
    3.9706122448979593,
    4.156371882086168,
    4.504671201814059,
    4.690430839002268,
    4.9458503401360545,
    4.992290249433107,
    5.178049886621316,
    5.50312925170068,
    5.712108843537415,
    5.990748299319728,
    6.199727891156463,
    6.5712471655328795,
    6.733786848072563,
    7.244625850340136,
    7.75546485260771,
    8.080544217687075,
    8.266303854875284,
    8.6378231292517,
    8.777142857142858,
    9.102222222222222,
    9.264761904761905,
    9.311201814058958,
    9.729160997732427,
    10.24,
    10.797278911564625,
    10.843718820861678,
    11.331337868480725,
    11.818956916099774,
    12.144036281179138,
    12.376235827664399,
    12.84063492063492,
    12.887074829931972,
    13.02639455782313,
    13.142494331065759,
    13.25859410430839,
    13.397913832199546,
    13.885532879818594,
    14.210612244897959,
    14.396371882086168,
    14.628571428571428,
    14.930430839002268,
    15.232290249433106,
    15.418049886621315,
    15.74312925170068,
    15.975328798185942,
    16.137868480725622,
    16.46294784580499,
    16.741587301587302,
    16.880907029478458,
    16.99700680272109,
    17.205986394557822,
    17.39174603174603,
    17.531065759637187,
    17.786485260770974,
    18.04190476190476,
    18.36698412698413,
    18.552743764172334,
    18.83138321995465,
    19.040362811791383,
    19.086802721088436,
    19.388662131519276,
    19.574421768707484,
    19.922721088435374,
    20.085260770975058,
    20.59609977324263,
    21.106938775510205,
    21.478458049886623,
    21.61777777777778,
    22.128616780045352,
    22.523356009070294,
    22.66267573696145,
    22.96453514739229,
    23.173514739229024,
    23.61469387755102,
    23.870113378684806,
    24.055873015873015,
    24.19519274376417,
    24.68281179138322,
    25.193650793650793,
    25.68126984126984,
    26.05278911564626,
    26.21532879818594,
    26.586848072562358,
    26.726167800453513,
    27.09768707482993,
    27.237006802721087,
    27.538866213151927,
    27.77106575963719,
    28.0497052154195,
    28.258684807256238,
    28.746303854875283,
    28.955283446712016,
    29.257142857142856,
    29.489342403628118,
    29.628662131519274,
    29.76798185941043
  ],
  "rhythm_regularity": 0.9703341792582901,
  "syncopation_index": 0.43636363636363634,
  "beat_count": 57,
  "onset_count": 110
}