{
  "tempo_bpm": 103.359375,
  "tempo_confidence": 0.987327344626899,
  "beat_positions": [
    0.5108390022675737,
    1.0913378684807256,
    1.6718367346938776,
    2.2523356009070294,
    2.8328344671201813,
    3.4133333333333336,
    4.017052154195011,
    4.597551020408163,
    5.178049886621316,
    5.758548752834467,
    6.339047619047619,
    6.919546485260771,
    7.523265306122449,
    8.103764172335602,
    8.684263038548753,
    9.264761904761905,
    9.822040816326531,
    10.425759637188209,
    11.029478458049887,
    11.609977324263038,
    12.19047619047619,
    12.770975056689343,
    13.351473922902494,
    13.931972789115646,
    14.535691609977324,
    15.116190476190477,
    15.719909297052155,
    16.32362811791383,
    16.92734693877551,
    17.531065759637187,
    18.134784580498867,
    18.715283446712018,
    19.319002267573698,
    19.89950113378685,
    20.503219954648525,
    21.083718820861677,
    21.66421768707483,
    22.267936507936508,
    22.871655328798187,
    23.45215419501134,
    24.03265306122449,
    24.636371882086166,
    25.21687074829932,
    25.797369614512473,
    26.377868480725624,
    26.9815873015873,
    27.58530612244898,
    28.142585034013607,
    28.746303854875283
  ],
  "onset_times": [
    0.16253968253968254,
    0.2089795918367347,
    0.4876190476190476,
    0.7894784580498866,
    1.0681179138321995,
    1.3931972789115645,
    1.6486167800453515,
    1.8343764172335602,
    1.9736961451247166,
    2.2291156462585033,
    2.5309750566893423,
    2.8328344671201813,
    3.111473922902494,
    3.3901133786848074,
    3.575873015873016,
    3.7151927437641725,
    3.9938321995464854,
    4.133151927437642,
    4.295691609977324,
    4.551111111111111,
    4.73687074829932,
    4.876190476190477,
    5.154829931972789,
    5.317369614512471,
    5.479909297052155,
    5.596009070294785,
    5.735328798185941,
    5.921088435374149,
    6.03718820861678,
    6.339047619047619,
    6.919546485260771,
    7.22140589569161,
    7.500045351473923,
    7.801904761904762,
    8.103764172335602,
    8.243083900226758,
    8.382403628117913,
    8.684263038548753,
    8.800362811791382,
    8.93968253968254,
    9.241541950113378,
    9.404081632653062,
    9.543401360544218,
    9.682721088435374,
    9.822040816326531,
    9.984580498866213,
    10.12390022675737,
    10.263219954648527,
    10.402539682539683,
    10.588299319727891,
    10.727619047619047,
    11.029478458049887,
    11.609977324263038,
    11.888616780045352,
    12.167256235827665,
    12.469115646258503,
    12.770975056689343,
    12.933514739229025,
    13.049614512471654,
    13.351473922902494,
    13.931972789115646,
    14.233832199546486,
    14.512471655328799,
    14.698231292517006,
    15.116190476190477,
    15.418049886621315,
    15.719909297052155,
    16.300408163265306,
    16.602267573696146,
    16.904126984126986,
    17.205986394557822,
    17.39174603174603,
    17.531065759637187,
    17.670385487528346,
    17.832925170068027,
    18.11156462585034,
    18.250884353741498,
    18.413424036281178,
    18.552743764172334,
    18.692063492063493,
    18.854603174603174,
    18.99392290249433,
    19.040362811791383,
    19.156462585034014,
    19.29578231292517,
    19.458321995464853,
    19.59764172335601,
    19.760181405895693,
    19.87628117913832,
    20.06204081632653,
    20.201360544217685,
    20.503219954648525,
    20.64253968253968,
    21.083718820861677,
    21.385578231292516,
    21.66421768707483,
    21.966077097505668,
    22.128616780045352,
    22.267936507936508,
    22.569795918367348,
    22.84843537414966,
    23.173514739229024,
    23.42893424036281,
    23.754013605442175,
    24.009433106575965,
    24.33451247165533,
    24.61315192743764,
    25.193650793650793,
    25.518730158730158,
    25.658049886621317,
    25.774149659863944,
    26.09922902494331,
    26.354648526077096,
    26.656507936507936,
    26.958367346938775,
    27.144126984126984,
    27.260226757369615,
    27.58530612244898,
    27.70140589569161,
    27.86394557823129,
    28.142585034013607,
    28.281904761904762,
    28.444444444444443,
    28.583764172335602,
    28.723083900226758,
    28.88562358276644
  ],
  "rhythm_regularity": 0.9781801000634517,
  "syncopation_index": 0.6111111111111112,
  "beat_count": 49,
  "onset_count": 126
}