{
  "tempo_bpm": 89.10290948275862,
  "tempo_confidence": 0.983720620159634,
  "beat_positions": [
    0.23219954648526078,
    0.905578231292517,
    1.5789569160997732,
    2.2755555555555556,
    2.9257142857142857,
    3.575873015873016,
    4.249251700680272,
    4.922630385487528,
    5.572789115646258,
    6.246167800453515,
    6.896326530612245,
    7.569705215419501,
    8.219863945578231,
    8.893242630385487,
    9.566621315192744,
    10.263219954648527,
    10.89015873015873,
    11.563537414965987,
    12.236916099773243,
    12.887074829931972,
    13.537233560090703,
    14.210612244897959,
    14.883990929705215,
    15.534149659863946,
    16.207528344671204,
    16.880907029478458,
    17.554285714285715,
    18.250884353741498,
    18.877823129251702,
    19.551201814058956,
    20.201360544217685,
    20.851519274376418,
    21.524897959183672,
    22.175056689342405,
    22.871655328798187,
    23.54503401360544,
    24.19519274376417,
    24.86857142857143,
    25.518730158730158,
    26.16888888888889,
    26.842267573696144,
    27.515646258503402,
    28.189024943310656
  ],
  "onset_times": [
    0.23219954648526078,
    0.905578231292517,
    1.253877551020408,
    1.4628571428571429,
    1.5789569160997732,
    2.066575963718821,
    2.2755555555555556,
    2.414875283446712,
    2.5774149659863945,
    2.7631746031746034,
    2.9024943310657596,
    3.2275736961451247,
    3.5526530612244898,
    3.8080725623582765,
    4.2260317460317465,
    4.551111111111111,
    4.73687074829932,
    4.922630385487528,
    5.038730158730159,
    5.085170068027211,
    5.224489795918367,
    5.410249433106576,
    5.5495691609977325,
    5.897868480725624,
    6.060408163265306,
    6.222947845804988,
    6.478367346938776,
    6.896326530612245,
    7.198185941043084,
    7.383945578231293,
    7.592925170068027,
    7.87156462585034,
    8.080544217687075,
    8.219863945578231,
    8.452063492063493,
    8.730702947845804,
    8.893242630385487,
    9.566621315192744,
    9.798820861678005,
    9.914920634920636,
    10.054240362811791,
    10.263219954648527,
    10.541859410430838,
    10.750839002267574,
    10.866938775510205,
    11.075918367346938,
    11.19201814058957,
    11.42421768707483,
    11.54031746031746,
    12.097596371882085,
    12.213696145124716,
    12.585215419501134,
    12.701315192743763,
    13.072834467120181,
    13.212154195011339,
    13.397913832199546,
    13.537233560090703,
    13.79265306122449,
    14.02485260770975,
    14.210612244897959,
    14.466031746031746,
    14.744671201814059,
    14.883990929705215,
    15.209070294784581,
    15.348390022675737,
    15.882448979591837,
    16.068208616780044,
    16.207528344671204,
    16.439727891156462,
    16.555827664399093,
    16.764807256235827,
    16.880907029478458,
    17.136326530612244,
    17.531065759637187,
    18.04190476190476,
    18.250884353741498,
    18.436643990929706,
    18.552743764172334,
    18.738503401360543,
    18.854603174603174,
    19.086802721088436,
    19.22612244897959,
    19.52798185941043,
    19.853061224489796,
    20.201360544217685,
    20.54965986394558,
    20.688979591836734,
    21.199818594104308,
    21.524897959183672,
    21.849977324263037,
    22.01251700680272,
    22.151836734693877,
    22.732335600907028,
    22.871655328798187,
    23.219954648526077,
    23.359274376417233,
    23.707573696145126,
    23.84689342403628,
    24.171972789115646,
    24.52027210884354,
    24.845351473922904,
    25.402630385487527,
    25.518730158730158,
    25.727709750566895,
    25.86702947845805,
    26.006349206349206,
    26.192108843537415,
    26.33142857142857,
    26.493968253968255,
    26.679727891156464,
    26.81904761904762,
    27.00480725623583,
    27.144126984126984,
    27.492426303854874,
    27.70140589569161,
    27.86394557823129,
    28.07292517006803,
    28.189024943310656,
    28.676643990929705,
    28.862403628117914,
    29.071383219954647,
    29.18748299319728,
    29.512562358276643
  ],
  "rhythm_regularity": 0.9751384891244259,
  "syncopation_index": 0.6829268292682927,
  "beat_count": 43,
  "onset_count": 123
}