,precision,recall,f1-score,support
Cluster 1,0.34782608695652173,0.23529411764705882,0.2807017543859649,34.0
Cluster 2,0.35714285714285715,0.15151515151515152,0.2127659574468085,33.0
Cluster 3,0.4492753623188406,0.7209302325581395,0.5535714285714286,43.0
Cluster 4,0.3684210526315789,0.3684210526315789,0.3684210526315789,38.0
Cluster 5,0.4864864864864865,0.5454545454545454,0.5142857142857142,33.0
accuracy,0.4198895027624309,0.4198895027624309,0.4198895027624309,0.4198895027624309
macro avg,0.401830369107257,0.40432301996129477,0.385949181464299,181.0
weighted avg,0.4032303639558023,0.4198895027624309,0.3941443991429143,181.0
