{
  "tempo_bpm": 129.19921875,
  "tempo_confidence": 0.9899449880702237,
  "beat_positions": [
    1.1377777777777778,
    1.6021768707482993,
    2.089795918367347,
    2.5309750566893423,
    2.972154195011338,
    3.436553287981859,
    3.900952380952381,
    4.365351473922902,
    4.829750566893424,
    5.294149659863946,
    5.758548752834467,
    6.199727891156463,
    6.664126984126984,
    7.128526077097506,
    7.592925170068027,
    8.057324263038549,
    8.52172335600907,
    8.986122448979591,
    9.450521541950113,
    9.914920634920636,
    10.356099773242631,
    10.820498866213152,
    11.284897959183674,
    11.749297052154194,
    12.213696145124716,
    12.678095238095239,
    13.142494331065759,
    13.606893424036281,
    14.048072562358277,
    14.512471655328799,
    14.97687074829932,
    15.441269841269841,
    15.905668934240364,
    16.370068027210884,
    16.834467120181404,
    17.29886621315193,
    17.76326530612245,
    18.204444444444444,
    18.668843537414965,
    19.13324263038549,
    19.59764172335601,
    20.06204081632653,
    20.526439909297054,
    20.990839002267574,
    21.43201814058957,
    21.89641723356009,
    22.360816326530614,
    22.825215419501134,
    23.289614512471655,
    23.73079365079365,
    24.2184126984127,
    24.68281179138322,
    25.123990929705215,
    25.588390022675735,
    26.05278911564626,
    26.51718820861678,
    26.9815873015873,
    27.445986394557824,
    27.910385487528345,
    28.35156462585034,
    28.81596371882086,
    29.257142857142856
  ],
  "onset_times": [
    0.16253968253968254,
    0.2786394557823129,
    0.4179591836734694,
    0.6501587301587302,
    0.8823582766439909,
    1.1377777777777778,
    1.3699773242630386,
    1.5789569160997732,
    1.787936507936508,
    2.089795918367347,
    2.2755555555555556,
    2.507755102040816,
    2.647074829931973,
    2.7399546485260773,
    2.972154195011338,
    3.2043537414965986,
    3.436553287981859,
    3.5526530612244898,
    3.6687528344671203,
    3.900952380952381,
    4.133151927437642,
    4.342131519274377,
    4.481451247165533,
    4.574331065759637,
    4.806530612244898,
    5.038730158730159,
    5.270929705215419,
    5.50312925170068,
    5.735328798185941,
    5.9675283446712015,
    6.199727891156463,
    6.339047619047619,
    6.431927437641724,
    6.664126984126984,
    6.896326530612245,
    7.035646258503402,
    7.128526077097506,
    7.267845804988662,
    7.360725623582766,
    7.592925170068027,
    7.801904761904762,
    8.034104308390022,
    8.17342403628118,
    8.289523809523809,
    8.498503401360544,
    8.730702947845804,
    8.962902494331066,
    9.195102040816327,
    9.427301587301587,
    9.659501133786849,
    9.891700680272109,
    10.031020408163265,
    10.12390022675737,
    10.356099773242631,
    10.588299319727891,
    10.820498866213152,
    11.052698412698414,
    11.261678004535147,
    11.517097505668934,
    11.749297052154194,
    11.865396825396825,
    11.95827664399093,
    12.19047619047619,
    12.422675736961452,
    12.654875283446712,
    12.887074829931972,
    13.119274376417234,
    13.351473922902494,
    13.583673469387755,
    13.722993197278912,
    13.815873015873017,
    14.048072562358277,
    14.280272108843537,
    14.512471655328799,
    14.628571428571428,
    14.744671201814059,
    14.97687074829932,
    15.185850340136055,
    15.441269841269841,
    15.557369614512472,
    15.650249433106575,
    15.882448979591837,
    16.137868480725622,
    16.34684807256236,
    16.486167800453515,
    16.579047619047618,
    16.81124716553288,
    17.066666666666666,
    17.39174603174603,
    17.76326530612245,
    18.18122448979592,
    18.436643990929706,
    18.64562358276644,
    18.877823129251702,
    19.11002267573696,
    19.249342403628116,
    19.365442176870747,
    19.59764172335601,
    19.806621315192743,
    20.038820861678005,
    20.271020408163267,
    20.503219954648525,
    20.735419501133787,
    20.96761904761905,
    21.106938775510205,
    21.199818594104308,
    21.43201814058957,
    21.66421768707483,
    21.89641723356009,
    22.128616780045352,
    22.337596371882086,
    22.593015873015872,
    22.801995464852606,
    22.941315192743765,
    23.057414965986396,
    23.26639455782313,
    23.49859410430839,
    23.73079365079365,
    23.962993197278912,
    24.19519274376417,
    24.427392290249433,
    24.659591836734695,
    24.79891156462585,
    24.891791383219953,
    25.123990929705215,
    25.356190476190477,
    25.56517006802721,
    25.820589569160997,
    26.02956916099773,
    26.284988662131518,
    26.51718820861678,
    26.749387755102042,
    26.9815873015873,
    27.213786848072562,
    27.422766439909296,
    27.654965986394558,
    27.88716553287982,
    28.11936507936508,
    28.35156462585034,
    28.490884353741496,
    28.583764172335602,
    28.81596371882086,
    29.048163265306123,
    29.257142857142856,
    29.512562358276643
  ],
  "rhythm_regularity": 0.9779658727264635,
  "syncopation_index": 0.5655172413793104,
  "beat_count": 62,
  "onset_count": 145
}