{
  "snr_db": 35.41690631109283,
  "dynamic_range_db": 16.06924370337373,
  "rms_energy": 0.20922282338142395,
  "zero_crossing_rate": 0.12014701203993736
}