{
  "tempo_bpm": 143.5546875,
  "tempo_confidence": 0.9849343345965224,
  "beat_positions": [
    0.46439909297052157,
    0.905578231292517,
    1.3467573696145125,
    1.811156462585034,
    2.2523356009070294,
    2.670294784580499,
    3.0650340136054424,
    3.4597732426303853,
    3.877732426303855,
    4.295691609977324,
    4.713650793650793,
    5.108390022675737,
    5.526349206349207,
    5.921088435374149,
    6.339047619047619,
    6.757006802721088,
    7.151746031746032,
    7.592925170068027,
    8.010884353741497,
    8.428843537414966,
    8.823582766439909,
    9.241541950113378,
    9.636281179138322,
    10.054240362811791,
    10.448979591836734,
    10.866938775510205,
    11.284897959183674,
    11.679637188208616,
    12.097596371882085,
    12.49233560090703,
    12.910294784580499,
    13.305034013605443,
    13.722993197278912,
    14.140952380952381,
    14.535691609977324,
    14.953650793650795,
    15.371609977324264,
    15.789569160997733,
    16.184308390022675,
    16.602267573696146,
    16.99700680272109,
    17.41496598639456,
    17.856145124716555,
    18.250884353741498,
    18.668843537414965,
    19.086802721088436,
    19.481541950113378,
    19.87628117913832,
    20.29424036281179,
    20.712199546485262,
    21.13015873015873,
    21.5481179138322,
    21.942857142857143,
    22.360816326530614,
    22.755555555555556,
    23.173514739229024,
    23.56825396825397,
    24.009433106575965,
    24.427392290249433,
    24.845351473922904,
    25.240090702947846,
    25.658049886621317,
    26.076009070294784,
    26.470748299319727,
    26.888707482993198,
    27.30666666666667,
    27.724625850340136,
    28.142585034013607
  ],
  "onset_times": [
    0.25541950113378686,
    0.44117913832199546,
    1.0681179138321995,
    1.4628571428571429,
    1.8808163265306121,
    2.020136054421769,
    2.2523356009070294,
    2.4380952380952383,
    2.647074829931973,
    2.8560544217687074,
    3.0650340136054424,
    3.1811337868480725,
    3.274013605442177,
    3.4597732426303853,
    3.6687528344671203,
    3.877732426303855,
    4.295691609977324,
    4.690430839002268,
    4.922630385487528,
    5.108390022675737,
    5.317369614512471,
    5.526349206349207,
    5.921088435374149,
    6.339047619047619,
    6.548027210884354,
    6.733786848072563,
    6.965986394557823,
    7.128526077097506,
    7.383945578231293,
    7.569705215419501,
    8.196643990929704,
    8.40562358276644,
    8.614603174603175,
    9.032562358276644,
    9.218321995464853,
    9.496961451247165,
    9.636281179138322,
    9.845260770975056,
    10.031020408163265,
    10.263219954648527,
    10.425759637188209,
    10.65795918367347,
    10.843718820861678,
    11.099138321995465,
    11.261678004535147,
    11.493877551020407,
    11.679637188208616,
    11.888616780045352,
    12.097596371882085,
    12.283356009070294,
    12.469115646258503,
    12.887074829931972,
    13.096054421768708,
    13.281814058956916,
    13.514013605442177,
    13.699773242630386,
    13.931972789115646,
    14.117732426303855,
    14.512471655328799,
    14.953650793650795,
    15.162630385487528,
    15.371609977324264,
    15.580589569160997,
    15.789569160997733,
    16.184308390022675,
    16.50938775510204,
    16.602267573696146,
    16.788027210884355,
    16.973786848072564,
    17.41496598639456,
    17.856145124716555,
    18.04190476190476,
    18.22766439909297,
    18.668843537414965,
    18.854603174603174,
    19.06358276643991,
    19.272562358276645,
    19.481541950113378,
    19.690521541950112,
    19.87628117913832,
    20.271020408163267,
    20.688979591836734,
    21.106938775510205,
    21.339138321995463,
    21.524897959183672,
    21.73387755102041,
    21.942857142857143,
    22.128616780045352,
    22.337596371882086,
    22.569795918367348,
    22.732335600907028,
    22.96453514739229,
    23.1502947845805,
    23.359274376417233,
    23.54503401360544,
    23.986213151927437,
    24.404172335600908,
    24.61315192743764,
    24.822131519274375,
    25.007891156462584,
    25.240090702947846,
    25.658049886621317,
    26.076009070294784,
    26.261768707482993,
    26.470748299319727,
    26.679727891156464,
    26.865487528344673,
    27.30666666666667,
    27.724625850340136,
    27.93360544217687,
    28.142585034013607,
    28.53732426303855,
    28.978503401360545
  ],
  "rhythm_regularity": 0.9629730260222917,
  "syncopation_index": 0.4247787610619469,
  "beat_count": 68,
  "onset_count": 113
}