{
  "chroma_mean": [
    0.5917947292327881,
    0.5114049911499023,
    0.47947758436203003,
    0.4437876343727112,
    0.6640329360961914,
    0.46199682354927063,
    0.5618193745613098,
    0.5316551923751831,
    0.5186672210693359,
    0.4752362370491028,
    0.4281477630138397,
    0.6166027784347534
  ],
  "chroma_std": [
    0.26596853137016296,
    0.2438414841890335,
    0.233598530292511,
    0.15536783635616302,
    0.26173362135887146,
    0.19807107746601105,
    0.23625223338603973,
    0.2304874211549759,
    0.21792520582675934,
    0.20207113027572632,
    0.1872750222682953,
    0.23578885197639465
  ],
  "key_estimation": {
    "key": "C_major",
    "confidence": 0.40052639018127495
  },
  "tonal_complexity": 0.06969090551137924
}