{
  "chroma_mean": [
    0.431581050157547,
    0.3756403923034668,
    0.49787667393684387,
    0.4854060113430023,
    0.5098965167999268,
    0.7133608460426331,
    0.5223408937454224,
    0.5692185759544373,
    0.45426827669143677,
    0.5861765742301941,
    0.6491488218307495,
    0.3890416622161865
  ],
  "chroma_std": [
    0.19027169048786163,
    0.16967937350273132,
    0.23939387500286102,
    0.2387613207101822,
    0.1881326138973236,
    0.24623669683933258,
    0.19322967529296875,
    0.23813462257385254,
    0.1675821840763092,
    0.21219736337661743,
    0.2913454473018646,
    0.13778087496757507
  ],
  "key_estimation": {
    "key": "C_major",
    "confidence": 0.11297703615473703
  },
  "tonal_complexity": 0.09683749079704285
}