{
  "meta": {
    "path": "../../data/raw/MIREX-like_mood/dataset/Audio/857.mp3",
    "file_hash": "39863fa47fd5e9203d98f0faadb5d0b8768d13c6",
    "duration_sec": 29.814421768707483,
    "sample_rate": 22050,
    "analysis_timestamp": "2025-10-24T20:09:56.009698",
    "config": {
      "sr": 22050,
      "n_fft": 2048,
      "hop_length": 512,
      "n_mels": 128,
      "n_mfcc": 13,
      "n_chroma": 12,
      "frame_length": 2048,
      "workers": 4,
      "use_crepe": false,
      "save_matrices": false,
      "save_plots": true,
      "force": true,
      "quick": false,
      "verbose": false
    },
    "processing_time_sec": 3.173452138900757
  },
  "acoustic": {
    "mfcc_mean": [
      -20.561487197875977,
      56.76490783691406,
      -2.560243606567383,
      19.59807777404785,
      11.452167510986328,
      12.567460060119629,
      -4.149219512939453,
      -1.019076943397522,
      3.2712950706481934,
      2.256622314453125,
      -1.7047137022018433,
      0.1337125450372696,
      3.4544055461883545
    ],
    "mfcc_std": [
      53.799564361572266,
      12.643280029296875,
      9.120973587036133,
      7.020846843719482,
      7.486553192138672,
      6.582790374755859,
      5.468700885772705,
      5.625315189361572,
      5.224829196929932,
      5.479113578796387,
      5.2728753089904785,
      6.020105838775635,
      5.38991117477417
    ],
    "spectral_centroid_mean": 3434.844956949943,
    "spectral_centroid_std": 373.18485065202816,
    "spectral_bandwidth_mean": 3021.914008213858,
    "spectral_bandwidth_std": 158.42880900283424,
    "spectral_rolloff_mean": 7150.9672908560315,
    "spectral_rolloff_std": 684.9230511406349,
    "spectral_flux_mean": 4241.22900390625,
    "spectral_flux_std": 2604.164306640625,
    "spectral_flatness_mean": 0.09011956304311752,
    "spectral_flatness_std": 0.0551254078745842,
    "spectral_slope_mean": -0.00027803054775058075,
    "spectral_spread_mean": 3021.914008340164,
    "spectral_skewness_mean": 0.7821864442546839,
    "spectral_kurtosis_mean": 2.5273264174435712
  },
  "rhythm": {
    "tempo_bpm": 95.703125,
    "tempo_confidence": 0.9886201985013315,
    "beat_positions": [
      0.16253968253968254,
      0.7662585034013606,
      1.3931972789115645,
      2.020136054421769,
      2.647074829931973,
      3.274013605442177,
      3.900952380952381,
      4.527891156462585,
      5.131609977324263,
      5.758548752834467,
      6.3854875283446715,
      6.989206349206349,
      7.616145124716553,
      8.219863945578231,
      8.846802721088435,
      9.450521541950113,
      10.054240362811791,
      10.681179138321996,
      11.284897959183674,
      11.911836734693878,
      12.515555555555556,
      13.142494331065759,
      13.769433106575963,
      14.373151927437641,
      15.000090702947846,
      15.62702947845805,
      16.23074829931973,
      16.834467120181404,
      17.438185941043084,
      18.04190476190476,
      18.64562358276644,
      19.272562358276645,
      19.89950113378685,
      20.526439909297054,
      21.13015873015873,
      21.757097505668934,
      22.360816326530614,
      22.987755102040815,
      23.61469387755102,
      24.2184126984127,
      24.845351473922904,
      25.472290249433108,
      26.076009070294784,
      26.679727891156464,
      27.30666666666667,
      27.93360544217687,
      28.53732426303855
    ],
    "onset_times": [
      0.13931972789115646,
      0.44117913832199546,
      0.603718820861678,
      0.7662585034013606,
      1.0913378684807256,
      1.253877551020408,
      1.3931972789115645,
      1.555736961451247,
      1.8808163265306121,
      2.020136054421769,
      2.345215419501134,
      2.507755102040816,
      2.647074829931973,
      2.9257142857142857,
      3.274013605442177,
      3.7384126984126986,
      3.877732426303855,
      4.063492063492063,
      4.365351473922902,
      4.504671201814059,
      4.829750566893424,
      4.992290249433107,
      5.131609977324263,
      5.433469387755102,
      5.758548752834467,
      6.060408163265306,
      6.222947845804988,
      6.3854875283446715,
      6.849886621315193,
      6.989206349206349,
      7.128526077097506,
      7.314285714285714,
      7.894784580498866,
      8.196643990929704,
      8.70748299319728,
      8.823582766439909,
      8.986122448979591,
      9.287981859410431,
      9.450521541950113,
      9.752380952380953,
      9.914920634920636,
      10.054240362811791,
      10.356099773242631,
      10.65795918367347,
      10.843718820861678,
      10.983038548752834,
      11.145578231292516,
      11.284897959183674,
      11.42421768707483,
      11.749297052154194,
      11.888616780045352,
      12.051156462585034,
      12.19047619047619,
      12.422675736961452,
      12.515555555555556,
      12.794195011337868,
      13.119274376417234,
      13.606893424036281,
      13.769433106575963,
      14.210612244897959,
      14.373151927437641,
      14.675011337868481,
      14.837551020408164,
      15.000090702947846,
      15.139410430839002,
      15.301950113378684,
      15.62702947845805,
      15.928888888888888,
      16.091428571428573,
      16.23074829931973,
      16.370068027210884,
      16.69514739229025,
      16.834467120181404,
      16.973786848072564,
      17.136326530612244,
      17.345306122448978,
      17.740045351473924,
      18.04190476190476,
      18.274104308390022,
      18.45986394557823,
      18.64562358276644,
      18.808163265306124,
      19.13324263038549,
      19.272562358276645,
      19.89950113378685,
      20.201360544217685,
      20.503219954648525,
      20.82829931972789,
      21.13015873015873,
      21.292698412698414,
      21.59455782312925,
      21.757097505668934,
      22.058956916099774,
      22.360816326530614,
      22.66267573696145,
      22.96453514739229,
      23.26639455782313,
      23.42893424036281,
      23.591473922902495,
      23.754013605442175,
      24.055873015873015,
      24.19519274376417,
      24.52027210884354,
      24.659591836734695,
      24.822131519274375,
      24.98467120181406,
      25.123990929705215,
      25.44907029478458,
      25.63482993197279,
      25.890249433106575,
      26.076009070294784,
      26.493968253968255,
      26.679727891156464,
      26.81904761904762,
      26.9815873015873,
      27.213786848072562,
      27.30666666666667,
      27.58530612244898,
      27.910385487528345,
      28.096145124716553,
      28.23546485260771,
      28.398004535147393,
      28.53732426303855,
      28.69986394557823,
      29.141043083900225,
      29.60544217687075,
      29.76798185941043
    ],
    "rhythm_regularity": 0.981339191078574,
    "syncopation_index": 0.6220472440944882,
    "beat_count": 47,
    "onset_count": 127
  },
  "harmony": {
    "chroma_mean": [
      0.5790231227874756,
      0.542949914932251,
      0.5901751518249512,
      0.47357824444770813,
      0.6532146334648132,
      0.6457796096801758,
      0.7144758701324463,
      0.6881867051124573,
      0.5486215949058533,
      0.6067469120025635,
      0.5574391484260559,
      0.6645777821540833
    ],
    "chroma_std": [
      0.21361251175403595,
      0.16214217245578766,
      0.22636480629444122,
      0.12388738989830017,
      0.19697590172290802,
      0.1935482770204544,
      0.18825767934322357,
      0.2126973420381546,
      0.16529284417629242,
      0.18637248873710632,
      0.16806909441947937,
      0.2188514769077301
    ],
    "key_estimation": {
      "key": "C_major",
      "confidence": 0.33682616076708605
    },
    "tonal_complexity": 0.06702008843421936
  },
  "quality": {
    "snr_db": 33.683036200988234,
    "dynamic_range_db": 19.20820374720994,
    "rms_energy": 0.14391420781612396,
    "zero_crossing_rate": 0.19473834204766538
  },
  "lyrics": {}
}