{
  "chroma_mean": [
    0.3887122571468353,
    0.25952789187431335,
    0.34169620275497437,
    0.20099502801895142,
    0.2588309049606323,
    0.6490709185600281,
    0.31969472765922546,
    0.30181950330734253,
    0.2097526639699936,
    0.38774240016937256,
    0.32915446162223816,
    0.21804964542388916
  ],
  "chroma_std": [
    0.32778775691986084,
    0.1853886842727661,
    0.31290268898010254,
    0.14053745567798615,
    0.1837526261806488,
    0.3289829194545746,
    0.22441649436950684,
    0.26467326283454895,
    0.16752079129219055,
    0.30022138357162476,
    0.270710289478302,
    0.14920638501644135
  ],
  "key_estimation": {
    "key": "C_major",
    "confidence": 0.40083607645846664
  },
  "tonal_complexity": 0.11638299375772476
}