,precision,recall,f1-score,support
Cluster 1,0.45454545454545453,0.14705882352941177,0.2222222222222222,34.0
Cluster 2,0.3125,0.15151515151515152,0.20408163265306123,33.0
Cluster 3,0.44155844155844154,0.7906976744186046,0.5666666666666667,43.0
Cluster 4,0.2571428571428571,0.23684210526315788,0.2465753424657534,38.0
Cluster 5,0.47619047619047616,0.6060606060606061,0.5333333333333333,33.0
accuracy,0.40331491712707185,0.40331491712707185,0.40331491712707185,0.40331491712707185
macro avg,0.3883874458874459,0.38643487215738637,0.35457583946820737,181.0
weighted avg,0.3880650426921145,0.40331491712707185,0.3625788901296789,181.0
