{
  "chroma_mean": [
    0.3579263389110565,
    0.22662325203418732,
    0.4169350564479828,
    0.21102215349674225,
    0.26420676708221436,
    0.1672798991203308,
    0.38001924753189087,
    0.6515762805938721,
    0.24727977812290192,
    0.30074572563171387,
    0.3009071946144104,
    0.38125744462013245
  ],
  "chroma_std": [
    0.34809938073158264,
    0.1522412747144699,
    0.2897648811340332,
    0.15148885548114777,
    0.27628713846206665,
    0.10973287373781204,
    0.2581429183483124,
    0.3408394753932953,
    0.16805404424667358,
    0.21750609576702118,
    0.18410731852054596,
    0.2295406609773636
  ],
  "key_estimation": {
    "key": "C_major",
    "confidence": 0.41839316651989805
  },
  "tonal_complexity": 0.12275553494691849
}