{
  "mfcc_mean": [
    -25.411996841430664,
    86.01342010498047,
    -1.8902673721313477,
    34.2545166015625,
    8.907021522521973,
    12.516640663146973,
    -1.3029569387435913,
    12.687666893005371,
    1.8584116697311401,
    6.279550552368164,
    1.055778980255127,
    3.606755495071411,
    -3.392913579940796
  ],
  "mfcc_std": [
    83.31831359863281,
    27.43712615966797,
    24.644264221191406,
    16.87000274658203,
    11.221030235290527,
    9.401228904724121,
    7.984107971191406,
    8.942939758300781,
    8.155452728271484,
    6.310084342956543,
    7.89140510559082,
    7.805253982543945,
    8.034374237060547
  ],
  "spectral_centroid_mean": 2303.2355684432873,
  "spectral_centroid_std": 679.0457258565684,
  "spectral_bandwidth_mean": 2471.951513165178,
  "spectral_bandwidth_std": 407.1536431587997,
  "spectral_rolloff_mean": 4994.926165907831,
  "spectral_rolloff_std": 1450.2424099994018,
  "spectral_flux_mean": 15535.833984375,
  "spectral_flux_std": 12742.234375,
  "spectral_flatness_mean": 0.02877458743751049,
  "spectral_flatness_std": 0.03718869015574455,
  "spectral_slope_mean": -0.00029913930068003753,
  "spectral_spread_mean": 2471.9515133660743,
  "spectral_skewness_mean": 1.3975287052594692,
  "spectral_kurtosis_mean": 4.654852161933745
}