{
  "chroma_mean": [
    0.579160749912262,
    0.5575185418128967,
    0.7242024540901184,
    0.46938687562942505,
    0.4423676133155823,
    0.44528332352638245,
    0.5333150625228882,
    0.6248995065689087,
    0.5144640803337097,
    0.5837434530258179,
    0.4057638347148895,
    0.45348024368286133
  ],
  "chroma_std": [
    0.24189653992652893,
    0.23625698685646057,
    0.2454899549484253,
    0.1864652782678604,
    0.19905880093574524,
    0.21980047225952148,
    0.2229411005973816,
    0.28117120265960693,
    0.23166029155254364,
    0.23114459216594696,
    0.17261219024658203,
    0.2033480554819107
  ],
  "key_estimation": {
    "key": "C_major",
    "confidence": 0.31912599358657445
  },
  "tonal_complexity": 0.0879381075501442
}