{
  "meta": {
    "path": "../../data/raw/MIREX-like_mood/dataset/Audio/748.mp3",
    "file_hash": "eb4b5b7f8c3bb29abe9966df541bffcdbfda6904",
    "duration_sec": 29.90730158730159,
    "sample_rate": 22050,
    "analysis_timestamp": "2025-10-24T19:58:25.908692",
    "config": {
      "sr": 22050,
      "n_fft": 2048,
      "hop_length": 512,
      "n_mels": 128,
      "n_mfcc": 13,
      "n_chroma": 12,
      "frame_length": 2048,
      "workers": 4,
      "use_crepe": false,
      "save_matrices": false,
      "save_plots": true,
      "force": true,
      "quick": false,
      "verbose": false
    },
    "processing_time_sec": 11.36180067062378
  },
  "acoustic": {
    "mfcc_mean": [
      -80.2993392944336,
      74.74848175048828,
      -20.15248680114746,
      33.96772003173828,
      8.2780122756958,
      17.81279945373535,
      -4.764163494110107,
      8.4821138381958,
      -4.783874034881592,
      6.8904008865356445,
      0.255391001701355,
      3.531715154647827,
      -5.731598854064941
    ],
    "mfcc_std": [
      68.81463623046875,
      26.282447814941406,
      21.353288650512695,
      19.697471618652344,
      13.98653507232666,
      9.72492790222168,
      10.552733421325684,
      7.576674938201904,
      7.78237247467041,
      8.075489044189453,
      7.50144100189209,
      6.4840874671936035,
      6.374329090118408
    ],
    "spectral_centroid_mean": 2552.1772178135784,
    "spectral_centroid_std": 722.2705841376467,
    "spectral_bandwidth_mean": 2386.5937341727144,
    "spectral_bandwidth_std": 362.583722719616,
    "spectral_rolloff_mean": 5192.266689445549,
    "spectral_rolloff_std": 1313.1639165213096,
    "spectral_flux_mean": 4087.24609375,
    "spectral_flux_std": 3855.728759765625,
    "spectral_flatness_mean": 0.03620526194572449,
    "spectral_flatness_std": 0.05458570271730423,
    "spectral_slope_mean": -0.0004436648666169996,
    "spectral_spread_mean": 2386.593732455931,
    "spectral_skewness_mean": 1.1703995550956172,
    "spectral_kurtosis_mean": 3.9280322304173914
  },
  "rhythm": {
    "tempo_bpm": 75.99954044117646,
    "tempo_confidence": 0.9831742020156098,
    "beat_positions": [
      1.3235374149659864,
      2.136235827664399,
      2.948934240362812,
      3.7616326530612243,
      4.574331065759637,
      5.363809523809524,
      6.176507936507937,
      6.965986394557823,
      7.778684807256236,
      8.568163265306122,
      9.357641723356009,
      10.170340136054422,
      10.95981859410431,
      11.749297052154194,
      12.515555555555556,
      13.305034013605443,
      14.117732426303855,
      14.907210884353741,
      15.696689342403628,
      16.50938775510204,
      17.322086167800453,
      18.15800453514739,
      18.99392290249433,
      19.783401360544218,
      20.572879818594103,
      21.36235827664399,
      22.128616780045352,
      22.918095238095237
    ],
    "onset_times": [
      0.16253968253968254,
      0.2089795918367347,
      0.301859410430839,
      0.4179591836734694,
      0.603718820861678,
      0.905578231292517,
      1.1377777777777778,
      1.3003174603174603,
      1.6486167800453515,
      1.7414965986394557,
      1.9504761904761905,
      2.136235827664399,
      2.345215419501134,
      2.5541950113378684,
      2.7399546485260773,
      2.948934240362812,
      3.1579138321995464,
      3.5294331065759637,
      3.7384126984126986,
      3.9706122448979593,
      4.156371882086168,
      4.551111111111111,
      4.760090702947846,
      4.922630385487528,
      4.96907029478458,
      5.131609977324263,
      5.178049886621316,
      5.363809523809524,
      5.5495691609977325,
      5.9675283446712015,
      6.176507936507937,
      6.362267573696145,
      6.548027210884354,
      6.757006802721088,
      6.942766439909297,
      7.314285714285714,
      7.569705215419501,
      7.75546485260771,
      8.080544217687075,
      8.382403628117913,
      8.544943310657596,
      8.753922902494331,
      8.916462585034013,
      9.357641723356009,
      9.543401360544218,
      9.775600907029478,
      9.93814058956916,
      9.984580498866213,
      10.147120181405896,
      10.356099773242631,
      10.518639455782314,
      10.936598639455783,
      11.19201814058957,
      11.261678004535147,
      11.447437641723356,
      11.54031746031746,
      11.72607709750567,
      11.911836734693878,
      12.30657596371882,
      12.515555555555556,
      12.72453514739229,
      12.933514739229025,
      13.003174603174603,
      13.119274376417234,
      13.305034013605443,
      13.514013605442177,
      13.699773242630386,
      13.908752834467121,
      14.094512471655328,
      14.303492063492063,
      14.698231292517006,
      14.883990929705215,
      15.116190476190477,
      15.27873015873016,
      15.51092970521542,
      15.650249433106575,
      15.696689342403628,
      15.882448979591837,
      16.27718820861678,
      16.486167800453515,
      16.92734693877551,
      17.11310657596372,
      17.322086167800453,
      17.554285714285715,
      17.786485260770974,
      17.949024943310658,
      18.04190476190476,
      18.15800453514739,
      18.3437641723356,
      18.52952380952381,
      18.599183673469387,
      18.99392290249433,
      19.388662131519276,
      19.59764172335601,
      19.690521541950112,
      19.783401360544218,
      20.085260770975058,
      20.17814058956916,
      20.572879818594103,
      20.96761904761905,
      21.176598639455783,
      21.292698412698414,
      21.36235827664399,
      21.5481179138322,
      21.989297052154196,
      22.128616780045352,
      22.38403628117914,
      22.732335600907028,
      22.894875283446712,
      23.103854875283446,
      23.26639455782313,
      23.521814058956917,
      23.707573696145126,
      23.91655328798186,
      24.3112925170068,
      24.473832199546486,
      25.054331065759637,
      25.240090702947846,
      25.63482993197279,
      25.843809523809522,
      26.02956916099773,
      26.09922902494331,
      26.81904761904762,
      27.00480725623583,
      27.329886621315193,
      27.492426303854874,
      27.58530612244898,
      27.77106575963719,
      28.328344671201815,
      28.560544217687074,
      28.723083900226758,
      28.93206349206349,
      29.141043083900225,
      29.30358276643991
    ],
    "rhythm_regularity": 0.9786024207073847,
    "syncopation_index": 0.7686567164179104,
    "beat_count": 28,
    "onset_count": 134
  },
  "harmony": {
    "chroma_mean": [
      0.5200058221817017,
      0.5967491269111633,
      0.6892687678337097,
      0.535023033618927,
      0.5495294332504272,
      0.528363049030304,
      0.5288887619972229,
      0.538800835609436,
      0.5393404960632324,
      0.5492403507232666,
      0.4397280514240265,
      0.4180077314376831
    ],
    "chroma_std": [
      0.24755863845348358,
      0.23560860753059387,
      0.2608708143234253,
      0.24201270937919617,
      0.23585145175457,
      0.27214446663856506,
      0.26462599635124207,
      0.2730463445186615,
      0.262328177690506,
      0.2591564953327179,
      0.22781530022621155,
      0.2244870662689209
    ],
    "key_estimation": {
      "key": "C_major",
      "confidence": 0.08341140400011228
    },
    "tonal_complexity": 0.06526559591293335
  },
  "quality": {
    "snr_db": 35.71193760594597,
    "dynamic_range_db": 19.133768227564214,
    "rms_energy": 0.15020537376403809,
    "zero_crossing_rate": 0.12904413547323507
  },
  "lyrics": {
    "word_count": 224,
    "unique_word_count": 81,
    "sentence_count": 1,
    "avg_words_per_sentence": 224.0,
    "readability": null,
    "sentiment_analysis": null,
    "topic_keywords": [
      "your",
      "Let",
      "stand",
      "next",
      "fire",
      "baby",
      "You",
      "have",
      "only",
      "one"
    ],
    "repetition_analysis": {
      "repetition_ratio": 0.6383928571428572,