{
  "tempo_bpm": 129.19921875,
  "tempo_confidence": 0.9796159714110358,
  "beat_positions": [
    0.626938775510204,
    1.0681179138321995,
    1.555736961451247,
    2.020136054421769,
    2.48453514739229,
    2.9257142857142857,
    3.3901133786848074,
    3.8312925170068026,
    4.295691609977324,
    4.806530612244898,
    5.2477097505668935,
    5.688888888888889,
    6.15328798185941,
    6.594467120181406,
    7.058866213151927,
    7.500045351473923,
    7.9412244897959186,
    8.428843537414966,
    8.893242630385487,
    9.357641723356009,
    9.822040816326531,
    10.286439909297052,
    10.750839002267574,
    11.19201814058957,
    11.656417233560092,
    12.120816326530612,
    12.585215419501134,
    13.049614512471654,
    13.583673469387755,
    14.048072562358277,
    14.512471655328799,
    14.953650793650795,
    15.464489795918368,
    15.952108843537415,
    16.416507936507937,
    16.880907029478458,
    17.345306122448978,
    17.809705215419502,
    18.274104308390022,
    18.76172335600907,
    19.249342403628116,
    19.736961451247165,
    20.224580498866214,
    20.688979591836734,
    21.153378684807254,
    21.640997732426303,
    22.0821768707483,
    22.54657596371882,
    23.010975056689343,
    23.42893424036281,
    23.893333333333334,
    24.357732426303855,
    24.79891156462585,
    25.2865306122449,
    25.797369614512473,
    26.284988662131518,
    26.749387755102042,
    27.213786848072562,
    27.678185941043083,
    28.16580498866213,
    28.65342403628118
  ],
  "onset_times": [
    0.2786394557823129,
    0.626938775510204,
    0.9752380952380952,
    1.0448979591836736,
    1.3699773242630386,
    1.555736961451247,
    1.6486167800453515,
    1.9736961451247166,
    2.136235827664399,
    2.36843537414966,
    2.48453514739229,
    2.7631746031746034,
    3.3901133786848074,
    3.9938321995464854,
    4.08671201814059,
    4.574331065759637,
    4.783310657596372,
    5.108390022675737,
    5.363809523809524,
    5.688888888888889,
    6.03718820861678,
    6.130068027210885,
    6.246167800453515,
    6.478367346938776,
    7.035646258503402,
    7.383945578231293,
    7.685804988662132,
    7.918004535147392,
    8.150204081632653,
    8.475283446712018,
    8.661043083900227,
    8.93968253968254,
    9.195102040816327,
    9.380861678004536,
    9.543401360544218,
    9.891700680272109,
    10.031020408163265,
    10.193560090702947,
    10.47219954648526,
    10.750839002267574,
    10.983038548752834,
    11.168798185941043,
    11.215238095238096,
    11.493877551020407,
    11.72607709750567,
    11.865396825396825,
    12.120816326530612,
    12.283356009070294,
    12.561995464852608,
    13.049614512471654,
    13.235374149659863,
    13.583673469387755,
    13.79265306122449,
    14.117732426303855,
    14.210612244897959,
    14.489251700680272,
    14.930430839002268,
    15.023310657596372,
    15.441269841269841,
    15.673469387755102,
    16.23074829931973,
    17.345306122448978,
    17.949024943310658,
    18.22766439909297,
    18.36698412698413,
    19.249342403628116,
    19.736961451247165,
    19.922721088435374,
    20.224580498866214,
    20.572879818594103,
    20.874739229024943,
    21.153378684807254,
    21.36235827664399,
    21.61777777777778,
    22.058956916099774,
    22.128616780045352,
    22.66267573696145,
    22.987755102040815,
    23.405714285714286,
    23.84689342403628,
    24.03265306122449,
    24.49705215419501,
    24.775691609977326,
    25.21687074829932,
    25.774149659863944,
    25.913469387755104,
    26.377868480725624,
    26.726167800453513,
    27.28344671201814,
    27.654965986394558,
    27.840725623582767,
    28.281904761904762,
    28.63020408163265,
    29.58222222222222
  ],
  "rhythm_regularity": 0.9554531729618223,
  "syncopation_index": 0.43617021276595747,
  "beat_count": 61,
  "onset_count": 94
}