{
  "chroma_mean": [
    0.7712135314941406,
    0.6186923980712891,
    0.5638732314109802,
    0.5292489528656006,
    0.43568703532218933,
    0.35232609510421753,
    0.38462334871292114,
    0.35753297805786133,
    0.46823185682296753,
    0.8439492583274841,
    0.6155756115913391,
    0.5780181288719177
  ],
  "chroma_std": [
    0.2006186842918396,
    0.1637323498725891,
    0.18212656676769257,
    0.1972472220659256,
    0.20570635795593262,
    0.1469811052083969,
    0.1727934032678604,
    0.13235214352607727,
    0.15892411768436432,
    0.1904558390378952,
    0.17577634751796722,
    0.19428904354572296
  ],
  "key_estimation": {
    "key": "C_minor",
    "confidence": 0.12830409689730476
  },
  "tonal_complexity": 0.14956682920455933
}