{
  "chroma_mean": [
    0.27176544070243835,
    0.3555995523929596,
    0.42311060428619385,
    0.37450897693634033,
    0.5904229283332825,
    0.35390323400497437,
    0.37227436900138855,
    0.35787367820739746,
    0.4092240333557129,
    0.882362425327301,
    0.36105969548225403,
    0.30918508768081665
  ],
  "chroma_std": [
    0.18327680230140686,
    0.19965694844722748,
    0.2799084782600403,
    0.24680404365062714,
    0.27049520611763,
    0.22321215271949768,
    0.21583609282970428,
    0.2132231742143631,
    0.21498189866542816,
    0.2172115445137024,
    0.18389613926410675,
    0.1807686984539032
  ],
  "key_estimation": {
    "key": "C_major",
    "confidence": -0.0035330088009977016
  },
  "tonal_complexity": 0.15741702914237976
}