{
  "tempo_bpm": 129.19921875,
  "tempo_confidence": 0.9871977793001859,
  "beat_positions": [
    0.16253968253968254,
    0.5572789115646258,
    0.9984580498866213,
    1.4628571428571429,
    1.9040362811791383,
    2.345215419501134,
    2.809614512471655,
    3.274013605442177,
    3.7151927437641725,
    4.179591836734694,
    4.6439909297052155,
    5.108390022675737,
    5.5495691609977325,
    6.013968253968254,
    6.478367346938776,
    6.919546485260771,
    7.383945578231293,
    7.825124716553288,
    8.289523809523809,
    8.753922902494331,
    9.218321995464853,
    9.682721088435374,
    10.12390022675737,
    10.588299319727891,
    11.029478458049887,
    11.493877551020407,
    11.95827664399093,
    12.399455782312925,
    12.863854875283447,
    13.328253968253968,
    13.79265306122449,
    14.233832199546486,
    14.698231292517006,
    15.162630385487528,
    15.62702947845805,
    16.068208616780044,
    16.532607709750568,
    16.99700680272109,
    17.438185941043084,
    17.902585034013605,
    18.3437641723356,
    18.808163265306124,
    19.272562358276645,
    19.736961451247165,
    20.201360544217685,
    20.66575963718821,
    21.13015873015873,
    21.571337868480725,
    22.035736961451246,
    22.47691609977324,
    22.941315192743765,
    23.405714285714286,
    23.870113378684806,
    24.3112925170068,
    24.775691609977326,
    25.240090702947846,
    25.704489795918366,
    26.16888888888889,
    26.63328798185941,
    27.09768707482993,
    27.562086167800455,
    28.026485260770976,
    28.490884353741496,
    28.955283446712016
  ],
  "onset_times": [
    0.13931972789115646,
    0.5340589569160997,
    0.9984580498866213,
    1.230657596371882,
    1.4396371882086167,
    1.6950566893424037,
    1.9040362811791383,
    2.345215419501134,
    2.809614512471655,
    3.1579138321995464,
    3.274013605442177,
    3.4829931972789114,
    3.7151927437641725,
    3.9706122448979593,
    4.179591836734694,
    4.6439909297052155,
    4.899410430839002,
    5.085170068027211,
    5.317369614512471,
    5.5495691609977325,
    5.7817687074829935,
    5.990748299319728,
    6.176507936507937,
    6.455147392290249,
    6.617687074829932,
    6.710566893424036,
    6.896326530612245,
    7.151746031746032,
    7.383945578231293,
    7.825124716553288,
    8.080544217687075,
    8.266303854875284,
    8.52172335600907,
    8.753922902494331,
    8.986122448979591,
    9.195102040816327,
    9.427301587301587,
    9.659501133786849,
    9.891700680272109,
    10.100680272108843,
    10.356099773242631,
    10.565079365079365,
    10.820498866213152,
    11.029478458049887,
    11.493877551020407,
    11.702857142857143,
    11.935056689342403,
    12.19047619047619,
    12.376235827664399,
    12.654875283446712,
    12.863854875283447,
    13.119274376417234,
    13.328253968253968,
    13.56045351473923,
    13.79265306122449,
    14.001632653061224,
    14.233832199546486,
    14.466031746031746,
    14.698231292517006,
    14.930430839002268,
    15.139410430839002,
    15.394829931972788,
    15.603809523809524,
    15.81278911564626,
    16.068208616780044,
    16.300408163265306,
    16.50938775510204,
    16.764807256235827,
    16.973786848072564,
    17.205986394557822,
    17.438185941043084,
    17.670385487528346,
    17.809705215419502,
    17.902585034013605,
    18.018684807256236,
    18.134784580498867,
    18.320544217687075,
    18.808163265306124,
    19.040362811791383,
    19.272562358276645,
    19.736961451247165,
    19.969160997732427,
    20.17814058956916,
    20.64253968253968,
    20.874739229024943,
    21.106938775510205,
    21.339138321995463,
    21.571337868480725,
    21.803537414965987,
    22.01251700680272,
    22.47691609977324,
    22.732335600907028,
    22.941315192743765,
    23.196734693877552,
    23.405714285714286,
    23.637913832199548,
    23.84689342403628,
    24.079092970521543,
    24.3112925170068,
    24.543492063492064,
    24.706031746031748,
    24.775691609977326,
    25.007891156462584,
    25.240090702947846,
    25.472290249433108,
    25.68126984126984,
    25.959909297052153,
    26.16888888888889,
    26.40108843537415,
    26.63328798185941,
    26.865487528344673,
    27.09768707482993,
    27.329886621315193,
    27.538866213151927,
    27.794285714285714,
    28.026485260770976,
    28.258684807256238,
    28.490884353741496,
    28.93206349206349,
    29.18748299319728,
    29.396462585034012,
    29.6518820861678,
    29.860861678004536
  ],
  "rhythm_regularity": 0.9716248192165174,
  "syncopation_index": 0.4634146341463415,
  "beat_count": 64,
  "onset_count": 123
}