{
  "meta": {
    "path": "../../data/raw/MIREX-like_mood/dataset/Audio/193.mp3",
    "file_hash": "a970921119e398ac8805bfcb2fff03d2538a57b7",
    "duration_sec": 27.30666666666667,
    "sample_rate": 22050,
    "analysis_timestamp": "2025-10-24T20:19:25.245848",
    "config": {
      "sr": 22050,
      "n_fft": 2048,
      "hop_length": 512,
      "n_mels": 128,
      "n_mfcc": 13,
      "n_chroma": 12,
      "frame_length": 2048,
      "workers": 4,
      "use_crepe": false,
      "save_matrices": false,
      "save_plots": true,
      "force": true,
      "quick": false,
      "verbose": false
    },
    "processing_time_sec": 3.348358631134033
  },
  "acoustic": {
    "mfcc_mean": [
      -69.85028076171875,
      87.34124755859375,
      -23.37469482421875,
      47.05913543701172,
      -17.495933532714844,
      12.592309951782227,
      -3.5732147693634033,
      3.804478883743286,
      -6.711842060089111,
      4.519649982452393,
      -9.457945823669434,
      4.949281692504883,
      -9.05415153503418
    ],
    "mfcc_std": [
      64.22050476074219,
      23.435392379760742,
      21.59046173095703,
      15.431950569152832,
      12.320394515991211,
      10.41076946258545,
      11.029601097106934,
      7.246089935302734,
      9.755254745483398,
      9.722007751464844,
      7.961510181427002,
      9.248543739318848,
      7.559070587158203
    ],
    "spectral_centroid_mean": 2418.7399632319075,
    "spectral_centroid_std": 505.9581954876039,
    "spectral_bandwidth_mean": 2154.9300042881273,
    "spectral_bandwidth_std": 317.0988312919749,
    "spectral_rolloff_mean": 4727.635785332148,
    "spectral_rolloff_std": 868.5657311279319,
    "spectral_flux_mean": 5529.4599609375,
    "spectral_flux_std": 4951.43359375,
    "spectral_flatness_mean": 0.013960006646811962,
    "spectral_flatness_std": 0.03359994664788246,
    "spectral_slope_mean": -0.0005790821305107726,
    "spectral_spread_mean": 2154.9300058861195,
    "spectral_skewness_mean": 1.068458216137252,
    "spectral_kurtosis_mean": 3.830236478866547
  },
  "rhythm": {
    "tempo_bpm": 143.5546875,
    "tempo_confidence": 0.9873611788002428,
    "beat_positions": [
      0.16253968253968254,
      0.5804988662131519,
      1.0216780045351475,
      1.4164172335600906,
      1.8343764172335602,
      2.2523356009070294,
      2.670294784580499,
      3.0882539682539685,
      3.4829931972789114,
      3.924172335600907,
      4.342131519274377,
      4.760090702947846,
      5.178049886621316,
      5.596009070294785,
      6.013968253968254,
      6.431927437641724,
      6.826666666666667,
      7.267845804988662,
      7.685804988662132,
      8.103764172335602,
      8.52172335600907,
      8.93968253968254,
      9.357641723356009,
      9.752380952380953,
      10.170340136054422,
      10.588299319727891,
      11.00625850340136,
      11.42421768707483,
      11.842176870748299,
      12.236916099773243,
      12.654875283446712,
      13.072834467120181,
      13.49079365079365,
      13.908752834467121,
      14.349931972789115,
      14.744671201814059,
      15.162630385487528,
      15.580589569160997,
      15.998548752834466,
      16.416507936507937,
      16.81124716553288,
      17.22920634920635,
      17.670385487528346,
      18.088344671201813,
      18.483083900226756,
      18.901043083900227,
      19.342222222222222,
      19.736961451247165,
      20.131700680272107,
      20.54965986394558,
      20.96761904761905,
      21.385578231292516,
      21.803537414965987,
      22.244716553287983,
      22.66267573696145,
      23.057414965986396,
      23.475374149659864,
      23.893333333333334,
      24.3112925170068,
      24.729251700680273,
      25.123990929705215,
      25.541950113378686,
      25.98312925170068,
      26.40108843537415,
      26.81904761904762,
      27.237006802721087
    ],
    "onset_times": [
      0.13931972789115646,
      0.5572789115646258,
      0.9984580498866213,
      1.18421768707483,
      1.2770975056689342,
      1.4164172335600906,
      1.6950566893424037,
      1.811156462585034,
      2.2058956916099772,
      2.2523356009070294,
      2.5309750566893423,
      2.647074829931973,
      2.8560544217687074,
      2.9257142857142857,
      3.0650340136054424,
      3.320453514739229,
      3.4829931972789114,
      3.7384126984126986,
      3.877732426303855,
      3.924172335600907,
      4.156371882086168,
      4.31891156462585,
      4.574331065759637,
      4.73687074829932,
      4.96907029478458,
      5.154829931972789,
      5.456689342403628,
      5.596009070294785,
      5.804988662131519,
      5.851428571428571,
      6.2693877551020405,
      6.408707482993197,
      6.6873469387755105,
      6.8034467120181406,
      7.244625850340136,
      7.662585034013605,
      7.964444444444444,
      8.103764172335602,
      8.359183673469389,
      8.40562358276644,
      8.52172335600907,
      8.753922902494331,
      8.916462585034013,
      9.195102040816327,
      9.334421768707482,
      9.636281179138322,
      9.752380952380953,
      9.914920634920636,
      10.054240362811791,
      10.147120181405896,
      10.425759637188209,
      10.565079365079365,
      11.00625850340136,
      11.23845804988662,
      11.400997732426303,
      11.679637188208616,
      11.818956916099774,
      12.097596371882085,
      12.236916099773243,
      12.654875283446712,
      12.910294784580499,
      13.072834467120181,
      13.351473922902494,
      13.49079365079365,
      13.769433106575963,
      13.885532879818594,
      14.187392290249432,
      14.32671201814059,
      14.582131519274377,
      14.721451247165533,
      15.000090702947846,
      15.162630385487528,
      15.418049886621315,
      15.557369614512472,
      15.81278911564626,
      15.998548752834466,
      16.23074829931973,
      16.39328798185941,
      16.648707482993196,
      16.788027210884355,
      17.11310657596372,
      17.205986394557822,
      17.507845804988662,
      17.647165532879818,
      17.902585034013605,
      18.06512471655329,
      18.320544217687075,
      18.36698412698413,
      18.483083900226756,
      18.738503401360543,
      18.877823129251702,
      19.156462585034014,
      19.342222222222222,
      19.458321995464853,
      19.574421768707484,
      19.71374149659864,
      19.99238095238095,
      20.108480725623583,
      20.526439909297054,
      20.82829931972789,
      20.96761904761905,
      21.223038548752836,
      21.385578231292516,
      21.61777777777778,
      21.803537414965987,
      22.035736961451246,
      22.175056689342405,
      22.244716553287983,
      22.50013605442177,
      22.54657596371882,
      22.66267573696145,
      22.894875283446712,
      23.057414965986396,
      23.26639455782313,
      23.475374149659864,
      23.684353741496597,
      23.84689342403628,
      23.893333333333334,
      24.171972789115646,
      24.288072562358277,
      24.543492063492064,
      24.706031746031748,
      24.961451247165535,
      25.10077097505669,
      25.541950113378686,
      25.797369614512473,
      25.98312925170068,
      26.21532879818594,
      26.377868480725624,
      26.63328798185941,
      26.79582766439909,
      27.213786848072562
    ],
    "rhythm_regularity": 0.969268485648081,
    "syncopation_index": 0.4772727272727273,
    "beat_count": 66,
    "onset_count": 132
  },
  "harmony": {
    "chroma_mean": [
      0.32263433933258057,
      0.4302469491958618,
      0.43403464555740356,
      0.46133098006248474,
      0.5833298563957214,
      0.41973409056663513,
      0.762555718421936,
      0.38586458563804626,
      0.3498394787311554,
      0.40098586678504944,
      0.4811396300792694,
      0.6483954787254333
    ],