{
  "track_id": "900",
  "provenance": {
    "original_audio_path": "../../data/raw/MIREX-like_mood/dataset/Audio/900.mp3",
    "original_lyrics_path": "../../data/raw/MIREX-like_mood/dataset/Lyrics/900.txt",
    "processing_date": "2025-10-24T22:16:37.530981+00:00",
    "script_version": "1.0.0"
  },
  "audio_properties": {
    "original_sr": 44100,
    "target_sr": 44100,
    "channels": 2
  },
  "audio_features": {
    "duration_seconds": 4.5351473922902495e-05,
    "integrated_loudness_lufs": -Infinity,
    "snr_percentile_db": 0.40153390169143677,
    "clipping_percentage": 0.0,
    "rms_energy_mean": 5.882615369046107e-05,
    "rms_energy_std": 0.0,
    "zcr_mean": 0.0,
    "zcr_std": 0.0,
    "spectral_centroid_mean": 8021.002178159671,
    "spectral_bandwidth_mean": 5298.7717135934045,
    "mfcc_0_mean": -720.0023193359375,
    "mfcc_0_std": 0.0,
    "mfcc_1_mean": 26.235214233398438,
    "mfcc_1_std": 0.0,
    "mfcc_2_mean": -20.92041778564453,
    "mfcc_2_std": 0.0,
    "mfcc_3_mean": 16.12705421447754,
    "mfcc_3_std": 0.0,
    "mfcc_4_mean": -12.785377502441406,
    "mfcc_4_std": 0.0,
    "mfcc_5_mean": 10.34189224243164,
    "mfcc_5_std": 0.0,
    "mfcc_6_mean": -8.652021408081055,
    "mfcc_6_std": 0.0,
    "mfcc_7_mean": 7.304715156555176,
    "mfcc_7_std": 0.0,
    "mfcc_8_mean": -6.368246555328369,
    "mfcc_8_std": 0.0,
    "mfcc_9_mean": 5.512894630432129,
    "mfcc_9_std": 0.0,
    "mfcc_10_mean": -4.947717666625977,
    "mfcc_10_std": 0.0,
    "mfcc_11_mean": 4.353579998016357,
    "mfcc_11_std": 0.0,
    "mfcc_12_mean": -3.9862287044525146,
    "mfcc_12_std": 0.0,
    "vocal_dominance_score_hpss": 0.5000000596046448
  },
  "lyrics_features": {
    "cleaned_text": "You pretty women, Standing in line, Make love to babe, In my own time 'Cause I'm a man, Turned 21, I spell M - A - N, man Don't back down, To Kansas too Bring back a pretty girl, Just like you, 'Cause I'm a man I spell m, a, n, man",
    "language_code": "en",
    "completeness_heuristic": 1.0,
    "word_count": 52,
    "char_count": 231,
    "sentence_count": 1,
    "type_token_ratio": 0.7884615384615384
  },
  "is_high_quality": false,
  "normalized_audio_path": "processed_dataset/MOOD/audio_rejected/900.wav"
}