{
  "tempo_bpm": 83.35433467741936,
  "tempo_confidence": 0.9791700981761748,
  "beat_positions": [
    1.0913378684807256,
    1.8808163265306121,
    2.6006349206349206,
    3.320453514739229,
    4.040272108843538,
    4.760090702947846,
    5.456689342403628,
    6.176507936507937,
    6.896326530612245,
    7.569705215419501,
    8.312743764172335,
    9.032562358276644,
    9.752380952380953,
    10.47219954648526,
    11.168798185941043,
    11.888616780045352,
    12.60843537414966,
    13.281814058956916,
    14.02485260770975,
    14.744671201814059,
    15.464489795918368,
    16.184308390022675,
    16.880907029478458,
    17.600725623582765,
    18.320544217687075,
    19.040362811791383,
    19.736961451247165,
    20.456780045351476,
    21.176598639455783,
    21.89641723356009,
    22.6162358276644,
    23.38249433106576,
    24.125532879818593,
    24.86857142857143,
    25.588390022675735,
    26.308208616780046,
    27.051247165532878,
    27.794285714285714,
    28.490884353741496
  ],
  "onset_times": [
    0.13931972789115646,
    0.44117913832199546,
    0.8359183673469388,
    1.0913378684807256,
    1.18421768707483,
    1.5325170068027212,
    1.7182766439909296,
    1.8575963718820863,
    2.089795918367347,
    2.2058956916099772,
    2.5774149659863945,
    2.948934240362812,
    3.297233560090703,
    3.6687528344671203,
    4.017052154195011,
    4.365351473922902,
    4.73687074829932,
    5.085170068027211,
    5.433469387755102,
    5.804988662131519,
    6.15328798185941,
    6.478367346938776,
    6.873106575963718,
    7.1053061224489795,
    7.244625850340136,
    7.546485260770975,
    7.616145124716553,
    7.75546485260771,
    7.9412244897959186,
    8.126984126984127,
    8.289523809523809,
    8.661043083900227,
    8.870022675736962,
    9.032562358276644,
    9.427301587301587,
    9.752380952380953,
    10.054240362811791,
    10.332879818594105,
    10.425759637188209,
    10.47219954648526,
    10.704399092970522,
    11.145578231292516,
    11.447437641723356,
    11.865396825396825,
    12.26013605442177,
    12.49233560090703,
    12.60843537414966,
    13.25859410430839,
    13.467573696145125,
    13.630113378684808,
    14.001632653061224,
    14.349931972789115,
    14.744671201814059,
    15.09297052154195,
    15.464489795918368,
    15.81278911564626,
    16.184308390022675,
    16.50938775510204,
    16.880907029478458,
    17.22920634920635,
    17.600725623582765,
    17.949024943310658,
    18.320544217687075,
    18.668843537414965,
    18.877823129251702,
    19.040362811791383,
    19.365442176870747,
    19.736961451247165,
    20.108480725623583,
    20.271020408163267,
    20.456780045351476,
    21.89641723356009,
    22.569795918367348,
    22.871655328798187,
    23.359274376417233,
    23.405714285714286,
    24.125532879818593,
    24.450612244897957,
    24.845351473922904,
    25.402630385487527,
    25.588390022675735,
    25.913469387755104,
    26.122448979591837,
    26.308208616780046,
    27.051247165532878,
    27.39954648526077,
    27.794285714285714,
    28.46766439909297,
    28.723083900226758,
    28.93206349206349,
    29.071383219954647,
    29.257142857142856,
    29.53578231292517
  ],
  "rhythm_regularity": 0.970496787821137,
  "syncopation_index": 0.5483870967741935,
  "beat_count": 39,
  "onset_count": 93
}