{
  "chroma_mean": [
    0.2593859136104584,
    0.33244648575782776,
    0.24430055916309357,
    0.42371514439582825,
    0.3558395206928253,
    0.3535672724246979,
    0.5081847906112671,
    0.25287896394729614,
    0.32627373933792114,
    0.2728305459022522,
    0.3206913471221924,
    0.5694801211357117
  ],
  "chroma_std": [
    0.22211319208145142,
    0.2496023327112198,
    0.19815751910209656,
    0.30686700344085693,
    0.278786301612854,
    0.30050086975097656,
    0.3293215334415436,
    0.18215212225914001,
    0.22405976057052612,
    0.2152036875486374,
    0.213204026222229,
    0.35653409361839294
  ],
  "key_estimation": {
    "key": "C_minor",
    "confidence": -0.29809629387256065
  },
  "tonal_complexity": 0.0979556292295456
}