{
  "mfcc_mean": [
    -83.52022552490234,
    48.71267318725586,
    14.16508674621582,
    57.94261169433594,
    1.2408417463302612,
    9.582740783691406,
    -0.9090484380722046,
    14.415762901306152,
    -0.016346052289009094,
    11.111998558044434,
    -4.0200886726379395,
    3.8426320552825928,
    -3.564173936843872
  ],
  "mfcc_std": [
    56.84040832519531,
    13.76533317565918,
    13.79550838470459,
    11.534849166870117,
    8.456734657287598,
    8.970830917358398,
    7.944425106048584,
    6.353086471557617,
    6.324892520904541,
    6.2227396965026855,
    6.038641929626465,
    6.043697357177734,
    5.555255889892578
  ],
  "spectral_centroid_mean": 3126.047737661211,
  "spectral_centroid_std": 397.06498072987137,
  "spectral_bandwidth_mean": 2750.330789334323,
  "spectral_bandwidth_std": 173.87363542040043,
  "spectral_rolloff_mean": 6402.158214471582,
  "spectral_rolloff_std": 596.728965001367,
  "spectral_flux_mean": 2923.558837890625,
  "spectral_flux_std": 3024.67138671875,
  "spectral_flatness_mean": 0.03589792177081108,
  "spectral_flatness_std": 0.03586672618985176,
  "spectral_slope_mean": -0.0003133611957947784,
  "spectral_spread_mean": 2750.3307917919806,
  "spectral_skewness_mean": 0.6568153941121451,
  "spectral_kurtosis_mean": 2.4827501122086084
}