{
  "chroma_mean": [
    0.543289303779602,
    0.5203274488449097,
    0.5686606168746948,
    0.3669584095478058,
    0.5037474036216736,
    0.2815185487270355,
    0.3400917649269104,
    0.33931154012680054,
    0.331609308719635,
    0.5339975953102112,
    0.3509288728237152,
    0.46571090817451477
  ],
  "chroma_std": [
    0.22552244365215302,
    0.22708769142627716,
    0.2947392463684082,
    0.16866734623908997,
    0.3043214976787567,
    0.16353067755699158,
    0.21321064233779907,
    0.2508905827999115,
    0.15563134849071503,
    0.30362480878829956,
    0.16731250286102295,
    0.22216150164604187
  ],
  "key_estimation": {
    "key": "C_major",
    "confidence": 0.26198806132745067
  },
  "tonal_complexity": 0.09831733256578445
}