{
  "snr_db": 33.44603955001037,
  "dynamic_range_db": 17.68267432663132,
  "rms_energy": 0.17153410613536835,
  "zero_crossing_rate": 0.05162877492181392
}