{
  "tempo_bpm": 95.703125,
  "tempo_confidence": 0.985050728071967,
  "beat_positions": [
    0.46439909297052157,
    1.0681179138321995,
    1.7414965986394557,
    2.391655328798186,
    3.01859410430839,
    3.645532879818594,
    4.249251700680272,
    4.876190476190477,
    5.50312925170068,
    6.130068027210885,
    6.757006802721088,
    7.383945578231293,
    7.987664399092971,
    8.6378231292517,
    9.264761904761905,
    9.891700680272109,
    10.518639455782314,
    11.145578231292516,
    11.749297052154194,
    12.376235827664399,
    13.003174603174603,
    13.630113378684808,
    14.257052154195012,
    14.86077097505669,
    15.51092970521542,
    16.16108843537415,
    16.788027210884355,
    17.39174603174603,
    18.018684807256236,
    18.64562358276644,
    19.272562358276645,
    19.89950113378685,
    20.526439909297054,
    21.13015873015873,
    21.757097505668934,
    22.360816326530614,
    22.987755102040815,
    23.61469387755102,
    24.241632653061224,
    24.845351473922904,
    25.472290249433108,
    26.076009070294784,
    26.726167800453513,
    27.353106575963718,
    27.980045351473922
  ],
  "onset_times": [
    0.16253968253968254,
    0.44117913832199546,
    0.6501587301587302,
    1.0681179138321995,
    1.207437641723356,
    1.3699773242630386,
    1.7182766439909296,
    2.043356009070295,
    2.36843537414966,
    2.5541950113378684,
    3.01859410430839,
    3.297233560090703,
    3.5062131519274375,
    3.645532879818594,
    3.947392290249433,
    4.179591836734694,
    4.249251700680272,
    4.551111111111111,
    4.876190476190477,
    5.178049886621316,
    5.479909297052155,
    5.712108843537415,
    6.013968253968254,
    6.130068027210885,
    6.455147392290249,
    6.6873469387755105,
    6.757006802721088,
    7.058866213151927,
    7.360725623582766,
    7.685804988662132,
    7.987664399092971,
    8.52172335600907,
    8.6378231292517,
    8.800362811791382,
    8.93968253968254,
    9.1718820861678,
    9.241541950113378,
    9.543401360544218,
    9.868480725623582,
    10.193560090702947,
    10.495419501133787,
    11.00625850340136,
    11.145578231292516,
    11.3081179138322,
    11.749297052154194,
    12.376235827664399,
    12.678095238095239,
    12.979954648526077,
    13.514013605442177,
    13.630113378684808,
    13.815873015873017,
    13.931972789115646,
    14.233832199546486,
    14.55891156462585,
    14.721451247165533,
    14.86077097505669,
    15.139410430839002,
    15.487709750566893,
    15.81278911564626,
    16.16108843537415,
    16.34684807256236,
    16.788027210884355,
    17.08988662131519,
    17.29886621315193,
    17.39174603174603,
    17.99546485260771,
    18.204444444444444,
    18.3437641723356,
    18.52952380952381,
    18.64562358276644,
    18.808163265306124,
    18.94748299319728,
    19.249342403628116,
    19.551201814058956,
    19.87628117913832,
    20.201360544217685,
    20.24780045351474,
    20.526439909297054,
    20.688979591836734,
    20.94439909297052,
    21.13015873015873,
    21.408798185941045,
    21.73387755102041,
    22.058956916099774,
    22.360816326530614,
    22.593015873015872,
    22.68589569160998,
    22.987755102040815,
    23.173514739229024,
    23.49859410430839,
    23.591473922902495,
    23.893333333333334,
    24.2184126984127,
    24.52027210884354,
    24.845351473922904,
    25.007891156462584,
    25.170430839002268,
    25.21687074829932,
    25.44907029478458,
    25.658049886621317,
    25.98312925170068,
    26.076009070294784,
    26.284988662131518,
    26.377868480725624,
    26.726167800453513,
    27.028027210884353,
    27.353106575963718,
    27.608526077097505,
    27.956825396825398,
    28.189024943310656,
    28.305124716553287,
    28.490884353741496,
    28.63020408163265,
    29.164263038548754,
    29.23392290249433,
    29.53578231292517
  ],
  "rhythm_regularity": 0.9757319766336735,
  "syncopation_index": 0.5689655172413793,
  "beat_count": 45,
  "onset_count": 116
}