{
  "mfcc_mean": [
    -274.2701416015625,
    49.74384307861328,
    -7.925588607788086,
    15.907297134399414,
    -12.208863258361816,
    -6.828413486480713,
    9.152665138244629,
    -6.061899185180664,
    1.2534961700439453,
    4.298748016357422,
    -12.35167407989502,
    4.375993251800537,
    -8.245463371276855
  ],
  "mfcc_std": [
    111.37335968017578,
    41.880245208740234,
    31.44379234313965,
    25.080768585205078,
    18.120319366455078,
    18.14375114440918,
    14.856499671936035,
    15.612756729125977,
    12.269440650939941,
    11.245923042297363,
    13.355406761169434,
    8.077596664428711,
    11.461158752441406
  ],
  "spectral_centroid_mean": 2755.155186650231,
  "spectral_centroid_std": 1571.6666285420233,
  "spectral_bandwidth_mean": 2360.9147973770678,
  "spectral_bandwidth_std": 545.4474614334158,
  "spectral_rolloff_mean": 5067.869517689936,
  "spectral_rolloff_std": 2528.621769043625,
  "spectral_flux_mean": 3934.687255859375,
  "spectral_flux_std": 8152.8603515625,
  "spectral_flatness_mean": 0.09122192859649658,
  "spectral_flatness_std": 0.16681471467018127,
  "spectral_slope_mean": -0.0002757107477167538,
  "spectral_spread_mean": 2360.914796664898,
  "spectral_skewness_mean": 1.4438557836026,
  "spectral_kurtosis_mean": 5.99313453423077
}