{
  "snr_db": 34.77531100356333,
  "dynamic_range_db": 19.86407843282697,
  "rms_energy": 0.13876883685588837,
  "zero_crossing_rate": 0.1222054993872549
}