{
  "tempo_bpm": 151.99908088235293,
  "tempo_confidence": 0.9857078186174401,
  "beat_positions": [
    0.4179591836734694,
    0.8126984126984127,
    1.207437641723356,
    1.5789569160997732,
    1.9736961451247166,
    2.36843537414966,
    2.7631746031746034,
    3.1579138321995464,
    3.575873015873016,
    3.947392290249433,
    4.365351473922902,
    4.760090702947846,
    5.131609977324263,
    5.526349206349207,
    5.921088435374149,
    6.339047619047619,
    6.757006802721088,
    7.174965986394557,
    7.569705215419501,
    8.010884353741497,
    8.40562358276644,
    8.800362811791382,
    9.218321995464853,
    9.613061224489796,
    10.00780045351474,
    10.402539682539683,
    10.820498866213152,
    11.215238095238096,
    11.633197278911565,
    12.027936507936507,
    12.422675736961452,
    12.817414965986394,
    13.212154195011339,
    13.606893424036281,
    13.978412698412699,
    14.349931972789115,
    14.721451247165533,
    15.139410430839002,
    15.534149659863946,
    15.952108843537415,
    16.34684807256236,
    16.741587301587302,
    17.136326530612244,
    17.554285714285715,
    17.949024943310658,
    18.3437641723356,
    18.738503401360543,
    19.156462585034014,
    19.551201814058956,
    19.9459410430839,
    20.340680272108845,
    20.758639455782312,
    21.153378684807254,
    21.571337868480725,
    21.966077097505668,
    22.38403628117914,
    22.755555555555556,
    23.173514739229024,
    23.591473922902495,
    23.986213151927437,
    24.38095238095238,
    24.775691609977326,
    25.170430839002268,
    25.588390022675735,
    25.98312925170068,
    26.377868480725624,
    26.772607709750567,
    27.16734693877551,
    27.562086167800455
  ],
  "onset_times": [
    0.16253968253968254,
    0.4179591836734694,
    0.6501587301587302,
    0.7894784580498866,
    1.0216780045351475,
    1.18421768707483,
    1.5789569160997732,
    1.8343764172335602,
    1.9736961451247166,
    2.2058956916099772,
    2.345215419501134,
    2.6006349206349206,
    2.7631746031746034,
    3.0418140589569163,
    3.1579138321995464,
    3.5526530612244898,
    3.8080725623582765,
    3.947392290249433,
    4.179591836734694,
    4.365351473922902,
    4.620770975056689,
    4.73687074829932,
    4.992290249433107,
    5.38702947845805,
    5.572789115646258,
    5.735328798185941,
    5.921088435374149,
    6.339047619047619,
    6.548027210884354,
    7.174965986394557,
    7.383945578231293,
    7.569705215419501,
    7.778684807256236,
    8.010884353741497,
    8.219863945578231,
    8.6378231292517,
    8.777142857142858,
    9.05578231292517,
    9.195102040816327,
    9.58984126984127,
    9.845260770975056,
    9.984580498866213,
    10.24,
    10.402539682539683,
    10.797278911564625,
    11.029478458049887,
    11.215238095238096,
    11.517097505668934,
    11.633197278911565,
    12.004716553287983,
    12.236916099773243,
    12.422675736961452,
    12.863854875283447,
    14.698231292517006,
    15.116190476190477,
    15.348390022675737,
    15.534149659863946,
    15.74312925170068,
    15.789569160997733,
    15.928888888888888,
    16.137868480725622,
    16.34684807256236,
    16.555827664399093,
    16.741587301587302,
    16.950566893424035,
    17.136326530612244,
    17.368526077097506,
    17.554285714285715,
    17.740045351473924,
    17.786485260770974,
    17.925804988662133,
    18.18122448979592,
    18.3437641723356,
    18.552743764172334,
    18.599183673469387,
    18.738503401360543,
    18.970702947845805,
    19.156462585034014,
    19.52798185941043,
    19.922721088435374,
    19.969160997732427,
    20.340680272108845,
    20.758639455782312,
    20.990839002267574,
    21.13015873015873,
    21.43201814058957,
    21.5481179138322,
    21.942857142857143,
    22.244716553287983,
    22.360816326530614,
    22.569795918367348,
    22.755555555555556,
    22.941315192743765,
    23.1502947845805,
    23.56825396825397,
    23.800453514739228,
    23.962993197278912,
    24.19519274376417,
    24.357732426303855,
    24.636371882086166,
    24.775691609977326,
    25.007891156462584,
    25.14721088435374,
    25.425850340136055,
    25.56517006802721,
    25.774149659863944,
    25.93668934240363,
    26.21532879818594,
    26.354648526077096,
    26.586848072562358,
    26.749387755102042,
    26.958367346938775,
    27.144126984126984,
    27.376326530612246,
    27.538866213151927,
    27.74784580498866,
    27.93360544217687,
    28.16580498866213,
    28.23546485260771,
    28.606984126984127,
    28.723083900226758,
    29.210702947845807,
    29.396462585034012
  ],
  "rhythm_regularity": 0.9636768627107576,
  "syncopation_index": 0.4878048780487805,
  "beat_count": 69,
  "onset_count": 123
}