{
  "chroma_mean": [
    0.324423223733902,
    0.398398756980896,
    0.40466588735580444,
    0.3544764518737793,
    0.520526111125946,
    0.3865533471107483,
    0.4759640693664551,
    0.32421502470970154,
    0.36299026012420654,
    0.48540472984313965,
    0.34270283579826355,
    0.4777509868144989
  ],
  "chroma_std": [
    0.19380022585391998,
    0.23430927097797394,
    0.27174705266952515,
    0.2079610973596573,
    0.2950778901576996,
    0.2231256663799286,
    0.2885444462299347,
    0.1781296283006668,
    0.19518883526325226,
    0.3037866950035095,
    0.1762244552373886,
    0.3337690234184265
  ],
  "key_estimation": {
    "key": "C_major",
    "confidence": -0.18858192897576348
  },
  "tonal_complexity": 0.06566371023654938
}