{
  "mfcc_mean": [
    -98.08746337890625,
    90.86386108398438,
    -20.048988342285156,
    27.486902236938477,
    10.66093921661377,
    23.08763313293457,
    4.784965991973877,
    5.0525407791137695,
    -1.208036184310913,
    5.647041320800781,
    0.246787428855896,
    6.001454830169678,
    -6.279808521270752
  ],
  "mfcc_std": [
    70.25550842285156,
    22.36698341369629,
    26.680580139160156,
    12.46179485321045,
    10.024338722229004,
    8.647297859191895,
    9.022993087768555,
    7.537435531616211,
    7.468655586242676,
    8.367457389831543,
    7.885241985321045,
    7.777620792388916,
    7.3487958908081055
  ],
  "spectral_centroid_mean": 2117.83275398202,
  "spectral_centroid_std": 440.5302043778208,
  "spectral_bandwidth_mean": 2247.281058978502,
  "spectral_bandwidth_std": 428.19417270428227,
  "spectral_rolloff_mean": 4397.798407114697,
  "spectral_rolloff_std": 1191.9599161299388,
  "spectral_flux_mean": 2824.758056640625,
  "spectral_flux_std": 2247.548583984375,
  "spectral_flatness_mean": 0.007026118226349354,
  "spectral_flatness_std": 0.01106493640691042,
  "spectral_slope_mean": -0.0004606220804881476,
  "spectral_spread_mean": 2247.281060145339,
  "spectral_skewness_mean": 1.553957671630834,
  "spectral_kurtosis_mean": 5.351484649752163
}