{
  "snr_db": 36.26093259561041,
  "dynamic_range_db": 17.800476630084873,
  "rms_energy": 0.17417369782924652,
  "zero_crossing_rate": 0.08524306403928851
}