{
  "mfcc_mean": [
    -86.73591613769531,
    64.19290924072266,
    -17.239002227783203,
    27.623992919921875,
    -8.400686264038086,
    12.247989654541016,
    -4.226832866668701,
    15.429038047790527,
    5.377429962158203,
    10.5792818069458,
    -5.162221908569336,
    9.131352424621582,
    5.0756378173828125
  ],
  "mfcc_std": [
    66.39937591552734,
    20.38383674621582,
    23.98752212524414,
    16.353313446044922,
    17.12717056274414,
    12.344819068908691,
    11.722719192504883,
    12.761320114135742,
    10.42068862915039,
    9.350613594055176,
    8.311208724975586,
    9.003644943237305,
    8.427343368530273
  ],
  "spectral_centroid_mean": 2757.2755123147444,
  "spectral_centroid_std": 580.5680201320267,
  "spectral_bandwidth_mean": 2474.4049097026004,
  "spectral_bandwidth_std": 331.87918581757094,
  "spectral_rolloff_mean": 5605.8619387679,
  "spectral_rolloff_std": 1035.3491886161603,
  "spectral_flux_mean": 6673.404296875,
  "spectral_flux_std": 8086.98193359375,
  "spectral_flatness_mean": 0.027080964297056198,
  "spectral_flatness_std": 0.04158540442585945,
  "spectral_slope_mean": -0.00044183359949949517,
  "spectral_spread_mean": 2474.404911489111,
  "spectral_skewness_mean": 1.016532296073573,
  "spectral_kurtosis_mean": 3.3529199953086337
}