{
  "tempo_bpm": 184.5703125,
  "tempo_confidence": 0.9905621723850567,
  "beat_positions": [
    0.7662585034013606,
    1.0913378684807256,
    1.4164172335600906,
    1.7414965986394557,
    2.066575963718821,
    2.414875283446712,
    2.7399546485260773,
    3.0650340136054424,
    3.4133333333333336,
    3.7384126984126986,
    4.063492063492063,
    4.388571428571429,
    4.713650793650793,
    5.038730158730159,
    5.38702947845805,
    5.712108843537415,
    6.03718820861678,
    6.362267573696145,
    6.710566893424036,
    7.035646258503402,
    7.360725623582766,
    7.685804988662132,
    8.010884353741497,
    8.359183673469389,
    8.684263038548753,
    9.009342403628118,
    9.334421768707482,
    9.659501133786849,
    10.00780045351474,
    10.332879818594105,
    10.65795918367347,
    10.983038548752834,
    11.3081179138322,
    11.656417233560092,
    11.981496598639456,
    12.30657596371882,
    12.631655328798185,
    12.956734693877552,
    13.305034013605443,
    13.630113378684808,
    13.955192743764172,
    14.303492063492063,
    14.628571428571428,
    14.953650793650795,
    15.27873015873016,
    15.603809523809524,
    15.952108843537415,
    16.27718820861678,
    16.602267573696146,
    16.92734693877551,
    17.252426303854875,
    17.57750566893424,
    17.925804988662133,
    18.250884353741498,
    18.599183673469387,
    18.92426303854875,
    19.249342403628116,
    19.574421768707484,
    19.89950113378685,
    20.224580498866214,
    20.572879818594103,
    20.897959183673468,
    21.223038548752836,
    21.5481179138322,
    21.873197278911565,
    22.221496598639455,
    22.54657596371882,
    22.871655328798187,
    23.196734693877552,
    23.521814058956917,
    23.870113378684806,
    24.19519274376417,
    24.52027210884354,
    24.845351473922904,
    25.170430839002268,
    25.518730158730158,
    25.843809523809522,
    26.16888888888889,
    26.493968253968255,
    26.842267573696144,
    27.16734693877551,
    27.492426303854874,
    27.817505668934242,
    28.142585034013607,
    28.490884353741496
  ],
  "onset_times": [
    0.16253968253968254,
    0.4179591836734694,
    0.7430385487528345,
    0.9287981859410431,
    1.0681179138321995,
    1.253877551020408,
    1.3931972789115645,
    1.5789569160997732,
    1.7414965986394557,
    1.9040362811791383,
    2.066575963718821,
    2.36843537414966,
    2.414875283446712,
    2.5541950113378684,
    2.716734693877551,
    2.9257142857142857,
    3.0418140589569163,
    3.2275736961451247,
    3.3901133786848074,
    3.5526530612244898,
    3.7151927437641725,
    3.877732426303855,
    4.063492063492063,
    4.20281179138322,
    4.388571428571429,
    4.690430839002268,
    5.038730158730159,
    5.224489795918367,
    5.712108843537415,
    5.874648526077097,
    6.013968253968254,
    6.199727891156463,
    6.339047619047619,
    6.524807256235827,
    6.6873469387755105,
    7.035646258503402,
    7.198185941043084,
    7.337505668934241,
    7.523265306122449,
    7.685804988662132,
    7.848344671201814,
    7.987664399092971,
    8.196643990929704,
    8.335963718820862,
    8.52172335600907,
    8.684263038548753,
    8.846802721088435,
    9.009342403628118,
    9.1718820861678,
    9.334421768707482,
    9.496961451247165,
    9.659501133786849,
    9.984580498866213,
    10.309659863945578,
    10.495419501133787,
    10.65795918367347,
    10.797278911564625,
    10.95981859410431,
    11.122358276643991,
    11.284897959183674,
    11.470657596371883,
    11.633197278911565,
    11.818956916099774,
    11.95827664399093,
    12.120816326530612,
    12.283356009070294,
    12.445895691609977,
    12.631655328798185,
    12.794195011337868,
    12.956734693877552,
    13.119274376417234,
    13.305034013605443,
    13.421133786848072,
    13.606893424036281,
    13.79265306122449,
    13.955192743764172,
    14.117732426303855,
    14.280272108843537,
    14.44281179138322,
    14.605351473922903,
    14.79111111111111,
    14.930430839002268,
    15.116190476190477,
    15.232290249433106,
    15.603809523809524,
    15.789569160997733,
    15.998548752834466,
    16.27718820861678,
    16.602267573696146,
    16.764807256235827,
    16.92734693877551,
    17.08988662131519,
    17.252426303854875,
    17.554285714285715,
    17.902585034013605,
    18.088344671201813,
    18.22766439909297,
    18.36698412698413,
    18.552743764172334,
    18.901043083900227,
    19.156462585034014,
    19.22612244897959,
    19.574421768707484,
    19.736961451247165,
    19.89950113378685,
    20.085260770975058,
    20.224580498866214,
    20.410340136054423,
    20.54965986394558,
    20.851519274376418,
    21.060498866213152,
    21.223038548752836,
    21.524897959183672,
    21.71065759637188,
    21.873197278911565,
    22.19827664399093,
    22.38403628117914,
    22.523356009070294,
    22.732335600907028,
    22.871655328798187,
    23.196734693877552,
    23.359274376417233,
    23.521814058956917,
    23.661133786848072,
    23.870113378684806,
    24.009433106575965,
    24.171972789115646,
    24.357732426303855,
    24.49705215419501,
    24.659591836734695,
    24.845351473922904,
    25.007891156462584,
    25.170430839002268,
    25.356190476190477,
    25.495510204081633,
    25.68126984126984,
    25.820589569160997,
    26.16888888888889,
    26.33142857142857,
    26.493968253968255,
    26.679727891156464,
    26.81904761904762,
    26.9815873015873,
    27.144126984126984,
    27.329886621315193,
    27.492426303854874,
    27.654965986394558,
    27.817505668934242,
    27.956825396825398,
    28.142585034013607,
    28.305124716553287,
    28.46766439909297,
    28.63020408163265,
    28.792743764172336,
    28.955283446712016,
    29.141043083900225
  ],
  "rhythm_regularity": 0.9711328510224229,
  "syncopation_index": 0.44871794871794873,
  "beat_count": 85,
  "onset_count": 156
}