{
  "meta": {
    "path": "../../data/raw/MIREX-like_mood/dataset/Audio/410.mp3",
    "file_hash": "f5de11632dd5e9bef538b3b4d34c91e25125c33d",
    "duration_sec": 29.58222222222222,
    "sample_rate": 22050,
    "analysis_timestamp": "2025-10-24T20:10:20.681240",
    "config": {
      "sr": 22050,
      "n_fft": 2048,
      "hop_length": 512,
      "n_mels": 128,
      "n_mfcc": 13,
      "n_chroma": 12,
      "frame_length": 2048,
      "workers": 4,
      "use_crepe": false,
      "save_matrices": false,
      "save_plots": true,
      "force": true,
      "quick": false,
      "verbose": false
    },
    "processing_time_sec": 3.061535120010376
  },
  "acoustic": {
    "mfcc_mean": [
      -33.58208465576172,
      91.97644805908203,
      -10.70280647277832,
      37.374603271484375,
      7.745883941650391,
      15.225374221801758,
      -7.987077236175537,
      11.453519821166992,
      -9.81613540649414,
      -1.7121717929840088,
      -0.8336241841316223,
      -2.419238567352295,
      -6.354900360107422
    ],
    "mfcc_std": [
      55.08504867553711,
      23.178457260131836,
      17.451156616210938,
      12.853809356689453,
      7.800884246826172,
      6.696416854858398,
      7.29160213470459,
      6.333879470825195,
      7.948606491088867,
      6.446309566497803,
      6.965419769287109,
      5.998379707336426,
      5.675301551818848
    ],
    "spectral_centroid_mean": 2341.4660746684513,
    "spectral_centroid_std": 585.5667803889489,
    "spectral_bandwidth_mean": 2376.725846529418,
    "spectral_bandwidth_std": 351.7789876505754,
    "spectral_rolloff_mean": 4983.53475413603,
    "spectral_rolloff_std": 1226.0311790177743,
    "spectral_flux_mean": 6101.39892578125,
    "spectral_flux_std": 5577.85302734375,
    "spectral_flatness_mean": 0.023694787174463272,
    "spectral_flatness_std": 0.037001267075538635,
    "spectral_slope_mean": -0.00046698792548896723,
    "spectral_spread_mean": 2376.7258446768205,
    "spectral_skewness_mean": 1.2664641546963795,
    "spectral_kurtosis_mean": 4.145595026274214
  },
  "rhythm": {
    "tempo_bpm": 123.046875,
    "tempo_confidence": 0.9868847245767741,
    "beat_positions": [
      0.18575963718820862,
      0.6965986394557823,
      1.207437641723356,
      1.6950566893424037,
      2.182675736961451,
      2.670294784580499,
      3.1579138321995464,
      3.6687528344671203,
      4.156371882086168,
      4.667210884353741,
      5.178049886621316,
      5.688888888888889,
      6.176507936507937,
      6.6873469387755105,
      7.174965986394557,
      7.685804988662132,
      8.17342403628118,
      8.684263038548753,
      9.195102040816327,
      9.7059410430839,
      10.193560090702947,
      10.704399092970522,
      11.215238095238096,
      11.702857142857143,
      12.213696145124716,
      12.701315192743763,
      13.188934240362812,
      13.699773242630386,
      14.187392290249432,
      14.721451247165533,
      15.185850340136055,
      15.696689342403628,
      16.207528344671204,
      16.718367346938777,
      17.205986394557822,
      17.69360544217687,
      18.204444444444444,
      18.692063492063493,
      19.17968253968254,
      19.690521541950112,
      20.17814058956916,
      20.688979591836734,
      21.176598639455783,
      21.687437641723356,
      22.175056689342405,
      22.68589569160998,
      23.173514739229024,
      23.661133786848072,
      24.171972789115646,
      24.68281179138322,
      25.170430839002268,
      25.68126984126984
    ],
    "onset_times": [
      0.13931972789115646,
      0.2089795918367347,
      0.6965986394557823,
      0.9520181405895691,
      1.18421768707483,
      1.4396371882086167,
      1.6718367346938776,
      1.9272562358276644,
      2.159455782312925,
      2.414875283446712,
      2.670294784580499,
      2.9257142857142857,
      3.1346938775510202,
      3.3901133786848074,
      3.6687528344671203,
      3.924172335600907,
      4.156371882086168,
      4.435011337868481,
      4.6439909297052155,
      4.899410430839002,
      5.154829931972789,
      5.433469387755102,
      5.6656689342403626,
      5.921088435374149,
      6.15328798185941,
      6.408707482993197,
      6.664126984126984,
      6.919546485260771,
      7.174965986394557,
      7.453605442176871,
      7.662585034013605,
      7.918004535147392,
      8.17342403628118,
      8.428843537414966,
      8.684263038548753,
      8.93968253968254,
      9.1718820861678,
      9.450521541950113,
      9.682721088435374,
      9.93814058956916,
      10.170340136054422,
      10.425759637188209,
      10.681179138321996,
      10.936598639455783,
      11.19201814058957,
      11.470657596371883,
      11.679637188208616,
      11.95827664399093,
      12.19047619047619,
      12.469115646258503,
      12.701315192743763,
      12.956734693877552,
      13.188934240362812,
      13.397913832199546,
      13.444353741496599,
      13.699773242630386,
      13.931972789115646,
      14.187392290249432,
      14.44281179138322,
      14.698231292517006,
      14.930430839002268,
      15.139410430839002,
      15.209070294784581,
      15.464489795918368,
      15.673469387755102,
      15.952108843537415,
      16.184308390022675,
      16.46294784580499,
      16.69514739229025,
      16.950566893424035,
      17.205986394557822,
      17.46140589569161,
      17.69360544217687,
      17.949024943310658,
      18.18122448979592,
      18.413424036281178,
      18.692063492063493,
      18.92426303854875,
      19.17968253968254,
      19.458321995464853,
      19.690521541950112,
      19.853061224489796,
      20.17814058956916,
      20.433560090702947,
      20.66575963718821,
      20.921179138321996,
      21.153378684807254,
      21.43201814058957,
      21.66421768707483,
      21.91963718820862,
      22.151836734693877,
      22.407256235827663,
      22.66267573696145,
      22.918095238095237,
      23.173514739229024,
      23.42893424036281,
      23.521814058956917,
      23.661133786848072,
      23.893333333333334,
      24.171972789115646,
      24.427392290249433,
      24.659591836734695,
      24.91501133786848,
      25.170430839002268,
      25.425850340136055,
      25.658049886621317,
      25.913469387755104,
      26.145668934240362,
      26.40108843537415,
      26.656507936507936,
      26.888707482993198,
      27.144126984126984,
      27.39954648526077,
      27.515646258503402,
      27.631746031746033,
      27.88716553287982,
      28.16580498866213,
      28.374784580498865,
      28.63020408163265,
      28.862403628117914,
      29.141043083900225
    ],
    "rhythm_regularity": 0.9734161757389318,
    "syncopation_index": 0.5537190082644629,
    "beat_count": 52,
    "onset_count": 121
  },
  "harmony": {
    "chroma_mean": [
      0.45476436614990234,
      0.6216621398925781,
      0.4787898361682892,
      0.6017569303512573,
      0.47448045015335083,
      0.4914662837982178,
      0.6493611931800842,
      0.46152496337890625,
      0.5245922803878784,
      0.4812488853931427,
      0.7135248780250549,
      0.5753372311592102
    ],
    "chroma_std": [
      0.21002748608589172,
      0.21409972012043,
      0.18384426832199097,
      0.25588327646255493,
      0.1435149610042572,
      0.17600169777870178,
      0.24830904603004456,
      0.14267252385616302,
      0.24042974412441254,
      0.20516438782215118,
      0.2277081310749054,
      0.2282867431640625
    ],
    "key_estimation": {
      "key": "C_minor",
      "confidence": -0.30562369370960313
    },
    "tonal_complexity": 0.08221594989299774
  },
  "quality": {
    "snr_db": 32.76071109712221,
    "dynamic_range_db": 16.46658873636142,
    "rms_energy": 0.19337107241153717,
    "zero_crossing_rate": 0.1167578125
  },
  "lyrics": {
    "word_count": 115,
    "unique_word_count": 59,
    "sentence_count": 1,
    "avg_words_per_sentence": 115.0,
    "readability": null,
    "sentiment_analysis": null,