{
  "meta": {
    "path": "../../data/raw/CSD/english/wav/en047b.wav",
    "file_hash": "ef761daa4e8f05b43cd6612e543786223675a761",
    "duration_sec": 84.00004535147393,
    "sample_rate": 22050,
    "analysis_timestamp": "2025-10-24T19:10:45.687818",
    "config": {
      "sr": 22050,
      "n_fft": 2048,
      "hop_length": 512,
      "n_mels": 128,
      "n_mfcc": 13,
      "n_chroma": 12,
      "frame_length": 2048,
      "workers": 4,
      "use_crepe": false,
      "save_matrices": false,
      "save_plots": true,
      "force": true,
      "quick": false,
      "verbose": false
    },
    "processing_time_sec": 7.32388710975647
  },
  "acoustic": {
    "mfcc_mean": [
      -258.767578125,
      63.263790130615234,
      1.1521601676940918,
      23.275360107421875,
      -5.763802528381348,
      -0.8141486048698425,
      8.396727561950684,
      -6.081502437591553,
      -0.4895709156990051,
      14.104106903076172,
      -15.511466026306152,
      3.4979636669158936,
      -8.436248779296875
    ],
    "mfcc_std": [
      95.64960479736328,
      39.09385299682617,
      29.443967819213867,
      27.199203491210938,
      19.13214874267578,
      17.8252010345459,
      15.063440322875977,
      15.585206985473633,
      13.133460998535156,
      11.703940391540527,
      13.31598949432373,
      8.913288116455078,
      10.810542106628418
    ],
    "spectral_centroid_mean": 2282.7147900159807,
    "spectral_centroid_std": 1221.5875526993223,
    "spectral_bandwidth_mean": 2302.566520854073,
    "spectral_bandwidth_std": 454.1933028113696,
    "spectral_rolloff_mean": 4442.76760727612,
    "spectral_rolloff_std": 2020.366180755952,
    "spectral_flux_mean": 2624.715576171875,
    "spectral_flux_std": 4667.3916015625,
    "spectral_flatness_mean": 0.036158327013254166,
    "spectral_flatness_std": 0.10411056131124496,
    "spectral_slope_mean": -0.0003055129168824933,
    "spectral_spread_mean": 2302.5665191370153,
    "spectral_skewness_mean": 1.6737704628533263,
    "spectral_kurtosis_mean": 6.342032950768878
  },
  "rhythm": {
    "tempo_bpm": 135.99917763157896,
    "tempo_confidence": 0.9652392741831529,
    "beat_positions": [
      1.1377777777777778,
      1.555736961451247,
      1.9969160997732427,
      2.36843537414966,
      2.8328344671201813,
      3.2043537414965986,
      3.599092970521542,
      4.040272108843538,
      4.4117913832199545,
      4.783310657596372,
      5.178049886621316,
      5.572789115646258,
      5.9675283446712015,
      6.455147392290249,
      6.849886621315193,
      7.244625850340136,
      7.63936507936508,
      8.034104308390022,
      8.428843537414966,
      8.870022675736962,
      9.334421768707482,
      9.798820861678005,
      10.263219954648527,
      10.750839002267574,
      11.19201814058957,
      11.586757369614512,
      11.95827664399093,
      12.376235827664399,
      12.794195011337868,
      13.188934240362812,
      13.583673469387755,
      14.001632653061224,
      14.396371882086168,
      14.883990929705215,
      15.371609977324264,
      15.836009070294784,
      16.300408163265306,
      16.764807256235827,
      17.205986394557822,
      17.623945578231293,
      18.06512471655329,
      18.483083900226756,
      18.92426303854875,
      19.365442176870747,
      19.806621315192743,
      20.24780045351474,
      20.688979591836734,
      21.199818594104308,
      21.687437641723356,
      22.128616780045352,
      22.569795918367348,
      23.010975056689343,
      23.475374149659864,
      23.91655328798186,
      24.357732426303855,
      24.822131519274375,
      25.26331065759637,
      25.727709750566895,
      26.192108843537415,
      26.656507936507936,
      27.12090702947846,
      27.608526077097505,
      28.026485260770976,
      28.444444444444443,
      28.792743764172336,
      29.164263038548754,
      29.628662131519274,
      30.046621315192745,
      30.511020408163265,
      30.998639455782314,
      31.41659863945578,
      31.857777777777777,
      32.275736961451244,
      32.71691609977324,
      33.158095238095235,
      33.599274376417235,
      33.97079365079365,
      34.411972789115644,
      34.853151927437644,
      35.22467120181406,
      35.619410430839004,
      36.014149659863946,
      36.432108843537414,
      36.85006802721088,
      37.24480725623583,
      37.63954648526077,
      38.01106575963719,
      38.45224489795918,
      38.91664399092971,
      39.404263038548756,
      39.86866213151927,
      40.333061224489796,
      40.79746031746032,
      41.26185941043084,
      41.703038548752836,
      42.14421768707483,
      42.58539682539683,
      43.02657596371882,
      43.46775510204082,
      43.90893424036281,
      44.35011337868481,
      44.7912925170068,
      45.20925170068027,
      45.58077097505669,
      46.04517006802721,
      46.41668934240363,
      46.78820861678005,
      47.22938775510204,
      47.62412698412698,
      48.01886621315193,
      48.41360544217687,
      48.854784580498865,
      49.20308390022676,
      49.621043083900226,
      50.01578231292517,
      50.387301587301586,
      50.80526077097505,
      51.22321995464853,
      51.641179138321995,
      52.03591836734694,
      52.453877551020405,
      52.8021768707483,
      53.173696145124715,
      53.59165532879818,
      53.98639455782313,
      54.4043537414966,
      54.84553287981859,
      55.21705215419501,
      55.58857142857143,
      56.006530612244894,
      56.401269841269844,
      56.79600907029479,
      57.23718820861678,
      57.63192743764172,
      58.00344671201814,
      58.37496598639456,
      58.83936507936508,
      59.23410430839002,
      59.60562358276644,
      60.02358276643991,
      60.441541950113375,
      60.836281179138325,
      61.25424036281179,
      61.695419501133784,
      62.136598639455784,
      62.55455782312925,
      62.99573696145125,
      63.41369614512472,
      63.85487528344671,
      64.27283446712018,
      64.7372335600907,
      65.1784126984127,
      65.6195918367347,
      66.08399092970521,
      66.59482993197278,
      67.08244897959183,
      67.57006802721088,
      68.0344671201814,
      68.45242630385488,
      68.94004535147393,
      69.40444444444445,
      69.86884353741496,
      70.33324263038548,
      70.82086167800453,
      71.21560090702948,
      71.63356009070294,
      72.00507936507937,
      72.37659863945578,
      72.81777777777778,
      73.23573696145125,
      73.60725623582766,
      74.00199546485261,
      74.46639455782314,
      74.93079365079365,
      75.39519274376417,
      75.83637188208617,
      76.27755102040817,
      76.71873015873015,
      77.15990929705215,
      77.60108843537415,
      78.04226757369615,
      78.43700680272109,
      78.80852607709751,
      79.18004535147392,
      79.62122448979592,
      80.01596371882086,
      80.4107029478458,
      80.82866213151928,
      81.20018140589569
    ],