{
  "mfcc_mean": [
    -52.02388000488281,
    103.89543151855469,
    -26.184785842895508,
    28.390609741210938,
    -6.817805767059326,
    6.181540012359619,
    -6.545709133148193,
    4.740556240081787,
    -8.69023323059082,
    6.688387870788574,
    -5.1373467445373535,
    0.9135979413986206,
    -0.17698177695274353
  ],
  "mfcc_std": [
    67.99967956542969,
    25.44390869140625,
    20.53412628173828,
    12.785962104797363,
    11.010787963867188,
    10.106146812438965,
    9.272881507873535,
    7.686425685882568,
    8.933817863464355,
    7.6175665855407715,
    6.986380100250244,
    7.574236869812012,
    6.290767669677734
  ],
  "spectral_centroid_mean": 2107.6498438203575,
  "spectral_centroid_std": 515.775221148525,
  "spectral_bandwidth_mean": 2103.659253134754,
  "spectral_bandwidth_std": 315.76768002592036,
  "spectral_rolloff_mean": 4166.232798581526,
  "spectral_rolloff_std": 1010.9969741680954,
  "spectral_flux_mean": 7426.20458984375,
  "spectral_flux_std": 6977.9580078125,
  "spectral_flatness_mean": 0.01403841283172369,
  "spectral_flatness_std": 0.033921681344509125,
  "spectral_slope_mean": -0.0005522324771178728,
  "spectral_spread_mean": 2103.65925499666,
  "spectral_skewness_mean": 1.5489464317566277,
  "spectral_kurtosis_mean": 5.3262514422135165
}