{
  "tempo_bpm": 123.046875,
  "tempo_confidence": 0.9906816922441697,
  "beat_positions": [
    0.3947392290249433,
    0.8823582766439909,
    1.3699773242630386,
    1.8575963718820863,
    2.345215419501134,
    2.8560544217687074,
    3.3436734693877552,
    3.8312925170068026,
    4.31891156462585,
    4.806530612244898,
    5.317369614512471,
    5.804988662131519,
    6.292607709750567,
    6.780226757369615,
    7.291065759637188,
    7.778684807256236,
    8.266303854875284,
    8.777142857142858,
    9.264761904761905,
    9.752380952380953,
    10.24,
    10.727619047619047,
    11.215238095238096,
    11.72607709750567,
    12.213696145124716,
    12.701315192743763,
    13.188934240362812,
    13.676553287981859,
    14.164172335600908,
    14.675011337868481,
    15.162630385487528,
    15.650249433106575,
    16.137868480725622,
    16.648707482993196,
    17.136326530612244,
    17.623945578231293,
    18.11156462585034,
    18.622403628117915,
    19.11002267573696,
    19.59764172335601,
    20.085260770975058,
    20.572879818594103,
    21.060498866213152,
    21.571337868480725,
    22.058956916099774,
    22.54657596371882,
    23.034195011337868,
    23.54503401360544,
    24.03265306122449,
    24.52027210884354,
    25.007891156462584,
    25.495510204081633,
    25.98312925170068,
    26.493968253968255,
    26.9815873015873,
    27.46920634920635,
    27.956825396825398,
    28.46766439909297,
    28.955283446712016
  ],
  "onset_times": [
    0.13931972789115646,
    0.37151927437641724,
    0.626938775510204,
    0.7430385487528345,
    0.8591383219954648,
    1.0913378684807256,
    1.3467573696145125,
    1.6021768707482993,
    1.8575963718820863,
    2.089795918367347,
    2.345215419501134,
    2.6006349206349206,
    2.8328344671201813,
    3.0882539682539685,
    3.320453514739229,
    3.599092970521542,
    3.8312925170068026,
    3.9706122448979593,
    4.08671201814059,
    4.295691609977324,
    4.551111111111111,
    4.783310657596372,
    4.829750566893424,
    5.038730158730159,
    5.294149659863946,
    5.5495691609977325,
    5.6656689342403626,
    5.7817687074829935,
    6.013968253968254,
    6.15328798185941,
    6.292607709750567,
    6.5712471655328795,
    6.780226757369615,
    7.035646258503402,
    7.267845804988662,
    7.523265306122449,
    7.63936507936508,
    7.75546485260771,
    8.010884353741497,
    8.243083900226758,
    8.498503401360544,
    8.753922902494331,
    8.893242630385487,
    9.009342403628118,
    9.241541950113378,
    9.496961451247165,
    9.729160997732427,
    9.961360544217687,
    10.216780045351474,
    10.47219954648526,
    10.727619047619047,
    10.95981859410431,
    11.215238095238096,
    11.702857142857143,
    11.95827664399093,
    12.19047619047619,
    12.445895691609977,
    12.585215419501134,
    12.701315192743763,
    12.933514739229025,
    13.165714285714285,
    13.444353741496599,
    13.56045351473923,
    13.676553287981859,
    13.908752834467121,
    14.164172335600908,
    14.419591836734694,
    14.651791383219955,
    14.883990929705215,
    15.139410430839002,
    15.394829931972788,
    15.557369614512472,
    15.650249433106575,
    15.882448979591837,
    16.137868480725622,
    16.39328798185941,
    16.62548752834467,
    16.880907029478458,
    17.11310657596372,
    17.368526077097506,
    17.600725623582765,
    17.856145124716555,
    18.088344671201813,
    18.36698412698413,
    18.622403628117915,
    18.83138321995465,
    19.086802721088436,
    19.342222222222222,
    19.574421768707484,
    20.06204081632653,
    20.317460317460316,
    20.572879818594103,
    20.805079365079365,
    21.060498866213152,
    21.31591836734694,
    21.571337868480725,
    21.803537414965987,
    22.035736961451246,
    22.31437641723356,
    22.54657596371882,
    22.801995464852606,
    23.034195011337868,
    23.289614512471655,
    23.521814058956917,
    23.777233560090703,
    24.009433106575965,
    24.264852607709752,
    24.49705215419501,
    24.752471655328797,
    24.98467120181406,
    25.21687074829932,
    25.495510204081633,
    25.727709750566895,
    25.98312925170068,
    26.23854875283447,
    26.493968253968255,
    26.726167800453513,
    26.958367346938775,
    27.213786848072562,
    27.46920634920635,
    27.70140589569161,
    27.956825396825398,
    28.212244897959184,
    28.444444444444443,
    28.69986394557823,
    28.93206349206349,
    29.18748299319728,
    29.41968253968254
  ],
  "rhythm_regularity": 0.9808986339439502,
  "syncopation_index": 0.5234375,
  "beat_count": 59,
  "onset_count": 128
}