{
  "meta": {
    "path": "../../data/raw/MIREX-like_mood/dataset/Audio/535.mp3",
    "file_hash": "34872481c38c6857d4d31636c0669838bb6b3745",
    "duration_sec": 29.675102040816327,
    "sample_rate": 22050,
    "analysis_timestamp": "2025-10-24T20:08:00.895602",
    "config": {
      "sr": 22050,
      "n_fft": 2048,
      "hop_length": 512,
      "n_mels": 128,
      "n_mfcc": 13,
      "n_chroma": 12,
      "frame_length": 2048,
      "workers": 4,
      "use_crepe": false,
      "save_matrices": false,
      "save_plots": true,
      "force": true,
      "quick": false,
      "verbose": false
    },
    "processing_time_sec": 2.8740501403808594
  },
  "acoustic": {
    "mfcc_mean": [
      -64.10697174072266,
      88.07331085205078,
      -9.538297653198242,
      37.86478042602539,
      -1.4431896209716797,
      11.91057300567627,
      1.0769453048706055,
      8.979625701904297,
      -5.7142815589904785,
      6.621570110321045,
      -5.4364013671875,
      2.244544267654419,
      -4.103269577026367
    ],
    "mfcc_std": [
      64.54717254638672,
      21.937049865722656,
      15.782828330993652,
      16.08053970336914,
      13.630480766296387,
      9.908896446228027,
      9.647476196289062,
      8.777347564697266,
      9.220250129699707,
      9.250536918640137,
      6.901200771331787,
      6.478713512420654,
      8.289918899536133
    ],
    "spectral_centroid_mean": 2314.123093749814,
    "spectral_centroid_std": 545.3695256979975,
    "spectral_bandwidth_mean": 2352.4335136329514,
    "spectral_bandwidth_std": 321.38168064419517,
    "spectral_rolloff_mean": 4803.865687151828,
    "spectral_rolloff_std": 1100.72551409386,
    "spectral_flux_mean": 3706.268310546875,
    "spectral_flux_std": 3238.341552734375,
    "spectral_flatness_mean": 0.01399707980453968,
    "spectral_flatness_std": 0.0321451835334301,
    "spectral_slope_mean": -0.0004578272939044087,
    "spectral_spread_mean": 2352.433513018473,
    "spectral_skewness_mean": 1.2914874268642171,
    "spectral_kurtosis_mean": 4.262400137689131
  },
  "rhythm": {
    "tempo_bpm": 129.19921875,
    "tempo_confidence": 0.9830408793452865,
    "beat_positions": [
      0.5340589569160997,
      1.0216780045351475,
      1.4628571428571429,
      1.9272562358276644,
      2.391655328798186,
      2.8328344671201813,
      3.274013605442177,
      3.7151927437641725,
      4.156371882086168,
      4.6439909297052155,
      5.108390022675737,
      5.572789115646258,
      6.03718820861678,
      6.478367346938776,
      6.942766439909297,
      7.430385487528345,
      7.894784580498866,
      8.359183673469389,
      8.823582766439909,
      9.287981859410431,
      9.729160997732427,
      10.193560090702947,
      10.65795918367347,
      11.122358276643991,
      11.563537414965987,
      12.004716553287983,
      12.445895691609977,
      12.956734693877552,
      13.421133786848072,
      13.908752834467121,
      14.373151927437641,
      14.837551020408164,
      15.32517006802721,
      15.789569160997733,
      16.23074829931973,
      16.69514739229025,
      17.136326530612244,
      17.57750566893424,
      18.04190476190476,
      18.483083900226756,
      18.94748299319728,
      19.435102040816325,
      19.87628117913832,
      20.340680272108845,
      20.805079365079365,
      21.269478458049885,
      21.73387755102041,
      22.221496598639455,
      22.68589569160998,
      23.1502947845805,
      23.61469387755102,
      24.079092970521543,
      24.52027210884354,
      24.961451247165535,
      25.425850340136055,
      25.86702947845805,
      26.33142857142857,
      26.772607709750567,
      27.213786848072562,
      27.678185941043083,
      28.142585034013607,
      28.65342403628118
    ],
    "onset_times": [
      0.13931972789115646,
      0.301859410430839,
      0.44117913832199546,
      0.5340589569160997,
      0.9984580498866213,
      1.4396371882086167,
      1.811156462585034,
      1.9504761904761905,
      2.159455782312925,
      2.36843537414966,
      2.6238548752834467,
      2.809614512471655,
      3.0418140589569163,
      3.274013605442177,
      3.5062131519274375,
      3.6919727891156464,
      3.924172335600907,
      4.156371882086168,
      5.085170068027211,
      5.572789115646258,
      5.804988662131519,
      6.013968253968254,
      6.478367346938776,
      6.942766439909297,
      7.430385487528345,
      7.662585034013605,
      7.87156462585034,
      8.359183673469389,
      8.800362811791382,
      9.496961451247165,
      9.7059410430839,
      10.00780045351474,
      10.170340136054422,
      10.402539682539683,
      10.611519274376418,
      10.65795918367347,
      10.89015873015873,
      11.099138321995465,
      11.3081179138322,
      11.54031746031746,
      11.586757369614512,
      12.399455782312925,
      12.956734693877552,
      13.142494331065759,
      13.305034013605443,
      13.421133786848072,
      13.885532879818594,
      14.373151927437641,
      14.814331065759637,
      15.09297052154195,
      15.301950113378684,
      15.766349206349206,
      15.998548752834466,
      16.207528344671204,
      16.69514739229025,
      16.904126984126986,
      17.11310657596372,
      17.368526077097506,
      17.554285714285715,
      17.832925170068027,
      18.018684807256236,
      18.274104308390022,
      18.483083900226756,
      18.715283446712018,
      18.92426303854875,
      19.435102040816325,
      19.853061224489796,
      20.59609977324263,
      20.78185941043084,
      21.24625850340136,
      21.687437641723356,
      21.73387755102041,
      22.221496598639455,
      22.66267573696145,
      22.825215419501134,
      23.45215419501134,
      23.61469387755102,
      24.3112925170068,
      24.52027210884354,
      24.961451247165535,
      25.193650793650793,
      25.402630385487527,
      25.658049886621317,
      25.86702947845805,
      26.09922902494331,
      26.21532879818594,
      26.308208616780046,
      26.81904761904762,
      27.09768707482993,
      27.190566893424037,
      27.678185941043083,
      27.88716553287982,
      28.0497052154195,
      28.444444444444443,
      28.63020408163265,
      28.862403628117914,
      29.094603174603176,
      29.58222222222222
    ],
    "rhythm_regularity": 0.9625754939929821,
    "syncopation_index": 0.3877551020408163,
    "beat_count": 62,
    "onset_count": 98
  },
  "harmony": {
    "chroma_mean": [
      0.46911802887916565,
      0.26744893193244934,
      0.4432380795478821,
      0.2583119869232178,
      0.45773741602897644,
      0.3506518304347992,
      0.4822998046875,
      0.6169138550758362,
      0.3047850430011749,
      0.5519314408302307,
      0.2560960650444031,
      0.35442718863487244
    ],
    "chroma_std": [
      0.31675395369529724,
      0.1427285373210907,
      0.2943366765975952,
      0.13156941533088684,
      0.23320253193378448,
      0.2493657022714615,
      0.23202894628047943,
      0.29685425758361816,
      0.15958163142204285,
      0.33504292368888855,
      0.14762787520885468,
      0.23102827370166779
    ],
    "key_estimation": {
      "key": "C_major",
      "confidence": 0.6712477233305156
    },
    "tonal_complexity": 0.1150384396314621
  },
  "quality": {
    "snr_db": 34.018093037353964,
    "dynamic_range_db": 17.522885343712154,
    "rms_energy": 0.174702987074852,
    "zero_crossing_rate": 0.11346068095191555
  },
  "lyrics": {
    "word_count": 155,
    "unique_word_count": 88,
    "sentence_count": 1,
    "avg_words_per_sentence": 155.0,
    "readability": null,
    "sentiment_analysis": null,
    "topic_keywords": [
      "Wild",
      "horses",
      "you",
      "couldn't",
      "drag",
      "away",
      "wild",
      "them",
      "know",
      "some"
    ],
    "repetition_analysis": {
      "repetition_ratio": 0.432258064516129,