{
  "tempo_bpm": 129.19921875,
  "tempo_confidence": 0.9827720740365433,
  "beat_positions": [
    0.8126984126984127,
    1.253877551020408,
    1.6950566893424037,
    2.136235827664399,
    2.647074829931973,
    3.111473922902494,
    3.5526530612244898,
    4.017052154195011,
    4.481451247165533,
    4.96907029478458,
    5.433469387755102,
    5.897868480725624,
    6.362267573696145,
    6.849886621315193,
    7.314285714285714,
    7.778684807256236,
    8.243083900226758,
    8.70748299319728,
    9.195102040816327,
    9.659501133786849,
    10.12390022675737,
    10.611519274376418,
    11.075918367346938,
    11.54031746031746,
    12.004716553287983,
    12.469115646258503,
    12.956734693877552,
    13.397913832199546,
    13.862312925170068,
    14.32671201814059,
    14.79111111111111,
    15.27873015873016,
    15.74312925170068,
    16.23074829931973,
    16.718367346938777,
    17.159546485260773,
    17.623945578231293,
    18.11156462585034,
    18.599183673469387,
    19.06358276643991,
    19.504761904761907,
    19.969160997732427,
    20.456780045351476,
    20.921179138321996,
    21.36235827664399,
    21.849977324263037,
    22.31437641723356,
    22.801995464852606,
    23.26639455782313,
    23.73079365079365,
    24.19519274376417,
    24.659591836734695,
    25.10077097505669,
    25.611609977324264,
    26.09922902494331,
    26.563628117913833,
    27.00480725623583,
    27.492426303854874,
    27.980045351473922,
    28.421224489795918
  ],
  "onset_times": [
    0.16253968253968254,
    0.8126984126984127,
    1.1377777777777778,
    1.253877551020408,
    1.6021768707482993,
    1.6950566893424037,
    2.043356009070295,
    2.136235827664399,
    2.2523356009070294,
    2.345215419501134,
    2.461315192743764,
    2.647074829931973,
    3.5526530612244898,
    3.7848526077097504,
    4.017052154195011,
    4.2260317460317465,
    4.365351473922902,
    4.96907029478458,
    5.433469387755102,
    5.526349206349207,
    5.596009070294785,
    5.897868480725624,
    6.0836281179138325,
    6.246167800453515,
    6.849886621315193,
    6.965986394557823,
    7.314285714285714,
    7.778684807256236,
    7.894784580498866,
    7.987664399092971,
    8.359183673469389,
    8.475283446712018,
    8.70748299319728,
    8.93968253968254,
    9.1718820861678,
    9.311201814058958,
    9.450521541950113,
    9.659501133786849,
    9.775600907029478,
    9.868480725623582,
    10.00780045351474,
    10.356099773242631,
    10.588299319727891,
    10.820498866213152,
    11.075918367346938,
    11.377777777777778,
    11.54031746031746,
    11.656417233560092,
    11.77251700680272,
    11.865396825396825,
    12.004716553287983,
    12.329795918367347,
    12.422675736961452,
    12.469115646258503,
    12.701315192743763,
    12.910294784580499,
    12.956734693877552,
    13.072834467120181,
    13.305034013605443,
    13.397913832199546,
    13.514013605442177,
    13.606893424036281,
    13.722993197278912,
    14.32671201814059,
    14.767891156462586,
    15.09297052154195,
    15.27873015873016,
    15.394829931972788,
    15.487709750566893,
    15.62702947845805,
    15.975328798185942,
    16.23074829931973,
    16.46294784580499,
    16.69514739229025,
    17.066666666666666,
    17.159546485260773,
    17.2756462585034,
    17.368526077097506,
    17.623945578231293,
    18.088344671201813,
    18.3437641723356,
    18.575963718820862,
    18.808163265306124,
    18.94748299319728,
    19.040362811791383,
    19.156462585034014,
    19.272562358276645,
    19.388662131519276,
    19.481541950113378,
    19.736961451247165,
    19.87628117913832,
    19.969160997732427,
    20.224580498866214,
    20.433560090702947,
    20.688979591836734,
    20.921179138321996,
    21.037278911564627,
    21.13015873015873,
    21.24625850340136,
    21.339138321995463,
    21.61777777777778,
    21.849977324263037,
    22.0821768707483,
    22.128616780045352,
    22.31437641723356,
    22.54657596371882,
    22.77877551020408,
    22.987755102040815,
    23.173514739229024,
    23.26639455782313,
    23.61469387755102,
    23.73079365079365,
    23.962993197278912,
    24.102312925170068,
    24.19519274376417,
    24.427392290249433,
    24.56671201814059,
    24.659591836734695,
    24.775691609977326,
    24.86857142857143,
    24.98467120181406,
    25.10077097505669,
    25.44907029478458,
    25.588390022675735,
    25.843809523809522,
    26.076009070294784,
    26.284988662131518,
    26.424308390022677,
    26.563628117913833,
    26.679727891156464,
    26.772607709750567,
    26.888707482993198,
    27.00480725623583,
    27.260226757369615,
    27.46920634920635,
    27.724625850340136,
    27.956825396825398,
    28.16580498866213,
    28.305124716553287,
    28.421224489795918,
    28.65342403628118,
    28.76952380952381,
    28.862403628117914,
    29.1178231292517,
    29.373242630385487,
    29.60544217687075
  ],
  "rhythm_regularity": 0.9625381708135913,
  "syncopation_index": 0.5547945205479452,
  "beat_count": 60,
  "onset_count": 146
}