{
  "chroma_mean": [
    0.6527119874954224,
    0.697778046131134,
    0.6351084113121033,
    0.6690340638160706,
    0.7628515362739563,
    0.6267227530479431,
    0.6615745425224304,
    0.6473357081413269,
    0.5915656685829163,
    0.6232512593269348,
    0.6412203311920166,
    0.7490954399108887
  ],
  "chroma_std": [
    0.19056324660778046,
    0.19327785074710846,
    0.19265958666801453,
    0.18256278336048126,
    0.19551454484462738,
    0.17698654532432556,
    0.19581545889377594,
    0.1957079917192459,
    0.16865406930446625,
    0.2011346071958542,
    0.16664569079875946,
    0.191520556807518
  ],
  "key_estimation": {
    "key": "C_major",
    "confidence": 0.009990204215511075
  },
  "tonal_complexity": 0.04850485920906067
}