{
  "snr_db": 36.58184123225986,
  "dynamic_range_db": 17.857965373772004,
  "rms_energy": 0.17621855437755585,
  "zero_crossing_rate": 0.12849688289141414
}