{
  "meta": {
    "path": "../../data/raw/MIREX-like_mood/dataset/Audio/835.mp3",
    "file_hash": "007bb06b4e03c04d5ed964a000698f194e3fa180",
    "duration_sec": 29.860861678004536,
    "sample_rate": 22050,
    "analysis_timestamp": "2025-10-24T20:13:07.042637",
    "config": {
      "sr": 22050,
      "n_fft": 2048,
      "hop_length": 512,
      "n_mels": 128,
      "n_mfcc": 13,
      "n_chroma": 12,
      "frame_length": 2048,
      "workers": 4,
      "use_crepe": false,
      "save_matrices": false,
      "save_plots": true,
      "force": true,
      "quick": false,
      "verbose": false
    },
    "processing_time_sec": 2.256606101989746
  },
  "acoustic": {
    "mfcc_mean": [
      -92.20526123046875,
      64.70250701904297,
      28.343021392822266,
      36.78748321533203,
      17.818452835083008,
      5.396392345428467,
      1.7814675569534302,
      4.165600776672363,
      1.5494869947433472,
      7.454381465911865,
      -3.15568470954895,
      -3.676640272140503,
      -4.800664901733398
    ],
    "mfcc_std": [
      71.7364273071289,
      34.167762756347656,
      23.7258358001709,
      18.82170867919922,
      12.212303161621094,
      11.611455917358398,
      12.849946975708008,
      9.901923179626465,
      10.54217529296875,
      9.667216300964355,
      9.277600288391113,
      7.255428314208984,
      9.022275924682617
    ],
    "spectral_centroid_mean": 2967.758726143604,
    "spectral_centroid_std": 1024.672888043064,
    "spectral_bandwidth_mean": 2991.8926055193365,
    "spectral_bandwidth_std": 370.69320353716563,
    "spectral_rolloff_mean": 6617.444445203234,
    "spectral_rolloff_std": 1719.7473809890428,
    "spectral_flux_mean": 5665.0341796875,
    "spectral_flux_std": 6352.177734375,
    "spectral_flatness_mean": 0.03427516296505928,
    "spectral_flatness_std": 0.060350410640239716,
    "spectral_slope_mean": -0.0002512216020825253,
    "spectral_spread_mean": 2991.892608898398,
    "spectral_skewness_mean": 1.0091022685277158,
    "spectral_kurtosis_mean": 3.2932719341906154
  },
  "rhythm": {
    "tempo_bpm": 117.45383522727273,
    "tempo_confidence": 0.98690800824426,
    "beat_positions": [
      4.156371882086168,
      4.667210884353741,
      5.154829931972789,
      5.6656689342403626,
      6.176507936507937,
      6.6873469387755105,
      7.198185941043084,
      7.7090249433106575,
      8.219863945578231,
      8.730702947845804,
      9.241541950113378,
      9.752380952380953,
      10.263219954648527,
      10.7740589569161,
      11.284897959183674,
      11.77251700680272,
      12.283356009070294,
      12.794195011337868,
      13.305034013605443,
      13.815873015873017,
      14.32671201814059,
      14.837551020408164,
      15.32517006802721,
      15.85922902494331,
      16.370068027210884,
      16.880907029478458,
      17.39174603174603,
      17.87936507936508,
      18.390204081632653,
      18.901043083900227,
      19.4118820861678,
      19.89950113378685,
      20.433560090702947,
      20.94439909297052,
      21.455238095238094,
      21.942857142857143,
      22.453696145124717,
      22.987755102040815,
      23.49859410430839,
      23.962993197278912,
      24.49705215419501,
      25.007891156462584,
      25.518730158730158,
      26.02956916099773,
      26.540408163265305,
      27.051247165532878,
      27.538866213151927,
      28.0497052154195,
      28.583764172335602
    ],
    "onset_times": [
      0.16253968253968254,
      0.5804988662131519,
      1.0216780045351475,
      1.2770975056689342,
      1.6021768707482993,
      1.7647165532879818,
      2.1130158730158732,
      2.6238548752834467,
      3.645532879818594,
      3.7616326530612243,
      3.877732426303855,
      4.1099319727891155,
      4.156371882086168,
      4.365351473922902,
      4.504671201814059,
      4.6439909297052155,
      4.783310657596372,
      4.899410430839002,
      5.038730158730159,
      5.154829931972789,
      5.410249433106576,
      5.5495691609977325,
      5.642448979591837,
      5.804988662131519,
      5.921088435374149,
      6.176507936507937,
      6.431927437641724,
      6.5712471655328795,
      6.6873469387755105,
      6.8034467120181406,
      6.942766439909297,
      7.198185941043084,
      7.430385487528345,
      7.546485260770975,
      7.685804988662132,
      7.9412244897959186,
      8.196643990929704,
      8.428843537414966,
      8.475283446712018,
      8.614603174603175,
      8.70748299319728,
      8.846802721088435,
      8.986122448979591,
      9.102222222222222,
      9.218321995464853,
      9.47374149659864,
      9.729160997732427,
      9.868480725623582,
      9.984580498866213,
      10.24,
      10.47219954648526,
      10.750839002267574,
      10.89015873015873,
      11.029478458049887,
      11.145578231292516,
      11.284897959183674,
      11.400997732426303,
      11.517097505668934,
      11.656417233560092,
      11.77251700680272,
      12.027936507936507,
      12.283356009070294,
      12.910294784580499,
      13.02639455782313,
      13.305034013605443,
      13.815873015873017,
      14.048072562358277,
      14.32671201814059,
      14.698231292517006,
      14.837551020408164,
      14.953650793650795,
      15.069750566893424,
      15.719909297052155,
      15.836009070294784,
      16.091428571428573,
      16.34684807256236,
      16.602267573696146,
      16.857687074829933,
      16.973786848072564,
      17.11310657596372,
      17.368526077097506,
      17.623945578231293,
      17.740045351473924,
      17.99546485260771,
      18.11156462585034,
      18.36698412698413,
      18.64562358276644,
      18.76172335600907,
      19.017142857142858,
      19.13324263038549,
      19.4118820861678,
      19.644081632653062,
      19.760181405895693,
      19.87628117913832,
      20.433560090702947,
      20.64253968253968,
      20.921179138321996,
      21.060498866213152,
      21.455238095238094,
      21.66421768707483,
      21.942857142857143,
      22.31437641723356,
      22.430476190476192,
      22.732335600907028,
      22.96453514739229,
      23.103854875283446,
      23.219954648526077,
      23.475374149659864,
      23.707573696145126,
      23.939773242630384,
      24.125532879818593,
      24.49705215419501,
      24.752471655328797,
      25.007891156462584,
      25.123990929705215,
      25.518730158730158,
      25.75092970521542,
      26.006349206349206,
      26.540408163265305,
      26.79582766439909,
      27.028027210884353,
      27.16734693877551,
      27.538866213151927,
      27.794285714285714,
      28.026485260770976,
      28.560544217687074,
      28.81596371882086,
      29.210702947845807,
      29.60544217687075,
      29.814421768707483
    ],
    "rhythm_regularity": 0.9739328722418219,
    "syncopation_index": 0.6384615384615384,
    "beat_count": 49,
    "onset_count": 130
  },
  "harmony": {
    "chroma_mean": [
      0.632350742816925,
      0.5968561172485352,
      0.7292360663414001,
      0.4596389830112457,
      0.5218511819839478,
      0.5656349062919617,
      0.4661206603050232,
      0.5500254034996033,
      0.6286085844039917,
      0.6339831352233887,
      0.5776903033256531,
      0.4332103729248047
    ],
    "chroma_std": [
      0.24724122881889343,
      0.2029390186071396,
      0.2898864150047302,
      0.1683269441127777,
      0.21305014193058014,
      0.19395950436592102,
      0.1453135758638382,
      0.1808655858039856,
      0.17475005984306335,
      0.22379064559936523,
      0.2138378918170929,
      0.13979209959506989
    ],
    "key_estimation": {
      "key": "C_major",
      "confidence": 0.2497259710456569
    },
    "tonal_complexity": 0.08256510645151138
  },
  "quality": {
    "snr_db": 36.58184123225986,
    "dynamic_range_db": 17.857965373772004,
    "rms_energy": 0.17621855437755585,
    "zero_crossing_rate": 0.12849688289141414
  },
  "lyrics": {
    "word_count": 597,