{
  "tempo_bpm": 135.99917763157896,
  "tempo_confidence": 0.9926535902151832,
  "beat_positions": [
    0.7198185941043084,
    1.1609977324263039,
    1.6021768707482993,
    2.043356009070295,
    2.507755102040816,
    2.948934240362812,
    3.3901133786848074,
    3.8312925170068026,
    4.272471655328798,
    4.713650793650793,
    5.154829931972789,
    5.596009070294785,
    6.060408163265306,
    6.501587301587302,
    6.942766439909297,
    7.383945578231293,
    7.825124716553288,
    8.266303854875284,
    8.70748299319728,
    9.148662131519274,
    9.613061224489796,
    10.054240362811791,
    10.495419501133787,
    10.936598639455783,
    11.377777777777778,
    11.818956916099774,
    12.26013605442177,
    12.701315192743763,
    13.165714285714285,
    13.606893424036281,
    14.048072562358277,
    14.489251700680272,
    14.930430839002268,
    15.371609977324264,
    15.81278911564626,
    16.253968253968253,
    16.718367346938777,
    17.159546485260773,
    17.600725623582765,
    18.04190476190476,
    18.483083900226756,
    18.92426303854875,
    19.365442176870747,
    19.806621315192743,
    20.271020408163267,
    20.712199546485262,
    21.153378684807254,
    21.59455782312925,
    22.035736961451246,
    22.47691609977324,
    22.918095238095237,
    23.359274376417233,
    23.823673469387757,
    24.264852607709752,
    24.706031746031748,
    25.14721088435374,
    25.588390022675735,
    26.02956916099773,
    26.470748299319727,
    26.911927437641722,
    27.353106575963718,
    27.794285714285714
  ],
  "onset_times": [
    0.13931972789115646,
    0.2786394557823129,
    0.5108390022675737,
    0.7198185941043084,
    0.9520181405895691,
    1.1609977324263039,
    1.3699773242630386,
    1.6021768707482993,
    1.8343764172335602,
    2.043356009070295,
    2.2755555555555556,
    2.48453514739229,
    2.716734693877551,
    2.9257142857142857,
    3.1579138321995464,
    3.3668934240362813,
    3.599092970521542,
    3.8312925170068026,
    4.063492063492063,
    4.272471655328798,
    4.481451247165533,
    4.713650793650793,
    4.9458503401360545,
    5.154829931972789,
    5.38702947845805,
    5.596009070294785,
    5.828208616780046,
    6.03718820861678,
    6.2693877551020405,
    6.478367346938776,
    6.710566893424036,
    6.919546485260771,
    7.151746031746032,
    7.360725623582766,
    7.616145124716553,
    7.825124716553288,
    8.034104308390022,
    8.266303854875284,
    8.498503401360544,
    8.70748299319728,
    8.93968253968254,
    9.148662131519274,
    9.380861678004536,
    9.58984126984127,
    9.822040816326531,
    10.031020408163265,
    10.263219954648527,
    10.47219954648526,
    10.704399092970522,
    10.913378684807256,
    11.168798185941043,
    11.377777777777778,
    11.586757369614512,
    11.818956916099774,
    12.027936507936507,
    12.26013605442177,
    12.49233560090703,
    12.701315192743763,
    12.933514739229025,
    13.142494331065759,
    13.374693877551021,
    13.583673469387755,
    13.815873015873017,
    13.955192743764172,
    14.048072562358277,
    14.257052154195012,
    14.489251700680272,
    14.698231292517006,
    14.930430839002268,
    15.139410430839002,
    15.348390022675737,
    15.580589569160997,
    15.81278911564626,
    16.021768707482995,
    16.253968253968253,
    16.486167800453515,
    16.69514739229025,
    16.92734693877551,
    17.136326530612244,
    17.368526077097506,
    17.554285714285715,
    17.809705215419502,
    18.04190476190476,
    18.250884353741498,
    18.45986394557823,
    18.692063492063493,
    18.92426303854875,
    19.13324263038549,
    19.342222222222222,
    19.59764172335601,
    19.806621315192743,
    20.038820861678005,
    20.24780045351474,
    20.48,
    20.688979591836734,
    20.921179138321996,
    21.13015873015873,
    21.339138321995463,
    21.478458049886623,
    21.571337868480725,
    21.803537414965987,
    22.035736961451246,
    22.244716553287983,
    22.453696145124717,
    22.68589569160998,
    22.918095238095237,
    23.1502947845805,
    23.359274376417233,
    23.591473922902495,
    23.800453514739228,
    24.03265306122449,
    24.241632653061224,
    24.473832199546486,
    24.636371882086166,
    24.706031746031748,
    24.91501133786848,
    25.123990929705215,
    25.356190476190477,
    25.588390022675735,
    25.797369614512473,
    26.006349206349206,
    26.23854875283447,
    26.470748299319727,
    26.70294784580499,
    26.911927437641722,
    27.051247165532878,
    27.144126984126984,
    27.353106575963718,
    27.58530612244898,
    27.794285714285714,
    28.026485260770976,
    28.23546485260771,
    28.444444444444443,
    28.490884353741496,
    28.65342403628118,
    28.908843537414967,
    29.071383219954647,
    29.141043083900225,
    29.373242630385487,
    29.58222222222222,
    29.791201814058958
  ],
  "rhythm_regularity": 0.9833257100384007,
  "syncopation_index": 0.5460992907801419,
  "beat_count": 62,
  "onset_count": 141
}