{
  "mfcc_mean": [
    -141.96014404296875,
    116.0384750366211,
    20.549823760986328,
    36.52842712402344,
    -6.4031171798706055,
    -5.982680320739746,
    -8.826889038085938,
    -5.727450847625732,
    -10.295275688171387,
    -1.526631236076355,
    -0.6354448199272156,
    -1.8942064046859741,
    -2.029801845550537
  ],
  "mfcc_std": [
    73.65888214111328,
    37.69655990600586,
    24.469831466674805,
    16.06833839416504,
    13.937657356262207,
    10.376177787780762,
    9.954776763916016,
    11.231643676757812,
    12.155780792236328,
    8.460495948791504,
    8.718425750732422,
    7.896270751953125,
    6.649314880371094
  ],
  "spectral_centroid_mean": 1829.1361649518797,
  "spectral_centroid_std": 707.1821335286504,
  "spectral_bandwidth_mean": 2228.732329148736,
  "spectral_bandwidth_std": 582.1471492031282,
  "spectral_rolloff_mean": 3935.5657222762648,
  "spectral_rolloff_std": 1829.8319908249803,
  "spectral_flux_mean": 2132.932373046875,
  "spectral_flux_std": 2951.789306640625,
  "spectral_flatness_mean": 0.01023597177118063,
  "spectral_flatness_std": 0.04927845299243927,
  "spectral_slope_mean": -0.0004202013985896434,
  "spectral_spread_mean": 2228.7323261852994,
  "spectral_skewness_mean": 2.0906338315979798,
  "spectral_kurtosis_mean": 8.794861832607575
}