{
  "meta": {
    "path": "../../data/raw/MIREX-like_mood/dataset/Audio/225.mp3",
    "file_hash": "8a05f72df6778e6d3ae4ba100c801aa3a3b66742",
    "duration_sec": 29.675102040816327,
    "sample_rate": 22050,
    "analysis_timestamp": "2025-10-24T20:02:05.315487",
    "config": {
      "sr": 22050,
      "n_fft": 2048,
      "hop_length": 512,
      "n_mels": 128,
      "n_mfcc": 13,
      "n_chroma": 12,
      "frame_length": 2048,
      "workers": 4,
      "use_crepe": false,
      "save_matrices": false,
      "save_plots": true,
      "force": true,
      "quick": false,
      "verbose": false
    },
    "processing_time_sec": 3.2189078330993652
  },
  "acoustic": {
    "mfcc_mean": [
      -144.51434326171875,
      119.96134948730469,
      -7.505962371826172,
      21.192264556884766,
      -5.695032119750977,
      17.156925201416016,
      12.592009544372559,
      11.507862091064453,
      -8.520256996154785,
      9.225757598876953,
      -7.497056007385254,
      4.1680450439453125,
      -6.323666572570801
    ],
    "mfcc_std": [
      72.64261627197266,
      28.100282669067383,
      16.90255355834961,
      12.596857070922852,
      13.334013938903809,
      10.294211387634277,
      14.774602890014648,
      10.40944766998291,
      9.399375915527344,
      8.691720962524414,
      8.58066463470459,
      6.1201491355896,
      8.821073532104492
    ],
    "spectral_centroid_mean": 1649.5971299860898,
    "spectral_centroid_std": 608.3827697189395,
    "spectral_bandwidth_mean": 1973.6491481246358,
    "spectral_bandwidth_std": 438.5053748137883,
    "spectral_rolloff_mean": 3314.766403806685,
    "spectral_rolloff_std": 1498.3955148714533,
    "spectral_flux_mean": 2246.181640625,
    "spectral_flux_std": 2180.333251953125,
    "spectral_flatness_mean": 0.006016732659190893,
    "spectral_flatness_std": 0.03426319360733032,
    "spectral_slope_mean": -0.0005066932535294854,
    "spectral_spread_mean": 1973.6491486804582,
    "spectral_skewness_mean": 2.1552140599047176,
    "spectral_kurtosis_mean": 8.181232981099436
  },
  "rhythm": {
    "tempo_bpm": 135.99917763157896,
    "tempo_confidence": 0.9855412623038119,
    "beat_positions": [
      0.3947392290249433,
      0.8359183673469388,
      1.253877551020408,
      1.6950566893424037,
      2.136235827664399,
      2.5541950113378684,
      3.01859410430839,
      3.4597732426303853,
      3.877732426303855,
      4.31891156462585,
      4.760090702947846,
      5.178049886621316,
      5.61922902494331,
      6.060408163265306,
      6.478367346938776,
      6.919546485260771,
      7.360725623582766,
      7.778684807256236,
      8.219863945578231,
      8.6378231292517,
      9.079002267573696,
      9.520181405895691,
      9.93814058956916,
      10.379319727891156,
      10.820498866213152,
      11.261678004535147,
      11.702857142857143,
      12.120816326530612,
      12.561995464852608,
      12.979954648526077,
      13.421133786848072,
      13.839092970521541,
      14.257052154195012,
      14.675011337868481,
      15.09297052154195,
      15.51092970521542,
      15.952108843537415,
      16.39328798185941,
      16.81124716553288,
      17.22920634920635,
      17.647165532879818,
      18.06512471655329,
      18.483083900226756,
      18.901043083900227,
      19.319002267573698,
      19.760181405895693,
      20.17814058956916,
      20.59609977324263,
      20.990839002267574,
      21.43201814058957,
      21.849977324263037,
      22.267936507936508,
      22.68589569160998,
      23.103854875283446,
      23.521814058956917,
      23.939773242630384,
      24.404172335600908,
      24.845351473922904,
      25.26331065759637,
      25.68126984126984,
      26.122448979591837,
      26.51718820861678,
      26.9815873015873,
      27.422766439909296,
      27.840725623582767,
      28.281904761904762,
      28.723083900226758,
      29.164263038548754
    ],
    "onset_times": [
      0.18575963718820862,
      0.37151927437641724,
      0.603718820861678,
      0.8126984126984127,
      1.0216780045351475,
      1.253877551020408,
      1.4628571428571429,
      1.6950566893424037,
      1.9272562358276644,
      2.1130158730158732,
      2.345215419501134,
      2.5309750566893423,
      2.809614512471655,
      2.995374149659864,
      3.2275736961451247,
      3.436553287981859,
      3.6687528344671203,
      3.877732426303855,
      4.08671201814059,
      4.342131519274377,
      4.760090702947846,
      4.96907029478458,
      5.178049886621316,
      5.410249433106576,
      5.61922902494331,
      5.828208616780046,
      6.03718820861678,
      6.2693877551020405,
      6.478367346938776,
      6.6873469387755105,
      6.919546485260771,
      7.128526077097506,
      7.337505668934241,
      7.546485260770975,
      7.778684807256236,
      8.010884353741497,
      8.196643990929704,
      8.428843537414966,
      8.614603174603175,
      8.777142857142858,
      9.079002267573696,
      9.496961451247165,
      9.729160997732427,
      9.93814058956916,
      10.170340136054422,
      10.379319727891156,
      10.588299319727891,
      10.820498866213152,
      11.00625850340136,
      11.052698412698414,
      11.23845804988662,
      11.493877551020407,
      11.679637188208616,
      11.911836734693878,
      12.120816326530612,
      12.329795918367347,
      12.538775510204081,
      12.770975056689343,
      12.979954648526077,
      13.188934240362812,
      13.397913832199546,
      13.606893424036281,
      13.815873015873017,
      14.02485260770975,
      14.233832199546486,
      14.466031746031746,
      14.651791383219955,
      14.883990929705215,
      15.069750566893424,
      15.232290249433106,
      15.51092970521542,
      15.74312925170068,
      15.952108843537415,
      16.16108843537415,
      16.370068027210884,
      16.602267573696146,
      16.764807256235827,
      16.81124716553288,
      17.020226757369613,
      17.205986394557822,
      17.41496598639456,
      17.623945578231293,
      17.832925170068027,
      18.04190476190476,
      18.250884353741498,
      18.45986394557823,
      18.692063492063493,
      18.808163265306124,
      18.877823129251702,
      19.11002267573696,
      19.202902494331067,
      19.319002267573698,
      19.52798185941043,
      19.736961451247165,
      19.969160997732427,
      20.154920634920636,
      20.36390022675737,
      20.503219954648525,
      20.59609977324263,
      20.78185941043084,
      20.96761904761905,
      21.199818594104308,
      21.408798185941045,
      21.61777777777778,
      21.826757369614512,
      22.058956916099774,
      22.175056689342405,
      22.244716553287983,
      22.453696145124717,
      22.66267573696145,
      22.894875283446712,
      23.103854875283446,
      23.312834467120183,
      23.42893424036281,
      23.73079365079365,
      23.939773242630384,
      24.171972789115646,
      24.38095238095238,
      24.61315192743764,
      24.706031746031748,
      24.86857142857143,
      25.14721088435374,
      25.472290249433108,
      25.68126984126984,
      26.122448979591837,
      26.354648526077096,
      26.493968253968255,
      26.93514739229025,
      26.9815873015873,
      27.190566893424037,
      27.39954648526077,
      27.631746031746033,
      27.840725623582767,
      28.0497052154195,
      28.281904761904762,
      28.374784580498865,
      28.46766439909297,
      28.676643990929705,
      28.93206349206349,
      29.141043083900225,
      29.373242630385487,
      29.58222222222222
    ],
    "rhythm_regularity": 0.965833719953968,
    "syncopation_index": 0.4859154929577465,
    "beat_count": 68,
    "onset_count": 142
  },