{
  "meta": {
    "path": "../../data/raw/MIREX-like_mood/dataset/Audio/344.mp3",
    "file_hash": "5a2ac18e214ac48c250f66aa2dc7c5701fea84d1",
    "duration_sec": 29.72154195011338,
    "sample_rate": 22050,
    "analysis_timestamp": "2025-10-24T20:15:48.913339",
    "config": {
      "sr": 22050,
      "n_fft": 2048,
      "hop_length": 512,
      "n_mels": 128,
      "n_mfcc": 13,
      "n_chroma": 12,
      "frame_length": 2048,
      "workers": 4,
      "use_crepe": false,
      "save_matrices": false,
      "save_plots": true,
      "force": true,
      "quick": false,
      "verbose": false
    },
    "processing_time_sec": 3.5555856227874756
  },
  "acoustic": {
    "mfcc_mean": [
      -170.78468322753906,
      136.79112243652344,
      2.6256113052368164,
      29.862079620361328,
      13.689613342285156,
      11.813690185546875,
      1.3844767808914185,
      6.97770357131958,
      -1.0489768981933594,
      6.2208251953125,
      -5.35625696182251,
      4.051064491271973,
      -4.20769739151001
    ],
    "mfcc_std": [
      69.20258331298828,
      36.62099075317383,
      20.321611404418945,
      14.419816017150879,
      13.928053855895996,
      11.000214576721191,
      10.996752738952637,
      9.320242881774902,
      10.053701400756836,
      8.073397636413574,
      8.97977352142334,
      8.993829727172852,
      8.530787467956543
    ],
    "spectral_centroid_mean": 1364.3875771682117,
    "spectral_centroid_std": 672.1985489855178,
    "spectral_bandwidth_mean": 1829.3628668108574,
    "spectral_bandwidth_std": 536.8991247833641,
    "spectral_rolloff_mean": 2807.9902023565573,
    "spectral_rolloff_std": 1606.6346760185618,
    "spectral_flux_mean": 3036.01904296875,
    "spectral_flux_std": 5292.75634765625,
    "spectral_flatness_mean": 0.004186774604022503,
    "spectral_flatness_std": 0.0290059894323349,
    "spectral_slope_mean": -0.0005296921220473313,
    "spectral_spread_mean": 1829.36286722968,
    "spectral_skewness_mean": 2.6413839791781704,
    "spectral_kurtosis_mean": 12.286940955933968
  },
  "rhythm": {
    "tempo_bpm": 143.5546875,
    "tempo_confidence": 0.9845929733460785,
    "beat_positions": [
      0.6501587301587302,
      1.1145578231292517,
      1.5325170068027212,
      1.9504761904761905,
      2.36843537414966,
      2.809614512471655,
      3.2043537414965986,
      3.622312925170068,
      4.063492063492063,
      4.481451247165533,
      4.899410430839002,
      5.317369614512471,
      5.735328798185941,
      6.176507936507937,
      6.5712471655328795,
      6.989206349206349,
      7.4071655328798185,
      7.848344671201814,
      8.266303854875284,
      8.684263038548753,
      9.125442176870749,
      9.543401360544218,
      9.93814058956916,
      10.356099773242631,
      10.797278911564625,
      11.23845804988662,
      11.656417233560092,
      12.07437641723356,
      12.49233560090703,
      12.933514739229025,
      13.328253968253968,
      13.746213151927437,
      14.187392290249432,
      14.605351473922903,
      15.023310657596372,
      15.418049886621315,
      15.85922902494331,
      16.300408163265306,
      16.741587301587302,
      17.159546485260773,
      17.600725623582765,
      18.04190476190476,
      18.45986394557823,
      18.877823129251702,
      19.319002267573698,
      19.760181405895693,
      20.17814058956916,
      20.59609977324263,
      21.037278911564627,
      21.478458049886623,
      21.91963718820862,
      22.31437641723356,
      22.755555555555556,
      23.196734693877552,
      23.637913832199548,
      24.055873015873015,
      24.49705215419501,
      24.938231292517006,
      25.33297052154195,
      25.75092970521542,
      26.192108843537415,
      26.610068027210886,
      27.028027210884353,
      27.445986394557824,
      27.86394557823129,
      28.281904761904762,
      28.723083900226758,
      29.141043083900225,
      29.58222222222222
    ],
    "onset_times": [
      0.23219954648526078,
      0.5108390022675737,
      0.6501587301587302,
      0.8591383219954648,
      1.1145578231292517,
      1.509297052154195,
      1.9504761904761905,
      2.36843537414966,
      2.6006349206349206,
      2.809614512471655,
      3.1811337868480725,
      3.436553287981859,
      3.622312925170068,
      3.8312925170068026,
      4.040272108843538,
      4.272471655328798,
      4.713650793650793,
      4.876190476190477,
      5.108390022675737,
      5.317369614512471,
      5.735328798185941,
      5.9675283446712015,
      6.176507936507937,
      6.362267573696145,
      6.5712471655328795,
      6.989206349206349,
      7.4071655328798185,
      7.662585034013605,
      7.848344671201814,
      8.057324263038549,
      8.243083900226758,
      8.661043083900227,
      8.916462585034013,
      9.102222222222222,
      9.357641723356009,
      9.543401360544218,
      9.752380952380953,
      9.93814058956916,
      10.170340136054422,
      10.356099773242631,
      10.565079365079365,
      10.797278911564625,
      11.23845804988662,
      11.470657596371883,
      11.633197278911565,
      12.051156462585034,
      12.283356009070294,
      12.49233560090703,
      12.72453514739229,
      12.910294784580499,
      13.305034013605443,
      13.722993197278912,
      14.164172335600908,
      14.605351473922903,
      15.023310657596372,
      15.255510204081633,
      15.418049886621315,
      15.673469387755102,
      15.85922902494331,
      16.32362811791383,
      16.579047619047618,
      16.718367346938777,
      16.92734693877551,
      17.136326530612244,
      17.39174603174603,
      17.57750566893424,
      18.436643990929706,
      18.854603174603174,
      19.13324263038549,
      19.29578231292517,
      19.760181405895693,
      19.99238095238095,
      20.154920634920636,
      20.59609977324263,
      20.82829931972789,
      21.0140589569161,
      21.501678004535147,
      21.71065759637188,
      21.89641723356009,
      22.291156462585032,
      22.569795918367348,
      22.755555555555556,
      23.196734693877552,
      23.42893424036281,
      23.61469387755102,
      23.823673469387757,
      24.03265306122449,
      24.288072562358277,
      24.473832199546486,
      24.938231292517006,
      25.14721088435374,
      25.33297052154195,
      25.75092970521542,
      26.006349206349206,
      26.192108843537415,
      26.424308390022677,
      26.63328798185941,
      26.865487528344673,
      27.028027210884353,
      27.260226757369615,
      27.445986394557824,
      27.678185941043083,
      27.86394557823129,
      28.11936507936508,
      28.258684807256238,
      28.53732426303855,
      28.69986394557823,
      29.141043083900225,
      29.58222222222222
    ],
    "rhythm_regularity": 0.9632217038928101,
    "syncopation_index": 0.3853211009174312,
    "beat_count": 69,
    "onset_count": 109
  },
  "harmony": {
    "chroma_mean": [
      0.5518715381622314,
      0.3380955457687378,
      0.525187075138092,
      0.3540566861629486,
      0.3735584020614624,
      0.4953365623950958,
      0.35427412390708923,
      0.39592254161834717,
      0.28776970505714417,
      0.3773837983608246,
      0.27251461148262024,
      0.24953097105026245
    ],
    "chroma_std": [
      0.33946797251701355,
      0.19818690419197083,
      0.3358152508735657,
      0.1921597421169281,
      0.23516784608364105,
      0.3486137092113495,
      0.18035203218460083,
      0.2550778388977051,
      0.18320128321647644,
      0.22884514927864075,
      0.16609717905521393,
      0.19143259525299072
    ],
    "key_estimation": {
      "key": "C_major",
      "confidence": 0.7061006076433582
    },
    "tonal_complexity": 0.09326308220624924
  },
  "quality": {
    "snr_db": 35.794624974592956,
    "dynamic_range_db": 19.514963288052943,
    "rms_energy": 0.14803582429885864,
    "zero_crossing_rate": 0.05801551217310695
  },
  "lyrics": {
    "word_count": 210,
    "unique_word_count": 87,