{
  "chroma_mean": [
    0.34476765990257263,
    0.388429194688797,
    0.5530421137809753,
    0.41048088669776917,
    0.6474778652191162,
    0.4024113118648529,
    0.615307092666626,
    0.5772691965103149,
    0.47216668725013733,
    0.6849175095558167,
    0.45068976283073425,
    0.5511028170585632
  ],
  "chroma_std": [
    0.12548713386058807,
    0.15532612800598145,
    0.2327881157398224,
    0.1659126728773117,
    0.2602006793022156,
    0.14894680678844452,
    0.2165333777666092,
    0.25487470626831055,
    0.16922305524349213,
    0.2873624265193939,
    0.17036938667297363,
    0.22620515525341034
  ],
  "key_estimation": {
    "key": "C_major",
    "confidence": -0.01053755879087277
  },
  "tonal_complexity": 0.10689660906791687
}