{
  "snr_db": 36.3284226419292,
  "dynamic_range_db": 23.417295767830744,
  "rms_energy": 0.09559458494186401,
  "zero_crossing_rate": 0.02883760811669273
}