{
  "meta": {
    "path": "../../data/raw/MIREX-like_mood/dataset/Audio/425.mp3",
    "file_hash": "a71d74099706b6b72182efae8792f9474ad46f63",
    "duration_sec": 29.675102040816327,
    "sample_rate": 22050,
    "analysis_timestamp": "2025-10-24T20:00:43.040901",
    "config": {
      "sr": 22050,
      "n_fft": 2048,
      "hop_length": 512,
      "n_mels": 128,
      "n_mfcc": 13,
      "n_chroma": 12,
      "frame_length": 2048,
      "workers": 4,
      "use_crepe": false,
      "save_matrices": false,
      "save_plots": true,
      "force": true,
      "quick": false,
      "verbose": false
    },
    "processing_time_sec": 3.455657720565796
  },
  "acoustic": {
    "mfcc_mean": [
      -294.0573425292969,
      138.30819702148438,
      29.267234802246094,
      33.045536041259766,
      22.613357543945312,
      16.196683883666992,
      6.3717546463012695,
      8.599781036376953,
      8.451499938964844,
      3.5934066772460938,
      2.7342448234558105,
      5.466555595397949,
      0.2135465294122696
    ],
    "mfcc_std": [
      106.49652099609375,
      39.891387939453125,
      23.926652908325195,
      12.774508476257324,
      13.470049858093262,
      11.145219802856445,
      8.936707496643066,
      9.686986923217773,
      9.452680587768555,
      7.459814071655273,
      7.475422382354736,
      6.3916916847229,
      5.686899662017822
    ],
    "spectral_centroid_mean": 1020.8293358842926,
    "spectral_centroid_std": 888.9712510178254,
    "spectral_bandwidth_mean": 1606.9984716809358,
    "spectral_bandwidth_std": 709.112521066243,
    "spectral_rolloff_mean": 2006.7042848111319,
    "spectral_rolloff_std": 2004.5165819600668,
    "spectral_flux_mean": 861.9337158203125,
    "spectral_flux_std": 2287.200927734375,
    "spectral_flatness_mean": 0.003516134573146701,
    "spectral_flatness_std": 0.03067048452794552,
    "spectral_slope_mean": -0.00048049702483307687,
    "spectral_spread_mean": 1606.9984723830446,
    "spectral_skewness_mean": 3.9403950221232242,
    "spectral_kurtosis_mean": 26.87460102086257
  },
  "rhythm": {
    "tempo_bpm": 112.34714673913044,
    "tempo_confidence": 0.9646448356627083,
    "beat_positions": [
      0.46439909297052157,
      0.9287981859410431,
      1.4628571428571429,
      2.020136054421769,
      2.507755102040816,
      3.01859410430839,
      3.5062131519274375,
      4.040272108843538,
      4.574331065759637,
      5.061950113378685,
      5.61922902494331,
      6.106848072562358,
      6.640907029478458,
      7.174965986394557,
      7.7090249433106575,
      8.266303854875284,
      8.823582766439909,
      9.357641723356009,
      9.914920634920636,
      10.425759637188209,
      10.913378684807256,
      11.42421768707483,
      11.935056689342403,
      12.422675736961452,
      12.933514739229025,
      13.49079365079365,
      14.02485260770975,
      14.55891156462585,
      15.09297052154195,
      15.62702947845805,
      16.184308390022675,
      16.741587301587302,
      17.2756462585034,
      17.809705215419502,
      18.3437641723356,
      18.901043083900227,
      19.458321995464853,
      19.99238095238095,
      20.54965986394558,
      21.13015873015873,
      21.71065759637188,
      22.360816326530614,
      22.918095238095237,
      23.45215419501134,
      23.939773242630384,
      24.427392290249433,
      24.961451247165535,
      25.56517006802721,
      26.192108843537415,
      26.726167800453513,
      27.237006802721087,
      27.74784580498866,
      28.23546485260771,
      28.723083900226758,
      29.18748299319728
    ],
    "onset_times": [
      0.2089795918367347,
      0.44117913832199546,
      0.9287981859410431,
      1.1145578231292517,
      1.4628571428571429,
      2.020136054421769,
      2.36843537414966,
      2.48453514739229,
      2.7631746031746034,
      2.995374149659864,
      3.2275736961451247,
      3.4829931972789114,
      4.551111111111111,
      5.038730158730159,
      5.270929705215419,
      5.61922902494331,
      6.0836281179138325,
      6.362267573696145,
      6.617687074829932,
      7.058866213151927,
      7.174965986394557,
      7.291065759637188,
      7.476825396825397,
      7.685804988662132,
      8.266303854875284,
      8.312743764172335,
      8.800362811791382,
      9.334421768707482,
      9.47374149659864,
      9.636281179138322,
      9.914920634920636,
      10.193560090702947,
      10.425759637188209,
      10.65795918367347,
      10.913378684807256,
      11.099138321995465,
      11.400997732426303,
      11.563537414965987,
      11.679637188208616,
      11.911836734693878,
      12.654875283446712,
      12.933514739229025,
      14.001632653061224,
      14.535691609977324,
      15.069750566893424,
      15.62702947845805,
      16.16108843537415,
      17.252426303854875,
      17.809705215419502,
      18.320544217687075,
      18.877823129251702,
      19.435102040816325,
      19.969160997732427,
      20.526439909297054,
      20.59609977324263,
      21.687437641723356,
      22.337596371882086,
      22.6162358276644,
      23.1502947845805,
      23.26639455782313,
      23.42893424036281,
      23.91655328798186,
      24.404172335600908,
      24.961451247165535,
      25.007891156462584,
      25.541950113378686,
      26.192108843537415,
      26.726167800453513,
      27.00480725623583,
      27.237006802721087,
      27.376326530612246,
      27.608526077097505,
      27.74784580498866,
      27.88716553287982,
      28.0497052154195,
      28.444444444444443,
      28.723083900226758,
      28.908843537414967,
      29.280362811791385,
      29.512562358276643
    ],
    "rhythm_regularity": 0.9310954168557475,
    "syncopation_index": 0.3625,
    "beat_count": 55,
    "onset_count": 80
  },
  "harmony": {
    "chroma_mean": [
      0.29579082131385803,
      0.3943482041358948,
      0.28169476985931396,
      0.1960953325033188,
      0.17151662707328796,
      0.4322081208229065,
      0.36501258611679077,
      0.2771602272987366,
      0.664039134979248,
      0.30260589718818665,
      0.14656180143356323,
      0.12886449694633484
    ],
    "chroma_std": [
      0.1817423552274704,
      0.3622440695762634,
      0.3013887107372284,
      0.1594792604446411,
      0.1621513068675995,
      0.38983213901519775,
      0.2954876124858856,
      0.2749788761138916,
      0.3887467384338379,
      0.17768000066280365,
      0.16797217726707458,
      0.13013309240341187
    ],
    "key_estimation": {
      "key": "C_minor",
      "confidence": -0.007279991624744607
    },
    "tonal_complexity": 0.14256207644939423
  },
  "quality": {
    "snr_db": 36.3284226419292,
    "dynamic_range_db": 23.417295767830744,
    "rms_energy": 0.09559458494186401,
    "zero_crossing_rate": 0.02883760811669273
  },
  "lyrics": {
    "word_count": 230,
    "unique_word_count": 104,
    "sentence_count": 1,
    "avg_words_per_sentence": 230.0,
    "readability": null,
    "sentiment_analysis": null,
    "topic_keywords": [
      "you",
      "And",
      "see",
      "darkness",
      "that",
      "know",
      "our",
      "love",
      "Well",
      "can"
    ],
    "repetition_analysis": {
      "repetition_ratio": 0.5478260869565217,
      "most_common_words": [
        [
          "you",
          14
        ],
        [
          "And",
          12
        ],
        [
          "see",
          11
        ],
        [
          "darkness",
          10
        ],
        [
          "that",
          7
        ]
      ]
    }
  }
}