{
  "chroma_mean": [
    0.41565659642219543,
    0.5046700239181519,
    0.6746283173561096,
    0.3314220905303955,
    0.38407501578330994,
    0.35892677307128906,
    0.48895007371902466,
    0.5055150389671326,
    0.3454706072807312,
    0.6346621513366699,
    0.480546772480011,
    0.48521488904953003
  ],
  "chroma_std": [
    0.20035706460475922,
    0.23727454245090485,
    0.2686139941215515,
    0.14678184688091278,
    0.18857529759407043,
    0.17071504890918732,
    0.2304476499557495,
    0.2925465404987335,
    0.15160192549228668,
    0.2806732952594757,
    0.2406587451696396,
    0.24403220415115356
  ],
  "key_estimation": {
    "key": "C_major",
    "confidence": 0.0008163694177300659
  },
  "tonal_complexity": 0.10386697202920914
}