{
  "mfcc_mean": [
    -140.56680297851562,
    138.3621826171875,
    -26.002967834472656,
    19.298446655273438,
    -5.14986515045166,
    -6.717402458190918,
    -14.46401596069336,
    -10.577361106872559,
    -15.651043891906738,
    -3.55647349357605,
    -14.866338729858398,
    -7.924361228942871,
    -12.358661651611328
  ],
  "mfcc_std": [
    70.47468566894531,
    35.65198516845703,
    22.34128189086914,
    17.584667205810547,
    14.926547050476074,
    12.475337028503418,
    11.234638214111328,
    11.480149269104004,
    10.446220397949219,
    10.792261123657227,
    9.391528129577637,
    9.458603858947754,
    10.977007865905762
  ],
  "spectral_centroid_mean": 1468.294437846236,
  "spectral_centroid_std": 547.326015509228,
  "spectral_bandwidth_mean": 1637.4453600902405,
  "spectral_bandwidth_std": 474.88472851002086,
  "spectral_rolloff_mean": 2731.054973825987,
  "spectral_rolloff_std": 1216.9972071188126,
  "spectral_flux_mean": 3646.3662109375,
  "spectral_flux_std": 3901.825927734375,
  "spectral_flatness_mean": 0.0026968796737492085,
  "spectral_flatness_std": 0.02891433611512184,
  "spectral_slope_mean": -0.0006688013955208342,
  "spectral_spread_mean": 1637.445358743573,
  "spectral_skewness_mean": 2.503895050652732,
  "spectral_kurtosis_mean": 11.554075499803634
}