{
  "tempo_bpm": 92.28515625,
  "tempo_confidence": 0.981090215905395,
  "beat_positions": [
    0.5340589569160997,
    1.207437641723356,
    1.8343764172335602,
    2.48453514739229,
    3.1346938775510202,
    3.7848526077097504,
    4.458231292517007,
    5.108390022675737,
    5.758548752834467,
    6.431927437641724,
    7.058866213151927,
    7.685804988662132,
    8.40562358276644,
    9.032562358276644,
    9.729160997732427,
    10.379319727891156,
    11.029478458049887,
    11.679637188208616,
    12.30657596371882,
    12.956734693877552,
    13.606893424036281,
    14.257052154195012,
    14.907210884353741,
    15.557369614512472,
    16.207528344671204,
    16.880907029478458,
    17.507845804988662,
    18.18122448979592,
    18.83138321995465,
    19.481541950113378,
    20.108480725623583,
    20.758639455782312,
    21.408798185941045,
    22.058956916099774,
    22.755555555555556,
    23.405714285714286,
    24.055873015873015,
    24.706031746031748,
    25.356190476190477,
    26.006349206349206,
    26.656507936507936,
    27.30666666666667,
    27.956825396825398,
    28.583764172335602
  ],
  "onset_times": [
    0.16253968253968254,
    0.3947392290249433,
    0.5108390022675737,
    0.8591383219954648,
    1.207437641723356,
    1.509297052154195,
    1.7182766439909296,
    1.8343764172335602,
    2.159455782312925,
    2.48453514739229,
    3.01859410430839,
    3.1346938775510202,
    3.4597732426303853,
    3.7616326530612243,
    4.458231292517007,
    4.806530612244898,
    5.735328798185941,
    6.0836281179138325,
    6.431927437641724,
    6.757006802721088,
    6.965986394557823,
    7.035646258503402,
    7.291065759637188,
    7.523265306122449,
    7.662585034013605,
    8.40562358276644,
    8.70748299319728,
    8.986122448979591,
    9.7059410430839,
    10.031020408163265,
    10.379319727891156,
    10.89015873015873,
    11.00625850340136,
    11.331337868480725,
    11.981496598639456,
    12.283356009070294,
    12.60843537414966,
    12.794195011337868,
    12.956734693877552,
    13.281814058956916,
    13.444353741496599,
    13.606893424036281,
    13.931972789115646,
    14.605351473922903,
    14.79111111111111,
    14.883990929705215,
    15.255510204081633,
    15.418049886621315,
    15.557369614512472,
    15.882448979591837,
    16.207528344671204,
    16.532607709750568,
    16.880907029478458,
    17.205986394557822,
    17.39174603174603,
    17.507845804988662,
    17.716825396825396,
    17.856145124716555,
    18.15800453514739,
    18.36698412698413,
    18.64562358276644,
    18.808163265306124,
    19.040362811791383,
    19.13324263038549,
    19.783401360544218,
    20.01560090702948,
    20.085260770975058,
    20.387120181405894,
    20.433560090702947,
    20.758639455782312,
    20.96761904761905,
    21.408798185941045,
    21.73387755102041,
    22.035736961451246,
    22.732335600907028,
    23.103854875283446,
    23.405714285714286,
    23.91655328798186,
    24.03265306122449,
    24.357732426303855,
    24.706031746031748,
    25.007891156462584,
    25.123990929705215,
    25.33297052154195,
    25.843809523809522,
    25.98312925170068,
    26.63328798185941,
    26.958367346938775,
    27.190566893424037,
    27.93360544217687,
    28.258684807256238,
    28.583764172335602,
    29.1178231292517,
    29.23392290249433,
    29.559002267573696
  ],
  "rhythm_regularity": 0.9704527014940817,
  "syncopation_index": 0.5684210526315789,
  "beat_count": 44,
  "onset_count": 95
}