{
  "chroma_mean": [
    0.4034889042377472,
    0.446501225233078,
    0.6569638848304749,
    0.7349965572357178,
    0.48001423478126526,
    0.41253483295440674,
    0.4027923345565796,
    0.4488964080810547,
    0.5438646078109741,
    0.6719085574150085,
    0.6221119165420532,
    0.39961719512939453
  ],
  "chroma_std": [
    0.2106170505285263,
    0.19493623077869415,
    0.2102983593940735,
    0.2844391465187073,
    0.19775374233722687,
    0.18937574326992035,
    0.21625036001205444,
    0.21607066690921783,
    0.20227807760238647,
    0.2593543529510498,
    0.2450745701789856,
    0.1884797215461731
  ],
  "key_estimation": {
    "key": "C_minor",
    "confidence": 0.06723735941399604
  },
  "tonal_complexity": 0.1170622855424881
}