{
  "meta": {
    "path": "../../data/raw/MIREX-like_mood/dataset/Audio/422.mp3",
    "file_hash": "503dc5dbbaf8a5ac7e580fe00a7df577c758d7b1",
    "duration_sec": 29.675102040816327,
    "sample_rate": 22050,
    "analysis_timestamp": "2025-10-24T20:01:18.181289",
    "config": {
      "sr": 22050,
      "n_fft": 2048,
      "hop_length": 512,
      "n_mels": 128,
      "n_mfcc": 13,
      "n_chroma": 12,
      "frame_length": 2048,
      "workers": 4,
      "use_crepe": false,
      "save_matrices": false,
      "save_plots": true,
      "force": true,
      "quick": false,
      "verbose": false
    },
    "processing_time_sec": 3.1985440254211426
  },
  "acoustic": {
    "mfcc_mean": [
      -106.51152038574219,
      129.04339599609375,
      -39.9454231262207,
      37.915069580078125,
      -14.888270378112793,
      11.532392501831055,
      -3.3263864517211914,
      -6.959663391113281,
      3.0442323684692383,
      -5.208315372467041,
      -0.0072601293213665485,
      2.5385730266571045,
      -7.110129356384277
    ],
    "mfcc_std": [
      65.87191009521484,
      28.085847854614258,
      25.62979507446289,
      15.263490676879883,
      9.529773712158203,
      7.636419773101807,
      9.258200645446777,
      8.636987686157227,
      9.320176124572754,
      8.620512962341309,
      6.4779953956604,
      5.9859514236450195,
      6.667537212371826
    ],
    "spectral_centroid_mean": 1850.1371128177798,
    "spectral_centroid_std": 409.17628465650904,
    "spectral_bandwidth_mean": 1858.427159900726,
    "spectral_bandwidth_std": 391.31390420141446,
    "spectral_rolloff_mean": 3848.0120195831705,
    "spectral_rolloff_std": 941.7600992234521,
    "spectral_flux_mean": 3094.185546875,
    "spectral_flux_std": 3631.34423828125,
    "spectral_flatness_mean": 0.008321641013026237,
    "spectral_flatness_std": 0.031966682523489,
    "spectral_slope_mean": -0.0007448873346612682,
    "spectral_spread_mean": 1858.4271609295572,
    "spectral_skewness_mean": 1.5157667881861085,
    "spectral_kurtosis_mean": 5.415113354171559
  },
  "rhythm": {
    "tempo_bpm": 103.359375,
    "tempo_confidence": 0.9699950029704937,
    "beat_positions": [
      0.18575963718820862,
      0.8359183673469388,
      1.4164172335600906,
      1.9736961451247166,
      2.5541950113378684,
      3.1346938775510202,
      3.6919727891156464,
      4.272471655328798,
      4.829750566893424,
      5.410249433106576,
      5.990748299319728,
      6.548027210884354,
      7.128526077097506,
      7.685804988662132,
      8.266303854875284,
      8.823582766439909,
      9.404081632653062,
      9.984580498866213,
      10.541859410430838,
      11.122358276643991,
      11.702857142857143,
      12.26013605442177,
      12.84063492063492,
      13.397913832199546,
      13.978412698412699,
      14.55891156462585,
      15.116190476190477,
      15.696689342403628,
      16.253968253968253,
      16.834467120181404,
      17.41496598639456,
      17.972244897959182,
      18.552743764172334,
      19.11002267573696,
      19.690521541950112,
      20.24780045351474,
      20.851519274376418,
      21.408798185941045,
      21.966077097505668,
      22.54657596371882,
      23.127074829931974,
      23.684353741496597,
      24.264852607709752,
      24.822131519274375,
      25.402630385487527,
      25.98312925170068,
      26.540408163265305,
      27.12090702947846,
      27.678185941043083,
      28.258684807256238,
      28.955283446712016,
      29.675102040816327
    ],
    "onset_times": [
      0.13931972789115646,
      0.25541950113378686,
      0.5340589569160997,
      0.8126984126984127,
      1.1145578231292517,
      1.3931972789115645,
      1.6950566893424037,
      1.9504761904761905,
      2.2523356009070294,
      2.4380952380952383,
      2.8328344671201813,
      3.111473922902494,
      3.3668934240362813,
      3.6919727891156464,
      3.9938321995464854,
      4.249251700680272,
      4.551111111111111,
      4.829750566893424,
      5.108390022675737,
      5.38702947845805,
      5.6656689342403626,
      5.9675283446712015,
      6.246167800453515,
      6.524807256235827,
      6.826666666666667,
      7.128526077097506,
      7.4071655328798185,
      7.662585034013605,
      8.243083900226758,
      8.544943310657596,
      8.823582766439909,
      9.102222222222222,
      9.404081632653062,
      9.682721088435374,
      9.961360544217687,
      10.518639455782314,
      10.843718820861678,
      11.099138321995465,
      11.400997732426303,
      11.95827664399093,
      12.097596371882085,
      12.236916099773243,
      12.817414965986394,
      13.119274376417234,
      13.374693877551021,
      13.676553287981859,
      13.955192743764172,
      14.233832199546486,
      14.512471655328799,
      14.837551020408164,
      15.09297052154195,
      15.394829931972788,
      15.673469387755102,
      15.952108843537415,
      16.253968253968253,
      16.50938775510204,
      16.81124716553288,
      17.11310657596372,
      17.39174603174603,
      17.69360544217687,
      17.949024943310658,
      18.250884353741498,
      18.52952380952381,
      18.808163265306124,
      19.086802721088436,
      19.4118820861678,
      19.667301587301587,
      19.969160997732427,
      20.24780045351474,
      20.526439909297054,
      20.851519274376418,
      21.106938775510205,
      21.385578231292516,
      21.687437641723356,
      21.966077097505668,
      22.267936507936508,
      22.523356009070294,
      22.825215419501134,
      23.103854875283446,
      23.38249433106576,
      23.661133786848072,
      23.962993197278912,
      24.241632653061224,
      24.543492063492064,
      24.79891156462585,
      25.10077097505669,
      25.402630385487527,
      25.658049886621317,
      25.959909297052153,
      26.261768707482993,
      26.493968253968255,
      26.540408163265305,
      26.81904761904762,
      27.09768707482993,
      27.39954648526077,
      27.678185941043083,
      27.956825396825398,
      28.23546485260771,
      28.81596371882086,
      29.1178231292517,
      29.373242630385487,
      29.675102040816327
    ],
    "rhythm_regularity": 0.9465030307040531,
    "syncopation_index": 0.5,
    "beat_count": 52,
    "onset_count": 102
  },
  "harmony": {
    "chroma_mean": [
      0.4979739487171173,
      0.6579017043113708,
      0.7968519330024719,
      0.6422308683395386,
      0.5571017861366272,
      0.5539674162864685,
      0.6907474994659424,
      0.7488215565681458,
      0.5006224513053894,
      0.5990745425224304,
      0.5381565690040588,
      0.42557981610298157
    ],
    "chroma_std": [
      0.17738930881023407,
      0.20245951414108276,
      0.18147696554660797,
      0.2648571729660034,
      0.18580302596092224,
      0.17444775998592377,
      0.24419549107551575,
      0.20045606791973114,
      0.15857386589050293,
      0.19315993785858154,
      0.18333174288272858,
      0.13803185522556305
    ],
    "key_estimation": {
      "key": "C_major",
      "confidence": -0.01674741288894051
    },
    "tonal_complexity": 0.10518049448728561
  },
  "quality": {
    "snr_db": 36.29373690887224,
    "dynamic_range_db": 20.609676124816886,
    "rms_energy": 0.13066375255584717,
    "zero_crossing_rate": 0.1016415259724394
  },
  "lyrics": {
    "word_count": 112,
    "unique_word_count": 69,
    "sentence_count": 1,
    "avg_words_per_sentence": 112.0,
    "readability": null,
    "sentiment_analysis": null,
    "topic_keywords": [
      "the",
      "And",
      "was",
      "seven",
      "When",
      "down",
      "here",
      "can't",
      "water",
      "should"
    ],
    "repetition_analysis": {
      "repetition_ratio": 0.3839285714285714,