{
  "mfcc_mean": [
    -117.2188949584961,
    91.47257995605469,
    4.870936393737793,
    26.477998733520508,
    -2.427543878555298,
    11.150628089904785,
    4.4117045402526855,
    6.523343563079834,
    -6.295231819152832,
    4.606302261352539,
    -2.377317428588867,
    -3.7933523654937744,
    -3.8791353702545166
  ],
  "mfcc_std": [
    79.42871856689453,
    26.938501358032227,
    21.05245018005371,
    12.87125301361084,
    11.189467430114746,
    9.8558349609375,
    10.994861602783203,
    9.910595893859863,
    8.163122177124023,
    9.683354377746582,
    8.318378448486328,
    7.809435844421387,
    7.646703243255615
  ],
  "spectral_centroid_mean": 2331.1044730976178,
  "spectral_centroid_std": 717.0344045476138,
  "spectral_bandwidth_mean": 2500.2586875511506,
  "spectral_bandwidth_std": 442.92038573703735,
  "spectral_rolloff_mean": 5098.407650067882,
  "spectral_rolloff_std": 1504.4025520729595,
  "spectral_flux_mean": 3946.332763671875,
  "spectral_flux_std": 5449.6396484375,
  "spectral_flatness_mean": 0.021267205476760864,
  "spectral_flatness_std": 0.03862569481134415,
  "spectral_slope_mean": -0.0003949679430071985,
  "spectral_spread_mean": 2500.2586889942327,
  "spectral_skewness_mean": 1.3946063411112726,
  "spectral_kurtosis_mean": 4.498012987291445
}