{
  "snr_db": 82.5352735353023,
  "dynamic_range_db": 23.12832856139285,
  "rms_energy": 0.11288084089756012,
  "zero_crossing_rate": 0.14618408498337365
}