{
  "snr_db": 32.809180860677934,
  "dynamic_range_db": 16.2474133240081,
  "rms_energy": 0.19883763790130615,
  "zero_crossing_rate": 0.08887559954972592
}