{
  "snr_db": 65.6243007272051,
  "dynamic_range_db": 23.444983369125488,
  "rms_energy": 0.1060936450958252,
  "zero_crossing_rate": 0.1306403520742358
}