{
  "snr_db": 36.18792238902628,
  "dynamic_range_db": 19.9205334576837,
  "rms_energy": 0.14148181676864624,
  "zero_crossing_rate": 0.19974031455751357
}