{
  "mfcc_mean": [
    -77.74346923828125,
    83.57633209228516,
    -5.329329967498779,
    28.994951248168945,
    -10.39053726196289,
    7.88766622543335,
    -12.277921676635742,
    -0.15039095282554626,
    -19.511411666870117,
    1.2769826650619507,
    -6.905747413635254,
    -0.8389368653297424,
    -8.72280502319336
  ],
  "mfcc_std": [
    68.10560607910156,
    25.527278900146484,
    16.8610782623291,
    11.995567321777344,
    11.882017135620117,
    9.769444465637207,
    8.83498764038086,
    7.174363613128662,
    8.68332290649414,
    9.979303359985352,
    7.431188583374023,
    8.725661277770996,
    6.956264019012451
  ],
  "spectral_centroid_mean": 2379.77015951796,
  "spectral_centroid_std": 640.9173241407017,
  "spectral_bandwidth_mean": 2409.130897608731,
  "spectral_bandwidth_std": 316.19320838033775,
  "spectral_rolloff_mean": 5072.459410397454,
  "spectral_rolloff_std": 1266.1499757591423,
  "spectral_flux_mean": 3130.937255859375,
  "spectral_flux_std": 2984.07763671875,
  "spectral_flatness_mean": 0.016738630831241608,
  "spectral_flatness_std": 0.037462491542100906,
  "spectral_slope_mean": -0.00043711819192589603,
  "spectral_spread_mean": 2409.1308973589153,
  "spectral_skewness_mean": 1.297931223751743,
  "spectral_kurtosis_mean": 4.148425277314149
}