{
  "meta": {
    "path": "../../data/raw/MIREX-like_mood/dataset/Audio/460.mp3",
    "file_hash": "71bdffc3be37f06a1f7efa10c4aa04df88435876",
    "duration_sec": 29.72154195011338,
    "sample_rate": 22050,
    "analysis_timestamp": "2025-10-24T19:59:33.645301",
    "config": {
      "sr": 22050,
      "n_fft": 2048,
      "hop_length": 512,
      "n_mels": 128,
      "n_mfcc": 13,
      "n_chroma": 12,
      "frame_length": 2048,
      "workers": 4,
      "use_crepe": false,
      "save_matrices": false,
      "save_plots": true,
      "force": true,
      "quick": false,
      "verbose": false
    },
    "processing_time_sec": 3.7059569358825684
  },
  "acoustic": {
    "mfcc_mean": [
      -114.60880279541016,
      92.5934829711914,
      -8.361146926879883,
      23.343734741210938,
      6.511192798614502,
      11.611708641052246,
      4.901473522186279,
      5.772542476654053,
      -1.0204840898513794,
      9.616687774658203,
      3.589677095413208,
      5.5719428062438965,
      0.45990681648254395
    ],
    "mfcc_std": [
      75.80912017822266,
      27.262155532836914,
      22.4560546875,
      16.562326431274414,
      11.785879135131836,
      10.193402290344238,
      10.74488639831543,
      10.055644989013672,
      10.690179824829102,
      8.1485013961792,
      9.954245567321777,
      8.105184555053711,
      7.171130180358887
    ],
    "spectral_centroid_mean": 2343.952168616025,
    "spectral_centroid_std": 693.9121914223383,
    "spectral_bandwidth_mean": 2459.1378649911785,
    "spectral_bandwidth_std": 410.2461718491198,
    "spectral_rolloff_mean": 4918.91649590164,
    "spectral_rolloff_std": 1444.3030627304995,
    "spectral_flux_mean": 3472.280517578125,
    "spectral_flux_std": 4112.96435546875,
    "spectral_flatness_mean": 0.022341452538967133,
    "spectral_flatness_std": 0.03724586218595505,
    "spectral_slope_mean": -0.00040295843037583824,
    "spectral_spread_mean": 2459.1378652474236,
    "spectral_skewness_mean": 1.3976001400812352,
    "spectral_kurtosis_mean": 4.647589042256145
  },
  "rhythm": {
    "tempo_bpm": 135.99917763157896,
    "tempo_confidence": 0.9858966460958232,
    "beat_positions": [
      0.16253968253968254,
      0.603718820861678,
      1.0448979591836736,
      1.509297052154195,
      1.9504761904761905,
      2.36843537414966,
      2.809614512471655,
      3.274013605442177,
      3.7384126984126986,
      4.20281179138322,
      4.6439909297052155,
      5.085170068027211,
      5.526349206349207,
      5.944308390022676,
      6.3854875283446715,
      6.8034467120181406,
      7.244625850340136,
      7.685804988662132,
      8.103764172335602,
      8.544943310657596,
      8.962902494331066,
      9.404081632653062,
      9.822040816326531,
      10.24,
      10.681179138321996,
      11.099138321995465,
      11.54031746031746,
      11.95827664399093,
      12.376235827664399,
      12.794195011337868,
      13.235374149659863,
      13.676553287981859,
      14.094512471655328,
      14.535691609977324,
      14.953650793650795,
      15.394829931972788,
      15.81278911564626,
      16.23074829931973,
      16.671927437641724,
      17.11310657596372,
      17.531065759637187,
      17.949024943310658,
      18.390204081632653,
      18.784943310657596,
      19.202902494331067,
      19.644081632653062,
      20.085260770975058,
      20.526439909297054,
      20.94439909297052,
      21.36235827664399,
      21.803537414965987,
      22.244716553287983,
      22.66267573696145,
      23.103854875283446,
      23.54503401360544,
      23.986213151927437,
      24.427392290249433,
      24.845351473922904,
      25.2865306122449,
      25.704489795918366,
      26.122448979591837,
      26.563628117913833,
      26.9815873015873,
      27.422766439909296,
      27.840725623582767,
      28.281904761904762,
      28.723083900226758,
      29.141043083900225,
      29.58222222222222
    ],
    "onset_times": [
      0.13931972789115646,
      0.37151927437641724,
      0.5572789115646258,
      0.8126984126984127,
      1.0448979591836736,
      1.230657596371882,
      1.509297052154195,
      1.6950566893424037,
      1.9272562358276644,
      2.136235827664399,
      2.345215419501134,
      2.5774149659863945,
      2.809614512471655,
      3.01859410430839,
      3.4829931972789114,
      3.7384126984126986,
      3.877732426303855,
      4.504671201814059,
      4.690430839002268,
      5.50312925170068,
      5.944308390022676,
      6.176507936507937,
      6.3854875283446715,
      6.8034467120181406,
      7.012426303854875,
      7.22140589569161,
      7.453605442176871,
      7.662585034013605,
      7.778684807256236,
      7.987664399092971,
      8.103764172335602,
      8.219863945578231,
      8.52172335600907,
      8.661043083900227,
      8.753922902494331,
      8.962902494331066,
      9.1718820861678,
      9.380861678004536,
      9.520181405895691,
      9.775600907029478,
      9.822040816326531,
      10.054240362811791,
      10.24,
      10.448979591836734,
      10.65795918367347,
      10.89015873015873,
      11.099138321995465,
      11.3081179138322,
      11.517097505668934,
      11.72607709750567,
      11.935056689342403,
      12.144036281179138,
      12.353015873015874,
      12.631655328798185,
      12.794195011337868,
      13.235374149659863,
      13.421133786848072,
      13.676553287981859,
      14.094512471655328,
      14.257052154195012,
      14.396371882086168,
      14.535691609977324,
      14.767891156462586,
      14.930430839002268,
      15.139410430839002,
      15.371609977324264,
      15.603809523809524,
      15.789569160997733,
      16.04498866213152,
      16.23074829931973,
      16.486167800453515,
      16.648707482993196,
      16.904126984126986,
      17.08988662131519,
      17.322086167800453,
      17.531065759637187,
      17.949024943310658,
      18.18122448979592,
      18.22766439909297,
      18.36698412698413,
      18.599183673469387,
      18.784943310657596,
      18.970702947845805,
      19.202902494331067,
      19.458321995464853,
      19.620861678004534,
      19.783401360544218,
      20.06204081632653,
      20.503219954648525,
      20.94439909297052,
      21.153378684807254,
      21.36235827664399,
      21.571337868480725,
      21.803537414965987,
      22.035736961451246,
      22.221496598639455,
      22.453696145124717,
      22.66267573696145,
      22.871655328798187,
      22.918095238095237,
      23.103854875283446,
      23.336054421768708,
      23.54503401360544,
      23.777233560090703,
      23.962993197278912,
      24.14875283446712,
      24.2184126984127,
      24.404172335600908,
      24.636371882086166,
      24.822131519274375,
      24.961451247165535,
      25.054331065759637,
      25.26331065759637,
      25.472290249433108,
      25.68126984126984,
      26.09922902494331,
      26.354648526077096,
      26.540408163265305,
      26.772607709750567,
      26.9815873015873,
      27.213786848072562,
      27.422766439909296,
      27.58530612244898,
      27.840725623582767,
      28.096145124716553,
      28.281904761904762,
      28.490884353741496,
      28.69986394557823,
      28.955283446712016,
      29.1178231292517,
      29.326802721088434,
      29.559002267573696
    ],
    "rhythm_regularity": 0.9669355010802628,
    "syncopation_index": 0.48484848484848486,
    "beat_count": 69,
    "onset_count": 132
  },
  "harmony": {
    "chroma_mean": [
      0.6571431159973145,
      0.7542120218276978,
      0.7880433201789856,
      0.5500448942184448,
      0.7152886986732483,
      0.5258469581604004,
      0.542143702507019,
      0.7149780988693237,
      0.6107373833656311,
      0.7031434178352356,
      0.5586269497871399,
      0.6822812557220459
    ],