{
  "mfcc_mean": [
    -92.92156219482422,
    56.26069259643555,
    6.800063133239746,
    36.0076789855957,
    0.09691961854696274,
    25.072872161865234,
    3.424792528152466,
    9.43529987335205,
    0.773337185382843,
    9.925215721130371,
    -0.19290508329868317,
    10.816325187683105,
    1.9461151361465454
  ],
  "mfcc_std": [
    71.60302734375,
    27.155536651611328,
    23.54079246520996,
    18.68810272216797,
    17.360612869262695,
    12.472635269165039,
    9.854171752929688,
    11.354720115661621,
    7.750216960906982,
    8.370013236999512,
    8.85654354095459,
    7.991045951843262,
    7.7209672927856445
  ],
  "spectral_centroid_mean": 2974.3167572896577,
  "spectral_centroid_std": 824.7498747940048,
  "spectral_bandwidth_mean": 2726.2032960781585,
  "spectral_bandwidth_std": 326.6865941841748,
  "spectral_rolloff_mean": 6214.765709120497,
  "spectral_rolloff_std": 1165.436709783542,
  "spectral_flux_mean": 5893.09326171875,
  "spectral_flux_std": 6762.02783203125,
  "spectral_flatness_mean": 0.04559015482664108,
  "spectral_flatness_std": 0.05878506600856781,
  "spectral_slope_mean": -0.0003172750070075903,
  "spectral_spread_mean": 2726.203295384393,
  "spectral_skewness_mean": 0.816002024519398,
  "spectral_kurtosis_mean": 2.876873574236923
}