{
  "snr_db": 34.821586086829846,
  "dynamic_range_db": 19.44128019670853,
  "rms_energy": 0.14332562685012817,
  "zero_crossing_rate": 0.15287628292021688
}