{
  "chroma_mean": [
    0.473572313785553,
    0.3760056495666504,
    0.5120424628257751,
    0.3430035710334778,
    0.35906440019607544,
    0.3694145679473877,
    0.3244878351688385,
    0.34234654903411865,
    0.44175398349761963,
    0.7097312808036804,
    0.3492030203342438,
    0.29164260625839233
  ],
  "chroma_std": [
    0.3050015866756439,
    0.2076130509376526,
    0.3436416983604431,
    0.23516082763671875,
    0.2500995397567749,
    0.26591289043426514,
    0.2208680808544159,
    0.23604972660541534,
    0.24225559830665588,
    0.3110397458076477,
    0.1934255063533783,
    0.18113531172275543
  ],
  "key_estimation": {
    "key": "C_major",
    "confidence": 0.21661393635661122
  },
  "tonal_complexity": 0.10981688648462296
}