{
  "mfcc_mean": [
    -139.1288604736328,
    81.07218933105469,
    -29.89462661743164,
    57.067928314208984,
    3.5896778106689453,
    25.082361221313477,
    -2.426379442214966,
    16.230270385742188,
    3.7870588302612305,
    7.428347587585449,
    3.4465866088867188,
    2.3271801471710205,
    -0.044854674488306046
  ],
  "mfcc_std": [
    111.72662353515625,
    36.86128234863281,
    48.38804244995117,
    26.593441009521484,
    22.738157272338867,
    18.06194496154785,
    12.582225799560547,
    12.886962890625,
    9.416143417358398,
    10.560199737548828,
    8.228386878967285,
    7.862131595611572,
    8.906068801879883
  ],
  "spectral_centroid_mean": 2267.5496017850546,
  "spectral_centroid_std": 781.2305510607013,
  "spectral_bandwidth_mean": 2033.7191478759921,
  "spectral_bandwidth_std": 428.8168630566651,
  "spectral_rolloff_mean": 4328.5279371818715,
  "spectral_rolloff_std": 1420.5087206642602,
  "spectral_flux_mean": 4729.41796875,
  "spectral_flux_std": 4492.16650390625,
  "spectral_flatness_mean": 0.012026568874716759,
  "spectral_flatness_std": 0.0359000526368618,
  "spectral_slope_mean": -0.0006214702156212567,
  "spectral_spread_mean": 2033.7191488605172,
  "spectral_skewness_mean": 1.2824254847185903,
  "spectral_kurtosis_mean": 5.071618129548681
}