{
  "mfcc_mean": [
    -80.89854431152344,
    106.37632751464844,
    16.76646614074707,
    23.567996978759766,
    13.571067810058594,
    14.259476661682129,
    15.919690132141113,
    3.2241930961608887,
    5.369134426116943,
    3.8158905506134033,
    -7.622043132781982,
    -2.4008326530456543,
    -1.4297212362289429
  ],
  "mfcc_std": [
    86.63333129882812,
    29.045673370361328,
    18.75592041015625,
    15.285186767578125,
    10.689901351928711,
    12.384432792663574,
    10.439226150512695,
    10.500593185424805,
    9.15150260925293,
    9.790433883666992,
    9.117993354797363,
    9.474955558776855,
    8.29792308807373
  ],
  "spectral_centroid_mean": 1802.6558111668674,
  "spectral_centroid_std": 798.0986437136656,
  "spectral_bandwidth_mean": 2437.0693730209396,
  "spectral_bandwidth_std": 553.3160778439378,
  "spectral_rolloff_mean": 4059.204336313101,
  "spectral_rolloff_std": 1981.5466141272366,
  "spectral_flux_mean": 13548.076171875,
  "spectral_flux_std": 13270.9892578125,
  "spectral_flatness_mean": 0.011409997008740902,
  "spectral_flatness_std": 0.02944997325539589,
  "spectral_slope_mean": -0.00025059980604343594,
  "spectral_spread_mean": 2437.069372784258,
  "spectral_skewness_mean": 2.094690209622578,
  "spectral_kurtosis_mean": 7.9558143754759
}