{
  "meta": {
    "path": "../../data/raw/MIREX-like_mood/dataset/Audio/214.mp3",
    "file_hash": "fe9c0a5fb888d0ba86c21e2382373e841e5a47c9",
    "duration_sec": 29.58222222222222,
    "sample_rate": 22050,
    "analysis_timestamp": "2025-10-24T20:08:31.166245",
    "config": {
      "sr": 22050,
      "n_fft": 2048,
      "hop_length": 512,
      "n_mels": 128,
      "n_mfcc": 13,
      "n_chroma": 12,
      "frame_length": 2048,
      "workers": 4,
      "use_crepe": false,
      "save_matrices": false,
      "save_plots": true,
      "force": true,
      "quick": false,
      "verbose": false
    },
    "processing_time_sec": 2.784153699874878
  },
  "acoustic": {
    "mfcc_mean": [
      -122.95263671875,
      95.45762634277344,
      6.074680805206299,
      36.53615188598633,
      10.274175643920898,
      14.581533432006836,
      -0.5442140698432922,
      7.226491928100586,
      -2.2231338024139404,
      6.456628322601318,
      -1.352358102798462,
      3.3424456119537354,
      -1.8838731050491333
    ],
    "mfcc_std": [
      85.7685546875,
      37.30256271362305,
      24.773101806640625,
      17.384469985961914,
      13.50289249420166,
      12.107375144958496,
      11.134204864501953,
      9.019593238830566,
      8.237197875976562,
      8.522567749023438,
      8.001639366149902,
      7.580997467041016,
      6.880575656890869
    ],
    "spectral_centroid_mean": 2195.5094051544816,
    "spectral_centroid_std": 975.714810677842,
    "spectral_bandwidth_mean": 2370.8067223875655,
    "spectral_bandwidth_std": 599.977746340304,
    "spectral_rolloff_mean": 4711.152401194853,
    "spectral_rolloff_std": 1989.8470002562894,
    "spectral_flux_mean": 3627.641357421875,
    "spectral_flux_std": 4496.70947265625,
    "spectral_flatness_mean": 0.017491552978754044,
    "spectral_flatness_std": 0.034136198461055756,
    "spectral_slope_mean": -0.000449707986071388,
    "spectral_spread_mean": 2370.8067208975162,
    "spectral_skewness_mean": 1.567148039024884,
    "spectral_kurtosis_mean": 5.997862425464068
  },
  "rhythm": {
    "tempo_bpm": 143.5546875,
    "tempo_confidence": 0.9891008529593125,
    "beat_positions": [
      8.034104308390022,
      8.452063492063493,
      8.846802721088435,
      9.264761904761905,
      9.682721088435374,
      10.100680272108843,
      10.518639455782314,
      10.936598639455783,
      11.377777777777778,
      11.795736961451247,
      12.19047619047619,
      12.585215419501134,
      13.003174603174603,
      13.421133786848072,
      13.839092970521541,
      14.257052154195012,
      14.698231292517006,
      15.09297052154195,
      15.534149659863946,
      15.952108843537415,
      16.370068027210884,
      16.788027210884355,
      17.205986394557822,
      17.623945578231293,
      18.04190476190476,
      18.45986394557823,
      18.877823129251702,
      19.29578231292517,
      19.71374149659864,
      20.131700680272107,
      20.54965986394558,
      20.94439909297052,
      21.36235827664399,
      21.78031746031746,
      22.221496598639455,
      22.639455782312925,
      23.057414965986396,
      23.475374149659864,
      23.893333333333334,
      24.3112925170068,
      24.729251700680273,
      25.14721088435374,
      25.56517006802721,
      25.959909297052153,
      26.377868480725624
    ],
    "onset_times": [
      0.16253968253968254,
      0.44117913832199546,
      0.8823582766439909,
      1.3003174603174603,
      1.7182766439909296,
      2.159455782312925,
      2.345215419501134,
      2.5541950113378684,
      2.7399546485260773,
      3.3901133786848074,
      3.622312925170068,
      3.8080725623582765,
      4.2260317460317465,
      4.435011337868481,
      5.085170068027211,
      5.921088435374149,
      6.106848072562358,
      6.548027210884354,
      6.965986394557823,
      7.174965986394557,
      7.592925170068027,
      7.825124716553288,
      8.034104308390022,
      8.219863945578231,
      8.428843537414966,
      8.614603174603175,
      8.823582766439909,
      9.05578231292517,
      9.264761904761905,
      9.47374149659864,
      9.682721088435374,
      9.891700680272109,
      10.100680272108843,
      10.309659863945578,
      10.495419501133787,
      10.727619047619047,
      10.936598639455783,
      11.145578231292516,
      11.354557823129252,
      11.563537414965987,
      11.77251700680272,
      11.95827664399093,
      12.19047619047619,
      12.399455782312925,
      12.585215419501134,
      13.003174603174603,
      13.421133786848072,
      13.653333333333334,
      13.839092970521541,
      14.233832199546486,
      14.489251700680272,
      14.698231292517006,
      15.09297052154195,
      15.32517006802721,
      15.534149659863946,
      15.81278911564626,
      15.928888888888888,
      16.16108843537415,
      16.370068027210884,
      16.602267573696146,
      16.764807256235827,
      17.020226757369613,
      17.182766439909297,
      17.41496598639456,
      17.600725623582765,
      18.04190476190476,
      18.274104308390022,
      18.436643990929706,
      18.64562358276644,
      18.83138321995465,
      18.877823129251702,
      19.086802721088436,
      19.272562358276645,
      19.504761904761907,
      19.71374149659864,
      19.922721088435374,
      20.108480725623583,
      20.340680272108845,
      20.54965986394558,
      20.94439909297052,
      21.176598639455783,
      21.59455782312925,
      21.78031746031746,
      22.01251700680272,
      22.19827664399093,
      22.6162358276644,
      22.871655328798187,
      23.057414965986396,
      23.289614512471655,
      23.42893424036281,
      23.475374149659864,
      23.684353741496597,
      23.870113378684806,
      24.171972789115646,
      24.288072562358277,
      24.543492063492064,
      24.706031746031748,
      24.938231292517006,
      25.123990929705215,
      25.356190476190477,
      25.541950113378686,
      25.959909297052153,
      26.192108843537415,
      26.354648526077096,
      26.586848072562358,
      27.00480725623583,
      27.631746031746033,
      28.07292517006803,
      28.212244897959184,
      28.46766439909297,
      28.69986394557823,
      28.908843537414967,
      29.30358276643991
    ],
    "rhythm_regularity": 0.9735688442812391,
    "syncopation_index": 0.5929203539823009,
    "beat_count": 45,
    "onset_count": 113
  },
  "harmony": {
    "chroma_mean": [
      0.714426577091217,
      0.667220950126648,
      0.5618351101875305,
      0.6064093112945557,
      0.5133976936340332,
      0.4920835793018341,
      0.5075918436050415,
      0.6522026062011719,
      0.4895712733268738,
      0.44929906725883484,
      0.5781472325325012,
      0.5095218420028687
    ],
    "chroma_std": [
      0.2606045603752136,
      0.23035842180252075,
      0.17239348590373993,
      0.21711193025112152,
      0.1750280112028122,
      0.20673172175884247,
      0.1815607249736786,
      0.2528064250946045,
      0.17419670522212982,
      0.1808481365442276,
      0.2422725260257721,
      0.1897457093000412
    ],
    "key_estimation": {
      "key": "C_minor",
      "confidence": 0.6426921241093575
    },
    "tonal_complexity": 0.07936541736125946
  },
  "quality": {
    "snr_db": 35.038534517560784,
    "dynamic_range_db": 20.213632583790776,
    "rms_energy": 0.1335391253232956,
    "zero_crossing_rate": 0.09270948223039216
  },
  "lyrics": {
    "word_count": 210,
    "unique_word_count": 119,
    "sentence_count": 5,
    "avg_words_per_sentence": 42.0,
    "readability": null,
    "sentiment_analysis": null,
    "topic_keywords": [
      "and",
      "that",
      "the",
      "still",
      "rock",
      "music,",
      "But",
      "old",
      "roll",
      "they"
    ],
    "repetition_analysis": {
      "repetition_ratio": 0.43333333333333335,