{
  "meta": {
    "path": "../../data/raw/MIREX-like_mood/dataset/Audio/724.mp3",
    "file_hash": "f19ba54ac4fa555e0acc37be7863888d86cd2704",
    "duration_sec": 29.489342403628118,
    "sample_rate": 22050,
    "analysis_timestamp": "2025-10-24T20:05:56.845532",
    "config": {
      "sr": 22050,
      "n_fft": 2048,
      "hop_length": 512,
      "n_mels": 128,
      "n_mfcc": 13,
      "n_chroma": 12,
      "frame_length": 2048,
      "workers": 4,
      "use_crepe": false,
      "save_matrices": false,
      "save_plots": true,
      "force": true,
      "quick": false,
      "verbose": false
    },
    "processing_time_sec": 3.4261276721954346
  },
  "acoustic": {
    "mfcc_mean": [
      -110.67073059082031,
      52.902427673339844,
      11.33491325378418,
      49.66909408569336,
      19.977619171142578,
      19.947486877441406,
      9.440901756286621,
      10.954957962036133,
      -2.2326576709747314,
      7.61175537109375,
      2.6097495555877686,
      2.962589740753174,
      -0.7508559226989746
    ],
    "mfcc_std": [
      104.07431030273438,
      29.117210388183594,
      28.614686965942383,
      13.510064125061035,
      11.522706985473633,
      8.461581230163574,
      7.896631717681885,
      6.91412353515625,
      8.580087661743164,
      7.717411994934082,
      7.882600784301758,
      6.749248504638672,
      6.828246116638184
    ],
    "spectral_centroid_mean": 2834.9681758654024,
    "spectral_centroid_std": 869.5580075073807,
    "spectral_bandwidth_mean": 2772.4288073613884,
    "spectral_bandwidth_std": 451.28403182821603,
    "spectral_rolloff_mean": 6097.276400994541,
    "spectral_rolloff_std": 1608.092552352396,
    "spectral_flux_mean": 4654.38916015625,
    "spectral_flux_std": 4492.9482421875,
    "spectral_flatness_mean": 0.03165419027209282,
    "spectral_flatness_std": 0.05415011942386627,
    "spectral_slope_mean": -0.0002965054165095688,
    "spectral_spread_mean": 2772.428807004584,
    "spectral_skewness_mean": 1.0002406478757389,
    "spectral_kurtosis_mean": 3.3705459981117833
  },
  "rhythm": {
    "tempo_bpm": 112.34714673913044,
    "tempo_confidence": 0.9813112121504498,
    "beat_positions": [
      1.6253968253968254,
      2.2291156462585033,
      2.7399546485260773,
      3.2275736961451247,
      3.7384126984126986,
      4.2260317460317465,
      4.783310657596372,
      5.340589569160998,
      5.897868480725624,
      6.455147392290249,
      7.012426303854875,
      7.546485260770975,
      8.080544217687075,
      8.614603174603175,
      9.1718820861678,
      9.7059410430839,
      10.24,
      10.7740589569161,
      11.3081179138322,
      11.842176870748299,
      12.399455782312925,
      12.933514739229025,
      13.444353741496599,
      13.978412698412699,
      14.489251700680272,
      15.023310657596372,
      15.580589569160997,
      16.114648526077097,
      16.648707482993196,
      17.182766439909297,
      17.716825396825396,
      18.250884353741498,
      18.784943310657596,
      19.319002267573698,
      19.82984126984127,
      20.387120181405894,
      20.897959183673468,
      21.43201814058957,
      21.966077097505668,
      22.50013605442177,
      23.010975056689343,
      23.54503401360544,
      24.079092970521543,
      24.61315192743764,
      25.14721088435374,
      25.68126984126984,
      26.21532879818594,
      26.749387755102042,
      27.28344671201814,
      27.794285714285714,
      28.328344671201815,
      28.862403628117914,
      29.373242630385487
    ],
    "onset_times": [
      0.25541950113378686,
      0.37151927437641724,
      0.603718820861678,
      0.7430385487528345,
      0.905578231292517,
      1.1145578231292517,
      1.3467573696145125,
      1.5789569160997732,
      1.6253968253968254,
      1.9272562358276644,
      2.2058956916099772,
      2.507755102040816,
      2.809614512471655,
      2.972154195011338,
      3.2275736961451247,
      3.5062131519274375,
      3.645532879818594,
      3.7848526077097504,
      3.924172335600907,
      4.20281179138322,
      4.527891156462585,
      4.783310657596372,
      5.317369614512471,
      5.897868480725624,
      6.455147392290249,
      6.733786848072563,
      6.989206349206349,
      7.291065759637188,
      7.546485260770975,
      7.825124716553288,
      7.987664399092971,
      8.080544217687075,
      8.382403628117913,
      8.614603174603175,
      8.893242630385487,
      9.1718820861678,
      9.450521541950113,
      9.636281179138322,
      9.7059410430839,
      10.24,
      10.518639455782314,
      10.7740589569161,
      11.052698412698414,
      11.3081179138322,
      11.586757369614512,
      11.842176870748299,
      12.120816326530612,
      12.376235827664399,
      12.654875283446712,
      12.910294784580499,
      13.188934240362812,
      13.421133786848072,
      13.699773242630386,
      13.955192743764172,
      14.233832199546486,
      14.489251700680272,
      14.767891156462586,
      15.023310657596372,
      15.27873015873016,
      15.557369614512472,
      15.85922902494331,
      16.091428571428573,
      16.370068027210884,
      16.62548752834467,
      16.904126984126986,
      17.066666666666666,
      17.182766439909297,
      17.46140589569161,
      17.69360544217687,
      17.87936507936508,
      17.99546485260771,
      18.250884353741498,
      18.52952380952381,
      18.76172335600907,
      18.92426303854875,
      19.06358276643991,
      19.29578231292517,
      19.574421768707484,
      19.82984126984127,
      20.131700680272107,
      20.387120181405894,
      20.64253968253968,
      20.897959183673468,
      21.176598639455783,
      21.339138321995463,
      21.43201814058957,
      21.71065759637188,
      21.966077097505668,
      22.128616780045352,
      22.244716553287983,
      22.50013605442177,
      22.755555555555556,
      23.010975056689343,
      23.173514739229024,
      23.289614512471655,
      23.54503401360544,
      23.823673469387757,
      24.079092970521543,
      24.357732426303855,
      24.61315192743764,
      24.891791383219953,
      25.14721088435374,
      25.704489795918366,
      25.959909297052153,
      26.21532879818594,
      26.377868480725624,
      26.493968253968255,
      26.726167800453513,
      27.00480725623583,
      27.16734693877551,
      27.28344671201814,
      27.538866213151927,
      27.794285714285714,
      28.07292517006803,
      28.305124716553287,
      28.583764172335602,
      28.83918367346939,
      29.1178231292517,
      29.373242630385487
    ],
    "rhythm_regularity": 0.9643098441637891,
    "syncopation_index": 0.5126050420168067,
    "beat_count": 53,
    "onset_count": 119
  },
  "harmony": {
    "chroma_mean": [
      0.4601001441478729,
      0.4178122878074646,
      0.4592059850692749,
      0.39205774664878845,
      0.4733882248401642,
      0.5733561515808105,
      0.8329641819000244,
      0.9000073075294495,
      0.339297890663147,
      0.27830401062965393,
      0.29346510767936707,
      0.30899104475975037
    ],
    "chroma_std": [
      0.24926142394542694,
      0.14573828876018524,
      0.13914963603019714,
      0.1383325457572937,
      0.19529025256633759,
      0.20928825438022614,
      0.19532528519630432,
      0.15326614677906036,
      0.11128824204206467,
      0.11363991349935532,
      0.119852714240551,
      0.11481723189353943
    ],
    "key_estimation": {
      "key": "C_major",
      "confidence": 0.3398656549517453
    },
    "tonal_complexity": 0.19291964173316956
  },
  "quality": {
    "snr_db": 40.269346406721894,
    "dynamic_range_db": 17.934205253240886,
    "rms_energy": 0.17018243670463562,
    "zero_crossing_rate": 0.11248640034913454
  },
  "lyrics": {}
}