{
  "chroma_mean": [
    0.4718295633792877,
    0.4445188045501709,
    0.6652618646621704,
    0.4482528865337372,
    0.6220536231994629,
    0.407152384519577,
    0.3390710651874542,
    0.46394720673561096,
    0.26626232266426086,
    0.2476346343755722,
    0.21861696243286133,
    0.3471803665161133
  ],
  "chroma_std": [
    0.31419238448143005,
    0.20855523645877838,
    0.2594583332538605,
    0.16797421872615814,
    0.30699124932289124,
    0.200228750705719,
    0.1654708832502365,
    0.2609228193759918,
    0.13776692748069763,
    0.13968110084533691,
    0.12398248165845871,
    0.15130868554115295
  ],
  "key_estimation": {
    "key": "C_major",
    "confidence": 0.4131543534136507
  },
  "tonal_complexity": 0.13295039534568787
}