{
  "tempo_bpm": 135.99917763157896,
  "tempo_confidence": 0.9795502638246448,
  "beat_positions": [
    0.5108390022675737,
    0.9287981859410431,
    1.3699773242630386,
    1.8343764172335602,
    2.2755555555555556,
    2.716734693877551,
    3.1346938775510202,
    3.599092970521542,
    4.040272108843538,
    4.458231292517007,
    4.899410430839002,
    5.317369614512471,
    5.7817687074829935,
    6.199727891156463,
    6.640907029478458,
    7.082086167800454,
    7.546485260770975,
    7.987664399092971,
    8.428843537414966,
    8.846802721088435,
    9.264761904761905,
    9.659501133786849,
    10.054240362811791,
    10.47219954648526,
    10.913378684807256,
    11.354557823129252,
    11.795736961451247,
    12.213696145124716,
    12.654875283446712,
    13.119274376417234,
    13.56045351473923,
    13.978412698412699,
    14.419591836734694,
    14.86077097505669,
    15.32517006802721,
    15.766349206349206,
    16.207528344671204,
    16.62548752834467,
    17.08988662131519,
    17.554285714285715,
    18.04190476190476,
    18.506303854875284,
    18.970702947845805,
    19.4118820861678,
    19.853061224489796,
    20.29424036281179,
    20.735419501133787,
    21.176598639455783,
    21.61777777777778,
    22.058956916099774,
    22.50013605442177,
    22.941315192743765,
    23.312834467120183,
    23.707573696145126,
    24.14875283446712,
    24.589931972789117,
    25.031111111111112,
    25.495510204081633,
    25.913469387755104,
    26.33142857142857,
    26.79582766439909,
    27.213786848072562,
    27.678185941043083,
    28.11936507936508,
    28.53732426303855
  ],
  "onset_times": [
    0.34829931972789113,
    0.5108390022675737,
    0.905578231292517,
    1.207437641723356,
    1.811156462585034,
    2.2755555555555556,
    2.507755102040816,
    3.1346938775510202,
    3.4133333333333336,
    3.575873015873016,
    3.7616326530612243,
    4.017052154195011,
    4.458231292517007,
    4.899410430839002,
    5.317369614512471,
    5.642448979591837,
    5.7817687074829935,
    5.944308390022676,
    6.199727891156463,
    6.617687074829932,
    7.082086167800454,
    7.22140589569161,
    7.546485260770975,
    7.964444444444444,
    8.289523809523809,
    8.846802721088435,
    9.1718820861678,
    9.311201814058958,
    9.58984126984127,
    9.636281179138322,
    10.170340136054422,
    10.448979591836734,
    10.611519274376418,
    11.052698412698414,
    11.354557823129252,
    11.470657596371883,
    11.77251700680272,
    11.935056689342403,
    12.19047619047619,
    12.353015873015874,
    12.631655328798185,
    12.817414965986394,
    13.119274376417234,
    13.25859410430839,
    13.467573696145125,
    13.676553287981859,
    13.978412698412699,
    14.140952380952381,
    14.396371882086168,
    14.55891156462585,
    14.721451247165533,
    14.97687074829932,
    15.418049886621315,
    15.882448979591837,
    16.184308390022675,
    16.34684807256236,
    16.62548752834467,
    16.764807256235827,
    17.554285714285715,
    18.320544217687075,
    18.854603174603174,
    19.4118820861678,
    19.853061224489796,
    20.29424036281179,
    20.735419501133787,
    21.176598639455783,
    21.501678004535147,
    21.61777777777778,
    21.966077097505668,
    22.337596371882086,
    22.50013605442177,
    22.941315192743765,
    23.38249433106576,
    23.684353741496597,
    24.079092970521543,
    24.264852607709752,
    24.56671201814059,
    25.007891156462584,
    25.14721088435374,
    25.21687074829932,
    25.495510204081633,
    25.890249433106575,
    26.02956916099773,
    26.33142857142857,
    26.470748299319727,
    26.911927437641722,
    26.9815873015873,
    27.213786848072562,
    27.353106575963718,
    27.77106575963719,
    28.11936507936508,
    28.514104308390024,
    28.65342403628118,
    28.93206349206349,
    29.094603174603176,
    29.41968253968254,
    29.53578231292517,
    29.6518820861678
  ],
  "rhythm_regularity": 0.9523270177934855,
  "syncopation_index": 0.4387755102040816,
  "beat_count": 65,
  "onset_count": 98
}