{
  "chroma_mean": [
    0.4214375913143158,
    0.35227397084236145,
    0.27433648705482483,
    0.4280669391155243,
    0.3396487534046173,
    0.37677809596061707,
    0.2665930986404419,
    0.31258535385131836,
    0.44273340702056885,
    0.34687912464141846,
    0.4285079836845398,
    0.3814679682254791
  ],
  "chroma_std": [
    0.29647037386894226,
    0.2794400751590729,
    0.20981630682945251,
    0.30717962980270386,
    0.2461576759815216,
    0.2826334238052368,
    0.17482028901576996,
    0.23784233629703522,
    0.31824633479118347,
    0.22766590118408203,
    0.31251904368400574,
    0.18847206234931946
  ],
  "key_estimation": {
    "key": "C_minor",
    "confidence": 0.4748647005435138
  },
  "tonal_complexity": 0.05731935054063797
}