{
  "snr_db": 35.70919068328726,
  "dynamic_range_db": 19.589405798887785,
  "rms_energy": 0.14111079275608063,
  "zero_crossing_rate": 0.07305543602114042
}