{
  "meta": {
    "path": "../../data/raw/MIREX-like_mood/dataset/Audio/585.mp3",
    "file_hash": "ebd2dcb56401ec01ed3ed3eacac8f43989c6b657",
    "duration_sec": 29.90730158730159,
    "sample_rate": 22050,
    "analysis_timestamp": "2025-10-24T20:07:34.586772",
    "config": {
      "sr": 22050,
      "n_fft": 2048,
      "hop_length": 512,
      "n_mels": 128,
      "n_mfcc": 13,
      "n_chroma": 12,
      "frame_length": 2048,
      "workers": 4,
      "use_crepe": false,
      "save_matrices": false,
      "save_plots": true,
      "force": true,
      "quick": false,
      "verbose": false
    },
    "processing_time_sec": 3.292315721511841
  },
  "acoustic": {
    "mfcc_mean": [
      -115.76187896728516,
      125.13518524169922,
      -0.11778516322374344,
      22.27421760559082,
      0.2111082524061203,
      10.064339637756348,
      -4.208384990692139,
      5.885632038116455,
      -13.513555526733398,
      0.18673518300056458,
      -7.120278358459473,
      5.096590518951416,
      -7.24634313583374
    ],
    "mfcc_std": [
      77.1812744140625,
      30.116111755371094,
      19.273134231567383,
      16.189956665039062,
      12.655363082885742,
      11.047148704528809,
      9.866716384887695,
      8.230813026428223,
      12.160209655761719,
      10.542951583862305,
      7.882784366607666,
      8.144325256347656,
      6.938571453094482
    ],
    "spectral_centroid_mean": 1755.7200236283174,
    "spectral_centroid_std": 637.5163466512406,
    "spectral_bandwidth_mean": 2141.3260718380247,
    "spectral_bandwidth_std": 479.2460522306553,
    "spectral_rolloff_mean": 3710.2093207549456,
    "spectral_rolloff_std": 1567.7773311181024,
    "spectral_flux_mean": 2676.114013671875,
    "spectral_flux_std": 2342.936279296875,
    "spectral_flatness_mean": 0.009165998548269272,
    "spectral_flatness_std": 0.032400261610746384,
    "spectral_slope_mean": -0.0005155610800372571,
    "spectral_spread_mean": 2141.3260711771304,
    "spectral_skewness_mean": 1.9717386811506954,
    "spectral_kurtosis_mean": 7.07669670072763
  },
  "rhythm": {
    "tempo_bpm": 107.666015625,
    "tempo_confidence": 0.9792473907892423,
    "beat_positions": [
      0.7894784580498866,
      1.3931972789115645,
      1.9969160997732427,
      2.5541950113378684,
      3.1579138321995464,
      3.7384126984126986,
      4.31891156462585,
      4.876190476190477,
      5.456689342403628,
      6.013968253968254,
      6.594467120181406,
      7.174965986394557,
      7.732244897959184,
      8.266303854875284,
      8.823582766439909,
      9.380861678004536,
      9.93814058956916,
      10.47219954648526,
      11.052698412698414,
      11.609977324263038,
      12.144036281179138,
      12.701315192743763,
      13.281814058956916,
      13.815873015873017,
      14.396371882086168,
      14.930430839002268,
      15.487709750566893,
      16.04498866213152,
      16.602267573696146,
      17.136326530612244,
      17.69360544217687,
      18.22766439909297,
      18.784943310657596,
      19.342222222222222,
      19.87628117913832,
      20.410340136054423,
      20.94439909297052,
      21.501678004535147,
      22.01251700680272,
      22.593015873015872,
      23.1502947845805,
      23.684353741496597,
      24.2184126984127,
      24.775691609977326,
      25.309750566893424,
      25.86702947845805,
      26.40108843537415,
      26.93514739229025,
      27.492426303854874,
      28.026485260770976
    ],
    "onset_times": [
      0.16253968253968254,
      0.44117913832199546,
      0.7662585034013606,
      1.0913378684807256,
      1.3931972789115645,
      1.6950566893424037,
      1.9736961451247166,
      2.2755555555555556,
      2.414875283446712,
      2.48453514739229,
      2.647074829931973,
      3.2275736961451247,
      3.7151927437641725,
      3.8545124716553287,
      4.017052154195011,
      4.295691609977324,
      4.85297052154195,
      5.178049886621316,
      5.456689342403628,
      5.712108843537415,
      6.013968253968254,
      6.315827664399093,
      6.594467120181406,
      6.757006802721088,
      7.082086167800454,
      7.151746031746032,
      7.453605442176871,
      7.7090249433106575,
      8.010884353741497,
      8.243083900226758,
      8.568163265306122,
      8.823582766439909,
      9.102222222222222,
      9.357641723356009,
      9.636281179138322,
      9.93814058956916,
      10.193560090702947,
      10.448979591836734,
      10.750839002267574,
      11.029478458049887,
      11.3081179138322,
      11.447437641723356,
      11.586757369614512,
      11.865396825396825,
      12.144036281179138,
      12.399455782312925,
      12.701315192743763,
      12.979954648526077,
      13.25859410430839,
      13.537233560090703,
      13.79265306122449,
      14.094512471655328,
      14.373151927437641,
      14.628571428571428,
      14.907210884353741,
      15.301950113378684,
      15.394829931972788,
      15.74312925170068,
      16.021768707482995,
      16.32362811791383,
      16.579047619047618,
      16.857687074829933,
      17.11310657596372,
      17.41496598639456,
      17.670385487528346,
      17.949024943310658,
      18.204444444444444,
      18.506303854875284,
      18.784943310657596,
      19.06358276643991,
      19.319002267573698,
      19.59764172335601,
      19.87628117913832,
      20.131700680272107,
      20.410340136054423,
      20.688979591836734,
      20.94439909297052,
      21.292698412698414,
      21.478458049886623,
      21.78031746031746,
      21.91963718820862,
      22.0821768707483,
      22.593015873015872,
      22.871655328798187,
      23.1502947845805,
      23.405714285714286,
      23.661133786848072,
      24.171972789115646,
      24.49705215419501,
      24.752471655328797,
      25.054331065759637,
      25.309750566893424,
      25.56517006802721,
      25.843809523809522,
      26.122448979591837,
      26.192108843537415,
      26.40108843537415,
      26.679727891156464,
      26.81904761904762,
      26.93514739229025,
      27.16734693877551,
      27.237006802721087,
      27.46920634920635,
      27.74784580498866,
      28.026485260770976,
      28.305124716553287,
      28.583764172335602,
      28.81596371882086,
      29.094603174603176,
      29.373242630385487,
      29.6518820861678,
      29.90730158730159
    ],
    "rhythm_regularity": 0.9618743737851697,
    "syncopation_index": 0.5267857142857143,
    "beat_count": 50,
    "onset_count": 112
  },
  "harmony": {
    "chroma_mean": [
      0.3688744306564331,
      0.6867311596870422,
      0.2842969298362732,
      0.32166412472724915,
      0.5136721134185791,
      0.40364357829093933,
      0.6464882493019104,
      0.3096393644809723,
      0.3799434006214142,
      0.413797527551651,
      0.2628215253353119,
      0.33814871311187744
    ],
    "chroma_std": [
      0.2071463018655777,
      0.28109830617904663,
      0.12504896521568298,
      0.17666064202785492,
      0.300575315952301,
      0.19318324327468872,
      0.3319193720817566,
      0.1309787780046463,
      0.1996871381998062,
      0.26454830169677734,
      0.11949322372674942,
      0.18581020832061768
    ],
    "key_estimation": {
      "key": "C_major",
      "confidence": -0.21122936836446496
    },
    "tonal_complexity": 0.13114789128303528
  },
  "quality": {
    "snr_db": 35.70919068328726,
    "dynamic_range_db": 19.589405798887785,
    "rms_energy": 0.14111079275608063,
    "zero_crossing_rate": 0.07305543602114042
  },
  "lyrics": {
    "word_count": 188,
    "unique_word_count": 59,
    "sentence_count": 1,
    "avg_words_per_sentence": 188.0,
    "readability": null,
    "sentiment_analysis": null,
    "topic_keywords": [
      "And",
      "I'm",
      "<Lee>",
      "how",
      "she",
      "<Nancy>",
      "Some",
      "velvet",
      "mornin'",
      "when"
    ],
    "repetition_analysis": {
      "repetition_ratio": 0.6861702127659575,