{
  "tempo_bpm": 135.99917763157896,
  "tempo_confidence": 0.9783733139678583,
  "beat_positions": [
    0.16253968253968254,
    0.626938775510204,
    1.1145578231292517,
    1.5789569160997732,
    2.066575963718821,
    2.5541950113378684,
    2.972154195011338,
    3.4133333333333336,
    3.8312925170068026,
    4.249251700680272,
    4.667210884353741,
    5.108390022675737,
    5.526349206349207,
    5.9675283446712015,
    6.362267573696145,
    6.8034467120181406,
    7.22140589569161,
    7.63936507936508,
    8.103764172335602,
    8.568163265306122,
    9.009342403628118,
    9.450521541950113,
    9.914920634920636,
    10.356099773242631,
    10.797278911564625,
    11.23845804988662,
    11.656417233560092,
    12.07437641723356,
    12.49233560090703,
    12.887074829931972,
    13.305034013605443,
    13.746213151927437,
    14.187392290249432,
    14.628571428571428,
    15.069750566893424,
    15.51092970521542,
    15.975328798185942,
    16.416507936507937,
    16.81124716553288,
    17.22920634920635,
    17.647165532879818,
    18.06512471655329,
    18.483083900226756,
    18.92426303854875,
    19.365442176870747,
    19.806621315192743,
    20.224580498866214,
    20.688979591836734,
    21.106938775510205,
    21.524897959183672,
    21.942857142857143,
    22.38403628117914,
    22.84843537414966,
    23.219954648526077,
    23.637913832199548,
    24.055873015873015,
    24.49705215419501,
    24.938231292517006,
    25.379410430839002,
    25.820589569160997,
    26.261768707482993,
    26.70294784580499,
    27.144126984126984,
    27.58530612244898,
    28.026485260770976
  ],
  "onset_times": [
    0.13931972789115646,
    0.37151927437641724,
    0.44117913832199546,
    0.626938775510204,
    0.9752380952380952,
    1.230657596371882,
    1.3235374149659864,
    1.486077097505669,
    1.5789569160997732,
    2.5309750566893423,
    2.972154195011338,
    3.01859410430839,
    3.1811337868480725,
    3.4133333333333336,
    3.8080725623582765,
    4.017052154195011,
    4.2260317460317465,
    4.6439909297052155,
    4.73687074829932,
    5.108390022675737,
    5.270929705215419,
    5.874648526077097,
    6.060408163265306,
    6.292607709750567,
    6.339047619047619,
    6.501587301587302,
    6.5712471655328795,
    6.942766439909297,
    7.1053061224489795,
    7.267845804988662,
    7.616145124716553,
    7.732244897959184,
    7.918004535147392,
    8.289523809523809,
    8.544943310657596,
    8.986122448979591,
    9.1718820861678,
    9.914920634920636,
    10.077460317460318,
    10.332879818594105,
    10.565079365079365,
    10.7740589569161,
    10.936598639455783,
    11.23845804988662,
    13.212154195011339,
    13.281814058956916,
    13.397913832199546,
    13.583673469387755,
    13.746213151927437,
    13.815873015873017,
    13.955192743764172,
    14.187392290249432,
    14.233832199546486,
    14.605351473922903,
    14.814331065759637,
    15.464489795918368,
    15.998548752834466,
    16.23074829931973,
    16.416507936507937,
    16.486167800453515,
    16.81124716553288,
    17.623945578231293,
    18.04190476190476,
    18.36698412698413,
    18.692063492063493,
    18.92426303854875,
    19.156462585034014,
    19.806621315192743,
    20.131700680272107,
    20.201360544217685,
    20.433560090702947,
    20.48,
    20.66575963718821,
    21.060498866213152,
    21.24625850340136,
    21.524897959183672,
    21.71065759637188,
    21.89641723356009,
    22.035736961451246,
    22.19827664399093,
    22.360816326530614,
    22.84843537414966,
    23.057414965986396,
    23.196734693877552,
    23.637913832199548,
    23.91655328798186,
    24.055873015873015,
    24.264852607709752,
    24.473832199546486,
    24.91501133786848,
    25.379410430839002,
    25.820589569160997,
    26.9815873015873,
    27.144126984126984,
    27.30666666666667,
    27.492426303854874,
    27.840725623582767,
    28.003265306122447,
    28.142585034013607,
    28.46766439909297,
    28.53732426303855,
    28.76952380952381,
    28.862403628117914,
    29.628662131519274
  ],
  "rhythm_regularity": 0.9492281792942407,
  "syncopation_index": 0.40384615384615385,
  "beat_count": 65,
  "onset_count": 104
}