{
  "meta": {
    "path": "../../data/raw/MIREX-like_mood/dataset/Audio/664.mp3",
    "file_hash": "21455f348218bcd448f53615d9f9064bc2a18787",
    "duration_sec": 29.76798185941043,
    "sample_rate": 22050,
    "analysis_timestamp": "2025-10-24T20:06:23.225294",
    "config": {
      "sr": 22050,
      "n_fft": 2048,
      "hop_length": 512,
      "n_mels": 128,
      "n_mfcc": 13,
      "n_chroma": 12,
      "frame_length": 2048,
      "workers": 4,
      "use_crepe": false,
      "save_matrices": false,
      "save_plots": true,
      "force": true,
      "quick": false,
      "verbose": false
    },
    "processing_time_sec": 3.574765920639038
  },
  "acoustic": {
    "mfcc_mean": [
      -128.47467041015625,
      80.28823852539062,
      6.630431652069092,
      32.46516418457031,
      -0.17992134392261505,
      5.469783782958984,
      -7.160325050354004,
      8.30431079864502,
      -7.258670330047607,
      3.1420540809631348,
      -2.9580612182617188,
      2.444321632385254,
      -4.75487756729126
    ],
    "mfcc_std": [
      101.53443908691406,
      27.630680084228516,
      14.958244323730469,
      11.667828559875488,
      8.595020294189453,
      8.557097434997559,
      7.785154342651367,
      7.606076717376709,
      10.119808197021484,
      8.445089340209961,
      6.063786506652832,
      8.24284553527832,
      6.321231842041016
    ],
    "spectral_centroid_mean": 2538.042771369286,
    "spectral_centroid_std": 784.0467732498249,
    "spectral_bandwidth_mean": 2570.2944965495417,
    "spectral_bandwidth_std": 363.6685042152152,
    "spectral_rolloff_mean": 5505.920876363991,
    "spectral_rolloff_std": 1369.2441796308997,
    "spectral_flux_mean": 2136.71728515625,
    "spectral_flux_std": 3028.39990234375,
    "spectral_flatness_mean": 0.025478806346654892,
    "spectral_flatness_std": 0.03856992721557617,
    "spectral_slope_mean": -0.00037536764863682826,
    "spectral_spread_mean": 2570.2944965152437,
    "spectral_skewness_mean": 1.1976087560202762,
    "spectral_kurtosis_mean": 3.8500402404435805
  },
  "rhythm": {
    "tempo_bpm": 89.10290948275862,
    "tempo_confidence": 0.9764976908428826,
    "beat_positions": [
      0.8359183673469388,
      1.555736961451247,
      2.2755555555555556,
      2.995374149659864,
      3.7151927437641725,
      4.435011337868481,
      5.131609977324263,
      5.828208616780046,
      6.501587301587302,
      7.198185941043084,
      7.87156462585034,
      8.568163265306122,
      9.264761904761905,
      9.961360544217687,
      10.634739229024943,
      11.331337868480725,
      12.027936507936507,
      12.701315192743763,
      13.374693877551021,
      14.048072562358277,
      14.744671201814059,
      15.418049886621315,
      16.091428571428573,
      16.764807256235827,
      17.438185941043084,
      18.11156462585034,
      18.784943310657596,
      19.481541950113378,
      20.154920634920636,
      20.82829931972789,
      21.501678004535147,
      22.175056689342405,
      22.84843537414966,
      23.54503401360544,
      24.2184126984127,
      24.91501133786848,
      25.68126984126984,
      26.424308390022677,
      27.09768707482993,
      27.840725623582767,
      28.490884353741496
    ],
    "onset_times": [
      0.16253968253968254,
      0.4876190476190476,
      0.8126984126984127,
      1.230657596371882,
      1.3467573696145125,
      1.9504761904761905,
      2.2755555555555556,
      2.461315192743764,
      2.6238548752834467,
      2.809614512471655,
      2.995374149659864,
      3.1346938775510202,
      3.3668934240362813,
      3.7151927437641725,
      4.08671201814059,
      4.249251700680272,
      4.435011337868481,
      4.783310657596372,
      4.9458503401360545,
      5.108390022675737,
      5.456689342403628,
      5.642448979591837,
      5.804988662131519,
      6.15328798185941,
      6.339047619047619,
      6.478367346938776,
      6.826666666666667,
      7.035646258503402,
      7.174965986394557,
      7.360725623582766,
      7.569705215419501,
      7.7090249433106575,
      7.87156462585034,
      8.057324263038549,
      8.219863945578231,
      8.40562358276644,
      8.544943310657596,
      8.753922902494331,
      8.893242630385487,
      9.079002267573696,
      9.241541950113378,
      9.93814058956916,
      10.286439909297052,
      10.47219954648526,
      10.634739229024943,
      10.983038548752834,
      11.168798185941043,
      11.331337868480725,
      11.679637188208616,
      11.865396825396825,
      12.004716553287983,
      12.353015873015874,
      12.538775510204081,
      12.678095238095239,
      12.863854875283447,
      13.072834467120181,
      13.212154195011339,
      13.351473922902494,
      13.56045351473923,
      13.699773242630386,
      13.885532879818594,
      14.02485260770975,
      14.373151927437641,
      14.55891156462585,
      14.721451247165533,
      15.069750566893424,
      15.255510204081633,
      15.394829931972788,
      15.580589569160997,
      15.766349206349206,
      15.928888888888888,
      16.068208616780044,
      16.416507936507937,
      16.602267573696146,
      16.764807256235827,
      17.11310657596372,
      17.2756462585034,
      17.41496598639456,
      17.76326530612245,
      17.949024943310658,
      18.11156462585034,
      18.297324263038547,
      18.436643990929706,
      18.622403628117915,
      18.784943310657596,
      18.970702947845805,
      19.11002267573696,
      19.29578231292517,
      19.458321995464853,
      19.806621315192743,
      19.969160997732427,
      20.131700680272107,
      20.48,
      20.66575963718821,
      20.82829931972789,
      20.990839002267574,
      21.176598639455783,
      21.339138321995463,
      21.478458049886623,
      21.826757369614512,
      22.01251700680272,
      22.175056689342405,
      22.50013605442177,
      22.68589569160998,
      22.84843537414966,
      23.173514739229024,
      23.359274376417233,
      23.521814058956917,
      23.870113378684806,
      24.03265306122449,
      24.19519274376417,
      24.38095238095238,
      24.543492063492064,
      24.729251700680273,
      24.891791383219953,
      25.68126984126984,
      26.006349206349206,
      26.16888888888889,
      26.447528344671202,
      27.074467120181406,
      27.445986394557824,
      27.608526077097505,
      27.817505668934242,
      28.142585034013607,
      28.46766439909297,
      28.76952380952381,
      28.862403628117914,
      29.094603174603176
    ],
    "rhythm_regularity": 0.965188224279382,
    "syncopation_index": 0.6875,
    "beat_count": 41,
    "onset_count": 128
  },
  "harmony": {
    "chroma_mean": [
      0.3616625666618347,
      0.35593554377555847,
      0.6436780691146851,
      0.3693990707397461,
      0.46910426020622253,
      0.3544381558895111,
      0.37869393825531006,
      0.6084945797920227,
      0.3526499271392822,
      0.5233461856842041,
      0.3388829231262207,
      0.3408946096897125
    ],
    "chroma_std": [
      0.20375896990299225,
      0.20408478379249573,
      0.283139169216156,
      0.1996125429868698,
      0.30371490120887756,
      0.19521863758563995,
      0.1742609739303589,
      0.34419289231300354,
      0.2021992802619934,
      0.2695261240005493,
      0.21278326213359833,
      0.18953397870063782
    ],
    "key_estimation": {
      "key": "C_major",
      "confidence": 0.36059915204434767
    },
    "tonal_complexity": 0.10481232404708862
  },
  "quality": {
    "snr_db": 38.038799758457166,
    "dynamic_range_db": 21.930763838619143,
    "rms_energy": 0.1121402233839035,
    "zero_crossing_rate": 0.11170908332521434
  },
  "lyrics": {
    "word_count": 127,
    "unique_word_count": 74,
    "sentence_count": 1,
    "avg_words_per_sentence": 127.0,
    "readability": null,
    "sentiment_analysis": null,