{
  "chroma_mean": [
    0.5665823817253113,
    0.3610764741897583,
    0.5093181729316711,
    0.37282422184944153,
    0.5366860628128052,
    0.40851184725761414,
    0.4502376616001129,
    0.6259609460830688,
    0.432506263256073,
    0.5940424203872681,
    0.3329751193523407,
    0.4013484716415405
  ],
  "chroma_std": [
    0.32412758469581604,
    0.1839815378189087,
    0.278629332780838,
    0.19263039529323578,
    0.24642546474933624,
    0.21088416874408722,
    0.21237845718860626,
    0.2928599715232849,
    0.20483869314193726,
    0.3068055808544159,
    0.19445544481277466,
    0.20340906083583832
  ],
  "key_estimation": {
    "key": "C_major",
    "confidence": 0.775615653952753
  },
  "tonal_complexity": 0.09363646060228348
}