{
  "mfcc_mean": [
    -169.0435028076172,
    152.5026092529297,
    -26.230270385742188,
    27.978395462036133,
    -3.884634017944336,
    3.4281864166259766,
    -14.46751880645752,
    0.8389676213264465,
    -7.336922645568848,
    -6.204584121704102,
    -14.862475395202637,
    -4.145141124725342,
    -5.624696731567383
  ],
  "mfcc_std": [
    60.368812561035156,
    25.564462661743164,
    25.17620277404785,
    12.539814949035645,
    10.526646614074707,
    10.092551231384277,
    11.037047386169434,
    9.164875984191895,
    11.522028923034668,
    9.08517837524414,
    10.424793243408203,
    9.247612953186035,
    9.349222183227539
  ],
  "spectral_centroid_mean": 1289.8550614646063,
  "spectral_centroid_std": 345.0129406629948,
  "spectral_bandwidth_mean": 1444.8731492930967,
  "spectral_bandwidth_std": 245.98455522638233,
  "spectral_rolloff_mean": 2241.0862139000196,
  "spectral_rolloff_std": 652.9435970434175,
  "spectral_flux_mean": 5204.634765625,
  "spectral_flux_std": 7132.91259765625,
  "spectral_flatness_mean": 0.002244183560833335,
  "spectral_flatness_std": 0.030735662207007408,
  "spectral_slope_mean": -0.0006392315768559109,
  "spectral_spread_mean": 1444.8731501562754,
  "spectral_skewness_mean": 2.6134942711630087,
  "spectral_kurtosis_mean": 12.158979452441324
}