{
  "mfcc_mean": [
    -102.19739532470703,
    79.45268249511719,
    12.711350440979004,
    26.50785255432129,
    17.507673263549805,
    10.413107872009277,
    6.5494256019592285,
    4.534344673156738,
    -3.6168212890625,
    3.623499631881714,
    -0.479080468416214,
    0.743720293045044,
    -2.794857978820801
  ],
  "mfcc_std": [
    67.37841033935547,
    31.703346252441406,
    17.673561096191406,
    11.234344482421875,
    11.187592506408691,
    9.414600372314453,
    8.099056243896484,
    7.94445276260376,
    7.241291522979736,
    7.579441070556641,
    7.070545196533203,
    6.793843746185303,
    6.262541770935059
  ],
  "spectral_centroid_mean": 2669.252651684157,
  "spectral_centroid_std": 965.6875479120597,
  "spectral_bandwidth_mean": 2821.9760010531018,
  "spectral_bandwidth_std": 441.04010215922074,
  "spectral_rolloff_mean": 5969.0140236516245,
  "spectral_rolloff_std": 1876.321506061873,
  "spectral_flux_mean": 3037.210693359375,
  "spectral_flux_std": 3991.106689453125,
  "spectral_flatness_mean": 0.031646255403757095,
  "spectral_flatness_std": 0.04664892330765724,
  "spectral_slope_mean": -0.00029416613592867235,
  "spectral_spread_mean": 2821.976001820099,
  "spectral_skewness_mean": 1.238747860092759,
  "spectral_kurtosis_mean": 3.9902385788419816
}