{
  "mfcc_mean": [
    -112.55635833740234,
    58.610225677490234,
    20.059595108032227,
    47.541358947753906,
    6.374512672424316,
    16.815832138061523,
    4.169981956481934,
    9.42499828338623,
    2.4056060314178467,
    7.1219892501831055,
    1.8191035985946655,
    7.06563138961792,
    2.3597586154937744
  ],
  "mfcc_std": [
    81.7072982788086,
    24.92993927001953,
    25.53563117980957,
    22.79391098022461,
    16.507291793823242,
    11.72878646850586,
    13.38074016571045,
    9.80296802520752,
    9.737640380859375,
    8.846656799316406,
    9.710397720336914,
    8.63353157043457,
    7.790970802307129
  ],
  "spectral_centroid_mean": 2552.4778398242356,
  "spectral_centroid_std": 705.7700132984639,
  "spectral_bandwidth_mean": 2737.225780081996,
  "spectral_bandwidth_std": 272.6024283134823,
  "spectral_rolloff_mean": 5765.653170072115,
  "spectral_rolloff_std": 1084.1684030397746,
  "spectral_flux_mean": 6988.7255859375,
  "spectral_flux_std": 5789.87890625,
  "spectral_flatness_mean": 0.021558726206421852,
  "spectral_flatness_std": 0.053557801991701126,
  "spectral_slope_mean": -0.0002935893240773562,
  "spectral_spread_mean": 2737.225779808869,
  "spectral_skewness_mean": 1.1047810307299837,
  "spectral_kurtosis_mean": 3.4013251853814808
}