{
  "snr_db": 32.98625374766026,
  "dynamic_range_db": 17.807261345421605,
  "rms_energy": 0.16570888459682465,
  "zero_crossing_rate": 0.16489048820525293
}