{
  "meta": {
    "path": "../../data/raw/MIREX-like_mood/dataset/Audio/226.mp3",
    "file_hash": "78dea8f84476e1c36fdd9c7a16f6068a8d254399",
    "duration_sec": 29.675102040816327,
    "sample_rate": 22050,
    "analysis_timestamp": "2025-10-24T20:15:53.810043",
    "config": {
      "sr": 22050,
      "n_fft": 2048,
      "hop_length": 512,
      "n_mels": 128,
      "n_mfcc": 13,
      "n_chroma": 12,
      "frame_length": 2048,
      "workers": 4,
      "use_crepe": false,
      "save_matrices": false,
      "save_plots": true,
      "force": true,
      "quick": false,
      "verbose": false
    },
    "processing_time_sec": 2.734126567840576
  },
  "acoustic": {
    "mfcc_mean": [
      -171.38946533203125,
      167.2989959716797,
      -61.290340423583984,
      47.076847076416016,
      2.9158923625946045,
      -18.864215850830078,
      -4.217621326446533,
      -4.837703704833984,
      -13.418509483337402,
      -7.672388076782227,
      -3.0812456607818604,
      -1.703902244567871,
      -4.874734878540039
    ],
    "mfcc_std": [
      79.17015838623047,
      36.693538665771484,
      34.609745025634766,
      18.97842025756836,
      15.580785751342773,
      15.023542404174805,
      12.717216491699219,
      11.246283531188965,
      10.22298812866211,
      9.542898178100586,
      9.764328002929688,
      6.565406799316406,
      7.9954938888549805
    ],
    "spectral_centroid_mean": 1382.14623582355,
    "spectral_centroid_std": 464.0300286996481,
    "spectral_bandwidth_mean": 1156.941178864347,
    "spectral_bandwidth_std": 198.92338317447837,
    "spectral_rolloff_mean": 2502.7003212959344,
    "spectral_rolloff_std": 719.4555359517695,
    "spectral_flux_mean": 5762.6748046875,
    "spectral_flux_std": 6064.80224609375,
    "spectral_flatness_mean": 0.0018496997654438019,
    "spectral_flatness_std": 0.0375702828168869,
    "spectral_slope_mean": -0.0009950576777529828,
    "spectral_spread_mean": 1156.941178826854,
    "spectral_skewness_mean": 1.631132126564325,
    "spectral_kurtosis_mean": 8.363064537848402
  },
  "rhythm": {
    "tempo_bpm": 129.19921875,
    "tempo_confidence": 0.9786048815988088,
    "beat_positions": [
      0.3947392290249433,
      0.8126984126984127,
      1.2770975056689342,
      1.7647165532879818,
      2.2291156462585033,
      2.693514739229025,
      3.1579138321995464,
      3.622312925170068,
      4.08671201814059,
      4.574331065759637,
      5.038730158730159,
      5.526349206349207,
      5.990748299319728,
      6.478367346938776,
      6.942766439909297,
      7.4071655328798185,
      7.87156462585034,
      8.335963718820862,
      8.823582766439909,
      9.287981859410431,
      9.752380952380953,
      10.216780045351474,
      10.704399092970522,
      11.19201814058957,
      11.656417233560092,
      12.120816326530612,
      12.585215419501134,
      13.072834467120181,
      13.537233560090703,
      14.02485260770975,
      14.512471655328799,
      14.97687074829932,
      15.441269841269841,
      15.905668934240364,
      16.370068027210884,
      16.834467120181404,
      17.2756462585034,
      17.76326530612245,
      18.204444444444444,
      18.668843537414965,
      19.156462585034014,
      19.644081632653062,
      20.154920634920636,
      20.64253968253968,
      21.13015873015873,
      21.59455782312925,
      22.058956916099774,
      22.523356009070294,
      22.96453514739229,
      23.38249433106576,
      23.800453514739228,
      24.241632653061224,
      24.68281179138322,
      25.10077097505669,
      25.56517006802721,
      26.076009070294784,
      26.51718820861678,
      27.028027210884353,
      27.538866213151927,
      28.026485260770976
    ],
    "onset_times": [
      0.2089795918367347,
      0.3250793650793651,
      0.5340589569160997,
      0.6501587301587302,
      0.7894784580498866,
      1.0216780045351475,
      1.1377777777777778,
      1.253877551020408,
      2.020136054421769,
      2.2291156462585033,
      2.4380952380952383,
      2.693514739229025,
      2.9257142857142857,
      4.783310657596372,
      5.015510204081632,
      5.735328798185941,
      5.990748299319728,
      6.2693877551020405,
      7.058866213151927,
      7.174965986394557,
      8.312743764172335,
      8.800362811791382,
      9.264761904761905,
      9.520181405895691,
      9.752380952380953,
      9.914920634920636,
      9.984580498866213,
      10.216780045351474,
      10.89015873015873,
      11.517097505668934,
      11.749297052154194,
      12.120816326530612,
      12.353015873015874,
      12.561995464852608,
      13.072834467120181,
      13.305034013605443,
      13.537233560090703,
      13.676553287981859,
      13.908752834467121,
      14.489251700680272,
      14.79111111111111,
      15.162630385487528,
      16.137868480725622,
      17.04344671201814,
      17.2756462585034,
      17.507845804988662,
      17.740045351473924,
      17.972244897959182,
      18.204444444444444,
      18.45986394557823,
      18.668843537414965,
      18.901043083900227,
      19.156462585034014,
      19.388662131519276,
      19.644081632653062,
      19.806621315192743,
      19.87628117913832,
      20.06204081632653,
      20.154920634920636,
      20.433560090702947,
      21.106938775510205,
      21.339138321995463,
      21.571337868480725,
      21.803537414965987,
      22.058956916099774,
      22.360816326530614,
      22.732335600907028,
      22.96453514739229,
      23.219954648526077,
      23.359274376417233,
      23.661133786848072,
      23.870113378684806,
      24.171972789115646,
      24.68281179138322,
      24.891791383219953,
      25.10077097505669,
      25.309750566893424,
      25.541950113378686,
      25.75092970521542,
      26.05278911564626,
      26.493968253968255,
      26.63328798185941,
      26.79582766439909,
      27.144126984126984,
      27.28344671201814,
      27.515646258503402,
      27.74784580498866,
      28.003265306122447,
      28.281904761904762,
      28.46766439909297,
      28.69986394557823,
      28.93206349206349,
      29.048163265306123,
      29.1178231292517,
      29.396462585034012,
      29.628662131519274
    ],
    "rhythm_regularity": 0.9533178339081306,
    "syncopation_index": 0.5833333333333334,
    "beat_count": 60,
    "onset_count": 96
  },
  "harmony": {
    "chroma_mean": [
      0.5423021912574768,
      0.6028995513916016,
      0.5600062012672424,
      0.47297871112823486,
      0.39618510007858276,
      0.5823073387145996,
      0.5529255270957947,
      0.4603757858276367,
      0.4445326328277588,
      0.41171830892562866,
      0.5155906677246094,
      0.39184725284576416
    ],
    "chroma_std": [
      0.27006450295448303,
      0.2747277617454529,
      0.26100075244903564,
      0.23111771047115326,
      0.1908368319272995,
      0.2860766351222992,
      0.28019168972969055,
      0.25976428389549255,
      0.25111979246139526,
      0.22583122551441193,
      0.27090755105018616,
      0.19627977907657623
    ],
    "key_estimation": {
      "key": "C_minor",
      "confidence": 0.0740883056873385
    },
    "tonal_complexity": 0.07134168595075607
  },
  "quality": {
    "snr_db": 41.570130679670925,
    "dynamic_range_db": 18.315980853595065,
    "rms_energy": 0.17488569021224976,
    "zero_crossing_rate": 0.09622576536845191
  },
  "lyrics": {}
}