{
  "meta": {
    "path": "../../data/raw/MIREX-like_mood/dataset/Audio/371.mp3",
    "file_hash": "fc2c951bc36066e626949bfce80c60217674d0ce",
    "duration_sec": 29.628662131519274,
    "sample_rate": 22050,
    "analysis_timestamp": "2025-10-24T20:05:10.883806",
    "config": {
      "sr": 22050,
      "n_fft": 2048,
      "hop_length": 512,
      "n_mels": 128,
      "n_mfcc": 13,
      "n_chroma": 12,
      "frame_length": 2048,
      "workers": 4,
      "use_crepe": false,
      "save_matrices": false,
      "save_plots": true,
      "force": true,
      "quick": false,
      "verbose": false
    },
    "processing_time_sec": 3.968230724334717
  },
  "acoustic": {
    "mfcc_mean": [
      -217.58544921875,
      110.16641998291016,
      -1.9412919282913208,
      21.87575912475586,
      6.063945770263672,
      6.41565465927124,
      -15.361693382263184,
      -0.6756749749183655,
      -11.585551261901855,
      -2.158348798751831,
      -6.675750732421875,
      5.742535591125488,
      -1.1012808084487915
    ],
    "mfcc_std": [
      105.79547882080078,
      33.05366897583008,
      18.879451751708984,
      15.100955963134766,
      14.38161563873291,
      11.811798095703125,
      11.718609809875488,
      11.515717506408691,
      8.761725425720215,
      10.84896469116211,
      10.394547462463379,
      9.732645988464355,
      7.272891998291016
    ],
    "spectral_centroid_mean": 1930.512899614617,
    "spectral_centroid_std": 786.4968319714576,
    "spectral_bandwidth_mean": 2188.68607130078,
    "spectral_bandwidth_std": 473.4749288099204,
    "spectral_rolloff_mean": 4022.021254955462,
    "spectral_rolloff_std": 1755.2857423935798,
    "spectral_flux_mean": 843.0966796875,
    "spectral_flux_std": 1700.28955078125,
    "spectral_flatness_mean": 0.010932337492704391,
    "spectral_flatness_std": 0.05740338936448097,
    "spectral_slope_mean": -0.00048041053305975954,
    "spectral_spread_mean": 2188.6860724190005,
    "spectral_skewness_mean": 1.825655312774548,
    "spectral_kurtosis_mean": 6.4416174514508535
  },
  "rhythm": {
    "tempo_bpm": 107.666015625,
    "tempo_confidence": 0.9581300547026144,
    "beat_positions": [
      1.6950566893424037,
      2.3219954648526078,
      2.9257142857142857,
      3.5294331065759637,
      4.133151927437642,
      4.713650793650793,
      5.270929705215419,
      5.828208616780046,
      6.524807256235827,
      7.128526077097506,
      7.7090249433106575,
      8.266303854875284,
      8.93968253968254,
      9.520181405895691,
      10.100680272108843,
      10.681179138321996,
      11.3081179138322,
      11.935056689342403,
      12.515555555555556,
      13.096054421768708,
      13.722993197278912,
      14.280272108843537,
      14.814331065759637,
      15.32517006802721,
      15.882448979591837,
      16.439727891156462,
      16.950566893424035,
      17.46140589569161,
      17.99546485260771,
      18.52952380952381,
      19.13324263038549,
      19.667301587301587,
      20.224580498866214,
      20.897959183673468,
      21.524897959183672,
      22.128616780045352,
      22.68589569160998,
      23.336054421768708,
      23.91655328798186,
      24.450612244897957,
      25.031111111111112,
      25.611609977324264,
      26.16888888888889,
      26.70294784580499,
      27.237006802721087,
      27.794285714285714,
      28.305124716553287,
      28.862403628117914
    ],
    "onset_times": [
      0.46439909297052157,
      0.7894784580498866,
      0.9287981859410431,
      1.1145578231292517,
      1.6718367346938776,
      2.043356009070295,
      2.3219954648526078,
      2.9257142857142857,
      3.6687528344671203,
      3.8312925170068026,
      3.877732426303855,
      3.9938321995464854,
      4.1099319727891155,
      4.551111111111111,
      4.713650793650793,
      5.2477097505668935,
      5.61922902494331,
      5.804988662131519,
      5.921088435374149,
      6.524807256235827,
      7.1053061224489795,
      7.4071655328798185,
      7.685804988662132,
      8.266303854875284,
      8.312743764172335,
      8.614603174603175,
      8.93968253968254,
      9.032562358276644,
      9.241541950113378,
      9.496961451247165,
      9.729160997732427,
      10.12390022675737,
      10.356099773242631,
      10.634739229024943,
      10.681179138321996,
      11.029478458049887,
      11.261678004535147,
      11.586757369614512,
      11.795736961451247,
      11.911836734693878,
      12.30657596371882,
      12.49233560090703,
      12.747755102040816,
      13.072834467120181,
      13.119274376417234,
      13.397913832199546,
      13.699773242630386,
      14.349931972789115,
      14.814331065759637,
      15.301950113378684,
      15.487709750566893,
      16.04498866213152,
      16.416507936507937,
      16.718367346938777,
      17.29886621315193,
      18.134784580498867,
      18.18122448979592,
      18.3437641723356,
      18.52952380952381,
      18.94748299319728,
      19.11002267573696,
      19.504761904761907,
      19.667301587301587,
      20.01560090702948,
      20.224580498866214,
      20.317460317460316,
      20.921179138321996,
      21.524897959183672,
      21.826757369614512,
      22.105396825396827,
      22.66267573696145,
      23.034195011337868,
      23.336054421768708,
      23.637913832199548,
      23.893333333333334,
      24.125532879818593,
      24.52027210884354,
      24.79891156462585,
      25.031111111111112,
      25.402630385487527,
      25.588390022675735,
      25.727709750566895,
      25.98312925170068,
      26.122448979591837,
      26.16888888888889,
      26.284988662131518,
      26.679727891156464,
      27.16734693877551,
      27.237006802721087,
      27.46920634920635,
      27.794285714285714,
      28.096145124716553,
      28.69986394557823,
      28.83918367346939,
      29.257142857142856
    ],
    "rhythm_regularity": 0.9243988226068515,
    "syncopation_index": 0.47368421052631576,
    "beat_count": 48,
    "onset_count": 95
  },
  "harmony": {
    "chroma_mean": [
      0.16540546715259552,
      0.7348310947418213,
      0.6053733825683594,
      0.2587854862213135,
      0.3287980258464813,
      0.20186170935630798,
      0.462677925825119,
      0.3843081295490265,
      0.26364538073539734,
      0.5068988800048828,
      0.15289348363876343,
      0.22790226340293884
    ],
    "chroma_std": [
      0.1013341173529625,
      0.2515181303024292,
      0.294006884098053,
      0.15433239936828613,
      0.2608669698238373,
      0.12851397693157196,
      0.2923654317855835,
      0.21547582745552063,
      0.17224787175655365,
      0.3137561082839966,
      0.08606980741024017,
      0.11884177476167679
    ],
    "key_estimation": {
      "key": "C_major",
      "confidence": -0.23630136905771817
    },
    "tonal_complexity": 0.17726629972457886
  },
  "quality": {
    "snr_db": 45.41962802905257,
    "dynamic_range_db": 24.62175891217219,
    "rms_energy": 0.09351487457752228,
    "zero_crossing_rate": 0.08440268329091621
  },
  "lyrics": {
    "word_count": 301,
    "unique_word_count": 86,
    "sentence_count": 1,
    "avg_words_per_sentence": 301.0,
    "readability": null,
    "sentiment_analysis": null,
    "topic_keywords": [
      "you",
      "And",
      "love",
      "time",
      "space",
      "don't",
      "all",
      "will",
      "die",
      "float"
    ],
    "repetition_analysis": {
      "repetition_ratio": 0.7142857142857143,
      "most_common_words": [
        [
          "you",
          14
        ],
        [
          "And",
          14
        ],
        [
          "love",
          11
        ],
        [
          "time",
          9
        ],
        [
          "space",
          7
        ]
      ]
    }
  }
}