{
  "chroma_mean": [
    0.2777366042137146,
    0.2747085392475128,
    0.37218666076660156,
    0.5745582580566406,
    0.3369565010070801,
    0.38854557275772095,
    0.3244563639163971,
    0.29289668798446655,
    0.24724628031253815,
    0.3080769181251526,
    0.44241955876350403,
    0.2690606415271759
  ],
  "chroma_std": [
    0.332095742225647,
    0.3232731819152832,
    0.3409343659877777,
    0.4078528881072998,
    0.31685540080070496,
    0.3886093497276306,
    0.35156816244125366,
    0.32933250069618225,
    0.3101271092891693,
    0.3290671408176422,
    0.375401109457016,
    0.3154938220977783
  ],
  "key_estimation": {
    "key": "C_minor",
    "confidence": 0.21308315455747348
  },
  "tonal_complexity": 0.08855067193508148
}