{
  "mfcc_mean": [
    -149.99766540527344,
    117.88851928710938,
    7.125192642211914,
    41.50156784057617,
    9.257498741149902,
    14.638434410095215,
    3.5177948474884033,
    9.163866996765137,
    2.638563632965088,
    4.737163543701172,
    -3.9229092597961426,
    1.3040281534194946,
    -3.8059611320495605
  ],
  "mfcc_std": [
    77.87456512451172,
    40.802162170410156,
    25.820642471313477,
    15.443938255310059,
    13.027634620666504,
    12.223012924194336,
    10.818548202514648,
    10.6954927444458,
    10.038187980651855,
    8.85593318939209,
    8.434076309204102,
    8.646196365356445,
    7.044612407684326
  ],
  "spectral_centroid_mean": 1544.4792012092935,
  "spectral_centroid_std": 797.2700753167093,
  "spectral_bandwidth_mean": 2010.651259070328,
  "spectral_bandwidth_std": 576.0877479530103,
  "spectral_rolloff_mean": 3388.313827337083,
  "spectral_rolloff_std": 1850.1181603949194,
  "spectral_flux_mean": 5225.6259765625,
  "spectral_flux_std": 6173.8447265625,
  "spectral_flatness_mean": 0.007985037751495838,
  "spectral_flatness_std": 0.04951614513993263,
  "spectral_slope_mean": -0.0005095529898444198,
  "spectral_spread_mean": 2010.6512607097752,
  "spectral_skewness_mean": 2.2290075603941615,
  "spectral_kurtosis_mean": 9.545246220188762
}