{
  "tempo_bpm": 78.30255681818181,
  "tempo_confidence": 0.9792290864096389,
  "beat_positions": [
    0.18575963718820862,
    1.0448979591836736,
    1.811156462585034,
    2.5774149659863945,
    3.320453514739229,
    4.08671201814059,
    4.85297052154195,
    5.596009070294785,
    6.362267573696145,
    7.128526077097506,
    7.87156462585034,
    8.6378231292517,
    9.404081632653062,
    10.147120181405896,
    10.913378684807256,
    11.679637188208616,
    12.445895691609977,
    13.188934240362812,
    13.931972789115646,
    14.698231292517006,
    15.464489795918368,
    16.253968253968253,
    16.99700680272109,
    17.740045351473924,
    18.506303854875284,
    19.272562358276645,
    20.038820861678005,
    20.82829931972789,
    21.571337868480725,
    22.337596371882086,
    23.08063492063492,
    23.84689342403628,
    24.61315192743764,
    25.379410430839002,
    26.122448979591837,
    26.865487528344673,
    27.654965986394558,
    28.398004535147393,
    29.141043083900225
  ],
  "onset_times": [
    0.13931972789115646,
    0.301859410430839,
    0.6501587301587302,
    1.0448979591836736,
    1.230657596371882,
    1.4164172335600906,
    1.787936507936508,
    1.9736961451247166,
    2.2058956916099772,
    2.391655328798186,
    2.5541950113378684,
    2.7399546485260773,
    2.9257142857142857,
    3.297233560090703,
    3.3436734693877552,
    3.4829931972789114,
    3.6919727891156464,
    4.08671201814059,
    4.249251700680272,
    4.435011337868481,
    4.829750566893424,
    4.96907029478458,
    5.201269841269841,
    5.572789115646258,
    5.758548752834467,
    5.944308390022676,
    6.130068027210885,
    6.339047619047619,
    6.501587301587302,
    6.733786848072563,
    7.1053061224489795,
    7.267845804988662,
    7.476825396825397,
    7.685804988662132,
    7.87156462585034,
    8.010884353741497,
    8.266303854875284,
    8.428843537414966,
    8.614603174603175,
    8.800362811791382,
    8.986122448979591,
    9.1718820861678,
    9.380861678004536,
    9.543401360544218,
    9.752380952380953,
    10.147120181405896,
    10.332879818594105,
    10.518639455782314,
    10.681179138321996,
    10.727619047619047,
    10.913378684807256,
    11.099138321995465,
    11.284897959183674,
    11.679637188208616,
    12.027936507936507,
    12.422675736961452,
    12.701315192743763,
    12.794195011337868,
    13.188934240362812,
    13.351473922902494,
    13.56045351473923,
    13.931972789115646,
    14.280272108843537,
    14.698231292517006,
    14.883990929705215,
    15.046530612244897,
    15.441269841269841,
    15.62702947845805,
    15.85922902494331,
    15.998548752834466,
    16.23074829931973,
    16.416507936507937,
    16.764807256235827,
    16.973786848072564,
    17.159546485260773,
    17.345306122448978,
    17.740045351473924,
    17.902585034013605,
    18.11156462585034,
    18.506303854875284,
    18.877823129251702,
    19.272562358276645,
    19.458321995464853,
    19.667301587301587,
    20.038820861678005,
    20.410340136054423,
    20.805079365079365,
    20.990839002267574,
    21.13015873015873,
    21.571337868480725,
    21.757097505668934,
    21.942857142857143,
    22.337596371882086,
    22.47691609977324,
    22.709115646258503,
    23.08063492063492,
    23.26639455782313,
    23.475374149659864,
    23.84689342403628,
    24.009433106575965,
    24.2184126984127,
    24.404172335600908,
    24.589931972789117,
    24.961451247165535,
    25.356190476190477,
    25.541950113378686,
    25.959909297052153,
    26.122448979591837,
    26.308208616780046,
    26.493968253968255,
    26.656507936507936,
    26.865487528344673,
    27.237006802721087,
    27.422766439909296,
    27.631746031746033,
    28.026485260770976,
    28.398004535147393,
    28.606984126984127,
    28.792743764172336,
    29.1178231292517,
    29.512562358276643
  ],
  "rhythm_regularity": 0.9721627025537938,
  "syncopation_index": 0.6694214876033058,
  "beat_count": 39,
  "onset_count": 121
}