{
  "tempo_bpm": 89.10290948275862,
  "tempo_confidence": 0.9518708640543817,
  "beat_positions": [
    0.16253968253968254,
    0.7662585034013606,
    1.4164172335600906,
    1.9969160997732427,
    2.5774149659863945,
    3.250793650793651,
    3.8080725623582765,
    4.388571428571429,
    5.061950113378685,
    5.61922902494331,
    6.222947845804988,
    6.896326530612245,
    7.453605442176871,
    8.034104308390022,
    8.70748299319728,
    9.264761904761905,
    9.845260770975056,
    10.518639455782314,
    11.075918367346938,
    11.656417233560092,
    12.329795918367347,
    13.003174603174603,
    13.676553287981859,
    14.349931972789115,
    15.023310657596372,
    15.696689342403628,
    16.370068027210884,
    17.066666666666666,
    17.740045351473924,
    18.297324263038547,
    18.901043083900227,
    19.551201814058956,
    20.108480725623583,
    20.688979591836734,
    21.36235827664399,
    22.035736961451246,
    22.732335600907028,
    23.405714285714286,
    24.079092970521543,
    24.752471655328797,
    25.44907029478458,
    26.122448979591837,
    26.81904761904762,
    27.492426303854874,
    28.16580498866213
  ],
  "onset_times": [
    0.13931972789115646,
    0.2786394557823129,
    0.4876190476190476,
    0.7430385487528345,
    1.207437641723356,
    1.3235374149659864,
    1.4164172335600906,
    1.6718367346938776,
    1.787936507936508,
    1.8808163265306121,
    1.9969160997732427,
    2.1130158730158732,
    2.5774149659863945,
    3.0418140589569163,
    3.1579138321995464,
    3.250793650793651,
    3.4829931972789114,
    3.6919727891156464,
    3.8080725623582765,
    3.924172335600907,
    4.365351473922902,
    4.85297052154195,
    4.9458503401360545,
    5.061950113378685,
    5.294149659863946,
    5.526349206349207,
    5.61922902494331,
    5.735328798185941,
    6.199727891156463,
    6.664126984126984,
    6.780226757369615,
    6.873106575963718,
    7.1053061224489795,
    7.22140589569161,
    7.337505668934241,
    7.453605442176871,
    7.546485260770975,
    7.778684807256236,
    8.010884353741497,
    8.568163265306122,
    8.684263038548753,
    8.893242630385487,
    9.148662131519274,
    9.380861678004536,
    9.496961451247165,
    9.822040816326531,
    10.286439909297052,
    10.402539682539683,
    10.495419501133787,
    10.704399092970522,
    10.95981859410431,
    11.633197278911565,
    11.888616780045352,
    12.097596371882085,
    12.30657596371882,
    12.72453514739229,
    12.863854875283447,
    12.979954648526077,
    13.165714285714285,
    13.328253968253968,
    13.444353741496599,
    14.02485260770975,
    14.094512471655328,
    14.32671201814059,
    14.55891156462585,
    14.675011337868481,
    14.79111111111111,
    15.000090702947846,
    15.232290249433106,
    15.487709750566893,
    15.696689342403628,
    15.81278911564626,
    15.905668934240364,
    16.16108843537415,
    16.370068027210884,
    16.602267573696146,
    17.066666666666666,
    17.623945578231293,
    17.716825396825396,
    17.972244897959182,
    18.18122448979592,
    18.877823129251702,
    19.435102040816325,
    19.52798185941043,
    19.783401360544218,
    19.99238095238095,
    20.224580498866214,
    20.456780045351476,
    20.66575963718821,
    21.24625850340136,
    21.339138321995463,
    21.571337868480725,
    21.803537414965987,
    21.91963718820862,
    22.01251700680272,
    22.221496598639455,
    22.47691609977324,
    22.755555555555556,
    23.057414965986396,
    23.173514739229024,
    23.405714285714286,
    23.521814058956917,
    23.637913832199548,
    23.84689342403628,
    24.3112925170068,
    24.775691609977326,
    25.007891156462584,
    25.240090702947846,
    25.68126984126984,
    26.122448979591837,
    26.586848072562358,
    26.81904761904762,
    27.028027210884353,
    27.144126984126984,
    27.260226757369615,
    27.93360544217687,
    28.490884353741496,
    28.606984126984127,
    28.83918367346939,
    29.048163265306123,
    29.257142857142856
  ],
  "rhythm_regularity": 0.9205536347130777,
  "syncopation_index": 0.6694214876033058,
  "beat_count": 45,
  "onset_count": 121
}