{
  "tempo_bpm": 123.046875,
  "tempo_confidence": 0.986737412926478,
  "beat_positions": [
    0.46439909297052157,
    0.9520181405895691,
    1.4164172335600906,
    1.9040362811791383,
    2.391655328798186,
    2.8328344671201813,
    3.297233560090703,
    3.7848526077097504,
    4.272471655328798,
    4.73687074829932,
    5.201269841269841,
    5.688888888888889,
    6.15328798185941,
    6.617687074829932,
    7.1053061224489795,
    7.592925170068027,
    8.057324263038549,
    8.52172335600907,
    9.032562358276644,
    9.496961451247165,
    9.961360544217687,
    10.448979591836734,
    10.936598639455783,
    11.400997732426303,
    11.865396825396825,
    12.353015873015874,
    12.84063492063492,
    13.305034013605443,
    13.79265306122449,
    14.257052154195012,
    14.721451247165533,
    15.209070294784581,
    15.673469387755102,
    16.137868480725622,
    16.62548752834467,
    17.11310657596372,
    17.57750566893424,
    18.06512471655329,
    18.552743764172334,
    19.017142857142858,
    19.504761904761907,
    19.969160997732427,
    20.456780045351476,
    20.921179138321996,
    21.385578231292516,
    21.849977324263037,
    22.31437641723356
  ],
  "onset_times": [
    0.2786394557823129,
    0.44117913832199546,
    0.7430385487528345,
    0.9287981859410431,
    1.230657596371882,
    1.4164172335600906,
    1.6950566893424037,
    1.9040362811791383,
    2.36843537414966,
    2.647074829931973,
    2.809614512471655,
    3.111473922902494,
    3.274013605442177,
    3.575873015873016,
    3.7616326530612243,
    4.063492063492063,
    4.249251700680272,
    4.527891156462585,
    4.713650793650793,
    5.015510204081632,
    5.178049886621316,
    5.479909297052155,
    5.6656689342403626,
    5.9675283446712015,
    6.15328798185941,
    6.408707482993197,
    6.617687074829932,
    7.1053061224489795,
    7.383945578231293,
    7.569705215419501,
    7.848344671201814,
    7.987664399092971,
    8.057324263038549,
    8.475283446712018,
    8.52172335600907,
    9.009342403628118,
    9.311201814058958,
    9.93814058956916,
    10.448979591836734,
    10.936598639455783,
    11.215238095238096,
    11.400997732426303,
    11.702857142857143,
    11.865396825396825,
    12.353015873015874,
    12.84063492063492,
    13.119274376417234,
    13.305034013605443,
    13.583673469387755,
    13.769433106575963,
    14.02485260770975,
    14.257052154195012,
    14.721451247165533,
    15.023310657596372,
    15.185850340136055,
    15.650249433106575,
    16.114648526077097,
    16.62548752834467,
    16.904126984126986,
    17.345306122448978,
    17.554285714285715,
    18.06512471655329,
    18.552743764172334,
    19.017142857142858,
    19.29578231292517,
    19.481541950113378,
    19.969160997732427,
    20.433560090702947,
    20.735419501133787,
    20.921179138321996,
    21.199818594104308,
    21.385578231292516,
    21.849977324263037,
    22.105396825396827,
    22.31437641723356,
    22.6162358276644,
    22.77877551020408,
    23.08063492063492,
    23.2431746031746,
    23.73079365079365,
    24.2184126984127,
    25.14721088435374,
    25.658049886621317,
    26.122448979591837,
    26.610068027210886,
    26.888707482993198,
    27.051247165532878,
    27.09768707482993,
    27.562086167800455,
    28.0497052154195,
    28.35156462585034,
    29.00172335600907,
    29.257142857142856,
    29.466122448979593
  ],
  "rhythm_regularity": 0.9717034496159521,
  "syncopation_index": 0.5,
  "beat_count": 47,
  "onset_count": 94
}