{
  "chroma_mean": [
    0.2786513864994049,
    0.36759471893310547,
    0.4742458462715149,
    0.2819295823574066,
    0.5241104364395142,
    0.32696062326431274,
    0.4573555886745453,
    0.32195720076560974,
    0.2708946168422699,
    0.5430341958999634,
    0.28459757566452026,
    0.4674875736236572
  ],
  "chroma_std": [
    0.16398881375789642,
    0.23933863639831543,
    0.3210732340812683,
    0.14295276999473572,
    0.28746873140335083,
    0.18413721024990082,
    0.290147602558136,
    0.2631218433380127,
    0.14889200031757355,
    0.3315061032772064,
    0.18290407955646515,
    0.31361812353134155
  ],
  "key_estimation": {
    "key": "C_major",
    "confidence": -0.019740195505488303
  },
  "tonal_complexity": 0.09873095899820328
}