{
  "mfcc_mean": [
    -304.8860778808594,
    98.66425323486328,
    19.404611587524414,
    6.828830718994141,
    15.64865779876709,
    -7.4227399826049805,
    8.048276901245117,
    7.966995716094971,
    -7.8782572746276855,
    4.770699501037598,
    -4.726546764373779,
    -0.929240345954895,
    4.511478424072266
  ],
  "mfcc_std": [
    171.353271484375,
    90.56446075439453,
    40.5064811706543,
    36.917510986328125,
    25.940317153930664,
    25.8763370513916,
    18.84687042236328,
    16.52021026611328,
    15.849106788635254,
    14.971442222595215,
    12.824155807495117,
    10.073264122009277,
    9.65638542175293
  ],
  "spectral_centroid_mean": 2243.1952973445764,
  "spectral_centroid_std": 1985.3322423281143,
  "spectral_bandwidth_mean": 2066.7315341450053,
  "spectral_bandwidth_std": 934.4091364299153,
  "spectral_rolloff_mean": 3986.7384060503196,
  "spectral_rolloff_std": 3307.0319312547404,
  "spectral_flux_mean": 2444.5,
  "spectral_flux_std": 2879.706787109375,
  "spectral_flatness_mean": 0.09709284454584122,
  "spectral_flatness_std": 0.24558156728744507,
  "spectral_slope_mean": -0.00028420966561551475,
  "spectral_spread_mean": 2192.8371901572186,
  "spectral_skewness_mean": 2.4159355773478812,
  "spectral_kurtosis_mean": 13.969753491084438
}