{
  "mfcc_mean": [
    -327.5356140136719,
    27.539011001586914,
    -27.858959197998047,
    -0.20993265509605408,
    -19.244304656982422,
    -5.701704502105713,
    8.833054542541504,
    -12.179412841796875,
    1.264526605606079,
    9.799519538879395,
    -15.176186561584473,
    9.145440101623535,
    6.355681419372559
  ],
  "mfcc_std": [
    96.28388977050781,
    35.16252517700195,
    30.005138397216797,
    24.895938873291016,
    19.32135772705078,
    17.8658390045166,
    13.566688537597656,
    14.434226989746094,
    12.425419807434082,
    12.765778541564941,
    12.339009284973145,
    15.22754192352295,
    18.334440231323242
  ],
  "spectral_centroid_mean": 2684.2743260359125,
  "spectral_centroid_std": 1264.3714241557009,
  "spectral_bandwidth_mean": 2292.9752057421383,
  "spectral_bandwidth_std": 507.34852897164734,
  "spectral_rolloff_mean": 4852.021485269944,
  "spectral_rolloff_std": 2149.765332524874,
  "spectral_flux_mean": 1571.204345703125,
  "spectral_flux_std": 3332.754150390625,
  "spectral_flatness_mean": 0.06996773183345795,
  "spectral_flatness_std": 0.15503212809562683,
  "spectral_slope_mean": -0.00023199001878491284,
  "spectral_spread_mean": 2292.975205638706,
  "spectral_skewness_mean": 1.5862827287109875,
  "spectral_kurtosis_mean": 6.230537034998985
}