,precision,recall,f1-score,support
Cluster 1,0.35,0.20588235294117646,0.25925925925925924,34.0
Cluster 2,0.3333333333333333,0.18181818181818182,0.23529411764705882,33.0
Cluster 3,0.44285714285714284,0.7209302325581395,0.5486725663716814,43.0
Cluster 4,0.28125,0.23684210526315788,0.2571428571428571,38.0
Cluster 5,0.4878048780487805,0.6060606060606061,0.5405405405405406,33.0
accuracy,0.40331491712707185,0.40331491712707185,0.40331491712707185,0.40331491712707185
macro avg,0.37904907084785133,0.39030669572825233,0.3681818681922794,181.0
weighted avg,0.3797122547981596,0.40331491712707185,0.3744845716045109,181.0
