{
  "mfcc_mean": [
    -130.5139617919922,
    116.17977905273438,
    -20.902456283569336,
    31.533443450927734,
    -11.522459030151367,
    16.57408905029297,
    0.9867649674415588,
    2.7433691024780273,
    -0.09263302385807037,
    3.873901605606079,
    -1.5031129121780396,
    0.5816110372543335,
    -3.200759172439575
  ],
  "mfcc_std": [
    64.69365692138672,
    22.158456802368164,
    22.89149284362793,
    14.271371841430664,
    12.836315155029297,
    9.05127239227295,
    9.372547149658203,
    9.149679183959961,
    7.373641014099121,
    8.736886978149414,
    7.302134037017822,
    7.010207653045654,
    7.0036115646362305
  ],
  "spectral_centroid_mean": 1863.0401771796335,
  "spectral_centroid_std": 448.4515823404781,
  "spectral_bandwidth_mean": 2042.5224557220217,
  "spectral_bandwidth_std": 321.9662225845977,
  "spectral_rolloff_mean": 3952.360221455025,
  "spectral_rolloff_std": 879.7428848823374,
  "spectral_flux_mean": 2116.41552734375,
  "spectral_flux_std": 2633.7646484375,
  "spectral_flatness_mean": 0.00885677244514227,
  "spectral_flatness_std": 0.03453076258301735,
  "spectral_slope_mean": -0.000557034780536831,
  "spectral_spread_mean": 2042.5224520199176,
  "spectral_skewness_mean": 1.5869369695824982,
  "spectral_kurtosis_mean": 5.471577118760852
}