{
  "tempo_bpm": 129.19921875,
  "tempo_confidence": 0.9858488522460005,
  "beat_positions": [
    0.8591383219954648,
    1.3235374149659864,
    1.787936507936508,
    2.2987755102040817,
    2.786394557823129,
    3.274013605442177,
    3.7384126984126986,
    4.179591836734694,
    4.667210884353741,
    5.178049886621316,
    5.6656689342403626,
    6.130068027210885,
    6.5712471655328795,
    7.035646258503402,
    7.500045351473923,
    7.987664399092971,
    8.452063492063493,
    8.916462585034013,
    9.404081632653062,
    9.868480725623582,
    10.332879818594105,
    10.797278911564625,
    11.261678004535147,
    11.72607709750567,
    12.19047619047619,
    12.654875283446712,
    13.142494331065759,
    13.583673469387755,
    14.071292517006803,
    14.535691609977324,
    15.023310657596372,
    15.487709750566893,
    15.952108843537415,
    16.416507936507937,
    16.880907029478458,
    17.345306122448978,
    17.832925170068027,
    18.320544217687075,
    18.784943310657596,
    19.249342403628116,
    19.71374149659864,
    20.17814058956916,
    20.64253968253968,
    21.083718820861677,
    21.571337868480725,
    22.035736961451246,
    22.50013605442177,
    22.96453514739229,
    23.45215419501134,
    23.91655328798186,
    24.404172335600908,
    24.86857142857143,
    25.33297052154195,
    25.820589569160997,
    26.284988662131518,
    26.749387755102042,
    27.213786848072562,
    27.678185941043083,
    28.142585034013607,
    28.606984126984127,
    29.071383219954647,
    29.53578231292517
  ],
  "onset_times": [
    0.16253968253968254,
    0.2786394557823129,
    0.7430385487528345,
    0.8359183673469388,
    0.9520181405895691,
    1.1145578231292517,
    1.486077097505669,
    1.7414965986394557,
    1.787936507936508,
    2.36843537414966,
    2.5541950113378684,
    2.9024943310657596,
    3.274013605442177,
    3.6687528344671203,
    3.7384126984126986,
    4.040272108843538,
    4.179591836734694,
    4.6439909297052155,
    5.178049886621316,
    5.224489795918367,
    5.363809523809524,
    5.758548752834467,
    5.874648526077097,
    6.106848072562358,
    6.222947845804988,
    6.455147392290249,
    6.5712471655328795,
    7.012426303854875,
    7.360725623582766,
    7.500045351473923,
    7.732244897959184,
    7.964444444444444,
    8.150204081632653,
    8.428843537414966,
    8.684263038548753,
    8.846802721088435,
    8.916462585034013,
    9.032562358276644,
    9.264761904761905,
    9.380861678004536,
    9.636281179138322,
    9.822040816326531,
    9.868480725623582,
    10.309659863945578,
    10.541859410430838,
    10.727619047619047,
    10.797278911564625,
    11.23845804988662,
    11.493877551020407,
    11.702857142857143,
    11.865396825396825,
    12.097596371882085,
    12.19047619047619,
    12.30657596371882,
    12.422675736961452,
    12.654875283446712,
    13.003174603174603,
    13.119274376417234,
    13.351473922902494,
    13.56045351473923,
    13.746213151927437,
    13.955192743764172,
    14.071292517006803,
    14.303492063492063,
    14.512471655328799,
    14.883990929705215,
    15.000090702947846,
    15.232290249433106,
    15.371609977324264,
    15.464489795918368,
    15.603809523809524,
    15.81278911564626,
    15.952108843537415,
    16.068208616780044,
    16.184308390022675,
    16.39328798185941,
    16.532607709750568,
    16.671927437641724,
    16.788027210884355,
    16.880907029478458,
    17.11310657596372,
    17.322086167800453,
    17.484625850340137,
    17.69360544217687,
    17.832925170068027,
    18.06512471655329,
    18.11156462585034,
    18.297324263038547,
    18.668843537414965,
    18.76172335600907,
    19.017142857142858,
    19.22612244897959,
    19.365442176870747,
    19.504761904761907,
    19.574421768707484,
    19.690521541950112,
    19.9459410430839,
    20.06204081632653,
    20.17814058956916,
    20.317460317460316,
    20.503219954648525,
    20.619319727891156,
    20.851519274376418,
    21.060498866213152,
    21.43201814058957,
    21.5481179138322,
    21.78031746031746,
    21.989297052154196,
    22.035736961451246,
    22.267936507936508,
    22.38403628117914,
    22.50013605442177,
    22.732335600907028,
    22.941315192743765,
    23.103854875283446,
    23.312834467120183,
    23.42893424036281,
    23.684353741496597,
    23.893333333333334,
    24.03265306122449,
    24.241632653061224,
    24.38095238095238,
    24.636371882086166,
    24.822131519274375,
    24.86857142857143,
    25.193650793650793,
    25.33297052154195,
    25.56517006802721,
    25.797369614512473,
    26.09922902494331,
    26.284988662131518,
    26.493968253968255,
    26.726167800453513,
    26.842267573696144,
    26.9815873015873,
    27.09768707482993,
    27.190566893424037,
    27.445986394557824,
    27.654965986394558,
    27.794285714285714,
    28.003265306122447,
    28.11936507936508,
    28.258684807256238,
    28.398004535147393,
    28.583764172335602,
    28.723083900226758,
    28.93206349206349,
    29.071383219954647,
    29.210702947845807,
    29.257142857142856,
    29.350022675736962,
    29.53578231292517,
    29.675102040816327,
    29.90730158730159
  ],
  "rhythm_regularity": 0.9694660605101779,
  "syncopation_index": 0.525974025974026,
  "beat_count": 62,
  "onset_count": 154
}