{
  "chroma_mean": [
    0.2805076241493225,
    0.4572238624095917,
    0.24032531678676605,
    0.2649918496608734,
    0.32081350684165955,
    0.48474016785621643,
    0.9196945428848267,
    0.5107104778289795,
    0.3005427420139313,
    0.2768407166004181,
    0.4546894133090973,
    0.5153407454490662
  ],
  "chroma_std": [
    0.12959450483322144,
    0.23187893629074097,
    0.11794605851173401,
    0.11413451284170151,
    0.17559929192066193,
    0.18565265834331512,
    0.15109339356422424,
    0.19253644347190857,
    0.12806209921836853,
    0.12504078447818756,
    0.18609772622585297,
    0.33721813559532166
  ],
  "key_estimation": {
    "key": "C_major",
    "confidence": -0.23187974444138268
  },
  "tonal_complexity": 0.1812339574098587
}