{
  "meta": {
    "path": "../../data/raw/MIREX-like_mood/dataset/Audio/110.mp3",
    "file_hash": "fc6d6788b7adee3d1a9b5126e6d53561a88ea4eb",
    "duration_sec": 29.675102040816327,
    "sample_rate": 22050,
    "analysis_timestamp": "2025-10-24T20:11:16.595696",
    "config": {
      "sr": 22050,
      "n_fft": 2048,
      "hop_length": 512,
      "n_mels": 128,
      "n_mfcc": 13,
      "n_chroma": 12,
      "frame_length": 2048,
      "workers": 4,
      "use_crepe": false,
      "save_matrices": false,
      "save_plots": true,
      "force": true,
      "quick": false,
      "verbose": false
    },
    "processing_time_sec": 3.5389041900634766
  },
  "acoustic": {
    "mfcc_mean": [
      -69.91144561767578,
      95.26567077636719,
      -20.7924861907959,
      35.77601623535156,
      -5.716856956481934,
      1.8222776651382446,
      -10.949249267578125,
      1.3085260391235352,
      -6.294288158416748,
      -2.155055522918701,
      -7.554044723510742,
      1.2036336660385132,
      -5.193727016448975
    ],
    "mfcc_std": [
      63.253562927246094,
      27.68009376525879,
      22.68983268737793,
      13.667326927185059,
      8.99567699432373,
      7.04922342300415,
      6.720900535583496,
      5.631265163421631,
      6.738747596740723,
      6.492617130279541,
      6.586771011352539,
      5.478621959686279,
      5.4187541007995605
    ],
    "spectral_centroid_mean": 2322.087486472431,
    "spectral_centroid_std": 627.6165632841086,
    "spectral_bandwidth_mean": 2251.6883913948654,
    "spectral_bandwidth_std": 442.00371352534944,
    "spectral_rolloff_mean": 4732.102373375195,
    "spectral_rolloff_std": 1255.1265392941873,
    "spectral_flux_mean": 2615.1630859375,
    "spectral_flux_std": 2214.186279296875,
    "spectral_flatness_mean": 0.02165389433503151,
    "spectral_flatness_std": 0.03765607252717018,
    "spectral_slope_mean": -0.0004955946109584451,
    "spectral_spread_mean": 2251.6883918931826,
    "spectral_skewness_mean": 1.313261140145126,
    "spectral_kurtosis_mean": 4.460267730737652
  },
  "rhythm": {
    "tempo_bpm": 112.34714673913044,
    "tempo_confidence": 0.9889873335399447,
    "beat_positions": [
      0.5572789115646258,
      1.0913378684807256,
      1.6021768707482993,
      2.136235827664399,
      2.670294784580499,
      3.2043537414965986,
      3.7384126984126986,
      4.249251700680272,
      4.783310657596372,
      5.317369614512471,
      5.828208616780046,
      6.362267573696145,
      6.873106575963718,
      7.4071655328798185,
      7.9412244897959186,
      8.475283446712018,
      8.986122448979591,
      9.520181405895691,
      10.031020408163265,
      10.565079365079365,
      11.099138321995465,
      11.633197278911565,
      12.144036281179138,
      12.678095238095239,
      13.212154195011339,
      13.722993197278912,
      14.257052154195012,
      14.79111111111111,
      15.32517006802721,
      15.85922902494331,
      16.370068027210884,
      16.904126984126986,
      17.438185941043084,
      17.972244897959182,
      18.506303854875284,
      19.017142857142858,
      19.551201814058956,
      20.085260770975058,
      20.619319727891156,
      21.153378684807254,
      21.66421768707483,
      22.19827664399093,
      22.709115646258503,
      23.2431746031746,
      23.754013605442175,
      24.288072562358277,
      24.79891156462585,
      25.309750566893424,
      25.820589569160997,
      26.33142857142857,
      26.865487528344673,
      27.376326530612246,
      27.910385487528345,
      28.421224489795918
    ],
    "onset_times": [
      0.13931972789115646,
      0.301859410430839,
      0.5340589569160997,
      0.8126984126984127,
      1.0681179138321995,
      1.3467573696145125,
      1.5789569160997732,
      1.7414965986394557,
      1.8808163265306121,
      2.020136054421769,
      2.1130158730158732,
      2.391655328798186,
      2.647074829931973,
      2.9257142857142857,
      3.1811337868480725,
      3.4597732426303853,
      3.7151927437641725,
      3.877732426303855,
      3.9938321995464854,
      4.133151927437642,
      4.249251700680272,
      4.504671201814059,
      4.760090702947846,
      5.038730158730159,
      5.294149659863946,
      5.5495691609977325,
      5.804988662131519,
      5.944308390022676,
      6.060408163265306,
      6.339047619047619,
      6.617687074829932,
      6.873106575963718,
      7.128526077097506,
      7.4071655328798185,
      7.662585034013605,
      7.918004535147392,
      8.080544217687075,
      8.196643990929704,
      8.452063492063493,
      8.730702947845804,
      8.986122448979591,
      9.264761904761905,
      9.520181405895691,
      9.775600907029478,
      10.031020408163265,
      10.170340136054422,
      10.286439909297052,
      10.565079365079365,
      10.820498866213152,
      11.075918367346938,
      11.354557823129252,
      11.609977324263038,
      11.888616780045352,
      12.144036281179138,
      12.399455782312925,
      12.654875283446712,
      12.933514739229025,
      13.188934240362812,
      13.467573696145125,
      13.722993197278912,
      14.001632653061224,
      14.257052154195012,
      14.512471655328799,
      14.79111111111111,
      15.046530612244897,
      15.301950113378684,
      15.580589569160997,
      15.85922902494331,
      16.114648526077097,
      16.370068027210884,
      16.62548752834467,
      16.788027210884355,
      16.904126984126986,
      17.159546485260773,
      17.41496598639456,
      17.69360544217687,
      17.972244897959182,
      18.22766439909297,
      18.483083900226756,
      18.622403628117915,
      18.738503401360543,
      19.017142857142858,
      19.272562358276645,
      19.551201814058956,
      19.806621315192743,
      20.085260770975058,
      20.340680272108845,
      20.59609977324263,
      20.758639455782312,
      20.874739229024943,
      21.13015873015873,
      21.385578231292516,
      21.640997732426303,
      21.91963718820862,
      22.175056689342405,
      22.430476190476192,
      22.68589569160998,
      22.84843537414966,
      22.96453514739229,
      23.127074829931974,
      23.219954648526077,
      23.38249433106576,
      23.73079365079365,
      23.91655328798186,
      24.009433106575965,
      24.264852607709752,
      24.52027210884354,
      24.775691609977326,
      24.938231292517006,
      25.170430839002268,
      25.2865306122449,
      25.541950113378686,
      25.797369614512473,
      26.076009070294784,
      26.33142857142857,
      26.586848072562358,
      26.842267573696144,
      27.00480725623583,
      27.12090702947846,
      27.260226757369615,
      27.376326530612246,
      27.608526077097505,
      27.654965986394558,
      27.840725623582767,
      27.910385487528345,
      28.142585034013607,
      28.421224489795918,
      28.65342403628118,
      28.955283446712016,
      29.094603174603176,
      29.350022675736962,
      29.466122448979593
    ],
    "rhythm_regularity": 0.9788195582881021,
    "syncopation_index": 0.5833333333333334,
    "beat_count": 54,
    "onset_count": 132
  },
  "harmony": {
    "chroma_mean": [
      0.3159167170524597,
      0.3166658580303192,
      0.8170291781425476,
      0.3698666989803314,
      0.6717858910560608,
      0.40166333317756653,
      0.4688211977481842,
      0.33982640504837036,
      0.2724663317203522,
      0.5216139554977417,
      0.29200637340545654,
      0.3502408564090729
    ],
    "chroma_std": [
      0.140322744846344,
      0.16142167150974274,
      0.22784194350242615,
      0.1699208915233612,
      0.2770823836326599,
      0.21422067284584045,
      0.23765778541564941,
      0.21027445793151855,
      0.12243857979774475,
      0.20062941312789917,
      0.1281745284795761,
      0.19613344967365265
    ],
    "key_estimation": {
      "key": "C_major",
      "confidence": 0.12073200931321146
    },
    "tonal_complexity": 0.15988068282604218
  },