{
  "chroma_mean": [
    0.43975743651390076,
    0.39845672249794006,
    0.4984963536262512,
    0.370704710483551,
    0.5827497839927673,
    0.31449681520462036,
    0.39993801712989807,
    0.4349410831928253,
    0.2962762415409088,
    0.35728076100349426,
    0.3315161466598511,
    0.5356282591819763
  ],
  "chroma_std": [
    0.3056016266345978,
    0.2655385434627533,
    0.31033602356910706,
    0.207792267203331,
    0.32297274470329285,
    0.19086496531963348,
    0.24195951223373413,
    0.28659024834632874,
    0.18607385456562042,
    0.25579774379730225,
    0.21863675117492676,
    0.2984165549278259
  ],
  "key_estimation": {
    "key": "C_major",
    "confidence": 0.3296613878599901
  },
  "tonal_complexity": 0.08544041216373444
}