{
  "tempo_bpm": 129.19921875,
  "tempo_confidence": 0.9829153854913004,
  "beat_positions": [
    0.2089795918367347,
    0.6733786848072563,
    1.18421768707483,
    1.7414965986394557,
    2.2291156462585033,
    2.693514739229025,
    3.1579138321995464,
    3.622312925170068,
    4.1099319727891155,
    4.574331065759637,
    5.061950113378685,
    5.526349206349207,
    5.990748299319728,
    6.455147392290249,
    6.942766439909297,
    7.4071655328798185,
    7.894784580498866,
    8.359183673469389,
    8.823582766439909,
    9.287981859410431,
    9.752380952380953,
    10.216780045351474,
    10.681179138321996,
    11.168798185941043,
    11.633197278911565,
    12.120816326530612,
    12.585215419501134,
    13.049614512471654,
    13.49079365079365,
    13.955192743764172,
    14.419591836734694,
    14.883990929705215,
    15.348390022675737,
    15.81278911564626,
    16.253968253968253,
    16.718367346938777,
    17.205986394557822,
    17.670385487528346,
    18.15800453514739,
    18.64562358276644,
    19.11002267573696,
    19.59764172335601,
    20.085260770975058,
    20.572879818594103,
    21.060498866213152,
    21.5481179138322,
    22.01251700680272,
    22.50013605442177,
    22.987755102040815,
    23.475374149659864,
    23.962993197278912,
    24.450612244897957,
    24.938231292517006,
    25.425850340136055,
    25.913469387755104,
    26.377868480725624,
    26.865487528344673,
    27.329886621315193,
    27.817505668934242
  ],
  "onset_times": [
    0.18575963718820862,
    0.3250793650793651,
    0.626938775510204,
    0.8126984126984127,
    1.0913378684807256,
    1.18421768707483,
    1.2770975056689342,
    1.5789569160997732,
    1.7414965986394557,
    2.1130158730158732,
    2.2058956916099772,
    2.670294784580499,
    3.1579138321995464,
    3.4597732426303853,
    3.622312925170068,
    3.947392290249433,
    4.08671201814059,
    4.365351473922902,
    4.574331065759637,
    5.038730158730159,
    5.317369614512471,
    5.479909297052155,
    5.990748299319728,
    6.339047619047619,
    6.455147392290249,
    6.919546485260771,
    7.244625850340136,
    7.4071655328798185,
    7.7090249433106575,
    7.87156462585034,
    8.150204081632653,
    8.335963718820862,
    8.661043083900227,
    8.730702947845804,
    8.823582766439909,
    9.125442176870749,
    9.264761904761905,
    9.752380952380953,
    10.193560090702947,
    10.541859410430838,
    10.681179138321996,
    10.983038548752834,
    11.145578231292516,
    11.470657596371883,
    11.633197278911565,
    11.911836734693878,
    12.097596371882085,
    12.422675736961452,
    12.561995464852608,
    12.910294784580499,
    13.02639455782313,
    13.49079365079365,
    13.79265306122449,
    13.931972789115646,
    14.117732426303855,
    14.257052154195012,
    14.396371882086168,
    14.582131519274377,
    14.721451247165533,
    14.883990929705215,
    15.046530612244897,
    15.185850340136055,
    15.32517006802721,
    15.487709750566893,
    15.62702947845805,
    15.789569160997733,
    15.952108843537415,
    16.091428571428573,
    16.23074829931973,
    16.27718820861678,
    16.39328798185941,
    16.50938775510204,
    16.69514739229025,
    16.950566893424035,
    17.159546485260773,
    17.205986394557822,
    17.345306122448978,
    17.647165532879818,
    17.87936507936508,
    18.134784580498867,
    18.52952380952381,
    18.64562358276644,
    19.086802721088436,
    20.572879818594103,
    21.037278911564627,
    21.524897959183672,
    21.873197278911565,
    22.01251700680272,
    22.337596371882086,
    22.50013605442177,
    22.96453514739229,
    23.45215419501134,
    23.800453514739228,
    23.962993197278912,
    24.427392290249433,
    24.91501133786848,
    25.21687074829932,
    25.75092970521542,
    25.890249433106575,
    26.354648526077096,
    26.63328798185941,
    26.842267573696144,
    27.16734693877551,
    27.329886621315193,
    27.817505668934242,
    28.11936507936508,
    28.281904761904762,
    28.792743764172336,
    29.257142857142856,
    29.60544217687075
  ],
  "rhythm_regularity": 0.9634847883160766,
  "syncopation_index": 0.44545454545454544,
  "beat_count": 59,
  "onset_count": 110
}