{
  "chroma_mean": [
    0.607322096824646,
    0.6445736289024353,
    0.7505385279655457,
    0.7546730041503906,
    0.6633870601654053,
    0.5998197197914124,
    0.6139728426933289,
    0.6746304631233215,
    0.6092067956924438,
    0.529823362827301,
    0.489975243806839,
    0.5380553603172302
  ],
  "chroma_std": [
    0.2018829584121704,
    0.20300062000751495,
    0.20770229399204254,
    0.2396918088197708,
    0.20423468947410583,
    0.18510745465755463,
    0.19811375439167023,
    0.21197055280208588,
    0.21430528163909912,
    0.22154133021831512,
    0.19879864156246185,
    0.20345011353492737
  ],
  "key_estimation": {
    "key": "C_minor",
    "confidence": 0.3166916144928214
  },
  "tonal_complexity": 0.07800322026014328
}