{
  "chroma_mean": [
    0.5566705465316772,
    0.48327943682670593,
    0.7204798460006714,
    0.40109848976135254,
    0.46880242228507996,
    0.42913511395454407,
    0.5740554332733154,
    0.7584671378135681,
    0.3737494647502899,
    0.40234947204589844,
    0.371221125125885,
    0.528019905090332
  ],
  "chroma_std": [
    0.274885892868042,
    0.17374148964881897,
    0.2231016904115677,
    0.13228264451026917,
    0.2238086462020874,
    0.188095360994339,
    0.20282958447933197,
    0.2628200054168701,
    0.12407654523849487,
    0.14047522842884064,
    0.1247866153717041,
    0.18175308406352997
  ],
  "key_estimation": {
    "key": "C_major",
    "confidence": 0.4562465191737557
  },
  "tonal_complexity": 0.12336760014295578
}