{
  "mfcc_mean": [
    -70.84739685058594,
    69.40910339355469,
    23.666772842407227,
    12.078353881835938,
    11.504667282104492,
    9.090597152709961,
    -3.3933603763580322,
    5.902584552764893,
    -14.617817878723145,
    -6.206861972808838,
    -4.325555324554443,
    -0.5036755800247192,
    -0.5000752210617065
  ],
  "mfcc_std": [
    71.13475799560547,
    37.48662567138672,
    32.14215850830078,
    14.766149520874023,
    12.018733978271484,
    10.785492897033691,
    9.513248443603516,
    7.301760196685791,
    7.711822509765625,
    7.20889139175415,
    6.6390886306762695,
    7.147618770599365,
    7.866573333740234
  ],
  "spectral_centroid_mean": 3454.356444541408,
  "spectral_centroid_std": 1115.5054964150593,
  "spectral_bandwidth_mean": 3080.8238393837705,
  "spectral_bandwidth_std": 620.610878199256,
  "spectral_rolloff_mean": 7236.943723028995,
  "spectral_rolloff_std": 2008.9539294526166,
  "spectral_flux_mean": 4134.25390625,
  "spectral_flux_std": 3761.384765625,
  "spectral_flatness_mean": 0.058073706924915314,
  "spectral_flatness_std": 0.06242547929286957,
  "spectral_slope_mean": -0.00024619479866455694,
  "spectral_spread_mean": 3080.823840911269,
  "spectral_skewness_mean": 0.7349563127996132,
  "spectral_kurtosis_mean": 2.9855519787643567
}