,precision,recall,f1-score,support
Cluster 1,0.5882352941176471,0.29411764705882354,0.39215686274509803,34.0
Cluster 2,0.26666666666666666,0.12121212121212122,0.16666666666666666,33.0
Cluster 3,0.4383561643835616,0.7441860465116279,0.5517241379310345,43.0
Cluster 4,0.34285714285714286,0.3157894736842105,0.3287671232876712,38.0
Cluster 5,0.5121951219512195,0.6363636363636364,0.5675675675675675,33.0
accuracy,0.43646408839779005,0.43646408839779005,0.43646408839779005,0.43646408839779005
macro avg,0.4296620779952476,0.42233378496608387,0.4013764716396076,181.0
weighted avg,0.4286205829914631,0.43646408839779005,0.40762625237032624,181.0
