{
  "meta": {
    "path": "../../data/raw/MIREX-like_mood/dataset/Audio/682.mp3",
    "file_hash": "c12b00ff83b05ad1d2fa92582278805f7e88ff33",
    "duration_sec": 29.675102040816327,
    "sample_rate": 22050,
    "analysis_timestamp": "2025-10-24T20:07:57.623119",
    "config": {
      "sr": 22050,
      "n_fft": 2048,
      "hop_length": 512,
      "n_mels": 128,
      "n_mfcc": 13,
      "n_chroma": 12,
      "frame_length": 2048,
      "workers": 4,
      "use_crepe": false,
      "save_matrices": false,
      "save_plots": true,
      "force": true,
      "quick": false,
      "verbose": false
    },
    "processing_time_sec": 2.298187255859375
  },
  "acoustic": {
    "mfcc_mean": [
      -119.4666519165039,
      103.79901123046875,
      -4.374329566955566,
      36.87785339355469,
      4.3848876953125,
      8.56209659576416,
      1.4994703531265259,
      8.26939868927002,
      -2.1439926624298096,
      3.413334369659424,
      6.177327632904053,
      5.183101177215576,
      -3.0674445629119873
    ],
    "mfcc_std": [
      109.79816436767578,
      27.953060150146484,
      23.596595764160156,
      12.248404502868652,
      11.130441665649414,
      9.484027862548828,
      9.013781547546387,
      8.67654800415039,
      8.368409156799316,
      8.943327903747559,
      6.8737335205078125,
      6.882071495056152,
      5.909201145172119
    ],
    "spectral_centroid_mean": 1929.111135456591,
    "spectral_centroid_std": 695.9343577512451,
    "spectral_bandwidth_mean": 2198.080587875231,
    "spectral_bandwidth_std": 451.3007792469818,
    "spectral_rolloff_mean": 4078.5721839266516,
    "spectral_rolloff_std": 1564.9691759708787,
    "spectral_flux_mean": 5275.82080078125,
    "spectral_flux_std": 5935.2109375,
    "spectral_flatness_mean": 0.01350050326436758,
    "spectral_flatness_std": 0.04673512279987335,
    "spectral_slope_mean": -0.00045908621937838903,
    "spectral_spread_mean": 2198.0805900552464,
    "spectral_skewness_mean": 1.7266147276568924,
    "spectral_kurtosis_mean": 6.261444718690126
  },
  "rhythm": {
    "tempo_bpm": 86.1328125,
    "tempo_confidence": 0.9822681348430468,
    "beat_positions": [
      0.905578231292517,
      1.6253968253968254,
      2.2987755102040817,
      2.995374149659864,
      3.6919727891156464,
      4.4117913832199545,
      5.085170068027211,
      5.758548752834467,
      6.455147392290249,
      7.174965986394557,
      7.848344671201814,
      8.544943310657596,
      9.241541950113378,
      9.93814058956916,
      10.65795918367347,
      11.354557823129252,
      12.051156462585034,
      12.747755102040816,
      13.421133786848072,
      14.117732426303855,
      14.814331065759637,
      15.51092970521542,
      16.16108843537415,
      16.904126984126986,
      17.600725623582765,
      18.320544217687075,
      18.99392290249433,
      19.690521541950112,
      20.36390022675737,
      21.083718820861677,
      21.757097505668934,
      22.453696145124717,
      23.1502947845805,
      23.84689342403628,
      24.56671201814059,
      25.26331065759637,
      25.93668934240363,
      26.63328798185941,
      27.30666666666667,
      28.003265306122447,
      28.69986394557823,
      29.396462585034012
    ],
    "onset_times": [
      0.2089795918367347,
      0.3947392290249433,
      0.5572789115646258,
      0.905578231292517,
      1.1145578231292517,
      1.253877551020408,
      1.4628571428571429,
      1.6253968253968254,
      1.7647165532879818,
      1.9504761904761905,
      2.159455782312925,
      2.2987755102040817,
      2.48453514739229,
      2.647074829931973,
      2.972154195011338,
      3.1579138321995464,
      3.3436734693877552,
      3.6687528344671203,
      3.877732426303855,
      4.040272108843538,
      4.249251700680272,
      4.4117913832199545,
      4.574331065759637,
      4.73687074829932,
      4.9458503401360545,
      5.085170068027211,
      5.270929705215419,
      5.433469387755102,
      5.735328798185941,
      5.944308390022676,
      6.106848072562358,
      6.455147392290249,
      6.640907029478458,
      6.8034467120181406,
      7.012426303854875,
      7.174965986394557,
      7.337505668934241,
      7.500045351473923,
      7.7090249433106575,
      7.848344671201814,
      8.034104308390022,
      8.196643990929704,
      8.382403628117913,
      8.52172335600907,
      8.730702947845804,
      8.916462585034013,
      9.241541950113378,
      9.58984126984127,
      9.914920634920636,
      10.12390022675737,
      10.634739229024943,
      10.797278911564625,
      11.00625850340136,
      11.702857142857143,
      12.051156462585034,
      12.376235827664399,
      12.747755102040816,
      12.910294784580499,
      13.072834467120181,
      13.421133786848072,
      13.746213151927437,
      13.955192743764172,
      14.117732426303855,
      14.303492063492063,
      14.44281179138322,
      14.651791383219955,
      14.79111111111111,
      15.139410430839002,
      15.348390022675737,
      15.51092970521542,
      15.673469387755102,
      15.85922902494331,
      16.137868480725622,
      16.532607709750568,
      16.880907029478458,
      17.08988662131519,
      17.22920634920635,
      17.57750566893424,
      17.786485260770974,
      17.949024943310658,
      18.320544217687075,
      18.483083900226756,
      18.64562358276644,
      18.99392290249433,
      19.319002267573698,
      19.52798185941043,
      19.667301587301587,
      19.853061224489796,
      20.01560090702948,
      20.340680272108845,
      20.712199546485262,
      20.921179138321996,
      21.083718820861677,
      21.269478458049885,
      21.408798185941045,
      21.61777777777778,
      21.757097505668934,
      21.942857142857143,
      22.0821768707483,
      22.31437641723356,
      22.430476190476192,
      22.6162358276644,
      22.825215419501134,
      23.1502947845805,
      23.289614512471655,
      23.475374149659864,
      23.684353741496597,
      23.823673469387757,
      24.03265306122449,
      24.427392290249433,
      24.543492063492064,
      24.86857142857143,
      25.240090702947846,
      25.425850340136055,
      25.56517006802721,
      25.774149659863944,
      25.913469387755104,
      26.09922902494331,
      26.261768707482993,
      26.447528344671202,
      26.63328798185941,
      26.79582766439909,
      26.958367346938775,
      27.16734693877551,
      27.30666666666667,
      27.46920634920635,
      27.654965986394558,
      27.86394557823129,
      28.003265306122447,
      28.189024943310656,
      28.374784580498865,
      28.69986394557823,
      28.88562358276644,
      29.048163265306123,
      29.257142857142856,
      29.373242630385487,
      29.559002267573696
    ],
    "rhythm_regularity": 0.974022204644647,
    "syncopation_index": 0.7007299270072993,
    "beat_count": 42,
    "onset_count": 137
  },
  "harmony": {
    "chroma_mean": [
      0.33902332186698914,
      0.3877221941947937,
      0.5040684938430786,
      0.6060791015625,
      0.964850902557373,
      0.5018247961997986,
      0.42052966356277466,
      0.4429103136062622,
      0.41263383626937866,
      0.379965603351593,
      0.3561183214187622,
      0.4248252511024475
    ],
    "chroma_std": [
      0.16991926729679108,
      0.17959649860858917,
      0.21983978152275085,
      0.2185058891773224,
      0.09421002864837646,
      0.18963463604450226,
      0.18276552855968475,
      0.2221638411283493,
      0.1673080027103424,
      0.21996842324733734,
      0.1770366132259369,
      0.15625381469726562
    ],
    "key_estimation": {
      "key": "C_major",
      "confidence": 0.09929289911068681
    },
    "tonal_complexity": 0.16284920275211334
  },
  "quality": {
    "snr_db": 41.0885809955366,
    "dynamic_range_db": 18.689152353494993,
    "rms_energy": 0.16693143546581268,
    "zero_crossing_rate": 0.08120281347732604
  },
  "lyrics": {
    "word_count": 207,
    "unique_word_count": 74,