{
  "meta": {
    "path": "../../data/raw/MIREX-like_mood/dataset/Audio/278.mp3",
    "file_hash": "58f1e9900206a460a1f9e3a7751a582ef7c36d73",
    "duration_sec": 29.72154195011338,
    "sample_rate": 22050,
    "analysis_timestamp": "2025-10-24T20:01:57.213388",
    "config": {
      "sr": 22050,
      "n_fft": 2048,
      "hop_length": 512,
      "n_mels": 128,
      "n_mfcc": 13,
      "n_chroma": 12,
      "frame_length": 2048,
      "workers": 4,
      "use_crepe": false,
      "save_matrices": false,
      "save_plots": true,
      "force": true,
      "quick": false,
      "verbose": false
    },
    "processing_time_sec": 3.626131534576416
  },
  "acoustic": {
    "mfcc_mean": [
      -134.42315673828125,
      77.14425659179688,
      -2.121100664138794,
      46.68376922607422,
      -1.8388229608535767,
      6.313099384307861,
      -8.803963661193848,
      -1.5401297807693481,
      -6.248357772827148,
      -1.408766746520996,
      1.0983561277389526,
      -2.0333375930786133,
      -5.799059867858887
    ],
    "mfcc_std": [
      76.45561981201172,
      29.659761428833008,
      24.81222915649414,
      17.500484466552734,
      17.334362030029297,
      12.335634231567383,
      10.487665176391602,
      9.149423599243164,
      10.099273681640625,
      8.742676734924316,
      9.43010139465332,
      6.929917812347412,
      6.0634636878967285
    ],
    "spectral_centroid_mean": 2547.9179581302524,
    "spectral_centroid_std": 744.8919639896537,
    "spectral_bandwidth_mean": 2441.627197022516,
    "spectral_bandwidth_std": 428.935744404877,
    "spectral_rolloff_mean": 5269.112608862705,
    "spectral_rolloff_std": 1399.7827158666175,
    "spectral_flux_mean": 2773.35498046875,
    "spectral_flux_std": 2978.870361328125,
    "spectral_flatness_mean": 0.028901945799589157,
    "spectral_flatness_std": 0.05739423632621765,
    "spectral_slope_mean": -0.00041178459494025814,
    "spectral_spread_mean": 2441.6271957993213,
    "spectral_skewness_mean": 1.1349484750181027,
    "spectral_kurtosis_mean": 3.912486156942614
  },
  "rhythm": {
    "tempo_bpm": 112.34714673913044,
    "tempo_confidence": 0.9835955496876412,
    "beat_positions": [
      0.6733786848072563,
      1.207437641723356,
      1.7647165532879818,
      2.2987755102040817,
      2.8560544217687074,
      3.3901133786848074,
      3.924172335600907,
      4.458231292517007,
      5.015510204081632,
      5.572789115646258,
      6.106848072562358,
      6.640907029478458,
      7.198185941043084,
      7.732244897959184,
      8.289523809523809,
      8.823582766439909,
      9.380861678004536,
      9.914920634920636,
      10.448979591836734,
      10.983038548752834,
      11.517097505668934,
      12.051156462585034,
      12.60843537414966,
      13.165714285714285,
      13.676553287981859,
      14.233832199546486,
      14.79111111111111,
      15.348390022675737,
      15.882448979591837,
      16.439727891156462,
      16.99700680272109,
      17.531065759637187,
      18.06512471655329,
      18.599183673469387,
      19.156462585034014,
      19.690521541950112,
      20.201360544217685,
      20.78185941043084,
      21.339138321995463,
      21.826757369614512,
      22.407256235827663,
      22.96453514739229,
      23.49859410430839,
      24.055873015873015,
      24.589931972789117,
      25.14721088435374,
      25.704489795918366,
      26.23854875283447,
      26.79582766439909,
      27.329886621315193,
      27.86394557823129,
      28.421224489795918,
      28.978503401360545
    ],
    "onset_times": [
      0.13931972789115646,
      0.2786394557823129,
      0.3947392290249433,
      0.5572789115646258,
      0.603718820861678,
      0.6733786848072563,
      0.8126984126984127,
      0.9287981859410431,
      1.0913378684807256,
      1.207437641723356,
      1.3467573696145125,
      1.486077097505669,
      1.6253968253968254,
      1.7414965986394557,
      1.9040362811791383,
      2.020136054421769,
      2.2987755102040817,
      2.4380952380952383,
      2.5774149659863945,
      2.8328344671201813,
      2.972154195011338,
      3.111473922902494,
      3.3668934240362813,
      3.5294331065759637,
      3.645532879818594,
      3.7848526077097504,
      3.900952380952381,
      4.063492063492063,
      4.179591836734694,
      4.31891156462585,
      4.458231292517007,
      4.620770975056689,
      4.73687074829932,
      4.876190476190477,
      4.992290249433107,
      5.154829931972789,
      5.270929705215419,
      5.50312925170068,
      5.828208616780046,
      6.106848072562358,
      6.246167800453515,
      6.362267573696145,
      6.524807256235827,
      6.640907029478458,
      6.780226757369615,
      6.942766439909297,
      7.198185941043084,
      7.337505668934241,
      7.453605442176871,
      7.662585034013605,
      7.732244897959184,
      7.87156462585034,
      7.987664399092971,
      8.266303854875284,
      8.428843537414966,
      8.52172335600907,
      8.823582766439909,
      8.962902494331066,
      9.102222222222222,
      9.357641723356009,
      9.520181405895691,
      9.636281179138322,
      9.891700680272109,
      10.054240362811791,
      10.193560090702947,
      10.332879818594105,
      10.588299319727891,
      10.704399092970522,
      10.866938775510205,
      10.983038548752834,
      11.122358276643991,
      11.261678004535147,
      11.400997732426303,
      11.493877551020407,
      11.656417233560092,
      11.795736961451247,
      12.027936507936507,
      12.19047619047619,
      12.329795918367347,
      12.585215419501134,
      12.770975056689343,
      12.887074829931972,
      13.142494331065759,
      13.281814058956916,
      13.421133786848072,
      13.653333333333334,
      13.815873015873017,
      13.955192743764172,
      14.140952380952381,
      14.257052154195012,
      14.396371882086168,
      14.512471655328799,
      14.651791383219955,
      14.767891156462586,
      14.907210884353741,
      15.046530612244897,
      15.348390022675737,
      15.580589569160997,
      15.85922902494331,
      16.021768707482995,
      16.137868480725622,
      16.439727891156462,
      16.579047619047618,
      16.69514739229025,
      16.857687074829933,
      16.973786848072564,
      17.11310657596372,
      17.252426303854875,
      17.41496598639456,
      17.507845804988662,
      17.647165532879818,
      17.786485260770974,
      17.949024943310658,
      18.04190476190476,
      18.204444444444444,
      18.320544217687075,
      18.599183673469387,
      18.738503401360543,
      18.877823129251702,
      19.156462585034014,
      19.29578231292517,
      19.4118820861678,
      19.690521541950112,
      19.806621315192743,
      19.969160997732427,
      20.17814058956916,
      20.36390022675737,
      20.503219954648525,
      20.758639455782312,
      21.037278911564627,
      21.31591836734694,
      21.455238095238094,
      21.571337868480725,
      21.78031746031746,
      21.989297052154196,
      22.128616780045352,
      22.38403628117914,
      22.68589569160998,
      22.96453514739229,
      23.103854875283446,
      23.219954648526077,
      23.38249433106576,
      23.49859410430839,
      23.637913832199548,
      23.777233560090703,
      23.91655328798186,
      24.03265306122449,
      24.19519274376417,
      24.3112925170068,
      24.473832199546486,
      24.589931972789117,
      24.752471655328797,
      24.86857142857143,
      25.14721088435374,
      25.2865306122449,
      25.425850340136055,
      25.588390022675735,
      25.68126984126984,
      25.843809523809522,
      25.98312925170068,
      26.122448979591837,
      26.21532879818594,
      26.284988662131518,
      26.40108843537415,
      26.51718820861678,
      26.656507936507936,
      26.772607709750567,
      26.93514739229025,
      27.051247165532878,
      27.30666666666667,
      27.46920634920635,
      27.58530612244898,
      27.74784580498866,
