{
  "chroma_mean": [
    0.9111104011535645,
    0.5845127701759338,
    0.4282281994819641,
    0.25087037682533264,
    0.20174837112426758,
    0.206388920545578,
    0.29990583658218384,
    0.43729737401008606,
    0.1956091672182083,
    0.20021317899227142,
    0.23284193873405457,
    0.5189012885093689
  ],
  "chroma_std": [
    0.18629494309425354,
    0.24248136579990387,
    0.2320440113544464,
    0.1443641185760498,
    0.11326754093170166,
    0.12856630980968475,
    0.23637236654758453,
    0.23793938755989075,
    0.11313068121671677,
    0.13571535050868988,
    0.12870490550994873,
    0.20604778826236725
  ],
  "key_estimation": {
    "key": "C_minor",
    "confidence": 0.5025578853127151
  },
  "tonal_complexity": 0.208382248878479
}