{
  "tempo_bpm": 99.38401442307692,
  "tempo_confidence": 0.9636924745938573,
  "beat_positions": [
    1.7647165532879818,
    2.36843537414966,
    2.972154195011338,
    3.599092970521542,
    4.272471655328798,
    5.015510204081632,
    5.6656689342403626,
    6.246167800453515,
    6.873106575963718,
    7.476825396825397,
    8.103764172335602,
    8.730702947845804,
    9.334421768707482,
    9.914920634920636,
    10.495419501133787,
    11.075918367346938,
    11.656417233560092,
    12.26013605442177,
    12.84063492063492,
    13.374693877551021,
    13.908752834467121,
    14.396371882086168,
    14.97687074829932,
    15.557369614512472,
    16.253968253968253,
    16.788027210884355,
    17.39174603174603,
    17.99546485260771,
    18.552743764172334,
    19.13324263038549,
    19.760181405895693,
    20.387120181405894,
    20.990839002267574,
    21.59455782312925,
    22.19827664399093,
    22.77877551020408,
    23.38249433106576,
    23.91655328798186,
    24.49705215419501,
    25.054331065759637,
    25.727709750566895,
    26.377868480725624,
    26.93514739229025,
    27.492426303854874,
    28.096145124716553,
    28.676643990929705,
    29.280362811791385,
    29.88408163265306,
    30.55746031746032,
    31.184399092970523,
    31.7881179138322,
    32.391836734693875,
    32.97233560090703,
    33.599274376417235,
    34.22621315192744,
    34.89959183673469,
    35.54975056689342,
    36.17668934240363,
    36.826848072562356,
    37.477006802721085,
    38.080725623582765,
    38.70766439909297,
    39.288163265306125,
    39.91510204081633,
    40.56526077097506,
    41.12253968253968,
    41.749478458049886,
    42.32997732426304,
    42.887256235827664,
    43.44453514739229,
    44.07147392290249,
    44.67519274376417,
    45.302131519274376,
    45.88263038548753,
    46.4863492063492,
    47.06684807256236,
    47.67056689342404,
    48.29750566893424,
    48.87800453514739,
    49.48172335600907,
    50.08544217687075,
    50.68916099773243,
    51.2928798185941,
    51.89659863945578,
    52.47709750566894,
    53.08081632653061,
    53.707755102040814,
    54.28825396825397,
    54.868752834467124,
    55.42603174603175,
    55.960090702947845,
    56.49414965986394,
    57.02820861678005,
    57.58548752834467,
    58.16598639455783,
    58.792925170068024,
    59.396643990929704,
    60.00036281179138,
    60.60408163265306,
    61.23102040816327,
    61.811519274376415,
    62.415238095238095,
    63.018956916099775,
    63.622675736961455,
    64.2031746031746,
    64.78367346938775,
    65.41061224489796,
    66.01433106575963,
    66.61804988662132,
    67.17532879818594,
    67.70938775510204,
    68.28988662131519,
    68.94004535147393,
    69.56698412698412,
    70.19392290249434,
    70.82086167800453,
    71.40136054421768,
    72.00507936507937,
    72.63201814058957,
    73.25895691609978,
    73.95555555555555,
    74.58249433106576,
    75.2326530612245,
    75.88281179138322,
    76.48653061224489,
    77.1134693877551,
    77.69396825396825
  ],
  "onset_times": [
    1.7647165532879818,
    2.36843537414966,
    2.693514739229025,
    2.948934240362812,
    3.250793650793651,
    3.3901133786848074,
    3.5294331065759637,
    3.599092970521542,
    4.249251700680272,
    4.458231292517007,
    4.620770975056689,
    4.992290249433107,
    5.2477097505668935,
    5.363809523809524,
    5.642448979591837,
    5.804988662131519,
    5.990748299319728,
    6.733786848072563,
    6.873106575963718,
    7.174965986394557,
    7.476825396825397,
    7.7090249433106575,
    7.801904761904762,
    7.987664399092971,
    8.359183673469389,
    9.334421768707482,
    9.520181405895691,
    9.58984126984127,
    9.752380952380953,
    9.914920634920636,
    10.170340136054422,
    10.495419501133787,
    10.820498866213152,
    11.633197278911565,
    11.95827664399093,
    12.26013605442177,
    12.561995464852608,
    12.84063492063492,
    13.235374149659863,
    13.885532879818594,
    14.257052154195012,
    14.349931972789115,
    14.512471655328799,
    14.628571428571428,
    14.837551020408164,
    14.97687074829932,
    15.557369614512472,
    16.253968253968253,
    16.486167800453515,
    16.788027210884355,
    17.08988662131519,
    17.345306122448978,
    17.39174603174603,
    17.507845804988662,
    17.670385487528346,
    17.972244897959182,
    18.134784580498867,
    18.45986394557823,
    18.901043083900227,
    19.040362811791383,
    19.365442176870747,
    19.551201814058956,
    19.667301587301587,
    19.806621315192743,
    19.99238095238095,
    20.06204081632653,
    20.387120181405894,
    21.223038548752836,
    21.292698412698414,
    21.571337868480725,
    21.89641723356009,
    22.19827664399093,
    22.66267573696145,
    22.825215419501134,
    23.08063492063492,
    23.38249433106576,
    23.893333333333334,
    24.03265306122449,
    24.288072562358277,
    24.473832199546486,
    25.054331065759637,
    25.21687074829932,
    25.727709750566895,
    25.890249433106575,
    26.354648526077096,
    26.772607709750567,
    26.93514739229025,
    27.00480725623583,
    27.46920634920635,
    27.724625850340136,
    27.86394557823129,
    28.212244897959184,
    28.490884353741496,
    28.83918367346939,
    29.1178231292517,
    29.280362811791385,
    29.41968253968254,
    29.675102040816327,
    29.88408163265306,
    30.464580498866212,
    30.580680272108843,
    30.789659863945577,
    30.882539682539683,
    30.95219954648526,
    31.161179138321994,
    31.346938775510203,
    31.48625850340136,
    31.648798185941043,
    31.764897959183674,
    32.36861678004535,
    32.64725623582766,
    32.833015873015874,
    32.97233560090703,
    33.599274376417235,
    33.877913832199546,
    34.11011337868481,
    34.66739229024943,
    34.82993197278912,
    35.34077097505669,
    35.5265306122449,
    35.9677097505669,
    36.13024943310658,
    36.45532879818594,
    36.594648526077094,
    37.05904761904762,
    37.314467120181405,
    37.477006802721085,
    37.82530612244898,
    38.080725623582765,
    38.196825396825396,
    38.26648526077098,
    38.40580498866213,
    38.70766439909297,
    38.87020408163265,
    38.98630385487528,
    39.14884353741497,
    39.288163265306125,
    39.47392290249433,
    39.59002267573696,
    40.56526077097506,
    40.79746031746032,
    41.12253968253968,
    41.424399092970525,
    41.72625850340136,
    41.86557823129252,
    42.074557823129254,
    42.74793650793651,
    42.86403628117914,
    43.119455782312926,
    43.165895691609975,
    43.42131519274376,
    43.74639455782313,
    44.373333333333335,
    45.302131519274376,
    45.55755102040816,
    45.743310657596375,
    45.88263038548753,
    46.021950113378686,
    46.20770975056689,
    46.34702947845805,
    46.4863492063492,
    46.834648526077096,
    47.600907029478456,
    47.67056689342404,
    47.9027664399093,
    48.11174603174603,
    48.29750566893424,
    48.576145124716554,
    48.87800453514739,
    49.04054421768708,
    49.22630385487528,
    50.08544217687075,
    50.41052154195011,
    50.712380952380954,
    51.01424036281179,
    51.2928798185941,
    51.66439909297052,
    52.31455782312925,
    52.47709750566894,
    52.77895691609977,
    52.82539682539682,
    53.08081632653061,
    53.40589569160998,
    53.80063492063492,
    53.8702947845805,
    54.00961451247166,
    54.543673469387755,
    54.659773242630386,
    54.868752834467124,
    55.05451247165533,
    55.17061224489796,
    55.42603174603175,
    55.61179138321995,
    55.75111111111111,
    56.35482993197279,
    56.517369614512475,
    56.679909297052156,
    56.81922902494331,
    57.02820861678005,
    57.58548752834467,
    57.74802721088435,
    57.91056689342403,
    58.049886621315196,
    58.16598639455783,
    58.49106575963719,
    58.792925170068024,
    59.628843537414966,
    59.72172335600907,
    59.97714285714286,
    60.279002267573695,
