{
  "track_id": "3131393237365f3535",
  "provenance": {
    "original_audio_path": "../../data/raw/Viet_Dataset/songs/3131393237365f3535.wav",
    "original_lyrics_path": "../../data/raw/Viet_Dataset/lyrics/3131393237365f3535.txt",
    "processing_date": "2025-10-06T22:40:13.680418",
    "script_version": "1.0.0"
  },
  "audio_properties": {
    "original_sr": 44100,
    "target_sr": 44100,
    "channels": 2
  },
  "audio_features": {
    "duration_seconds": 4.5351473922902495e-05,
    "integrated_loudness_lufs": -Infinity,
    "snr_percentile_db": 7.37112283706665,
    "clipping_percentage": 0.0,
    "rms_energy_mean": 1.0696381878005923e-06,
    "rms_energy_std": 0.0,
    "zcr_mean": 0.0,
    "zcr_std": 0.0,
    "spectral_centroid_mean": 9232.923167295758,
    "spectral_bandwidth_mean": 6028.243469203931,
    "mfcc_0_mean": -1108.7857666015625,
    "mfcc_0_std": 0.0,
    "mfcc_1_mean": 9.488853454589844,
    "mfcc_1_std": 0.0,
    "mfcc_2_mean": -5.602485656738281,
    "mfcc_2_std": 0.0,
    "mfcc_3_mean": 2.392719268798828,
    "mfcc_3_std": 0.0,
    "mfcc_4_mean": -0.6044002771377563,
    "mfcc_4_std": 0.0,
    "mfcc_5_mean": -0.3601880669593811,
    "mfcc_5_std": 0.0,
    "mfcc_6_mean": 0.6573308706283569,
    "mfcc_6_std": 0.0,
    "mfcc_7_mean": -0.7219929099082947,
    "mfcc_7_std": 0.0,
    "mfcc_8_mean": 0.5062749981880188,
    "mfcc_8_std": 0.0,
    "mfcc_9_mean": -0.3576681911945343,
    "mfcc_9_std": 0.0,
    "mfcc_10_mean": 0.07686414569616318,
    "mfcc_10_std": 0.0,
    "mfcc_11_mean": 0.017555341124534607,
    "mfcc_11_std": 0.0,
    "mfcc_12_mean": -0.19097764790058136,
    "mfcc_12_std": 0.0,
    "vocal_dominance_score_hpss": 0.4999999403953552
  },
  "lyrics_features": {
    "cleaned_text": "T\u00ecnh n\u00e0y mong \u0111\u1eb9p m\u00e3i Nh\u01b0 n\u0103m c\u1ee5m n\u00fai qu\u00ea h\u01b0\u01a1ng \u00d4i n\u0103m c\u1ee5m n\u00fai qu\u00ea h\u01b0\u01a1ng",
    "language_code": "vi",
    "completeness_heuristic": 1.0,
    "word_count": 17,
    "char_count": 72,
    "sentence_count": 1,
    "type_token_ratio": 0.7058823529411765
  },
  "is_high_quality": false,
  "normalized_audio_path": "improved_processed_data/audio_rejected/3131393237365f3535.wav"
}