{
  "track_id": "3132393131325f3434",
  "provenance": {
    "original_audio_path": "../../data/raw/Viet_Dataset/songs/3132393131325f3434.wav",
    "original_lyrics_path": "../../data/raw/Viet_Dataset/lyrics/3132393131325f3434.txt",
    "processing_date": "2025-10-06T22:40:13.599806",
    "script_version": "1.0.0"
  },
  "audio_properties": {
    "original_sr": 44100,
    "target_sr": 44100,
    "channels": 2
  },
  "audio_features": {
    "duration_seconds": 4.5351473922902495e-05,
    "integrated_loudness_lufs": -Infinity,
    "snr_percentile_db": 3.404712677001953,
    "clipping_percentage": 0.0,
    "rms_energy_mean": 1.4707180753248394e-06,
    "rms_energy_std": 0.0,
    "zcr_mean": 0.0,
    "zcr_std": 0.0,
    "spectral_centroid_mean": 8468.723249890794,
    "spectral_bandwidth_mean": 5636.371760754619,
    "mfcc_0_mean": -1077.098388671875,
    "mfcc_0_std": 0.0,
    "mfcc_1_mean": 16.239608764648438,
    "mfcc_1_std": 0.0,
    "mfcc_2_mean": -11.305469512939453,
    "mfcc_2_std": 0.0,
    "mfcc_3_mean": 6.9616851806640625,
    "mfcc_3_std": 0.0,
    "mfcc_4_mean": -4.095898151397705,
    "mfcc_4_std": 0.0,
    "mfcc_5_mean": 2.1456236839294434,
    "mfcc_5_std": 0.0,
    "mfcc_6_mean": -0.9652088284492493,
    "mfcc_6_std": 0.0,
    "mfcc_7_mean": 0.13926029205322266,
    "mfcc_7_std": 0.0,
    "mfcc_8_mean": 0.26894205808639526,
    "mfcc_8_std": 0.0,
    "mfcc_9_mean": -0.5955958962440491,
    "mfcc_9_std": 0.0,
    "mfcc_10_mean": 0.6385220289230347,
    "mfcc_10_std": 0.0,
    "mfcc_11_mean": -0.7237659692764282,
    "mfcc_11_std": 0.0,
    "mfcc_12_mean": 0.6022894382476807,
    "mfcc_12_std": 0.0,
    "vocal_dominance_score_hpss": 0.5000000596046448
  },
  "lyrics_features": {
    "cleaned_text": "\u0110ang r\u1ea5t lo kh\u00f4ng Lo em \u0111ang \u0111i V\u1edbi ng\u01b0\u1eddi n\u00e0o V\u00ec ng\u01b0\u1eddi y\u00eau anh xinh N\u00ean s\u1ee3 c\u00f3 ng\u01b0\u1eddi \u0111\u00e1nh c\u1eafp Em em c\u00f3 bi\u1ebft anh \u0110ang r\u1ea5t lo kh\u00f4ng Hay em \u0111ang \u0111i shopping girl Hold mah babe hold mah babe Babe babe babe \u00c1nh n\u1eafng s\u1ebd \u0111\u01b0a anh",
    "language_code": "vi",
    "completeness_heuristic": 1.0,
    "word_count": 51,
    "char_count": 220,
    "sentence_count": 1,
    "type_token_ratio": 0.6666666666666666
  },
  "is_high_quality": false,
  "normalized_audio_path": "improved_processed_data/audio_rejected/3132393131325f3434.wav"
}