{
  "track_id": "3132383034385f3633",
  "provenance": {
    "original_audio_path": "../../data/raw/Viet_Dataset/songs/3132383034385f3633.wav",
    "original_lyrics_path": "../../data/raw/Viet_Dataset/lyrics/3132383034385f3633.txt",
    "processing_date": "2025-10-06T22:40:12.815416",
    "script_version": "1.0.0"
  },
  "audio_properties": {
    "original_sr": 44100,
    "target_sr": 44100,
    "channels": 2
  },
  "audio_features": {
    "duration_seconds": 4.5351473922902495e-05,
    "integrated_loudness_lufs": -Infinity,
    "snr_percentile_db": 3.890733242034912,
    "clipping_percentage": 0.0,
    "rms_energy_mean": 1.0849070122276316e-06,
    "rms_energy_std": 0.0,
    "zcr_mean": 0.0,
    "zcr_std": 0.0,
    "spectral_centroid_mean": 8563.347250180628,
    "spectral_bandwidth_mean": 5695.370647421803,
    "mfcc_0_mean": -1103.95166015625,
    "mfcc_0_std": 0.0,
    "mfcc_1_mean": 11.337642669677734,
    "mfcc_1_std": 0.0,
    "mfcc_2_mean": -6.792006492614746,
    "mfcc_2_std": 0.0,
    "mfcc_3_mean": 3.011051893234253,
    "mfcc_3_std": 0.0,
    "mfcc_4_mean": -0.8291451930999756,
    "mfcc_4_std": 0.0,
    "mfcc_5_mean": -0.3691224455833435,
    "mfcc_5_std": 0.0,
    "mfcc_6_mean": 0.7838720083236694,
    "mfcc_6_std": 0.0,
    "mfcc_7_mean": -0.8842477798461914,
    "mfcc_7_std": 0.0,
    "mfcc_8_mean": 0.6534589529037476,
    "mfcc_8_std": 0.0,
    "mfcc_9_mean": -0.462882936000824,
    "mfcc_9_std": 0.0,
    "mfcc_10_mean": 0.13130584359169006,
    "mfcc_10_std": 0.0,
    "mfcc_11_mean": 0.00968162715435028,
    "mfcc_11_std": 0.0,
    "mfcc_12_mean": -0.21805407106876373,
    "mfcc_12_std": 0.0,
    "vocal_dominance_score_hpss": 0.5
  },
  "lyrics_features": {
    "cleaned_text": "T\u00ecnh y\u00eau h\u00f4m nao C\u0169ng h\u1ebft Th\u00ec th\u00f4i anh \u0110\u1eebng c\u00f3.... B\u1eadn l\u00f2ng D\u00f9 cho h\u00f4m nay N\u00e0ng ch\u1ebft T\u00ecnh y\u00eau h\u00f4m nao C\u0169ng h\u1ebft Th\u00ec th\u00f4i anh",
    "language_code": "vi",
    "completeness_heuristic": 0.8,
    "word_count": 28,
    "char_count": 123,
    "sentence_count": 2,
    "type_token_ratio": 0.6428571428571429
  },
  "is_high_quality": false,
  "normalized_audio_path": "improved_processed_data/audio_rejected/3132383034385f3633.wav"
}