{
  "track_id": "3132313830325f3534",
  "provenance": {
    "original_audio_path": "../../data/raw/Viet_Dataset/songs/3132313830325f3534.wav",
    "original_lyrics_path": "../../data/raw/Viet_Dataset/lyrics/3132313830325f3534.txt",
    "processing_date": "2025-10-06T22:40:13.723636",
    "script_version": "1.0.0"
  },
  "audio_properties": {
    "original_sr": 44100,
    "target_sr": 44100,
    "channels": 2
  },
  "audio_features": {
    "duration_seconds": 4.5351473922902495e-05,
    "integrated_loudness_lufs": -Infinity,
    "snr_percentile_db": 4.6698150634765625,
    "clipping_percentage": 0.0,
    "rms_energy_mean": 2.356227923883125e-06,
    "rms_energy_std": 0.0,
    "zcr_mean": 0.0,
    "zcr_std": 0.0,
    "spectral_centroid_mean": 8717.441482439735,
    "spectral_bandwidth_mean": 5784.465074461534,
    "mfcc_0_mean": -1034.230712890625,
    "mfcc_0_std": 0.0,
    "mfcc_1_mean": 19.118423461914062,
    "mfcc_1_std": 0.0,
    "mfcc_2_mean": -14.32679557800293,
    "mfcc_2_std": 0.0,
    "mfcc_3_mean": 10.070178031921387,
    "mfcc_3_std": 0.0,
    "mfcc_4_mean": -7.20944881439209,
    "mfcc_4_std": 0.0,
    "mfcc_5_mean": 5.186531066894531,
    "mfcc_5_std": 0.0,
    "mfcc_6_mean": -3.868861675262451,
    "mfcc_6_std": 0.0,
    "mfcc_7_mean": 2.8526394367218018,
    "mfcc_7_std": 0.0,
    "mfcc_8_mean": -2.21334171295166,
    "mfcc_8_std": 0.0,
    "mfcc_9_mean": 1.6262096166610718,
    "mfcc_9_std": 0.0,
    "mfcc_10_mean": -1.3041863441467285,
    "mfcc_10_std": 0.0,
    "mfcc_11_mean": 0.9315356016159058,
    "mfcc_11_std": 0.0,
    "mfcc_12_mean": -0.7666327953338623,
    "mfcc_12_std": 0.0,
    "vocal_dominance_score_hpss": 0.5000000596046448
  },
  "lyrics_features": {
    "cleaned_text": "\u0110\u00eam c\u1ee9 tr\u00f4i trong bao ai o\u00e1n B\u1ed9n b\u1ec1 \u00d4i bao b\u1ed9n b\u1ec1 \u0110\u00eam c\u1ee9 lang thang c\u00f3 ri\u00eang t\u00f4i n\u00e3o n\u1ec1 C\u00f3 ri\u00eang n\u00e3o n\u1ec1 Ai quay l\u01b0ng di ch\u1eb3ng cho t\u00f4i M\u1ed9t l\u1eddi C\u00f3 \u0111\u00e2u m\u1ed9t l\u1eddi Ri\u00eang ch\u1ec9 t\u00f4i th\u00f4i v\u1edbi v\u1ebft \u0111au \u0111\u01a1n c\u00f4i V\u1ebft \u0111au \u0111\u01a1n c\u00f4i T\u00f4i s\u1ebd b\u01b0\u1edbc qua V\u1ebft \u0111au d\u01a1n c\u00f4i Oh oh",
    "language_code": "vi",
    "completeness_heuristic": 1.0,
    "word_count": 62,
    "char_count": 249,
    "sentence_count": 1,
    "type_token_ratio": 0.7258064516129032
  },
  "is_high_quality": false,
  "normalized_audio_path": "improved_processed_data/audio_rejected/3132313830325f3534.wav"
}