{
  "track_id": "37303936325f3438",
  "provenance": {
    "original_audio_path": "../../data/raw/Viet_Dataset/songs/37303936325f3438.wav",
    "original_lyrics_path": "../../data/raw/Viet_Dataset/lyrics/37303936325f3438.txt",
    "processing_date": "2025-10-06T22:40:13.679716",
    "script_version": "1.0.0"
  },
  "audio_properties": {
    "original_sr": 44100,
    "target_sr": 44100,
    "channels": 2
  },
  "audio_features": {
    "duration_seconds": 4.5351473922902495e-05,
    "integrated_loudness_lufs": -Infinity,
    "snr_percentile_db": 1.1611229181289673,
    "clipping_percentage": 0.0,
    "rms_energy_mean": 2.419027623545844e-06,
    "rms_energy_std": 0.0,
    "zcr_mean": 0.0,
    "zcr_std": 0.0,
    "spectral_centroid_mean": 8094.182995458223,
    "spectral_bandwidth_mean": 5363.066059469524,
    "mfcc_0_mean": -1030.4080810546875,
    "mfcc_0_std": 0.0,
    "mfcc_1_mean": 21.466812133789062,
    "mfcc_1_std": 0.0,
    "mfcc_2_mean": -16.202407836914062,
    "mfcc_2_std": 0.0,
    "mfcc_3_mean": 11.473407745361328,
    "mfcc_3_std": 0.0,
    "mfcc_4_mean": -8.205607414245605,
    "mfcc_4_std": 0.0,
    "mfcc_5_mean": 5.8446574211120605,
    "mfcc_5_std": 0.0,
    "mfcc_6_mean": -4.246094703674316,
    "mfcc_6_std": 0.0,
    "mfcc_7_mean": 2.998565196990967,
    "mfcc_7_std": 0.0,
    "mfcc_8_mean": -2.1700315475463867,
    "mfcc_8_std": 0.0,
    "mfcc_9_mean": 1.4303309917449951,
    "mfcc_9_std": 0.0,
    "mfcc_10_mean": -0.987873375415802,
    "mfcc_10_std": 0.0,
    "mfcc_11_mean": 0.5228597521781921,
    "mfcc_11_std": 0.0,
    "mfcc_12_mean": -0.29027289152145386,
    "mfcc_12_std": 0.0,
    "vocal_dominance_score_hpss": 0.5
  },
  "lyrics_features": {
    "cleaned_text": "Ph\u01b0\u01a1ng xa cha n\u00e0o c\u00f3 hay",
    "language_code": "vi",
    "completeness_heuristic": 1.0,
    "word_count": 6,
    "char_count": 24,
    "sentence_count": 1,
    "type_token_ratio": 1.0
  },
  "is_high_quality": false,
  "normalized_audio_path": "improved_processed_data/audio_rejected/37303936325f3438.wav"
}