{
  "track_id": "37313037305f3831",
  "provenance": {
    "original_audio_path": "../../data/raw/Viet_Dataset/songs/37313037305f3831.wav",
    "original_lyrics_path": "../../data/raw/Viet_Dataset/lyrics/37313037305f3831.txt",
    "processing_date": "2025-10-06T22:40:12.529017",
    "script_version": "1.0.0"
  },
  "audio_properties": {
    "original_sr": 44100,
    "target_sr": 44100,
    "channels": 2
  },
  "audio_features": {
    "duration_seconds": 4.5351473922902495e-05,
    "integrated_loudness_lufs": -Infinity,
    "snr_percentile_db": 3.8030588626861572,
    "clipping_percentage": 0.0,
    "rms_energy_mean": 2.167648517570342e-06,
    "rms_energy_std": 0.0,
    "zcr_mean": 0.0,
    "zcr_std": 0.0,
    "spectral_centroid_mean": 8546.136041539403,
    "spectral_bandwidth_mean": 5684.892539910885,
    "mfcc_0_mean": -1041.675537109375,
    "mfcc_0_std": 0.0,
    "mfcc_1_mean": 19.455392837524414,
    "mfcc_1_std": 0.0,
    "mfcc_2_mean": -14.50568675994873,
    "mfcc_2_std": 0.0,
    "mfcc_3_mean": 10.094856262207031,
    "mfcc_3_std": 0.0,
    "mfcc_4_mean": -7.105559349060059,
    "mfcc_4_std": 0.0,
    "mfcc_5_mean": 4.980264186859131,
    "mfcc_5_std": 0.0,
    "mfcc_6_mean": -3.581667423248291,
    "mfcc_6_std": 0.0,
    "mfcc_7_mean": 2.5029044151306152,
    "mfcc_7_std": 0.0,
    "mfcc_8_mean": -1.8164538145065308,
    "mfcc_8_std": 0.0,
    "mfcc_9_mean": 1.1954295635223389,
    "mfcc_9_std": 0.0,
    "mfcc_10_mean": -0.8509864211082458,
    "mfcc_10_std": 0.0,
    "mfcc_11_mean": 0.46581679582595825,
    "mfcc_11_std": 0.0,
    "mfcc_12_mean": -0.29697948694229126,
    "mfcc_12_std": 0.0,
    "vocal_dominance_score_hpss": 0.5
  },
  "lyrics_features": {
    "cleaned_text": "Ph\u1ea3i c\u1ed1 qu\u00ean \u0111i Ph\u1ea3i c\u1ed1 qu\u00ean \u0111i Nh\u1eefng ng\u00e0y \u1ea5m \u00eam V\u00ec t\u00ecnh ta gi\u1edd \u0111\u00e2y Ch\u1ec9 c\u00f2n \u0111\u1eafng cay \u0110\u00e3 phai t\u00e0n theo Bao l\u1eddi \u00e2n \u00e1i T\u1eebng gi\u00e2y ph\u00fat \u00e2n \u00e1i \u0110\u1eafm \u0111u\u1ed1i b\u00ean nhau S\u1ebd m\u00e3i ra \u0111i sau l\u1eddi chia tay Anh v\u1eabn bi\u1ebft nh\u01b0",
    "language_code": "vi",
    "completeness_heuristic": 1.0,
    "word_count": 50,
    "char_count": 201,
    "sentence_count": 1,
    "type_token_ratio": 0.84
  },
  "is_high_quality": false,
  "normalized_audio_path": "improved_processed_data/audio_rejected/37313037305f3831.wav"
}