{
  "track_id": "37323234355f3539",
  "provenance": {
    "original_audio_path": "../../data/raw/Viet_Dataset/songs/37323234355f3539.wav",
    "original_lyrics_path": "../../data/raw/Viet_Dataset/lyrics/37323234355f3539.txt",
    "processing_date": "2025-10-06T22:40:13.396464",
    "script_version": "1.0.0"
  },
  "audio_properties": {
    "original_sr": 44100,
    "target_sr": 44100,
    "channels": 2
  },
  "audio_features": {
    "duration_seconds": 4.5351473922902495e-05,
    "integrated_loudness_lufs": -Infinity,
    "snr_percentile_db": 11.65798568725586,
    "clipping_percentage": 0.0,
    "rms_energy_mean": 9.199859505315544e-07,
    "rms_energy_std": 0.0,
    "zcr_mean": 0.00048828125,
    "zcr_std": 0.0,
    "spectral_centroid_mean": 12165.650676920919,
    "spectral_bandwidth_mean": 6235.835485240366,
    "mfcc_0_mean": -1130.84521484375,
    "mfcc_0_std": 0.0,
    "mfcc_1_mean": -0.7370723485946655,
    "mfcc_1_std": 0.0,
    "mfcc_2_mean": 0.7184004783630371,
    "mfcc_2_std": 0.0,
    "mfcc_3_mean": -0.6880447864532471,
    "mfcc_3_std": 0.0,
    "mfcc_4_mean": 0.6471506357192993,
    "mfcc_4_std": 0.0,
    "mfcc_5_mean": -0.5971927642822266,
    "mfcc_5_std": 0.0,
    "mfcc_6_mean": 0.5399901270866394,
    "mfcc_6_std": 0.0,
    "mfcc_7_mean": -0.47753602266311646,
    "mfcc_7_std": 0.0,
    "mfcc_8_mean": 0.4119759798049927,
    "mfcc_8_std": 0.0,
    "mfcc_9_mean": -0.3454464375972748,
    "mfcc_9_std": 0.0,
    "mfcc_10_mean": 0.2800361216068268,
    "mfcc_10_std": 0.0,
    "mfcc_11_mean": -0.21764317154884338,
    "mfcc_11_std": 0.0,
    "mfcc_12_mean": 0.1599484384059906,
    "mfcc_12_std": 0.0,
    "vocal_dominance_score_hpss": 0.4999999701976776
  },
  "lyrics_features": {
    "cleaned_text": "L\u00f2ng bu\u1ed3n nh\u01b0 th\u1eddi gian Nghe ch\u0103ng thu \u01a1i \u0111\u1ec3 l\u00e1 r\u01a1i chi ho\u00e0i G\u1ee3i l\u00f2ng th\u01b0\u01a1ng nh\u1edb ai nhi\u1ec1u",
    "language_code": "vi",
    "completeness_heuristic": 1.0,
    "word_count": 20,
    "char_count": 89,
    "sentence_count": 1,
    "type_token_ratio": 1.0
  },
  "is_high_quality": false,
  "normalized_audio_path": "improved_processed_data/audio_rejected/37323234355f3539.wav"
}