{
  "track_id": "37323031385f3535",
  "provenance": {
    "original_audio_path": "../../data/raw/Viet_Dataset/songs/37323031385f3535.wav",
    "original_lyrics_path": "../../data/raw/Viet_Dataset/lyrics/37323031385f3535.txt",
    "processing_date": "2025-10-06T22:40:14.382928",
    "script_version": "1.0.0"
  },
  "audio_properties": {
    "original_sr": 44100,
    "target_sr": 44100,
    "channels": 2
  },
  "audio_features": {
    "duration_seconds": 4.5351473922902495e-05,
    "integrated_loudness_lufs": -Infinity,
    "snr_percentile_db": 1.5373753309249878,
    "clipping_percentage": 0.0,
    "rms_energy_mean": 3.0411893021664582e-06,
    "rms_energy_std": 0.0,
    "zcr_mean": 0.0,
    "zcr_std": 0.0,
    "spectral_centroid_mean": 8144.660576346123,
    "spectral_bandwidth_mean": 5404.501649233358,
    "mfcc_0_mean": -1008.8956298828125,
    "mfcc_0_std": 0.0,
    "mfcc_1_mean": 22.630414962768555,
    "mfcc_1_std": 0.0,
    "mfcc_2_mean": -17.380653381347656,
    "mfcc_2_std": 0.0,
    "mfcc_3_mean": 12.659673690795898,
    "mfcc_3_std": 0.0,
    "mfcc_4_mean": -9.38989543914795,
    "mfcc_4_std": 0.0,
    "mfcc_5_mean": 7.016883850097656,
    "mfcc_5_std": 0.0,
    "mfcc_6_mean": -5.396950721740723,
    "mfcc_6_std": 0.0,
    "mfcc_7_mean": 4.119503021240234,
    "mfcc_7_std": 0.0,
    "mfcc_8_mean": -3.2532408237457275,
    "mfcc_8_std": 0.0,
    "mfcc_9_mean": 2.4686670303344727,
    "mfcc_9_std": 0.0,
    "mfcc_10_mean": -1.9750258922576904,
    "mfcc_10_std": 0.0,
    "mfcc_11_mean": 1.4532463550567627,
    "mfcc_11_std": 0.0,
    "mfcc_12_mean": -1.1591545343399048,
    "mfcc_12_std": 0.0,
    "vocal_dominance_score_hpss": 0.5
  },
  "lyrics_features": {
    "cleaned_text": "Qu\u00ea m\u00ecnh gi\u1edd \u0111\u00e2y Con s\u00f4ng x\u01b0a Thuy\u1ec1n c\u00f3 xu\u00f4i ng\u01b0\u1ee3c \u01a0.. h\u1edb h\u01a1 K\u1ebdo k\u1eb9t v\u00f5ng \u0111\u01b0a \u01a0.. h\u1edb h\u01a1 Ti\u1ebfng ru ng\u1ecdt m\u00f4i. Th\u01b0\u1eddng Nh\u1eefng bu\u1ed5i tr\u01b0a bu\u1ed3n H\u1ecfi m\u00ecnh khe kh\u1ebd Con \u0111\u01b0\u1eddng n\u00e0o Con \u0111\u01b0\u1eddng n\u00e0o D\u1eabn \u0111\u1ebfn nh\u1eefng ng\u00e0y x\u01b0a Ng\u00e0y x\u01b0a \u0111\u00f3",
    "language_code": "vi",
    "completeness_heuristic": 1.0,
    "word_count": 48,
    "char_count": 214,
    "sentence_count": 4,
    "type_token_ratio": 0.7916666666666666
  },
  "is_high_quality": false,
  "normalized_audio_path": "improved_processed_data/audio_rejected/37323031385f3535.wav"
}