{
  "track_id": "37323031345f30",
  "provenance": {
    "original_audio_path": "../../data/raw/Viet_Dataset/songs/37323031345f30.wav",
    "original_lyrics_path": "../../data/raw/Viet_Dataset/lyrics/37323031345f30.txt",
    "processing_date": "2025-10-06T22:40:14.261595",
    "script_version": "1.0.0"
  },
  "audio_properties": {
    "original_sr": 44100,
    "target_sr": 44100,
    "channels": 2
  },
  "audio_features": {
    "duration_seconds": 4.5351473922902495e-05,
    "integrated_loudness_lufs": -Infinity,
    "snr_percentile_db": 3.421043872833252,
    "clipping_percentage": 0.0,
    "rms_energy_mean": 2.927203240687959e-06,
    "rms_energy_std": 0.0,
    "zcr_mean": 0.0,
    "zcr_std": 0.0,
    "spectral_centroid_mean": 8471.867909515588,
    "spectral_bandwidth_mean": 5638.388310202643,
    "mfcc_0_mean": -1012.9532470703125,
    "mfcc_0_std": 0.0,
    "mfcc_1_mean": 21.127887725830078,
    "mfcc_1_std": 0.0,
    "mfcc_2_mean": -16.10729217529297,
    "mfcc_2_std": 0.0,
    "mfcc_3_mean": 11.620566368103027,
    "mfcc_3_std": 0.0,
    "mfcc_4_mean": -8.559089660644531,
    "mfcc_4_std": 0.0,
    "mfcc_5_mean": 6.365861415863037,
    "mfcc_5_std": 0.0,
    "mfcc_6_mean": -4.902128219604492,
    "mfcc_6_std": 0.0,
    "mfcc_7_mean": 3.760200023651123,
    "mfcc_7_std": 0.0,
    "mfcc_8_mean": -3.01176381111145,
    "mfcc_8_std": 0.0,
    "mfcc_9_mean": 2.329409599304199,
    "mfcc_9_std": 0.0,
    "mfcc_10_mean": -1.9240599870681763,
    "mfcc_10_std": 0.0,
    "mfcc_11_mean": 1.4781532287597656,
    "mfcc_11_std": 0.0,
    "mfcc_12_mean": -1.2486903667449951,
    "mfcc_12_std": 0.0,
    "vocal_dominance_score_hpss": 0.4999999403953552
  },
  "lyrics_features": {
    "cleaned_text": "H\u1ea1t b\u1ee5i n\u00e0o h\u00f3a ki\u1ebfp th\u00e2n t\u00f4i \u0110\u1ec3 m\u1ed9t mai v\u01b0\u01a1n h\u00ecnh h\u00e0i l\u1edbn d\u1eady \u00d4i c\u00e1t b\u1ee5i tuy\u1ec7t v\u1eddi M\u1eb7t tr\u1eddi soi m\u1ed9t ki\u1ebfp rong ch\u01a1i H\u1ea1t b\u1ee5i n\u00e0o h\u00f3a ki\u1ebfp th\u00e2n t\u00f4i \u0110\u1ec3 m\u1ed9t mai t\u00f4i v\u1ec1 l\u00e0m c\u00e1t b\u1ee5i",
    "language_code": "vi",
    "completeness_heuristic": 1.0,
    "word_count": 42,
    "char_count": 175,
    "sentence_count": 1,
    "type_token_ratio": 0.6190476190476191
  },
  "is_high_quality": false,
  "normalized_audio_path": "improved_processed_data/audio_rejected/37323031345f30.wav"
}