{
  "track_id": "37323031375f3330",
  "provenance": {
    "original_audio_path": "../../data/raw/Viet_Dataset/songs/37323031375f3330.wav",
    "original_lyrics_path": "../../data/raw/Viet_Dataset/lyrics/37323031375f3330.txt",
    "processing_date": "2025-10-06T22:40:13.695277",
    "script_version": "1.0.0"
  },
  "audio_properties": {
    "original_sr": 44100,
    "target_sr": 44100,
    "channels": 2
  },
  "audio_features": {
    "duration_seconds": 4.5351473922902495e-05,
    "integrated_loudness_lufs": -Infinity,
    "snr_percentile_db": 8.620285034179688,
    "clipping_percentage": 0.0,
    "rms_energy_mean": 1.2457823004297097e-06,
    "rms_energy_std": 0.0,
    "zcr_mean": 0.0,
    "zcr_std": 0.0,
    "spectral_centroid_mean": 9446.857098444634,
    "spectral_bandwidth_mean": 6107.860116122052,
    "mfcc_0_mean": -1097.120361328125,
    "mfcc_0_std": 0.0,
    "mfcc_1_mean": 11.303166389465332,
    "mfcc_1_std": 0.0,
    "mfcc_2_mean": -7.508410453796387,
    "mfcc_2_std": 0.0,
    "mfcc_3_mean": 4.239082336425781,
    "mfcc_3_std": 0.0,
    "mfcc_4_mean": -2.2316842079162598,
    "mfcc_4_std": 0.0,
    "mfcc_5_mean": 0.9333378076553345,
    "mfcc_5_std": 0.0,
    "mfcc_6_mean": -0.24534878134727478,
    "mfcc_6_std": 0.0,
    "mfcc_7_mean": -0.21682466566562653,
    "mfcc_7_std": 0.0,
    "mfcc_8_mean": 0.36217767000198364,
    "mfcc_8_std": 0.0,
    "mfcc_9_mean": -0.5067151188850403,
    "mfcc_9_std": 0.0,
    "mfcc_10_mean": 0.432297021150589,
    "mfcc_10_std": 0.0,
    "mfcc_11_mean": -0.45111143589019775,
    "mfcc_11_std": 0.0,
    "mfcc_12_mean": 0.3031739294528961,
    "mfcc_12_std": 0.0,
    "vocal_dominance_score_hpss": 0.5
  },
  "lyrics_features": {
    "cleaned_text": "Th\u01b0\u01a1ng con Khuya s\u1edbm bao th\u00e1ng ng\u00e0y L\u1eb7ng l\u1ed9i gieo neo Nu\u00f4i con t\u1edbi ng\u00e0y l\u1edbn... kh\u00f4n.... D\u00f9 cho m\u01b0a gi\u00f3 Kh\u00f4ng qu\u1ea3ng th\u00e2n... g\u1ea7y M\u1eb9 hi\u1ec1n.... M\u1ed9t s\u01b0\u01a1ng hai n\u1eafng",
    "language_code": "vi",
    "completeness_heuristic": 0.8,
    "word_count": 31,
    "char_count": 157,
    "sentence_count": 5,
    "type_token_ratio": 0.9354838709677419
  },
  "is_high_quality": false,
  "normalized_audio_path": "improved_processed_data/audio_rejected/37323031375f3330.wav"
}