{
  "track_id": "37343337305f3839",
  "provenance": {
    "original_audio_path": "../../data/raw/Viet_Dataset/songs/37343337305f3839.wav",
    "original_lyrics_path": "../../data/raw/Viet_Dataset/lyrics/37343337305f3839.txt",
    "processing_date": "2025-10-06T22:40:13.457679",
    "script_version": "1.0.0"
  },
  "audio_properties": {
    "original_sr": 44100,
    "target_sr": 44100,
    "channels": 2
  },
  "audio_features": {
    "duration_seconds": 4.5351473922902495e-05,
    "integrated_loudness_lufs": -Infinity,
    "snr_percentile_db": 3.4638381004333496,
    "clipping_percentage": 0.0,
    "rms_energy_mean": 7.175892733357614e-06,
    "rms_energy_std": 0.0,
    "zcr_mean": 0.0,
    "zcr_std": 0.0,
    "spectral_centroid_mean": 8480.122291221407,
    "spectral_bandwidth_mean": 5643.662804080184,
    "mfcc_0_mean": -925.1546020507812,
    "mfcc_0_std": 0.0,
    "mfcc_1_mean": 21.51827621459961,
    "mfcc_1_std": 0.0,
    "mfcc_2_mean": -16.50398826599121,
    "mfcc_2_std": 0.0,
    "mfcc_3_mean": 12.023231506347656,
    "mfcc_3_std": 0.0,
    "mfcc_4_mean": -8.966455459594727,
    "mfcc_4_std": 0.0,
    "mfcc_5_mean": 6.776623725891113,
    "mfcc_5_std": 0.0,
    "mfcc_6_mean": -5.315141677856445,
    "mfcc_6_std": 0.0,
    "mfcc_7_mean": 4.17441987991333,
    "mfcc_7_std": 0.0,
    "mfcc_8_mean": -3.426290512084961,
    "mfcc_8_std": 0.0,
    "mfcc_9_mean": 2.743377685546875,
    "mfcc_9_std": 0.0,
    "mfcc_10_mean": -2.336697578430176,
    "mfcc_10_std": 0.0,
    "mfcc_11_mean": 1.888749599456787,
    "mfcc_11_std": 0.0,
    "mfcc_12_mean": -1.656571626663208,
    "mfcc_12_std": 0.0,
    "vocal_dominance_score_hpss": 0.4999999701976776
  },
  "lyrics_features": {
    "cleaned_text": "C\u1ed1 n\u0103m ch\u1eb7t \u0111\u00f4i tay Kh\u00f4ng \u0111\u1ec3 v\u1ee5t Nh\u01b0ng l\u1ea1i bu\u00f4ng ra Nh\u1edb C\u1ea3m gi\u00e1c \u0111\u00f3 c\u1ee7a ng\u00e0y h\u00f4m qua \u0110\u00f3 c\u0169ng ch\u1ec9 l\u00e0 c\u1ea3m gi\u00e1c Tay n\u1eafm tay nhau th\u00f4i m\u00e0 Nh\u01b0ng sao ng\u00e0y h\u00f4m nay Em \u0111i v\u1edbi ng\u01b0\u1eddi ta \u0110\u1ed1i di\u1ec7n tr\u01b0\u1edbc m\u1eb7t anh Em xem anh nh\u01b0 ng\u01b0\u1eddi l\u1ea1 C\u0169ng \u0111au l\u1eafm Ni\u1ec1m \u0111au \u0111\u00f3 kh\u00f4ng k\u1ec3 xi\u1ebfc C\u1ea3m gi\u00e1c m\u1ea5t ng\u01b0\u1eddi m\u00ecnh y\u00eau Kh\u00f4ng th\u1ec3 bi\u1ebft V\u00e0 n\u00f3 c\u0169ng \u0111au thi\u1ec7t C\u00f3 ph\u1ea3i ch\u0103ng l\u00e0 anh \u0111\u00e3 y\u00eau V\u00e0 y\u00eau m\u1ed9t ng\u01b0\u1eddi kh\u00f4ng y\u00eau anh",
    "language_code": "vi",
    "completeness_heuristic": 1.0,
    "word_count": 90,
    "char_count": 384,
    "sentence_count": 1,
    "type_token_ratio": 0.7222222222222222
  },
  "is_high_quality": false,
  "normalized_audio_path": "improved_processed_data/audio_rejected/37343337305f3839.wav"
}