{
  "track_id": "37353539325f3337",
  "provenance": {
    "original_audio_path": "../../data/raw/Viet_Dataset/songs/37353539325f3337.wav",
    "original_lyrics_path": "../../data/raw/Viet_Dataset/lyrics/37353539325f3337.txt",
    "processing_date": "2025-10-06T22:40:13.805030",
    "script_version": "1.0.0"
  },
  "audio_properties": {
    "original_sr": 44100,
    "target_sr": 44100,
    "channels": 2
  },
  "audio_features": {
    "duration_seconds": 4.5351473922902495e-05,
    "integrated_loudness_lufs": -Infinity,
    "snr_percentile_db": 4.48591947555542,
    "clipping_percentage": 0.0,
    "rms_energy_mean": 7.824173167136905e-07,
    "rms_energy_std": 0.0,
    "zcr_mean": 0.0,
    "zcr_std": 0.0,
    "spectral_centroid_mean": 8680.968483806024,
    "spectral_bandwidth_mean": 5764.120531880574,
    "mfcc_0_mean": -1129.2435302734375,
    "mfcc_0_std": 0.0,
    "mfcc_1_mean": 1.830977201461792,
    "mfcc_1_std": 0.0,
    "mfcc_2_mean": -0.044733576476573944,
    "mfcc_2_std": 0.0,
    "mfcc_3_mean": -0.4593975245952606,
    "mfcc_3_std": 0.0,
    "mfcc_4_mean": 0.0689968466758728,
    "mfcc_4_std": 0.0,
    "mfcc_5_mean": 0.12816503643989563,
    "mfcc_5_std": 0.0,
    "mfcc_6_mean": -0.13038566708564758,
    "mfcc_6_std": 0.0,
    "mfcc_7_mean": -0.07525132596492767,
    "mfcc_7_std": 0.0,
    "mfcc_8_mean": 0.04499826580286026,
    "mfcc_8_std": 0.0,
    "mfcc_9_mean": -0.03889220952987671,
    "mfcc_9_std": 0.0,
    "mfcc_10_mean": -0.07199278473854065,
    "mfcc_10_std": 0.0,
    "mfcc_11_mean": 0.004180923104286194,
    "mfcc_11_std": 0.0,
    "mfcc_12_mean": -0.009117662906646729,
    "mfcc_12_std": 0.0,
    "vocal_dominance_score_hpss": 0.5
  },
  "lyrics_features": {
    "cleaned_text": "\u0110\u00eam nay ta c\u00f4 \u0111\u01a1n \u0110\u00f4i khi ta hay m\u01a1 Cho con tim ta th\u00f4i \u0111au L\u1ea1c \u0111i nh\u1eefng ngh\u0129 suy Ch\u00ecm v\u00e0o t\u1eebng gi\u1ea5c ng\u1ee7 s\u00e2u y\u00ean b\u00ecnh \u0110\u01b0a tay che \u0111i C\u01a1n m\u01b0a \u0111\u00eam r\u01a1i nhanh T\u1eebng gi\u1ecdt tr\u00f4i 2h \u0111\u00eam n\u01a1i c\u00f4ng tr\u00ecnh xa L\u00e0m sao c\u00f3 hoa h\u1ed3ng \u0111\u1ecf 2h \u0111\u00eam b\u00ean c\u1ea1nh c\u1ee7a anh L\u00e0 kh\u00f3i ng\u1eadp c\u0103n ph\u00f2ng nh\u1ecf V\u00e0 anh bi\u1ebft c\u00e1ch",
    "language_code": "vi",
    "completeness_heuristic": 1.0,
    "word_count": 69,
    "char_count": 285,
    "sentence_count": 1,
    "type_token_ratio": 0.8985507246376812
  },
  "is_high_quality": false,
  "normalized_audio_path": "improved_processed_data/audio_rejected/37353539325f3337.wav"
}