{
  "track_id": "37353131315f3730",
  "provenance": {
    "original_audio_path": "../../data/raw/Viet_Dataset/songs/37353131315f3730.wav",
    "original_lyrics_path": "../../data/raw/Viet_Dataset/lyrics/37353131315f3730.txt",
    "processing_date": "2025-10-06T22:40:12.826833",
    "script_version": "1.0.0"
  },
  "audio_properties": {
    "original_sr": 44100,
    "target_sr": 44100,
    "channels": 2
  },
  "audio_features": {
    "duration_seconds": 4.5351473922902495e-05,
    "integrated_loudness_lufs": -Infinity,
    "snr_percentile_db": 2.072632074356079,
    "clipping_percentage": 0.0,
    "rms_energy_mean": 9.704293006507214e-06,
    "rms_energy_std": 0.0,
    "zcr_mean": 0.0,
    "zcr_std": 0.0,
    "spectral_centroid_mean": 8227.554485468769,
    "spectral_bandwidth_mean": 5468.895571485256,
    "mfcc_0_mean": -896.0332641601562,
    "mfcc_0_std": 0.0,
    "mfcc_1_mean": 23.861244201660156,
    "mfcc_1_std": 0.0,
    "mfcc_2_mean": -18.65668487548828,
    "mfcc_2_std": 0.0,
    "mfcc_3_mean": 13.979835510253906,
    "mfcc_3_std": 0.0,
    "mfcc_4_mean": -10.746502876281738,
    "mfcc_4_std": 0.0,
    "mfcc_5_mean": 8.401641845703125,
    "mfcc_5_std": 0.0,
    "mfcc_6_mean": -6.802515983581543,
    "mfcc_6_std": 0.0,
    "mfcc_7_mean": 5.5390849113464355,
    "mfcc_7_std": 0.0,
    "mfcc_8_mean": -4.680713653564453,
    "mfcc_8_std": 0.0,
    "mfcc_9_mean": 3.898381233215332,
    "mfcc_9_std": 0.0,
    "mfcc_10_mean": -3.40169620513916,
    "mfcc_10_std": 0.0,
    "mfcc_11_mean": 2.871983766555786,
    "mfcc_11_std": 0.0,
    "mfcc_12_mean": -2.565373659133911,
    "mfcc_12_std": 0.0,
    "vocal_dominance_score_hpss": 0.4999999701976776
  },
  "lyrics_features": {
    "cleaned_text": "\u0110\u00e3 l\u00e0m cu\u1ed9c t\u00ecnh n\u00e0y v\u1ee1 hai L\u1eddi xin l\u1ed7i c\u00f3 l\u1ebd qu\u00e1 mu\u1ed9n Cho t\u1ed5n th\u01b0\u01a1ng anh m\u1eafc ph\u1ea3i Anh gi\u1edd \u0111\u00e3 c\u00f3 ng\u01b0\u1eddi s\u00e1ng \u0111\u00f3n chi\u1ec1u \u0111\u01b0a C\u00f2n em l\u00e0 k\u1ebb \u0111\u00e3 th\u1ea5t b\u1ea1i Th\u00f4i th\u00ec m\u1ed9t l\u1ea7n n\u1eefa Ch\u00e0o anh ng\u01b0\u1eddi d\u01b0ng ta ng\u01b0\u1ee3c l\u1ed1i M\u00edm ch\u1eb7t \u0111\u00f4i m\u00f4i Em ph\u1ea3i \u0111\u1ee9ng d\u1eady v\u00e0 b\u01b0\u1edbc th\u00f4i Th\u00f4i th\u00ec m\u1ed9t l\u1ea7n n\u1eefa Ch\u00e0o anh ng\u01b0\u1eddi d\u01b0ng ta ng\u01b0\u1ee3c l\u1ed1i M\u00edm ch\u1eb7t \u0111\u00f4i m\u00f4i Em ph\u1ea3i \u0111\u1ee9ng d\u1eady v\u00e0 b\u01b0\u1edbc th\u00f4i V\u1eabn l\u00e0 anh l\u00e0 ng\u01b0\u1eddi y\u00eau c\u0169",
    "language_code": "vi",
    "completeness_heuristic": 1.0,
    "word_count": 89,
    "char_count": 375,
    "sentence_count": 1,
    "type_token_ratio": 0.6404494382022472
  },
  "is_high_quality": false,
  "normalized_audio_path": "improved_processed_data/audio_rejected/37353131315f3730.wav"
}