{
  "track_id": "37363834385f3333",
  "provenance": {
    "original_audio_path": "../../data/raw/Viet_Dataset/songs/37363834385f3333.wav",
    "original_lyrics_path": "../../data/raw/Viet_Dataset/lyrics/37363834385f3333.txt",
    "processing_date": "2025-10-06T22:40:12.683504",
    "script_version": "1.0.0"
  },
  "audio_properties": {
    "original_sr": 44100,
    "target_sr": 44100,
    "channels": 2
  },
  "audio_features": {
    "duration_seconds": 4.5351473922902495e-05,
    "integrated_loudness_lufs": -Infinity,
    "snr_percentile_db": 2.1076910495758057,
    "clipping_percentage": 0.0,
    "rms_energy_mean": 3.066908539040014e-05,
    "rms_energy_std": 0.0,
    "zcr_mean": 0.0,
    "zcr_std": 0.0,
    "spectral_centroid_mean": 8233.358768713355,
    "spectral_bandwidth_mean": 5473.255347836707,
    "mfcc_0_mean": -782.9362182617188,
    "mfcc_0_std": 0.0,
    "mfcc_1_mean": 23.8028621673584,
    "mfcc_1_std": 0.0,
    "mfcc_2_mean": -18.602087020874023,
    "mfcc_2_std": 0.0,
    "mfcc_3_mean": 13.929201126098633,
    "mfcc_3_std": 0.0,
    "mfcc_4_mean": -10.69952392578125,
    "mfcc_4_std": 0.0,
    "mfcc_5_mean": 8.357884407043457,
    "mfcc_5_std": 0.0,
    "mfcc_6_mean": -6.761690616607666,
    "mfcc_6_std": 0.0,
    "mfcc_7_mean": 5.500942707061768,
    "mfcc_7_std": 0.0,
    "mfcc_8_mean": -4.645017623901367,
    "mfcc_8_std": 0.0,
    "mfcc_9_mean": 3.864919662475586,
    "mfcc_9_std": 0.0,
    "mfcc_10_mean": -3.37031888961792,
    "mfcc_10_std": 0.0,
    "mfcc_11_mean": 2.8425235748291016,
    "mfcc_11_std": 0.0,
    "mfcc_12_mean": -2.5377140045166016,
    "mfcc_12_std": 0.0,
    "vocal_dominance_score_hpss": 0.5
  },
  "lyrics_features": {
    "cleaned_text": "M\u1ed9t gi\u00e0n \u0111\u1ea7y hoa Thi\u00ean l\u00fd \u00eam \u0111\u1ec1m. S\u1ebd c\u00f3 m\u1ed9t ng\u00e0y Kh\u00f4ng ph\u1ea3i ch\u1edd l\u00e2u Ta l\u1ea1i t\u00ecm nhau. H\u01b0\u01a1ng v\u1ecb \u0111\u1ed3ng qu\u00ea Th\u01a1m d\u1ecbu d\u00e0ng thay, B\u00e1t ng\u00e1t v\u00f2ng tay. Em s\u1ebd l\u00e0 c\u00f4 d\u00e2u ngo\u1ea1i th\u00e0nh Anh r\u01b0\u1edbc v\u1ec1 khoe Kh\u1eafp n\u1ed9i th\u00e0nh",
    "language_code": "vi",
    "completeness_heuristic": 1.0,
    "word_count": 46,
    "char_count": 201,
    "sentence_count": 4,
    "type_token_ratio": 0.9782608695652174
  },
  "is_high_quality": false,
  "normalized_audio_path": "improved_processed_data/audio_rejected/37363834385f3333.wav"
}