{
  "track_id": "37373239345f3538",
  "provenance": {
    "original_audio_path": "../../data/raw/Viet_Dataset/songs/37373239345f3538.wav",
    "original_lyrics_path": "../../data/raw/Viet_Dataset/lyrics/37373239345f3538.txt",
    "processing_date": "2025-10-06T22:40:12.565717",
    "script_version": "1.0.0"
  },
  "audio_properties": {
    "original_sr": 44100,
    "target_sr": 44100,
    "channels": 2
  },
  "audio_features": {
    "duration_seconds": 4.5351473922902495e-05,
    "integrated_loudness_lufs": -Infinity,
    "snr_percentile_db": 9.586236953735352,
    "clipping_percentage": 0.0,
    "rms_energy_mean": 9.206218578583503e-07,
    "rms_energy_std": 0.0,
    "zcr_mean": 0.0,
    "zcr_std": 0.0,
    "spectral_centroid_mean": 9598.828037172458,
    "spectral_bandwidth_mean": 6157.459095119663,
    "mfcc_0_mean": -1123.48583984375,
    "mfcc_0_std": 0.0,
    "mfcc_1_mean": 4.643620491027832,
    "mfcc_1_std": 0.0,
    "mfcc_2_mean": -1.8928477764129639,
    "mfcc_2_std": 0.0,
    "mfcc_3_mean": -0.004632480442523956,
    "mfcc_3_std": 0.0,
    "mfcc_4_mean": 0.5593647956848145,
    "mfcc_4_std": 0.0,
    "mfcc_5_mean": -0.5356768369674683,
    "mfcc_5_std": 0.0,
    "mfcc_6_mean": 0.18565581738948822,
    "mfcc_6_std": 0.0,
    "mfcc_7_mean": 0.031036822125315666,
    "mfcc_7_std": 0.0,
    "mfcc_8_mean": -0.21719175577163696,
    "mfcc_8_std": 0.0,
    "mfcc_9_mean": 0.1346893012523651,
    "mfcc_9_std": 0.0,
    "mfcc_10_mean": -0.11125186830759048,
    "mfcc_10_std": 0.0,
    "mfcc_11_mean": -0.06092469394207001,
    "mfcc_11_std": 0.0,
    "mfcc_12_mean": 0.04969128966331482,
    "mfcc_12_std": 0.0,
    "vocal_dominance_score_hpss": 0.5000000596046448
  },
  "lyrics_features": {
    "cleaned_text": "\u0110\u00e3 g\u00e3y \u0111\u00f4i cung \u0111\u00e0n N\u01b0\u1edbc m\u1eaft r\u01a1i hai h\u00e0ng Kh\u00f3c s\u1ed1 duy\u00ean b\u1ebd b\u00e0ng",
    "language_code": "vi",
    "completeness_heuristic": 1.0,
    "word_count": 15,
    "char_count": 63,
    "sentence_count": 1,
    "type_token_ratio": 1.0
  },
  "is_high_quality": false,
  "normalized_audio_path": "improved_processed_data/audio_rejected/37373239345f3538.wav"
}