{
  "track_id": "37383431305f3532",
  "provenance": {
    "original_audio_path": "../../data/raw/Viet_Dataset/songs/37383431305f3532.wav",
    "original_lyrics_path": "../../data/raw/Viet_Dataset/lyrics/37383431305f3532.txt",
    "processing_date": "2025-10-06T22:40:13.385711",
    "script_version": "1.0.0"
  },
  "audio_properties": {
    "original_sr": 48000,
    "target_sr": 44100,
    "channels": 2
  },
  "audio_features": {
    "duration_seconds": 4.5351473922902495e-05,
    "integrated_loudness_lufs": -Infinity,
    "snr_percentile_db": 9.33976936340332,
    "clipping_percentage": 0.0,
    "rms_energy_mean": 1.411888388247462e-05,
    "rms_energy_std": 0.0,
    "zcr_mean": 0.00048828125,
    "zcr_std": 0.0,
    "spectral_centroid_mean": 12488.802882916894,
    "spectral_bandwidth_mean": 6145.700181999672,
    "mfcc_0_mean": -902.2732543945312,
    "mfcc_0_std": 0.0,
    "mfcc_1_mean": -19.598377227783203,
    "mfcc_1_std": 0.0,
    "mfcc_2_mean": 9.807657241821289,
    "mfcc_2_std": 0.0,
    "mfcc_3_mean": -4.078146934509277,
    "mfcc_3_std": 0.0,
    "mfcc_4_mean": 1.5028865337371826,
    "mfcc_4_std": 0.0,
    "mfcc_5_mean": -0.6941382884979248,
    "mfcc_5_std": 0.0,
    "mfcc_6_mean": 0.3074405789375305,
    "mfcc_6_std": 0.0,
    "mfcc_7_mean": -0.22937870025634766,
    "mfcc_7_std": 0.0,
    "mfcc_8_mean": 0.09695843607187271,
    "mfcc_8_std": 0.0,
    "mfcc_9_mean": -0.12083233892917633,
    "mfcc_9_std": 0.0,
    "mfcc_10_mean": 0.027199983596801758,
    "mfcc_10_std": 0.0,
    "mfcc_11_mean": -0.08018647134304047,
    "mfcc_11_std": 0.0,
    "mfcc_12_mean": 0.000223502516746521,
    "mfcc_12_std": 0.0,
    "vocal_dominance_score_hpss": 0.5000000596046448
  },
  "lyrics_features": {
    "cleaned_text": "V\u00e0 n\u1ebfu em l\u00e0 Ng\u01b0\u1eddi \u0111\u1eb9p nh\u1ea5t tr\u00ean \u0111\u1eddi Ch\u1eafc b\u00e2y gi\u1edd em \u0111\u00e3 kh\u00f4ng m\u1ea5t anh D\u00f9 cho ng\u01b0\u1eddi ta y\u00eau anh bao nhi\u00eau C\u0169ng kh\u00f4ng nhi\u1ec1u h\u01a1n em L\u00e0 v\u00ec ni\u1ec1m tin em trao cho anh \u0110\u1ebfn ng\u00e0y h\u00f4m nay v\u1eabn c\u00f2n Bu\u00f4ng tay khi c\u00f2n y\u00eau",
    "language_code": "vi",
    "completeness_heuristic": 1.0,
    "word_count": 49,
    "char_count": 205,
    "sentence_count": 1,
    "type_token_ratio": 0.8163265306122449
  },
  "is_high_quality": false,
  "normalized_audio_path": "improved_processed_data/audio_rejected/37383431305f3532.wav"
}