{
  "track_id": "37393331325f313232",
  "provenance": {
    "original_audio_path": "../../data/raw/Viet_Dataset/songs/37393331325f313232.wav",
    "original_lyrics_path": "../../data/raw/Viet_Dataset/lyrics/37393331325f313232.txt",
    "processing_date": "2025-10-06T22:40:13.687349",
    "script_version": "1.0.0"
  },
  "audio_properties": {
    "original_sr": 44100,
    "target_sr": 44100,
    "channels": 2
  },
  "audio_features": {
    "duration_seconds": 4.5351473922902495e-05,
    "integrated_loudness_lufs": -Infinity,
    "snr_percentile_db": 27.414993286132812,
    "clipping_percentage": 0.0,
    "rms_energy_mean": 1.1077418093918823e-05,
    "rms_energy_std": 0.0,
    "zcr_mean": 0.00048828125,
    "zcr_std": 0.0,
    "spectral_centroid_mean": 11215.426684174454,
    "spectral_bandwidth_mean": 6367.77544914594,
    "mfcc_0_mean": -900.2166748046875,
    "mfcc_0_std": 0.0,
    "mfcc_1_mean": -2.0591766834259033,
    "mfcc_1_std": 0.0,
    "mfcc_2_mean": 1.1660741567611694,
    "mfcc_2_std": 0.0,
    "mfcc_3_mean": -0.7013629078865051,
    "mfcc_3_std": 0.0,
    "mfcc_4_mean": 0.31495803594589233,
    "mfcc_4_std": 0.0,
    "mfcc_5_mean": -0.20874713361263275,
    "mfcc_5_std": 0.0,
    "mfcc_6_mean": 0.07717548310756683,
    "mfcc_6_std": 0.0,
    "mfcc_7_mean": -0.08864723145961761,
    "mfcc_7_std": 0.0,
    "mfcc_8_mean": 0.004621172323822975,
    "mfcc_8_std": 0.0,
    "mfcc_9_mean": -0.05847810581326485,
    "mfcc_9_std": 0.0,
    "mfcc_10_mean": -0.019184567034244537,
    "mfcc_10_std": 0.0,
    "mfcc_11_mean": -0.046861663460731506,
    "mfcc_11_std": 0.0,
    "mfcc_12_mean": -0.025291606783866882,
    "mfcc_12_std": 0.0,
    "vocal_dominance_score_hpss": 0.5000000596046448
  },
  "lyrics_features": {
    "cleaned_text": "\u0110\u1ea1i Ca P, that's me I'll leave your soul In the sky, son, like you're MTP I carry all my past As scars on my fist and, To see bright days I walked through mist To get where I am I crossed names on my list And the ones Who tried to stop Me now no longer exist. Hoang ca! Gi\u00f4ng t\u1ed1 bi\u1ebfn c\u1ed1 \u0111\u00e3 kinh qua! In the shrine of Hip Hop!\" Tan ra, tr\u1eddi ban \u0111au th\u01b0\u01a1ng L\u1ec1 th\u00f3i th\u1ebf nh\u00e2n m\u00e0! \"on Guard!\"",
    "language_code": "en",
    "completeness_heuristic": 1.0,
    "word_count": 86,
    "char_count": 387,
    "sentence_count": 7,
    "type_token_ratio": 0.8837209302325582
  },
  "is_high_quality": false,
  "normalized_audio_path": "improved_processed_data/audio_rejected/37393331325f313232.wav"
}