{
  "track_id": "37393237375f3630",
  "provenance": {
    "original_audio_path": "../../data/raw/Viet_Dataset/songs/37393237375f3630.wav",
    "original_lyrics_path": "../../data/raw/Viet_Dataset/lyrics/37393237375f3630.txt",
    "processing_date": "2025-10-06T22:40:13.248131",
    "script_version": "1.0.0"
  },
  "audio_properties": {
    "original_sr": 48000,
    "target_sr": 44100,
    "channels": 2
  },
  "audio_features": {
    "duration_seconds": 4.5351473922902495e-05,
    "integrated_loudness_lufs": -Infinity,
    "snr_percentile_db": 5.245257377624512,
    "clipping_percentage": 0.0,
    "rms_energy_mean": 1.7378361008013599e-06,
    "rms_energy_std": 0.0,
    "zcr_mean": 0.00048828125,
    "zcr_std": 0.0,
    "spectral_centroid_mean": 13218.805854073673,
    "spectral_bandwidth_mean": 5845.112078335263,
    "mfcc_0_mean": -1114.709228515625,
    "mfcc_0_std": 0.0,
    "mfcc_1_mean": -21.055103302001953,
    "mfcc_1_std": 0.0,
    "mfcc_2_mean": 14.749732971191406,
    "mfcc_2_std": 0.0,
    "mfcc_3_mean": -7.51707649230957,
    "mfcc_3_std": 0.0,
    "mfcc_4_mean": 2.109220027923584,
    "mfcc_4_std": 0.0,
    "mfcc_5_mean": 0.3144938349723816,
    "mfcc_5_std": 0.0,
    "mfcc_6_mean": -0.41474175453186035,
    "mfcc_6_std": 0.0,
    "mfcc_7_mean": -0.28089988231658936,
    "mfcc_7_std": 0.0,
    "mfcc_8_mean": 0.6069233417510986,
    "mfcc_8_std": 0.0,
    "mfcc_9_mean": -0.3444448709487915,
    "mfcc_9_std": 0.0,
    "mfcc_10_mean": -0.06712742149829865,
    "mfcc_10_std": 0.0,
    "mfcc_11_mean": 0.19903387129306793,
    "mfcc_11_std": 0.0,
    "mfcc_12_mean": -0.030775398015975952,
    "mfcc_12_std": 0.0,
    "vocal_dominance_score_hpss": 0.5000000596046448
  },
  "lyrics_features": {
    "cleaned_text": "H\u00f3a th\u00eam \u00e2u s\u1ea7u Nay n\u00f3i ra Cho h\u1ebft \u0111au \u0111\u1ea7u",
    "language_code": "vi",
    "completeness_heuristic": 1.0,
    "word_count": 11,
    "char_count": 42,
    "sentence_count": 1,
    "type_token_ratio": 1.0
  },
  "is_high_quality": false,
  "normalized_audio_path": "improved_processed_data/audio_rejected/37393237375f3630.wav"
}