{
  "track_id": "38303339395f3334",
  "provenance": {
    "original_audio_path": "../../data/raw/Viet_Dataset/songs/38303339395f3334.wav",
    "original_lyrics_path": "../../data/raw/Viet_Dataset/lyrics/38303339395f3334.txt",
    "processing_date": "2025-10-06T22:40:13.662100",
    "script_version": "1.0.0"
  },
  "audio_properties": {
    "original_sr": 48000,
    "target_sr": 44100,
    "channels": 2
  },
  "audio_features": {
    "duration_seconds": 4.5351473922902495e-05,
    "integrated_loudness_lufs": -Infinity,
    "snr_percentile_db": 0.6649577617645264,
    "clipping_percentage": 0.0,
    "rms_energy_mean": 3.8862740439071786e-06,
    "rms_energy_std": 0.0,
    "zcr_mean": 0.0,
    "zcr_std": 0.0,
    "spectral_centroid_mean": 8041.046546892199,
    "spectral_bandwidth_mean": 5317.0546727347,
    "mfcc_0_mean": -985.4530029296875,
    "mfcc_0_std": 0.0,
    "mfcc_1_mean": 23.96723175048828,
    "mfcc_1_std": 0.0,
    "mfcc_2_mean": -18.6630802154541,
    "mfcc_2_std": 0.0,
    "mfcc_3_mean": 13.882835388183594,
    "mfcc_3_std": 0.0,
    "mfcc_4_mean": -10.555755615234375,
    "mfcc_4_std": 0.0,
    "mfcc_5_mean": 8.128189086914062,
    "mfcc_5_std": 0.0,
    "mfcc_6_mean": -6.455645561218262,
    "mfcc_6_std": 0.0,
    "mfcc_7_mean": 5.127141952514648,
    "mfcc_7_std": 0.0,
    "mfcc_8_mean": -4.2109575271606445,
    "mfcc_8_std": 0.0,
    "mfcc_9_mean": 3.3773913383483887,
    "mfcc_9_std": 0.0,
    "mfcc_10_mean": -2.83549165725708,
    "mfcc_10_std": 0.0,
    "mfcc_11_mean": 2.2660975456237793,
    "mfcc_11_std": 0.0,
    "mfcc_12_mean": -1.9249651432037354,
    "mfcc_12_std": 0.0,
    "vocal_dominance_score_hpss": 0.5
  },
  "lyrics_features": {
    "cleaned_text": "\u0110\u1ec3 nh\u1eefng suy t\u01b0 h\u00f4m nay Anh kh\u00f4ng c\u1ea7n th\u00eam Ng\u00e0y ta y\u00eau nhau sao em ch\u1ee3t qu\u00ean R\u1ed3i bu\u00f4ng \u0111\u00f4i tay Anh kh\u00f4ng c\u00f2n em N\u1ebfu bi\u1ebft tr\u01b0\u1edbc c\u00f3 m\u1ed9t ng\u00e0y",
    "language_code": "vi",
    "completeness_heuristic": 1.0,
    "word_count": 32,
    "char_count": 138,
    "sentence_count": 1,
    "type_token_ratio": 0.90625
  },
  "is_high_quality": false,
  "normalized_audio_path": "improved_processed_data/audio_rejected/38303339395f3334.wav"
}