{
  "track_id": "38303934305f3339",
  "provenance": {
    "original_audio_path": "../../data/raw/Viet_Dataset/songs/38303934305f3339.wav",
    "original_lyrics_path": "../../data/raw/Viet_Dataset/lyrics/38303934305f3339.txt",
    "processing_date": "2025-10-06T22:40:12.549697",
    "script_version": "1.0.0"
  },
  "audio_properties": {
    "original_sr": 48000,
    "target_sr": 44100,
    "channels": 2
  },
  "audio_features": {
    "duration_seconds": 4.5351473922902495e-05,
    "integrated_loudness_lufs": -Infinity,
    "snr_percentile_db": 0.9882000088691711,
    "clipping_percentage": 0.0,
    "rms_energy_mean": 2.4600270990049466e-05,
    "rms_energy_std": 0.0,
    "zcr_mean": 0.0,
    "zcr_std": 0.0,
    "spectral_centroid_mean": 8073.71165668912,
    "spectral_bandwidth_mean": 5345.6775738443,
    "mfcc_0_mean": -805.3245239257812,
    "mfcc_0_std": 0.0,
    "mfcc_1_mean": 25.56060218811035,
    "mfcc_1_std": 0.0,
    "mfcc_2_mean": -20.268152236938477,
    "mfcc_2_std": 0.0,
    "mfcc_3_mean": 15.498664855957031,
    "mfcc_3_std": 0.0,
    "mfcc_4_mean": -12.17947006225586,
    "mfcc_4_std": 0.0,
    "mfcc_5_mean": 9.75676155090332,
    "mfcc_5_std": 0.0,
    "mfcc_6_mean": -8.08627700805664,
    "mfcc_6_std": 0.0,
    "mfcc_7_mean": 6.757160186767578,
    "mfcc_7_std": 0.0,
    "mfcc_8_mean": -5.837858200073242,
    "mfcc_8_std": 0.0,
    "mfcc_9_mean": 4.998821258544922,
    "mfcc_9_std": 0.0,
    "mfcc_10_mean": -4.449162483215332,
    "mfcc_10_std": 0.0,
    "mfcc_11_mean": 3.869811773300171,
    "mfcc_11_std": 0.0,
    "mfcc_12_mean": -3.516610622406006,
    "mfcc_12_std": 0.0,
    "vocal_dominance_score_hpss": 0.5000000596046448
  },
  "lyrics_features": {
    "cleaned_text": "Th\u00ec t\u00ecnh n\u00e0y c\u00f2n m\u00e3i tr\u00f4ng theo V\u1eabn g\u00f3c hi\u00ean nh\u00e0 khi x\u01b0a V\u1eabn radio vang b\u00e0i nh\u1ea1c c\u0169 Em th\u00edch t\u1ef1a vai anh m\u1ed7i khi m\u01b0a Ch\u1ec9 c\u1ea7n y\u00eau nhau th\u00f4i l\u00e0 \u0111\u1ee7 Nh\u01b0ng ng\u00e0y cu\u1ed1i c\u00f9ng \u0111\u00f4i l\u1ee9a y\u00eau nhau Thi\u00ean \u0111\u01b0\u1eddng nh\u01b0 nhu\u1ed9m m\u00e0u l\u00e1 ph\u1ee7 Gi\u00e1 nh\u01b0 m\u00ecnh c\u1ed1 hi\u1ec3u cho nhau",
    "language_code": "vi",
    "completeness_heuristic": 1.0,
    "word_count": 56,
    "char_count": 245,
    "sentence_count": 1,
    "type_token_ratio": 0.8928571428571429
  },
  "is_high_quality": false,
  "normalized_audio_path": "improved_processed_data/audio_rejected/38303934305f3339.wav"
}