{
  "track_id": "38313731365f3532",
  "provenance": {
    "original_audio_path": "../../data/raw/Viet_Dataset/songs/38313731365f3532.wav",
    "original_lyrics_path": "../../data/raw/Viet_Dataset/lyrics/38313731365f3532.txt",
    "processing_date": "2025-10-06T22:40:13.218311",
    "script_version": "1.0.0"
  },
  "audio_properties": {
    "original_sr": 48000,
    "target_sr": 44100,
    "channels": 2
  },
  "audio_features": {
    "duration_seconds": 4.5351473922902495e-05,
    "integrated_loudness_lufs": -Infinity,
    "snr_percentile_db": 1.569022536277771,
    "clipping_percentage": 0.0,
    "rms_energy_mean": 3.504784035612829e-05,
    "rms_energy_std": 0.0,
    "zcr_mean": 0.0,
    "zcr_std": 0.0,
    "spectral_centroid_mean": 8149.237604796035,
    "spectral_bandwidth_mean": 5408.1685347053835,
    "mfcc_0_mean": -770.1468505859375,
    "mfcc_0_std": 0.0,
    "mfcc_1_mean": 24.683494567871094,
    "mfcc_1_std": 0.0,
    "mfcc_2_mean": -19.43092918395996,
    "mfcc_2_std": 0.0,
    "mfcc_3_mean": 14.703685760498047,
    "mfcc_3_std": 0.0,
    "mfcc_4_mean": -11.423896789550781,
    "mfcc_4_std": 0.0,
    "mfcc_5_mean": 9.037139892578125,
    "mfcc_5_std": 0.0,
    "mfcc_6_mean": -7.399843215942383,
    "mfcc_6_std": 0.0,
    "mfcc_7_mean": 6.101506233215332,
    "mfcc_7_std": 0.0,
    "mfcc_8_mean": -5.210955619812012,
    "mfcc_8_std": 0.0,
    "mfcc_9_mean": 4.39882755279541,
    "mfcc_9_std": 0.0,
    "mfcc_10_mean": -3.87449049949646,
    "mfcc_10_std": 0.0,
    "mfcc_11_mean": 3.3190436363220215,
    "mfcc_11_std": 0.0,
    "mfcc_12_mean": -2.9884347915649414,
    "mfcc_12_std": 0.0,
    "vocal_dominance_score_hpss": 0.4999999403953552
  },
  "lyrics_features": {
    "cleaned_text": "Ti\u1ebfc nh\u1edb m\u1ea5y Ng\u1ecdt ng\u00e0o h\u01b0\u01a1ng xa quen Chi\u1ebfc h\u00f4n x\u01b0a gi\u1edd c\u00f2n \u0111\u00e2u",
    "language_code": "vi",
    "completeness_heuristic": 1.0,
    "word_count": 14,
    "char_count": 62,
    "sentence_count": 1,
    "type_token_ratio": 1.0
  },
  "is_high_quality": false,
  "normalized_audio_path": "improved_processed_data/audio_rejected/38313731365f3532.wav"
}