{
  "track_id": "38313937345f3736",
  "provenance": {
    "original_audio_path": "../../data/raw/Viet_Dataset/songs/38313937345f3736.wav",
    "original_lyrics_path": "../../data/raw/Viet_Dataset/lyrics/38313937345f3736.txt",
    "processing_date": "2025-10-06T22:40:13.571941",
    "script_version": "1.0.0"
  },
  "audio_properties": {
    "original_sr": 44100,
    "target_sr": 44100,
    "channels": 2
  },
  "audio_features": {
    "duration_seconds": 4.5351473922902495e-05,
    "integrated_loudness_lufs": -Infinity,
    "snr_percentile_db": 0.8550633192062378,
    "clipping_percentage": 0.0,
    "rms_energy_mean": 1.1968125363637228e-05,
    "rms_energy_std": 0.0,
    "zcr_mean": 0.0,
    "zcr_std": 0.0,
    "spectral_centroid_mean": 8059.306973862991,
    "spectral_bandwidth_mean": 5333.202769855994,
    "mfcc_0_mean": -876.2186889648438,
    "mfcc_0_std": 0.0,
    "mfcc_1_mean": 25.740680694580078,
    "mfcc_1_std": 0.0,
    "mfcc_2_mean": -20.441539764404297,
    "mfcc_2_std": 0.0,
    "mfcc_3_mean": 15.664922714233398,
    "mfcc_3_std": 0.0,
    "mfcc_4_mean": -12.339057922363281,
    "mfcc_4_std": 0.0,
    "mfcc_5_mean": 9.910171508789062,
    "mfcc_5_std": 0.0,
    "mfcc_6_mean": -8.23395824432373,
    "mfcc_6_std": 0.0,
    "mfcc_7_mean": 6.8994855880737305,
    "mfcc_7_std": 0.0,
    "mfcc_8_mean": -5.975174903869629,
    "mfcc_8_std": 0.0,
    "mfcc_9_mean": 5.131332874298096,
    "mfcc_9_std": 0.0,
    "mfcc_10_mean": -4.577162265777588,
    "mfcc_10_std": 0.0,
    "mfcc_11_mean": 3.9935054779052734,
    "mfcc_11_std": 0.0,
    "mfcc_12_mean": -3.636194944381714,
    "mfcc_12_std": 0.0,
    "vocal_dominance_score_hpss": 0.5000000596046448
  },
  "lyrics_features": {
    "cleaned_text": "Ch\u1eb3ng th\u1ec3 n\u00e0o \u1edf b\u00ean m\u1ed9t ng\u01b0\u1eddi Ch\u1ec9 bi\u1ebft mang l\u1ea1i m\u00ecnh Bao n\u1ed7i bu\u1ed3n \u0111\u00e2u em",
    "language_code": "vi",
    "completeness_heuristic": 1.0,
    "word_count": 17,
    "char_count": 72,
    "sentence_count": 1,
    "type_token_ratio": 1.0
  },
  "is_high_quality": false,
  "normalized_audio_path": "improved_processed_data/audio_rejected/38313937345f3736.wav"
}