{
  "chroma_mean": [
    0.36787092685699463,
    0.28189969062805176,
    0.43604162335395813,
    0.5438025593757629,
    0.6228328347206116,
    0.4451829791069031,
    0.4265911877155304,
    0.7565390467643738,
    0.46279656887054443,
    0.5020880103111267,
    0.360431969165802,
    0.36256250739097595
  ],
  "chroma_std": [
    0.24213603138923645,
    0.1224265992641449,
    0.19842632114887238,
    0.2770572304725647,
    0.3051130175590515,
    0.21109680831432343,
    0.1780816912651062,
    0.24983257055282593,
    0.20749089121818542,
    0.2857431173324585,
    0.16688548028469086,
    0.16431379318237305
  ],
  "key_estimation": {
    "key": "C_major",
    "confidence": 0.382926435045298
  },
  "tonal_complexity": 0.12402281910181046
}