{
  "meta": {
    "path": "../../data/raw/MIREX-like_mood/dataset/Audio/040.mp3",
    "file_hash": "0cd2ec541e1cdf0a525e3854a5dec60c886e292d",
    "duration_sec": 29.675102040816327,
    "sample_rate": 22050,
    "analysis_timestamp": "2025-10-24T20:16:29.039765",
    "config": {
      "sr": 22050,
      "n_fft": 2048,
      "hop_length": 512,
      "n_mels": 128,
      "n_mfcc": 13,
      "n_chroma": 12,
      "frame_length": 2048,
      "workers": 4,
      "use_crepe": false,
      "save_matrices": false,
      "save_plots": true,
      "force": true,
      "quick": false,
      "verbose": false
    },
    "processing_time_sec": 3.283158302307129
  },
  "acoustic": {
    "mfcc_mean": [
      -76.61597442626953,
      112.72754669189453,
      -9.235315322875977,
      34.57416534423828,
      0.7880514860153198,
      11.294113159179688,
      -4.43006706237793,
      2.8692142963409424,
      -10.650123596191406,
      5.834690093994141,
      -4.968635559082031,
      -0.11503182351589203,
      -8.79910945892334
    ],
    "mfcc_std": [
      58.33564376831055,
      31.27133560180664,
      22.039318084716797,
      15.111390113830566,
      9.729302406311035,
      9.017251968383789,
      8.69176197052002,
      8.280284881591797,
      8.3462553024292,
      9.198631286621094,
      7.417266845703125,
      7.080716609954834,
      6.151581764221191
    ],
    "spectral_centroid_mean": 1839.4116908320104,
    "spectral_centroid_std": 808.7544756737756,
    "spectral_bandwidth_mean": 2065.3615753002073,
    "spectral_bandwidth_std": 457.36645198350925,
    "spectral_rolloff_mean": 3807.5636063636143,
    "spectral_rolloff_std": 1501.5731610752355,
    "spectral_flux_mean": 5237.443359375,
    "spectral_flux_std": 5094.4892578125,
    "spectral_flatness_mean": 0.008426529355347157,
    "spectral_flatness_std": 0.03249262645840645,
    "spectral_slope_mean": -0.0005231665692465992,
    "spectral_spread_mean": 2065.361574654215,
    "spectral_skewness_mean": 1.8122987509323498,
    "spectral_kurtosis_mean": 6.595884280351005
  },
  "rhythm": {
    "tempo_bpm": 151.99908088235293,
    "tempo_confidence": 0.9857006850147724,
    "beat_positions": [
      0.16253968253968254,
      0.603718820861678,
      1.0216780045351475,
      1.4628571428571429,
      1.8808163265306121,
      2.2755555555555556,
      2.716734693877551,
      3.0882539682539685,
      3.4829931972789114,
      3.877732426303855,
      4.272471655328798,
      4.667210884353741,
      5.085170068027211,
      5.479909297052155,
      5.874648526077097,
      6.292607709750567,
      6.6873469387755105,
      7.082086167800454,
      7.476825396825397,
      7.894784580498866,
      8.289523809523809,
      8.684263038548753,
      9.079002267573696,
      9.47374149659864,
      9.868480725623582,
      10.263219954648527,
      10.65795918367347,
      11.075918367346938,
      11.470657596371883,
      11.865396825396825,
      12.26013605442177,
      12.654875283446712,
      13.02639455782313,
      13.444353741496599,
      13.862312925170068,
      14.257052154195012,
      14.651791383219955,
      15.046530612244897,
      15.441269841269841,
      15.836009070294784,
      16.23074829931973,
      16.648707482993196,
      17.04344671201814,
      17.438185941043084,
      17.832925170068027,
      18.22766439909297,
      18.64562358276644,
      19.040362811791383,
      19.458321995464853,
      19.87628117913832,
      20.271020408163267,
      20.66575963718821,
      21.060498866213152,
      21.478458049886623,
      21.89641723356009,
      22.291156462585032,
      22.68589569160998,
      23.08063492063492,
      23.49859410430839,
      23.893333333333334,
      24.288072562358277,
      24.68281179138322,
      25.077551020408162,
      25.44907029478458,
      25.843809523809522,
      26.21532879818594,
      26.610068027210886,
      27.00480725623583,
      27.39954648526077,
      27.794285714285714,
      28.189024943310656,
      28.583764172335602,
      28.978503401360545,
      29.350022675736962
    ],
    "onset_times": [
      0.13931972789115646,
      0.18575963718820862,
      0.3250793650793651,
      0.6733786848072563,
      1.2770975056689342,
      1.486077097505669,
      1.8808163265306121,
      2.2755555555555556,
      2.5309750566893423,
      2.716734693877551,
      2.7631746031746034,
      2.9257142857142857,
      3.0650340136054424,
      3.4597732426303853,
      3.7848526077097504,
      3.947392290249433,
      4.295691609977324,
      4.527891156462585,
      4.96907029478458,
      5.085170068027211,
      5.456689342403628,
      5.851428571428571,
      6.106848072562358,
      6.6873469387755105,
      7.058866213151927,
      7.662585034013605,
      7.87156462585034,
      8.266303854875284,
      8.661043083900227,
      8.870022675736962,
      9.05578231292517,
      9.496961451247165,
      10.24,
      10.843718820861678,
      11.052698412698414,
      11.261678004535147,
      11.470657596371883,
      11.517097505668934,
      11.72607709750567,
      11.865396825396825,
      12.07437641723356,
      12.26013605442177,
      12.422675736961452,
      12.469115646258503,
      12.654875283446712,
      12.910294784580499,
      13.096054421768708,
      13.305034013605443,
      13.722993197278912,
      14.048072562358277,
      14.767891156462586,
      15.023310657596372,
      15.27873015873016,
      15.534149659863946,
      15.696689342403628,
      15.952108843537415,
      16.207528344671204,
      16.50938775510204,
      16.648707482993196,
      17.04344671201814,
      17.29886621315193,
      17.39174603174603,
      17.856145124716555,
      18.204444444444444,
      18.3437641723356,
      18.622403628117915,
      18.83138321995465,
      19.017142857142858,
      19.29578231292517,
      19.458321995464853,
      19.71374149659864,
      19.853061224489796,
      20.131700680272107,
      20.271020408163267,
      20.456780045351476,
      20.712199546485262,
      21.037278911564627,
      21.455238095238094,
      21.687437641723356,
      21.873197278911565,
      22.151836734693877,
      22.267936507936508,
      22.569795918367348,
      23.08063492063492,
      23.475374149659864,
      23.661133786848072,
      23.870113378684806,
      24.055873015873015,
      24.264852607709752,
      24.659591836734695,
      24.86857142857143,
      25.054331065759637,
      25.240090702947846,
      25.44907029478458,
      25.63482993197279,
      25.820589569160997,
      26.192108843537415,
      26.610068027210886,
      26.772607709750567,
      26.9815873015873,
      27.190566893424037,
      27.376326530612246,
      27.77106575963719,
      27.980045351473922,
      28.16580498866213,
      28.35156462585034,
      28.560544217687074,
      28.76952380952381,
      28.955283446712016,
      29.350022675736962
    ],
    "rhythm_regularity": 0.9637175680159387,
    "syncopation_index": 0.4,
    "beat_count": 74,
    "onset_count": 110
  },
  "harmony": {
    "chroma_mean": [
      0.19100633263587952,
      0.3073679208755493,
      0.23701170086860657,
      0.19773262739181519,
      0.6626133322715759,
      0.19623704254627228,
      0.3975268304347992,
      0.43343809247016907,
      0.25139105319976807,
      0.7466434240341187,
      0.18091601133346558,
      0.2813810110092163
    ],
    "chroma_std": [
      0.14674100279808044,
      0.21897216141223907,
      0.22492612898349762,
      0.12216592580080032,
      0.26431068778038025,
      0.12870387732982635,
      0.31770798563957214,
      0.38113436102867126,
      0.14234215021133423,
      0.2555426061153412,
      0.1206333115696907,
      0.16259156167507172
    ],
    "key_estimation": {
      "key": "C_major",
      "confidence": 0.17438053055608538
    },
    "tonal_complexity": 0.180935338139534
  },
  "quality": {
    "snr_db": 33.350480950404176,
    "dynamic_range_db": 15.354820121372112,