{
  "meta": {
    "path": "../../data/raw/MIREX-like_mood/dataset/Audio/325.mp3",
    "file_hash": "0614715b8b3a31999aed62444f42995b5f915d01",
    "duration_sec": 29.72154195011338,
    "sample_rate": 22050,
    "analysis_timestamp": "2025-10-24T20:10:42.340590",
    "config": {
      "sr": 22050,
      "n_fft": 2048,
      "hop_length": 512,
      "n_mels": 128,
      "n_mfcc": 13,
      "n_chroma": 12,
      "frame_length": 2048,
      "workers": 4,
      "use_crepe": false,
      "save_matrices": false,
      "save_plots": true,
      "force": true,
      "quick": false,
      "verbose": false
    },
    "processing_time_sec": 2.9594078063964844
  },
  "acoustic": {
    "mfcc_mean": [
      -107.44369506835938,
      104.51959228515625,
      -20.023099899291992,
      35.74800109863281,
      -0.3254093527793884,
      0.7292405962944031,
      10.625116348266602,
      -3.325402021408081,
      -2.4531586170196533,
      9.000496864318848,
      -6.068240642547607,
      10.059515953063965,
      -4.827733993530273
    ],
    "mfcc_std": [
      91.60340881347656,
      36.539955139160156,
      32.334014892578125,
      18.86960220336914,
      14.45401382446289,
      18.89777374267578,
      16.047412872314453,
      13.46135139465332,
      8.776674270629883,
      8.783384323120117,
      11.654255867004395,
      9.559306144714355,
      9.355960845947266
    ],
    "spectral_centroid_mean": 2051.632939472809,
    "spectral_centroid_std": 687.2054164757867,
    "spectral_bandwidth_mean": 2063.3476476615883,
    "spectral_bandwidth_std": 465.8861093020419,
    "spectral_rolloff_mean": 3993.3333600153687,
    "spectral_rolloff_std": 1415.7595598074847,
    "spectral_flux_mean": 3411.639892578125,
    "spectral_flux_std": 3146.90234375,
    "spectral_flatness_mean": 0.010515829548239708,
    "spectral_flatness_std": 0.03340189531445503,
    "spectral_slope_mean": -0.0004884848533448938,
    "spectral_spread_mean": 2063.3476474991585,
    "spectral_skewness_mean": 1.7343925980724455,
    "spectral_kurtosis_mean": 6.7820460244387375
  },
  "rhythm": {
    "tempo_bpm": 123.046875,
    "tempo_confidence": 0.9833100020102485,
    "beat_positions": [
      0.5804988662131519,
      1.0448979591836736,
      1.5325170068027212,
      2.020136054421769,
      2.5541950113378684,
      3.01859410430839,
      3.5294331065759637,
      4.017052154195011,
      4.504671201814059,
      4.96907029478458,
      5.456689342403628,
      5.944308390022676,
      6.3854875283446715,
      6.873106575963718,
      7.360725623582766,
      7.87156462585034,
      8.335963718820862,
      8.823582766439909,
      9.311201814058958,
      9.775600907029478,
      10.263219954648527,
      10.727619047619047,
      11.215238095238096,
      11.679637188208616,
      12.144036281179138,
      12.631655328798185,
      13.119274376417234,
      13.606893424036281,
      14.117732426303855,
      14.582131519274377,
      15.069750566893424,
      15.557369614512472,
      16.04498866213152,
      16.50938775510204,
      16.99700680272109,
      17.484625850340137,
      17.972244897959182,
      18.45986394557823,
      18.92426303854875,
      19.4118820861678,
      19.89950113378685,
      20.340680272108845,
      20.82829931972789,
      21.292698412698414,
      21.78031746031746,
      22.244716553287983,
      22.709115646258503,
      23.196734693877552,
      23.684353741496597,
      24.125532879818593,
      24.61315192743764,
      25.077551020408162,
      25.56517006802721,
      26.02956916099773,
      26.493968253968255,
      26.9815873015873,
      27.46920634920635,
      27.93360544217687,
      28.398004535147393,
      28.862403628117914
    ],
    "onset_times": [
      0.13931972789115646,
      0.5572789115646258,
      1.0216780045351475,
      1.9969160997732427,
      2.36843537414966,
      2.5309750566893423,
      3.01859410430839,
      3.8312925170068026,
      3.9938321995464854,
      4.481451247165533,
      4.9458503401360545,
      5.317369614512471,
      5.7817687074829935,
      5.944308390022676,
      6.3854875283446715,
      6.873106575963718,
      7.685804988662132,
      7.848344671201814,
      8.312743764172335,
      8.800362811791382,
      9.125442176870749,
      9.775600907029478,
      10.054240362811791,
      10.263219954648527,
      10.704399092970522,
      11.517097505668934,
      11.656417233560092,
      12.004716553287983,
      12.120816326530612,
      12.60843537414966,
      12.956734693877552,
      13.421133786848072,
      13.606893424036281,
      14.117732426303855,
      14.55891156462585,
      15.371609977324264,
      15.557369614512472,
      16.021768707482995,
      16.50938775510204,
      16.834467120181404,
      16.99700680272109,
      17.29886621315193,
      17.972244897959182,
      18.436643990929706,
      19.22612244897959,
      19.388662131519276,
      19.89950113378685,
      20.201360544217685,
      20.340680272108845,
      20.66575963718821,
      20.82829931972789,
      21.292698412698414,
      21.61777777777778,
      21.757097505668934,
      22.058956916099774,
      22.221496598639455,
      22.569795918367348,
      22.709115646258503,
      23.034195011337868,
      23.173514739229024,
      23.661133786848072,
      23.962993197278912,
      24.125532879818593,
      24.473832199546486,
      24.938231292517006,
      25.054331065759637,
      25.541950113378686,
      25.86702947845805,
      26.006349206349206,
      26.9815873015873,
      27.910385487528345,
      28.398004535147393,
      28.723083900226758,
      28.862403628117914,
      29.326802721088434,
      29.675102040816327
    ],
    "rhythm_regularity": 0.9645913651020562,
    "syncopation_index": 0.3815789473684211,
    "beat_count": 60,
    "onset_count": 76
  },
  "harmony": {
    "chroma_mean": [
      0.258853018283844,
      0.2807924449443817,
      0.6218244433403015,
      0.3836003243923187,
      0.48297110199928284,
      0.31806161999702454,
      0.5675435662269592,
      0.3468092083930969,
      0.3152513802051544,
      0.55580735206604,
      0.3113541007041931,
      0.3168576657772064
    ],
    "chroma_std": [
      0.1785670816898346,
      0.15647146105766296,
      0.3285304009914398,
      0.1769687682390213,
      0.27975770831108093,
      0.1958775669336319,
      0.27773284912109375,
      0.22192832827568054,
      0.19357964396476746,
      0.34110185503959656,
      0.17402014136314392,
      0.2595612108707428
    ],
    "key_estimation": {
      "key": "C_major",
      "confidence": -0.10317913238266568
    },
    "tonal_complexity": 0.12048512697219849
  },
  "quality": {
    "snr_db": 35.397999373327295,
    "dynamic_range_db": 18.651770157712086,
    "rms_energy": 0.15630309283733368,
    "zero_crossing_rate": 0.10806834260343481
  },
  "lyrics": {
    "word_count": 179,
    "unique_word_count": 59,
    "sentence_count": 1,
    "avg_words_per_sentence": 179.0,
    "readability": null,
    "sentiment_analysis": null,
    "topic_keywords": [
      "the",
      "Goin'",
      "And",
      "we're",
      "chapel",
      "gonna",
      "get",
      "ma-a-arried",
      "love",
      "yeah,"
    ],
    "repetition_analysis": {
      "repetition_ratio": 0.6703910614525139,
      "most_common_words": [
        [
          "the",
          12
        ],
        [
          "Goin'",
          11
        ],
        [
          "And",
          11
        ],
        [
          "we're",
          11
        ],
        [
          "chapel",
          10
        ]
      ]
    }
  }
}