{
  "chroma_mean": [
    0.5662845373153687,
    0.4024890959262848,
    0.5245938301086426,
    0.35602280497550964,
    0.4450100064277649,
    0.4537871479988098,
    0.45093271136283875,
    0.6432351469993591,
    0.35259726643562317,
    0.38098111748695374,
    0.43103599548339844,
    0.528303861618042
  ],
  "chroma_std": [
    0.27610376477241516,
    0.21617330610752106,
    0.2941054701805115,
    0.20625482499599457,
    0.26669639348983765,
    0.25613319873809814,
    0.2379530966281891,
    0.29210108518600464,
    0.18137739598751068,
    0.22390352189540863,
    0.23435252904891968,
    0.271549791097641
  ],
  "key_estimation": {
    "key": "C_major",
    "confidence": 0.6963457410758485
  },
  "tonal_complexity": 0.08503547310829163
}