{
  "meta": {
    "path": "../../data/raw/CSD/english/wav/en014b.wav",
    "file_hash": "d02161c453496528901418fccdad1c21b00423e1",
    "duration_sec": 109.89473922902495,
    "sample_rate": 22050,
    "analysis_timestamp": "2025-10-24T19:14:11.456605",
    "config": {
      "sr": 22050,
      "n_fft": 2048,
      "hop_length": 512,
      "n_mels": 128,
      "n_mfcc": 13,
      "n_chroma": 12,
      "frame_length": 2048,
      "workers": 4,
      "use_crepe": false,
      "save_matrices": false,
      "save_plots": true,
      "force": true,
      "quick": false,
      "verbose": false
    },
    "processing_time_sec": 10.518531560897827
  },
  "acoustic": {
    "mfcc_mean": [
      -264.7055358886719,
      38.79582214355469,
      -5.222105026245117,
      11.962140083312988,
      -6.642091274261475,
      -12.368607521057129,
      4.212981224060059,
      -1.8066550493240356,
      -7.318849086761475,
      7.641671657562256,
      -16.969453811645508,
      -3.60748291015625,
      -8.637750625610352
    ],
    "mfcc_std": [
      109.65421295166016,
      36.20344924926758,
      27.593875885009766,
      27.768062591552734,
      16.925689697265625,
      19.552942276000977,
      13.486804008483887,
      13.164351463317871,
      14.816400527954102,
      11.75419807434082,
      12.811589241027832,
      9.590967178344727,
      10.732491493225098
    ],
    "spectral_centroid_mean": 2763.17589854036,
    "spectral_centroid_std": 1402.4284675152483,
    "spectral_bandwidth_mean": 2568.238187590481,
    "spectral_bandwidth_std": 436.213764120801,
    "spectral_rolloff_mean": 5398.992312536314,
    "spectral_rolloff_std": 2218.2855741509734,
    "spectral_flux_mean": 2448.4951171875,
    "spectral_flux_std": 5155.8623046875,
    "spectral_flatness_mean": 0.08238870650529861,
    "spectral_flatness_std": 0.1604078710079193,
    "spectral_slope_mean": -0.0002135988897244098,
    "spectral_spread_mean": 2568.238186732445,
    "spectral_skewness_mean": 1.4056081606508408,
    "spectral_kurtosis_mean": 5.110517322725151
  },
  "rhythm": {
    "tempo_bpm": 89.10290948275862,
    "tempo_confidence": 0.9557280442276194,
    "beat_positions": [
      0.5572789115646258,
      1.2770975056689342,
      1.9272562358276644,
      2.6006349206349206,
      3.274013605442177,
      3.9706122448979593,
      4.6439909297052155,
      5.479909297052155,
      6.292607709750567,
      6.942766439909297,
      7.616145124716553,
      8.243083900226758,
      8.870022675736962,
      9.520181405895691,
      10.12390022675737,
      10.750839002267574,
      11.354557823129252,
      11.95827664399093,
      12.654875283446712,
      13.305034013605443,
      13.908752834467121,
      14.55891156462585,
      15.209070294784581,
      15.905668934240364,
      16.416507936507937,
      17.066666666666666,
      17.740045351473924,
      18.413424036281178,
      19.040362811791383,
      19.644081632653062,
      20.224580498866214,
      20.805079365079365,
      21.455238095238094,
      22.058956916099774,
      22.6162358276644,
      23.312834467120183,
      24.009433106575965,
      24.636371882086166,
      25.309750566893424,
      25.890249433106575,
      26.586848072562358,
      27.190566893424037,
      27.817505668934242,
      28.421224489795918,
      29.071383219954647,
      29.698321995464852,
      30.34848072562358,
      30.975419501133786,
      31.60235827664399,
      32.20607709750567,
      32.8562358276644,
      33.50639455782313,
      34.13333333333333,
      34.76027210884354,
      35.38721088435374,
      36.014149659863946,
      36.664308390022676,
      37.314467120181405,
      37.94140589569161,
      38.59156462585034,
      39.24172335600907,
      39.77578231292517,
      40.4259410430839,
      41.05287981859411,
      41.61015873015873,
      42.30675736961451,
      42.98013605442177,
      43.6302947845805,
      44.30367346938775,
      44.977052154195015,
      45.65043083900227,
      46.32380952380952,
      47.02040816326531,
      47.71700680272109,
      48.41360544217687,
      49.11020408163265,
      49.783582766439906,
      50.45696145124717,
      51.13034013605442,
      51.803718820861675,
      52.47709750566894,
      53.15047619047619,
      53.823854875283445,
      54.497233560090706,
      55.17061224489796,
      55.843990929705214,
      56.517369614512475,
      57.19074829931973,
      57.86412698412698,
      58.53750566893424,
      59.2108843537415,
      59.88426303854875,
      60.55764172335601,
      61.23102040816327,
      61.881179138322,
      62.577777777777776,
      63.181496598639455,
      63.785215419501135,
      64.43537414965986,
      65.10875283446713,
      65.68925170068027,
      66.36263038548753,
      66.96634920634921,
      67.5932879818594,
      68.22022675736962,
      68.80072562358276,
      69.40444444444445,
      70.10104308390022,
      70.72798185941043,
      71.35492063492063,
      71.95863945578232,
      72.60879818594104,
      73.25895691609978,
      73.86267573696145,
      74.48961451247166,
      75.16299319727891,
      75.7667120181406,
      76.39365079365079,
      77.04380952380953,
      77.6475283446712,
      78.32090702947846,
      78.97106575963718,
      79.57478458049887,
      80.15528344671202,
      80.8518820861678,
      81.50204081632653,
      82.10575963718821,
      82.70947845804989,
      83.40607709750567,
      84.17233560090703,
      84.91537414965987,
      85.68163265306123,
      86.42467120181406,
      87.09804988662131,
      87.7946485260771,
      88.46802721088436,
      89.07174603174603,
      89.6754648526077,
      90.34884353741496,
      90.9990022675737,
      91.69560090702947,
      92.25287981859411,
      92.85659863945578,
      93.50675736961452,
      94.15691609977324,
      94.80707482993198,
      95.48045351473922,
      96.03773242630386,
      96.66467120181406,
      97.3148299319728,
      97.98820861678004,
      98.59192743764173,
      99.1956462585034,
      99.79936507936507,
      100.37986394557824,
      101.05324263038548,
      101.6801814058957,
      102.26068027210884,
      102.91083900226758,
      103.58421768707483,
      104.25759637188209
    ],