{
  "tempo_bpm": 135.99917763157896,
  "tempo_confidence": 0.9715295466632611,
  "beat_positions": [
    0.16253968253968254,
    0.603718820861678,
    1.0448979591836736,
    1.486077097505669,
    1.9040362811791383,
    2.345215419501134,
    2.8560544217687074,
    3.297233560090703,
    3.7384126984126986,
    4.2260317460317465,
    4.713650793650793,
    5.154829931972789,
    5.596009070294785,
    6.060408163265306,
    6.524807256235827,
    6.989206349206349,
    7.453605442176871,
    7.918004535147392,
    8.382403628117913,
    8.93968253968254,
    9.404081632653062,
    9.868480725623582,
    10.309659863945578,
    10.750839002267574,
    11.19201814058957,
    11.586757369614512,
    12.004716553287983,
    12.469115646258503,
    12.933514739229025,
    13.397913832199546,
    13.815873015873017,
    14.257052154195012,
    14.721451247165533,
    15.185850340136055,
    15.62702947845805,
    16.068208616780044,
    16.50938775510204,
    16.950566893424035,
    17.438185941043084,
    17.902585034013605,
    18.320544217687075,
    18.808163265306124,
    19.249342403628116,
    19.690521541950112,
    20.131700680272107,
    20.54965986394558,
    20.990839002267574,
    21.478458049886623,
    21.942857142857143,
    22.407256235827663,
    22.84843537414966,
    23.405714285714286,
    23.870113378684806,
    24.3112925170068,
    24.752471655328797,
    25.193650793650793,
    25.63482993197279,
    26.076009070294784,
    26.540408163265305,
    27.00480725623583,
    27.39954648526077,
    27.794285714285714,
    28.212244897959184,
    28.65342403628118,
    29.094603174603176
  ],
  "onset_times": [
    0.13931972789115646,
    0.2786394557823129,
    0.603718820861678,
    1.1377777777777778,
    1.4628571428571429,
    1.8808163265306121,
    2.066575963718821,
    2.3219954648526078,
    2.8328344671201813,
    3.274013605442177,
    3.622312925170068,
    4.713650793650793,
    5.108390022675737,
    5.154829931972789,
    5.572789115646258,
    6.15328798185941,
    6.501587301587302,
    7.128526077097506,
    7.546485260770975,
    7.894784580498866,
    8.335963718820862,
    8.382403628117913,
    8.93968253968254,
    9.404081632653062,
    9.729160997732427,
    10.170340136054422,
    10.611519274376418,
    10.750839002267574,
    11.19201814058957,
    11.563537414965987,
    11.981496598639456,
    12.585215419501134,
    13.397913832199546,
    13.815873015873017,
    14.233832199546486,
    14.396371882086168,
    14.721451247165533,
    15.000090702947846,
    15.348390022675737,
    15.557369614512472,
    15.719909297052155,
    15.975328798185942,
    16.16108843537415,
    16.50938775510204,
    16.92734693877551,
    17.438185941043084,
    17.902585034013605,
    18.297324263038547,
    18.622403628117915,
    18.808163265306124,
    19.086802721088436,
    19.22612244897959,
    19.82984126984127,
    20.131700680272107,
    20.526439909297054,
    21.478458049886623,
    22.01251700680272,
    22.360816326530614,
    22.801995464852606,
    23.405714285714286,
    23.870113378684806,
    24.19519274376417,
    24.61315192743764,
    25.054331065759637,
    25.193650793650793,
    25.611609977324264,
    26.354648526077096,
    27.00480725623583,
    27.445986394557824,
    27.77106575963719,
    28.189024943310656,
    28.63020408163265,
    28.81596371882086,
    29.094603174603176,
    29.41968253968254,
    29.53578231292517,
    29.72154195011338
  ],
  "rhythm_regularity": 0.9351755360953171,
  "syncopation_index": 0.2857142857142857,
  "beat_count": 65,
  "onset_count": 77
}