{
  "tempo_bpm": 95.703125,
  "tempo_confidence": 0.9656648779625671,
  "beat_positions": [
    1.8343764172335602,
    2.4380952380952383,
    2.948934240362812,
    3.4597732426303853,
    4.08671201814059,
    4.713650793650793,
    5.340589569160998,
    5.9675283446712015,
    6.5712471655328795,
    7.174965986394557,
    7.801904761904762,
    8.428843537414966,
    9.05578231292517,
    9.682721088435374,
    10.309659863945578,
    10.913378684807256,
    11.517097505668934,
    12.097596371882085,
    12.770975056689343,
    13.444353741496599,
    14.071292517006803,
    14.744671201814059,
    15.464489795918368,
    16.16108843537415,
    16.904126984126986,
    17.507845804988662,
    18.134784580498867,
    18.738503401360543,
    19.388662131519276,
    19.99238095238095,
    20.64253968253968,
    21.292698412698414,
    21.91963718820862,
    22.453696145124717,
    23.057414965986396,
    23.684353741496597,
    24.33451247165533,
    24.98467120181406,
    25.63482993197279,
    26.284988662131518,
    26.911927437641722,
    27.538866213151927,
    28.16580498866213,
    28.792743764172336,
    29.396462585034012,
    30.023401360544216,
    30.65034013605442,
    31.30049886621315,
    31.950657596371883,
    32.507936507936506,
    33.111655328798186,
    33.69215419501134,
    34.319092970521545,
    34.969251700680275,
    35.619410430839004,
    36.26956916099773,
    36.89650793650794,
    37.52344671201814,
    38.15038548752835,
    38.800544217687076,
    39.47392290249433,
    40.100861678004534,
    40.72780045351474,
    41.35473922902494,
    41.98167800453515,
    42.53895691609977,
    43.0962358276644,
    43.74639455782313,
    44.35011337868481,
    44.977052154195015,
    45.60399092970521,
    46.20770975056689,
    46.85786848072562,
    47.50802721088435,
    48.11174603174603,
    48.71546485260771,
    49.342403628117914,
    49.99256235827664,
    50.59628117913832,
    51.22321995464853,
    51.89659863945578,
    52.523537414965986,
    53.15047619047619,
    53.75419501133787,
    54.4043537414966,
    55.00807256235828,
    55.61179138321995,
    56.21551020408163,
    56.86566893424036,
    57.51582766439909,
    58.142766439909295,
    58.72326530612245,
    59.32698412698413,
    59.90748299319728,
    60.48798185941043,
    61.207800453514736,
    61.881179138322,
    62.5081179138322,
    63.135056689342406,
    63.76199546485261,
    64.38893424036281,
    64.99265306122449,
    65.6195918367347,
    66.2465306122449,
    66.87346938775511,
    67.5004081632653,
    68.10412698412698,
    68.73106575963719,
    69.33478458049886,
    69.91528344671202,
    70.5190022675737,
    71.21560090702948
  ],
  "onset_times": [
    1.8343764172335602,
    2.4380952380952383,
    3.436553287981859,
    3.7848526077097504,
    3.9938321995464854,
    4.08671201814059,
    4.388571428571429,
    4.713650793650793,
    5.061950113378685,
    6.315827664399093,
    7.082086167800454,
    7.151746031746032,
    7.500045351473923,
    8.428843537414966,
    8.684263038548753,
    9.380861678004536,
    10.00780045351474,
    11.935056689342403,
    12.097596371882085,
    12.515555555555556,
    13.444353741496599,
    13.79265306122449,
    14.071292517006803,
    14.419591836734694,
    14.721451247165533,
    15.09297052154195,
    16.23074829931973,
    16.579047619047618,
    16.648707482993196,
    16.718367346938777,
    16.904126984126986,
    17.066666666666666,
    17.205986394557822,
    17.484625850340137,
    18.11156462585034,
    18.715283446712018,
    19.365442176870747,
    19.99238095238095,
    21.91963718820862,
    22.430476190476192,
    23.38249433106576,
    23.661133786848072,
    24.079092970521543,
    24.404172335600908,
    24.729251700680273,
    24.98467120181406,
    25.10077097505669,
    27.051247165532878,
    27.515646258503402,
    28.374784580498865,
    28.46766439909297,
    28.76952380952381,
    29.396462585034012,
    29.675102040816327,
    30.023401360544216,
    32.066757369614514,
    32.46149659863946,
    32.507936507936506,
    33.32063492063492,
    34.06367346938776,
    34.319092970521545,
    34.66739229024943,
    34.853151927437644,
    34.9924716553288,
    36.24634920634921,
    37.05904761904762,
    37.52344671201814,
    38.15038548752835,
    38.684444444444445,
    38.800544217687076,
    40.054421768707485,
    41.98167800453515,
    42.53895691609977,
    42.72471655328798,
    42.956916099773245,
    43.0962358276644,
    43.490975056689344,
    43.74639455782313,
    43.95537414965986,
    44.1643537414966,
    44.35011337868481,
    44.76807256235828,
    44.977052154195015,
    45.186031746031745,
    45.41823129251701,
    45.60399092970521,
    45.952290249433105,
    46.85786848072562,
    47.04362811791383,
    47.484807256235825,
    47.71700680272109,
    47.925986394557825,
    48.11174603174603,
    48.50648526077097,
    48.71546485260771,
    48.901224489795915,
    49.179863945578234,
    49.342403628117914,
    49.783582766439906,
    49.99256235827664,
    50.178321995464856,
    50.41052154195011,
    50.59628117913832,
    50.944580498866216,
    51.2928798185941,
    51.641179138321995,
    51.78049886621315,
    51.89659863945578,
    52.03591836734694,
    52.291337868480724,
    52.523537414965986,
    52.964716553287985,
    53.127256235827666,
    53.63809523809524,
    53.75419501133787,
    53.8702947845805,
    54.102494331065756,
    54.4043537414966,
    54.82231292517007,
    54.9384126984127,
    55.00807256235828,
    55.12417233560091,
    55.28671201814059,
    55.49569160997732,
    55.61179138321995,
    56.19229024943311,
    56.540589569161,
    56.842448979591836,
    57.14430839002267,
    57.330068027210885,
    57.492607709750565,
    57.980226757369614,
    58.142766439909295,
    58.51428571428571,
    58.700045351473925,
    59.7449433106576,
    59.88426303854875,
    60.00036281179138,
    60.162902494331064,
    60.46476190476191,
    60.929160997732424,
    61.18458049886621,
    61.74185941043084,
    61.881179138322,
    62.02049886621315,
    62.299138321995464,
    62.48489795918368,
    62.94929705215419,
    63.111836734693874,
    63.59945578231292,
    63.73877551020408,
    63.901315192743766,
    64.38893424036281,
    64.80689342403628,
    64.99265306122449,
    65.29451247165532,
    65.59637188208617,
    66.22331065759637,
    66.57160997732426,
    66.87346938775511,
    67.17532879818594,
    67.5004081632653,
    68.10412698412698,
    68.45242630385488,
    68.73106575963719,
    69.70630385487529,
    69.91528344671202,
    70.00816326530612,
    70.19392290249434,
    70.37968253968253,
    70.49578231292517,
    70.63510204081632,
    70.91374149659863,
    71.21560090702948,
    72.00507936507937
  ],
  "rhythm_regularity": 0.9431156005051595,
  "syncopation_index": 0.5085714285714286,
  "beat_count": 112,
  "onset_count": 175
}