{
  "chroma_mean": [
    0.21209831535816193,
    0.30894365906715393,
    0.5449568629264832,
    0.31978264451026917,
    0.47046467661857605,
    0.3685210049152374,
    0.4106442332267761,
    0.5227863788604736,
    0.2914917767047882,
    0.5494574904441833,
    0.25498470664024353,
    0.24024108052253723
  ],
  "chroma_std": [
    0.08891753852367401,
    0.1987285017967224,
    0.33752721548080444,
    0.1407901495695114,
    0.25797733664512634,
    0.16998301446437836,
    0.23236699402332306,
    0.33142974972724915,
    0.12802653014659882,
    0.31841617822647095,
    0.1185770332813263,
    0.10723209381103516
  ],
  "key_estimation": {
    "key": "C_major",
    "confidence": 0.1828792101217485
  },
  "tonal_complexity": 0.11728581041097641
}