{
  "mfcc_mean": [
    -125.68344116210938,
    53.287715911865234,
    18.75425910949707,
    1.946507453918457,
    1.7942801713943481,
    14.317068099975586,
    -2.5872702598571777,
    10.586142539978027,
    -0.9159143567085266,
    6.792586803436279,
    3.6533806324005127,
    8.757104873657227,
    3.701369285583496
  ],
  "mfcc_std": [
    86.27083587646484,
    32.56416320800781,
    29.94051742553711,
    25.50695037841797,
    20.766582489013672,
    17.0015926361084,
    14.947400093078613,
    13.898613929748535,
    12.38408088684082,
    12.174047470092773,
    11.58084774017334,
    10.610146522521973,
    9.834024429321289
  ],
  "spectral_centroid_mean": 3364.052548599391,
  "spectral_centroid_std": 1115.694682480046,
  "spectral_bandwidth_mean": 3063.927719103061,
  "spectral_bandwidth_std": 403.08583181714687,
  "spectral_rolloff_mean": 7242.350794057377,
  "spectral_rolloff_std": 1546.8364394902505,
  "spectral_flux_mean": 4194.02392578125,
  "spectral_flux_std": 5070.5791015625,
  "spectral_flatness_mean": 0.04625828191637993,
  "spectral_flatness_std": 0.05828071013092995,
  "spectral_slope_mean": -0.00021564597256085253,
  "spectral_spread_mean": 3063.927715675732,
  "spectral_skewness_mean": 0.7544049641993681,
  "spectral_kurtosis_mean": 2.6873693105616083
}