{
  "chroma_mean": [
    0.3197483420372009,
    0.4844425320625305,
    0.25208476185798645,
    0.27103352546691895,
    0.21453411877155304,
    0.42905208468437195,
    0.42311838269233704,
    0.3001275360584259,
    0.5191526412963867,
    0.34686383605003357,
    0.4976123869419098,
    0.21608902513980865
  ],
  "chroma_std": [
    0.25148382782936096,
    0.3350631296634674,
    0.14574262499809265,
    0.21036365628242493,
    0.1507507711648941,
    0.2419033944606781,
    0.36390361189842224,
    0.19200412929058075,
    0.3041945993900299,
    0.17453506588935852,
    0.3373784124851227,
    0.14068599045276642
  ],
  "key_estimation": {
    "key": "C_minor",
    "confidence": -0.180625095246665
  },
  "tonal_complexity": 0.1061195358633995
}