{
  "meta": {
    "path": "../../data/raw/MIREX-like_mood/dataset/Audio/111.mp3",
    "file_hash": "afc6aa4a5aad2866cdcd0447bba3266ed5152b55",
    "duration_sec": 29.675102040816327,
    "sample_rate": 22050,
    "analysis_timestamp": "2025-10-24T20:12:39.389526",
    "config": {
      "sr": 22050,
      "n_fft": 2048,
      "hop_length": 512,
      "n_mels": 128,
      "n_mfcc": 13,
      "n_chroma": 12,
      "frame_length": 2048,
      "workers": 4,
      "use_crepe": false,
      "save_matrices": false,
      "save_plots": true,
      "force": true,
      "quick": false,
      "verbose": false
    },
    "processing_time_sec": 2.494976043701172
  },
  "acoustic": {
    "mfcc_mean": [
      -45.470062255859375,
      52.87458419799805,
      -24.99074363708496,
      11.822915077209473,
      -7.490149021148682,
      3.524294853210449,
      -10.120534896850586,
      4.915031433105469,
      -9.101353645324707,
      2.665856122970581,
      -2.341888427734375,
      -0.32071489095687866,
      -4.533608436584473
    ],
    "mfcc_std": [
      64.90404510498047,
      20.37383460998535,
      18.94609832763672,
      21.622112274169922,
      11.847745895385742,
      9.067693710327148,
      13.578585624694824,
      9.455370903015137,
      11.350666046142578,
      7.456382751464844,
      9.121057510375977,
      7.782009124755859,
      8.60310173034668
    ],
    "spectral_centroid_mean": 3212.6392238518815,
    "spectral_centroid_std": 597.3154156478302,
    "spectral_bandwidth_mean": 2612.3089542793086,
    "spectral_bandwidth_std": 263.996067716887,
    "spectral_rolloff_mean": 6288.949592119087,
    "spectral_rolloff_std": 982.3998170284273,
    "spectral_flux_mean": 3899.079833984375,
    "spectral_flux_std": 2950.093017578125,
    "spectral_flatness_mean": 0.06682495772838593,
    "spectral_flatness_std": 0.059425052255392075,
    "spectral_slope_mean": -0.00034569322691316816,
    "spectral_spread_mean": 2612.308955223011,
    "spectral_skewness_mean": 0.8859639150993478,
    "spectral_kurtosis_mean": 3.018253043923722
  },
  "rhythm": {
    "tempo_bpm": 60.09265988372093,
    "tempo_confidence": 0.9446260285777698,
    "beat_positions": [
      0.18575963718820862,
      1.3699773242630386,
      2.36843537414966,
      3.320453514739229,
      4.272471655328798,
      5.270929705215419,
      6.246167800453515,
      7.198185941043084,
      8.17342403628118,
      9.218321995464853,
      10.193560090702947,
      11.19201814058957,
      12.213696145124716,
      13.212154195011339,
      14.210612244897959,
      15.209070294784581,
      16.207528344671204,
      17.22920634920635,
      18.204444444444444,
      19.202902494331067,
      20.201360544217685,
      21.176598639455783,
      22.175056689342405,
      23.1502947845805,
      24.14875283446712,
      25.14721088435374,
      26.145668934240362,
      27.144126984126984,
      28.11936507936508,
      28.88562358276644
    ],
    "onset_times": [
      0.13931972789115646,
      0.37151927437641724,
      0.6501587301587302,
      0.8823582766439909,
      1.1377777777777778,
      1.3467573696145125,
      1.8575963718820863,
      2.1130158730158732,
      2.345215419501134,
      2.6006349206349206,
      2.8560544217687074,
      3.0882539682539685,
      3.320453514739229,
      3.5526530612244898,
      3.8080725623582765,
      4.272471655328798,
      4.760090702947846,
      5.038730158730159,
      5.270929705215419,
      5.526349206349207,
      5.758548752834467,
      6.013968253968254,
      6.130068027210885,
      6.246167800453515,
      6.455147392290249,
      6.826666666666667,
      6.942766439909297,
      7.174965986394557,
      7.291065759637188,
      7.4071655328798185,
      7.523265306122449,
      7.87156462585034,
      8.150204081632653,
      8.962902494331066,
      9.195102040816327,
      9.868480725623582,
      9.961360544217687,
      10.193560090702947,
      11.168798185941043,
      11.702857142857143,
      11.888616780045352,
      12.19047619047619,
      12.469115646258503,
      13.188934240362812,
      13.722993197278912,
      13.955192743764172,
      14.187392290249432,
      15.209070294784581,
      15.719909297052155,
      15.952108843537415,
      16.207528344671204,
      17.020226757369613,
      17.205986394557822,
      17.740045351473924,
      17.925804988662133,
      18.204444444444444,
      19.156462585034014,
      19.202902494331067,
      19.89950113378685,
      19.9459410430839,
      20.17814058956916,
      20.688979591836734,
      20.874739229024943,
      21.153378684807254,
      21.408798185941045,
      21.687437641723356,
      21.91963718820862,
      22.175056689342405,
      22.639455782312925,
      23.1502947845805,
      23.637913832199548,
      24.125532879818593,
      25.123990929705215,
      25.658049886621317,
      25.93668934240363,
      26.122448979591837,
      26.40108843537415,
      27.12090702947846,
      27.376326530612246,
      27.631746031746033,
      28.096145124716553,
      28.16580498866213,
      29.141043083900225,
      29.675102040816327
    ],
    "rhythm_regularity": 0.9407669734054267,
    "syncopation_index": 0.6190476190476191,
    "beat_count": 30,
    "onset_count": 84
  },
  "harmony": {
    "chroma_mean": [
      0.3841795027256012,
      0.45447880029678345,
      0.4386158585548401,
      0.5026969313621521,
      0.6089897155761719,
      0.4412272572517395,
      0.7098916172981262,
      0.5602307915687561,
      0.4798947274684906,
      0.4497882127761841,
      0.41593655943870544,
      0.7168192267417908
    ],
    "chroma_std": [
      0.1786830574274063,
      0.18767625093460083,
      0.20156562328338623,
      0.22843946516513824,
      0.2994748055934906,
      0.20543090999126434,
      0.2269829511642456,
      0.2731838822364807,
      0.2321050465106964,
      0.2192564606666565,
      0.20702502131462097,
      0.2304220199584961
    ],
    "key_estimation": {
      "key": "C_major",
      "confidence": -0.20521709629818982
    },
    "tonal_complexity": 0.10687707364559174
  },
  "quality": {
    "snr_db": 34.13892138083049,
    "dynamic_range_db": 19.586663704038166,
    "rms_energy": 0.1389499008655548,
    "zero_crossing_rate": 0.19233318266223612
  },
  "lyrics": {
    "word_count": 249,
    "unique_word_count": 122,
    "sentence_count": 54,
    "avg_words_per_sentence": 4.611111111111111,
    "readability": null,
    "sentiment_analysis": null,
    "topic_keywords": [
      "the",
      "U.S.A.",
      "Born",
      "was",
      "born",
      "down",
      "man",
      "I'm",
      "you",
      "off"
    ],
    "repetition_analysis": {
      "repetition_ratio": 0.5100401606425703,
      "most_common_words": [
        [
          "the",
          26
        ],
        [
          "U.S.A.",
          17
        ],
        [
          "Born",
          10
        ],
        [
          "was",
          8
        ],
        [
          "born",
          6
        ]
      ]
    }
  }
}