{
  "mfcc_mean": [
    -129.4061737060547,
    137.7445831298828,
    -51.74072265625,
    53.8199462890625,
    -7.547196865081787,
    12.443851470947266,
    -17.469472885131836,
    19.01103401184082,
    -22.984865188598633,
    6.035170555114746,
    -1.406525731086731,
    -4.518817901611328,
    -1.8032646179199219
  ],
  "mfcc_std": [
    80.17507934570312,
    24.079017639160156,
    29.456623077392578,
    17.41036033630371,
    18.789400100708008,
    13.436323165893555,
    13.630633354187012,
    9.583001136779785,
    9.318593978881836,
    10.134856224060059,
    11.301898956298828,
    8.65860366821289,
    9.069621086120605
  ],
  "spectral_centroid_mean": 1748.9421710964873,
  "spectral_centroid_std": 474.92434091786606,
  "spectral_bandwidth_mean": 1636.3676761099935,
  "spectral_bandwidth_std": 268.6670182885661,
  "spectral_rolloff_mean": 3226.16467085041,
  "spectral_rolloff_std": 827.0637403350587,
  "spectral_flux_mean": 3927.52099609375,
  "spectral_flux_std": 4264.45263671875,
  "spectral_flatness_mean": 0.002655407879501581,
  "spectral_flatness_std": 0.02906639315187931,
  "spectral_slope_mean": -0.0010300644335303677,
  "spectral_spread_mean": 1636.3676767473864,
  "spectral_skewness_mean": 1.5011301762072538,
  "spectral_kurtosis_mean": 5.91662419358596
}