{
  "chroma_mean": [
    0.2924531102180481,
    0.3224092423915863,
    0.43903860449790955,
    0.21172259747982025,
    0.41112977266311646,
    0.2562783658504486,
    0.3614492118358612,
    0.3664972484111786,
    0.3177148103713989,
    0.5729556083679199,
    0.3876515328884125,
    0.39889830350875854
  ],
  "chroma_std": [
    0.2506117820739746,
    0.2629290521144867,
    0.3234531581401825,
    0.1519225686788559,
    0.30417823791503906,
    0.19512417912483215,
    0.2586127817630768,
    0.27863892912864685,
    0.24025540053844452,
    0.3226059377193451,
    0.29546791315078735,
    0.28606462478637695
  ],
  "key_estimation": {
    "key": "C_major",
    "confidence": 0.03246544433258844
  },
  "tonal_complexity": 0.08991380035877228
}