{
  "chroma_mean": [
    0.3103295564651489,
    0.587846577167511,
    0.33903276920318604,
    0.37491926550865173,
    0.4998428523540497,
    0.409182071685791,
    0.5772085785865784,
    0.3277042806148529,
    0.5252506732940674,
    0.4951978325843811,
    0.41660964488983154,
    0.41047781705856323
  ],
  "chroma_std": [
    0.16021117568016052,
    0.2930198609828949,
    0.21798022091388702,
    0.2241562455892563,
    0.2917190194129944,
    0.1998189091682434,
    0.34139955043792725,
    0.1690710484981537,
    0.22995859384536743,
    0.28654491901397705,
    0.21677450835704803,
    0.21027596294879913
  ],
  "key_estimation": {
    "key": "C_major",
    "confidence": -0.58178528912863
  },
  "tonal_complexity": 0.091651551425457
}