{
  "tempo_bpm": 129.19921875,
  "tempo_confidence": 0.9832380997438287,
  "beat_positions": [
    0.16253968253968254,
    0.626938775510204,
    1.1145578231292517,
    1.5789569160997732,
    2.043356009070295,
    2.507755102040816,
    2.972154195011338,
    3.436553287981859,
    3.900952380952381,
    4.365351473922902,
    4.85297052154195,
    5.317369614512471,
    5.7817687074829935,
    6.222947845804988,
    6.6873469387755105,
    7.151746031746032,
    7.592925170068027,
    8.057324263038549,
    8.544943310657596,
    9.009342403628118,
    9.450521541950113,
    9.914920634920636,
    10.402539682539683,
    10.866938775510205,
    11.3081179138322,
    11.77251700680272,
    12.26013605442177,
    12.701315192743763,
    13.165714285714285,
    13.606893424036281,
    14.094512471655328,
    14.55891156462585,
    15.023310657596372,
    15.464489795918368,
    15.975328798185942,
    16.439727891156462,
    16.880907029478458,
    17.322086167800453,
    17.809705215419502,
    18.250884353741498,
    18.692063492063493,
    19.156462585034014,
    19.644081632653062,
    20.108480725623583,
    20.54965986394558,
    20.990839002267574,
    21.478458049886623,
    21.91963718820862,
    22.38403628117914,
    22.825215419501134,
    23.312834467120183,
    23.777233560090703,
    24.2184126984127,
    24.68281179138322,
    25.14721088435374,
    25.611609977324264,
    26.05278911564626,
    26.493968253968255,
    26.9815873015873,
    27.445986394557824,
    27.910385487528345,
    28.35156462585034,
    28.81596371882086
  ],
  "onset_times": [
    0.13931972789115646,
    0.3947392290249433,
    0.626938775510204,
    1.1145578231292517,
    1.486077097505669,
    1.811156462585034,
    2.043356009070295,
    2.159455782312925,
    2.2755555555555556,
    2.48453514739229,
    2.948934240362812,
    3.3436734693877552,
    3.900952380952381,
    4.133151927437642,
    4.365351473922902,
    4.85297052154195,
    5.201269841269841,
    5.758548752834467,
    5.990748299319728,
    6.199727891156463,
    6.664126984126984,
    7.058866213151927,
    7.360725623582766,
    7.592925170068027,
    7.801904761904762,
    8.034104308390022,
    8.544943310657596,
    9.218321995464853,
    9.450521541950113,
    9.682721088435374,
    9.914920634920636,
    10.286439909297052,
    10.379319727891156,
    10.704399092970522,
    11.052698412698414,
    11.284897959183674,
    11.517097505668934,
    11.609977324263038,
    11.749297052154194,
    12.236916099773243,
    12.631655328798185,
    13.142494331065759,
    13.25859410430839,
    13.374693877551021,
    13.467573696145125,
    13.606893424036281,
    14.094512471655328,
    14.466031746031746,
    15.023310657596372,
    15.232290249433106,
    15.952108843537415,
    16.370068027210884,
    16.880907029478458,
    17.11310657596372,
    17.322086167800453,
    17.809705215419502,
    19.017142857142858,
    19.156462585034014,
    19.620861678004534,
    19.89950113378685,
    20.526439909297054,
    20.990839002267574,
    21.478458049886623,
    22.151836734693877,
    22.38403628117914,
    22.593015873015872,
    22.825215419501134,
    23.312834467120183,
    23.684353741496597,
    24.2184126984127,
    24.427392290249433,
    24.68281179138322,
    25.14721088435374,
    25.495510204081633,
    25.820589569160997,
    26.05278911564626,
    26.261768707482993,
    26.493968253968255,
    26.9815873015873,
    27.353106575963718,
    27.88716553287982,
    28.11936507936508,
    28.35156462585034,
    28.81596371882086
  ],
  "rhythm_regularity": 0.9631124580980841,
  "syncopation_index": 0.34523809523809523,
  "beat_count": 63,
  "onset_count": 84
}