{
  "meta": {
    "path": "../../data/raw/MIREX-like_mood/dataset/Audio/203.mp3",
    "file_hash": "bb4b7c3bde2307645193f0560825eae797e98b48",
    "duration_sec": 29.58222222222222,
    "sample_rate": 22050,
    "analysis_timestamp": "2025-10-24T20:14:42.837952",
    "config": {
      "sr": 22050,
      "n_fft": 2048,
      "hop_length": 512,
      "n_mels": 128,
      "n_mfcc": 13,
      "n_chroma": 12,
      "frame_length": 2048,
      "workers": 4,
      "use_crepe": false,
      "save_matrices": false,
      "save_plots": true,
      "force": true,
      "quick": false,
      "verbose": false
    },
    "processing_time_sec": 2.6970055103302
  },
  "acoustic": {
    "mfcc_mean": [
      -262.721435546875,
      169.69432067871094,
      -0.2439551204442978,
      11.85013484954834,
      9.135414123535156,
      -1.7439059019088745,
      -1.4245942831039429,
      -2.8958253860473633,
      -3.7060914039611816,
      -5.455904006958008,
      -3.0048835277557373,
      -3.2183122634887695,
      -4.025493144989014
    ],
    "mfcc_std": [
      63.20783233642578,
      36.46701431274414,
      26.033958435058594,
      24.450014114379883,
      15.684032440185547,
      11.9542818069458,
      9.117283821105957,
      10.610445022583008,
      9.933187484741211,
      9.08523178100586,
      7.971893787384033,
      7.90462064743042,
      8.134360313415527
    ],
    "spectral_centroid_mean": 838.6543340543917,
    "spectral_centroid_std": 334.199658090785,
    "spectral_bandwidth_mean": 1038.7795931948926,
    "spectral_bandwidth_std": 296.36394465386684,
    "spectral_rolloff_mean": 1509.739315257353,
    "spectral_rolloff_std": 783.2131913511197,
    "spectral_flux_mean": 1347.702880859375,
    "spectral_flux_std": 2612.435546875,
    "spectral_flatness_mean": 0.0016074491431936622,
    "spectral_flatness_std": 0.03228452056646347,
    "spectral_slope_mean": -0.0007263109448421437,
    "spectral_spread_mean": 1038.7795939069001,
    "spectral_skewness_mean": 3.7458760354125578,
    "spectral_kurtosis_mean": 25.55515205959637
  },
  "rhythm": {
    "tempo_bpm": 143.5546875,
    "tempo_confidence": 0.96900218249656,
    "beat_positions": [
      1.4628571428571429,
      1.8343764172335602,
      2.2523356009070294,
      2.670294784580499,
      3.0882539682539685,
      3.5294331065759637,
      3.9706122448979593,
      4.4117913832199545,
      4.783310657596372,
      5.178049886621316,
      5.61922902494331,
      6.15328798185941,
      6.5712471655328795,
      6.989206349206349,
      7.4071655328798185,
      7.825124716553288,
      8.266303854875284,
      8.684263038548753,
      9.102222222222222,
      9.520181405895691,
      9.868480725623582,
      10.24,
      10.681179138321996,
      11.075918367346938,
      11.493877551020407,
      11.911836734693878,
      12.422675736961452,
      12.863854875283447,
      13.25859410430839,
      13.583673469387755,
      13.978412698412699,
      14.396371882086168,
      14.79111111111111,
      15.209070294784581,
      15.603809523809524,
      15.998548752834466,
      16.439727891156462,
      16.857687074829933,
      17.252426303854875,
      17.647165532879818,
      18.06512471655329,
      18.45986394557823,
      18.83138321995465,
      19.22612244897959,
      19.690521541950112,
      20.108480725623583,
      20.503219954648525,
      20.921179138321996,
      21.292698412698414,
      21.71065759637188,
      22.105396825396827,
      22.50013605442177,
      22.918095238095237,
      23.312834467120183,
      23.707573696145126,
      24.125532879818593,
      24.589931972789117,
      25.031111111111112,
      25.472290249433108,
      25.890249433106575,
      26.308208616780046,
      26.70294784580499,
      27.09768707482993,
      27.46920634920635,
      27.840725623582767,
      28.258684807256238,
      28.65342403628118,
      29.048163265306123
    ],
    "onset_times": [
      0.301859410430839,
      0.5804988662131519,
      0.7430385487528345,
      1.1609977324263039,
      1.4396371882086167,
      1.811156462585034,
      1.9504761904761905,
      2.2523356009070294,
      2.647074829931973,
      2.8328344671201813,
      2.9257142857142857,
      3.2275736961451247,
      3.5062131519274375,
      4.388571428571429,
      4.760090702947846,
      5.178049886621316,
      5.596009070294785,
      6.15328798185941,
      6.548027210884354,
      6.873106575963718,
      6.989206349206349,
      7.291065759637188,
      7.825124716553288,
      8.17342403628118,
      8.243083900226758,
      8.544943310657596,
      8.962902494331066,
      9.520181405895691,
      10.216780045351474,
      10.681179138321996,
      11.052698412698414,
      11.19201814058957,
      11.470657596371883,
      11.888616780045352,
      12.422675736961452,
      12.817414965986394,
      12.863854875283447,
      13.25859410430839,
      13.56045351473923,
      13.931972789115646,
      13.978412698412699,
      14.094512471655328,
      14.396371882086168,
      14.767891156462586,
      14.907210884353741,
      15.116190476190477,
      15.301950113378684,
      15.603809523809524,
      15.975328798185942,
      16.16108843537415,
      16.370068027210884,
      16.416507936507937,
      16.555827664399093,
      16.834467120181404,
      17.252426303854875,
      17.368526077097506,
      17.647165532879818,
      18.04190476190476,
      18.552743764172334,
      18.83138321995465,
      19.202902494331067,
      19.272562358276645,
      19.667301587301587,
      20.085260770975058,
      20.503219954648525,
      20.59609977324263,
      20.921179138321996,
      21.292698412698414,
      21.687437641723356,
      21.873197278911565,
      22.105396825396827,
      22.244716553287983,
      22.50013605442177,
      23.034195011337868,
      23.312834467120183,
      23.707573696145126,
      23.754013605442175,
      24.102312925170068,
      24.241632653061224,
      24.636371882086166,
      24.91501133786848,
      25.031111111111112,
      25.309750566893424,
      25.472290249433108,
      25.75092970521542,
      25.86702947845805,
      26.145668934240362,
      26.308208616780046,
      26.563628117913833,
      26.679727891156464,
      26.9815873015873,
      27.09768707482993,
      27.515646258503402,
      27.817505668934242,
      28.35156462585034,
      28.63020408163265,
      29.048163265306123
    ],
    "rhythm_regularity": 0.9223031598706105,
    "syncopation_index": 0.28865979381443296,
    "beat_count": 68,
    "onset_count": 97
  },
  "harmony": {
    "chroma_mean": [
      0.4591991603374481,
      0.20508307218551636,
      0.32132688164711,
      0.16695864498615265,
      0.26540353894233704,
      0.570522129535675,
      0.39258909225463867,
      0.5817638039588928,
      0.3157522678375244,
      0.26484522223472595,
      0.2595073878765106,
      0.2733130156993866
    ],
    "chroma_std": [
      0.3319382965564728,
      0.15704886615276337,
      0.28259918093681335,
      0.11721152067184448,
      0.1996006965637207,
      0.35570427775382996,
      0.20682257413864136,
      0.33607199788093567,
      0.25352317094802856,
      0.23746725916862488,
      0.23739765584468842,
      0.2055056244134903
    ],
    "key_estimation": {
      "key": "C_major",
      "confidence": 0.662068063973917
    },
    "tonal_complexity": 0.12902992963790894
  },
  "quality": {
    "snr_db": 37.4397979459349,
    "dynamic_range_db": 22.12828230045174,
    "rms_energy": 0.11265343427658081,
    "zero_crossing_rate": 0.04137369791666667
  },
  "lyrics": {
    "word_count": 131,
    "unique_word_count": 48,
    "sentence_count": 9,
    "avg_words_per_sentence": 14.555555555555555,
    "readability": null,
    "sentiment_analysis": null,
    "topic_keywords": [
      "It's",
      "But",
      "wouldn't",
      "make",
      "believe",
      "you",
      "believed",
      "me.",
      "Without",
      "your"
    ],