{
  "snr_db": 38.294937100494714,
  "dynamic_range_db": 19.344469492212244,
  "rms_energy": 0.1556657999753952,
  "zero_crossing_rate": 0.07492502076817827
}