{
  "mfcc_mean": [
    -126.56053161621094,
    107.30615234375,
    -8.827653884887695,
    27.049266815185547,
    5.979976177215576,
    9.202635765075684,
    -5.156264305114746,
    10.248017311096191,
    -7.779230117797852,
    0.7817875742912292,
    -0.9876028895378113,
    1.9180313348770142,
    -3.714871644973755
  ],
  "mfcc_std": [
    66.24198913574219,
    26.697500228881836,
    15.530525207519531,
    11.411067962646484,
    12.427644729614258,
    9.726850509643555,
    9.318998336791992,
    8.776361465454102,
    7.614339828491211,
    7.338189601898193,
    8.185958862304688,
    6.9191155433654785,
    6.7234416007995605
  ],
  "spectral_centroid_mean": 1997.7388119378968,
  "spectral_centroid_std": 594.8632353593842,
  "spectral_bandwidth_mean": 2208.315031122394,
  "spectral_bandwidth_std": 376.8049661237919,
  "spectral_rolloff_mean": 4088.102615259256,
  "spectral_rolloff_std": 1375.484081412381,
  "spectral_flux_mean": 2498.9140625,
  "spectral_flux_std": 3890.40380859375,
  "spectral_flatness_mean": 0.011393053457140923,
  "spectral_flatness_std": 0.02058473415672779,
  "spectral_slope_mean": -0.00044987645394473086,
  "spectral_spread_mean": 2208.315030479819,
  "spectral_skewness_mean": 1.7139155859781183,
  "spectral_kurtosis_mean": 5.948005627555743
}