{
  "meta": {
    "path": "../../data/raw/MIREX-like_mood/dataset/Audio/563.mp3",
    "file_hash": "9a692f4627a25e26740f1504f8c219e2e4634042",
    "duration_sec": 29.675102040816327,
    "sample_rate": 22050,
    "analysis_timestamp": "2025-10-24T20:00:25.297241",
    "config": {
      "sr": 22050,
      "n_fft": 2048,
      "hop_length": 512,
      "n_mels": 128,
      "n_mfcc": 13,
      "n_chroma": 12,
      "frame_length": 2048,
      "workers": 4,
      "use_crepe": false,
      "save_matrices": false,
      "save_plots": true,
      "force": true,
      "quick": false,
      "verbose": false
    },
    "processing_time_sec": 3.393693685531616
  },
  "acoustic": {
    "mfcc_mean": [
      -59.39629364013672,
      102.77079010009766,
      -63.27117156982422,
      32.65748977661133,
      7.828551769256592,
      28.186180114746094,
      6.026797294616699,
      15.138976097106934,
      6.393833637237549,
      11.867837905883789,
      -4.630280017852783,
      7.121567726135254,
      -1.4388808012008667
    ],
    "mfcc_std": [
      58.86640930175781,
      31.034860610961914,
      24.16642951965332,
      13.876457214355469,
      10.026391983032227,
      11.127720832824707,
      10.015649795532227,
      9.166924476623535,
      9.165689468383789,
      8.591909408569336,
      7.8490729331970215,
      7.195511341094971,
      6.977259159088135
    ],
    "spectral_centroid_mean": 2108.791529954831,
    "spectral_centroid_std": 493.2648683688251,
    "spectral_bandwidth_mean": 1826.7116049175647,
    "spectral_bandwidth_std": 395.334081538136,
    "spectral_rolloff_mean": 3911.239497562793,
    "spectral_rolloff_std": 1112.6169036315491,
    "spectral_flux_mean": 7182.05615234375,
    "spectral_flux_std": 5419.9638671875,
    "spectral_flatness_mean": 0.009529011324048042,
    "spectral_flatness_std": 0.032029036432504654,
    "spectral_slope_mean": -0.0007333732144593516,
    "spectral_spread_mean": 1826.711607740386,
    "spectral_skewness_mean": 1.4071579645408923,
    "spectral_kurtosis_mean": 5.63979492987302
  },
  "rhythm": {
    "tempo_bpm": 129.19921875,
    "tempo_confidence": 0.9821276708891484,
    "beat_positions": [
      0.2089795918367347,
      0.7662585034013606,
      1.2770975056689342,
      1.7414965986394557,
      2.2291156462585033,
      2.693514739229025,
      3.1579138321995464,
      3.645532879818594,
      4.133151927437642,
      4.574331065759637,
      5.061950113378685,
      5.526349206349207,
      6.013968253968254,
      6.478367346938776,
      6.942766439909297,
      7.4071655328798185,
      7.87156462585034,
      8.335963718820862,
      8.823582766439909,
      9.287981859410431,
      9.752380952380953,
      10.216780045351474,
      10.681179138321996,
      11.168798185941043,
      11.633197278911565,
      12.097596371882085,
      12.561995464852608,
      13.049614512471654,
      13.514013605442177,
      13.978412698412699,
      14.466031746031746,
      14.907210884353741,
      15.371609977324264,
      15.836009070294784,
      16.32362811791383,
      16.788027210884355,
      17.2756462585034,
      17.716825396825396,
      18.18122448979592,
      18.668843537414965,
      19.156462585034014,
      19.620861678004534,
      20.108480725623583,
      20.572879818594103,
      21.037278911564627,
      21.501678004535147,
      22.01251700680272,
      22.47691609977324,
      22.96453514739229,
      23.42893424036281,
      23.91655328798186,
      24.38095238095238,
      24.86857142857143,
      25.33297052154195,
      25.820589569160997,
      26.284988662131518,
      26.749387755102042,
      27.213786848072562,
      27.678185941043083,
      28.16580498866213
    ],
    "onset_times": [
      0.13931972789115646,
      0.301859410430839,
      0.7662585034013606,
      0.9752380952380952,
      1.1145578231292517,
      1.253877551020408,
      1.4396371882086167,
      1.5789569160997732,
      1.7182766439909296,
      2.066575963718821,
      2.2058956916099772,
      2.5309750566893423,
      2.670294784580499,
      2.995374149659864,
      3.1346938775510202,
      3.4597732426303853,
      3.599092970521542,
      3.645532879818594,
      3.947392290249433,
      4.08671201814059,
      4.551111111111111,
      5.061950113378685,
      5.363809523809524,
      5.526349206349207,
      5.828208616780046,
      6.013968253968254,
      6.455147392290249,
      6.733786848072563,
      6.780226757369615,
      6.942766439909297,
      7.082086167800454,
      7.244625850340136,
      7.4071655328798185,
      7.7090249433106575,
      7.918004535147392,
      8.335963718820862,
      8.800362811791382,
      9.264761904761905,
      9.775600907029478,
      10.216780045351474,
      10.681179138321996,
      11.00625850340136,
      11.145578231292516,
      11.447437641723356,
      11.633197278911565,
      12.07437641723356,
      12.561995464852608,
      13.02639455782313,
      13.514013605442177,
      13.955192743764172,
      14.44281179138322,
      14.605351473922903,
      14.744671201814059,
      14.907210884353741,
      15.185850340136055,
      15.348390022675737,
      15.673469387755102,
      15.81278911564626,
      16.300408163265306,
      16.764807256235827,
      17.066666666666666,
      17.11310657596372,
      17.252426303854875,
      17.46140589569161,
      17.507845804988662,
      17.69360544217687,
      17.925804988662133,
      18.15800453514739,
      18.52952380952381,
      18.64562358276644,
      18.99392290249433,
      19.156462585034014,
      19.435102040816325,
      19.481541950113378,
      19.59764172335601,
      19.760181405895693,
      19.89950113378685,
      20.038820861678005,
      20.108480725623583,
      20.24780045351474,
      20.387120181405894,
      20.54965986394558,
      20.874739229024943,
      21.037278911564627,
      21.501678004535147,
      21.803537414965987,
      22.01251700680272,
      22.291156462585032,
      22.430476190476192,
      22.50013605442177,
      22.801995464852606,
      22.96453514739229,
      23.405714285714286,
      23.754013605442175,
      23.91655328798186,
      24.2184126984127,
      24.357732426303855,
      24.68281179138322,
      24.845351473922904,
      25.054331065759637,
      25.21687074829932,
      25.309750566893424,
      25.658049886621317,
      25.797369614512473,
      26.145668934240362,
      26.261768707482993,
      26.586848072562358,
      26.749387755102042,
      27.028027210884353,
      27.074467120181406,
      27.213786848072562,
      27.376326530612246,
      27.492426303854874,
      27.678185941043083,
      27.956825396825398,
      28.003265306122447,
      28.16580498866213,
      28.328344671201815,
      28.444444444444443,
      28.63020408163265,
      28.88562358276644,
      29.094603174603176,
      29.396462585034012,
      29.58222222222222
    ],
    "rhythm_regularity": 0.961595920193698,
    "syncopation_index": 0.4838709677419355,
    "beat_count": 60,
    "onset_count": 124
  },
  "harmony": {
    "chroma_mean": [
      0.6706572771072388,
      0.5192553997039795,
      0.4705885350704193,
      0.541789174079895,
      0.824950098991394,
      0.6042484045028687,
      0.6439903974533081,
      0.49119657278060913,
      0.48784688115119934,
      0.42390868067741394,
      0.5298275351524353,
      0.8102887272834778
    ],
    "chroma_std": [
      0.17159193754196167,
      0.16069570183753967,
      0.13049477338790894,
      0.16337016224861145,
      0.20690952241420746,
      0.16612541675567627,
      0.22147983312606812,
      0.1803007274866104,
      0.16132806241512299,
      0.15505167841911316,
      0.16098511219024658,
      0.19149841368198395
    ],
    "key_estimation": {
      "key": "C_major",
      "confidence": 0.2096988552892466
    },
    "tonal_complexity": 0.12450908869504929
  },
  "quality": {
    "snr_db": 33.595380643504804,
    "dynamic_range_db": 16.390687953498823,