{
  "tempo_bpm": 143.5546875,
  "tempo_confidence": 0.9854835834166175,
  "beat_positions": [
    0.16253968253968254,
    0.5340589569160997,
    0.9287981859410431,
    1.3235374149659864,
    1.7414965986394557,
    2.159455782312925,
    2.5774149659863945,
    3.01859410430839,
    3.4597732426303853,
    3.877732426303855,
    4.295691609977324,
    4.713650793650793,
    5.108390022675737,
    5.526349206349207,
    5.921088435374149,
    6.339047619047619,
    6.757006802721088,
    7.174965986394557,
    7.569705215419501,
    7.987664399092971,
    8.40562358276644,
    8.800362811791382,
    9.218321995464853,
    9.636281179138322,
    10.031020408163265,
    10.448979591836734,
    10.89015873015873,
    11.331337868480725,
    11.77251700680272,
    12.19047619047619,
    12.60843537414966,
    13.049614512471654,
    13.49079365079365,
    13.908752834467121,
    14.303492063492063,
    14.721451247165533,
    15.139410430839002,
    15.580589569160997,
    16.021768707482995,
    16.439727891156462,
    16.857687074829933,
    17.252426303854875,
    17.670385487528346,
    18.11156462585034,
    18.52952380952381,
    18.94748299319728,
    19.342222222222222,
    19.736961451247165,
    20.154920634920636,
    20.59609977324263,
    21.0140589569161,
    21.43201814058957,
    21.849977324263037,
    22.267936507936508,
    22.68589569160998,
    23.103854875283446,
    23.521814058956917,
    23.939773242630384,
    24.357732426303855,
    24.775691609977326,
    25.170430839002268,
    25.588390022675735,
    26.006349206349206,
    26.424308390022677,
    26.842267573696144,
    27.260226757369615,
    27.678185941043083,
    28.096145124716553,
    28.514104308390024,
    28.908843537414967
  ],
  "onset_times": [
    0.13931972789115646,
    0.5108390022675737,
    0.6965986394557823,
    0.9287981859410431,
    1.1145578231292517,
    1.3235374149659864,
    1.555736961451247,
    1.7414965986394557,
    1.9272562358276644,
    2.159455782312925,
    2.36843537414966,
    2.507755102040816,
    3.436553287981859,
    3.7616326530612243,
    3.8545124716553287,
    4.295691609977324,
    4.713650793650793,
    4.899410430839002,
    5.085170068027211,
    5.317369614512471,
    5.50312925170068,
    5.712108843537415,
    6.130068027210885,
    6.315827664399093,
    6.5712471655328795,
    6.757006802721088,
    6.942766439909297,
    7.174965986394557,
    7.360725623582766,
    7.569705215419501,
    7.987664399092971,
    8.150204081632653,
    8.40562358276644,
    8.591383219954649,
    8.800362811791382,
    9.032562358276644,
    9.218321995464853,
    9.404081632653062,
    9.636281179138322,
    9.845260770975056,
    10.00780045351474,
    10.936598639455783,
    11.145578231292516,
    11.331337868480725,
    12.19047619047619,
    12.585215419501134,
    12.654875283446712,
    13.49079365079365,
    13.885532879818594,
    14.094512471655328,
    14.32671201814059,
    14.512471655328799,
    14.698231292517006,
    15.116190476190477,
    15.789569160997733,
    16.021768707482995,
    16.207528344671204,
    16.416507936507937,
    16.834467120181404,
    17.066666666666666,
    17.22920634920635,
    17.647165532879818,
    18.52952380952381,
    18.784943310657596,
    18.94748299319728,
    19.365442176870747,
    19.690521541950112,
    20.131700680272107,
    20.59609977324263,
    20.78185941043084,
    21.0140589569161,
    21.408798185941045,
    21.849977324263037,
    22.058956916099774,
    22.267936507936508,
    22.453696145124717,
    22.66267573696145,
    23.08063492063492,
    23.521814058956917,
    23.800453514739228,
    23.91655328798186,
    24.33451247165533,
    24.56671201814059,
    24.775691609977326,
    24.98467120181406,
    25.170430839002268,
    25.588390022675735,
    25.820589569160997,
    26.006349206349206,
    26.21532879818594,
    26.424308390022677,
    26.63328798185941,
    27.051247165532878,
    27.260226757369615,
    27.46920634920635,
    27.654965986394558,
    28.514104308390024,
    28.63020408163265,
    28.908843537414967,
    29.350022675736962,
    29.58222222222222
  ],
  "rhythm_regularity": 0.9646428616668181,
  "syncopation_index": 0.38613861386138615,
  "beat_count": 70,
  "onset_count": 101
}