{
  "snr_db": 37.552704900292696,
  "dynamic_range_db": 22.036539276155352,
  "rms_energy": 0.11550946533679962,
  "zero_crossing_rate": 0.19712870957591014
}