{
  "tempo_bpm": 117.45383522727273,
  "tempo_confidence": 0.9817273409163638,
  "beat_positions": [
    0.18575963718820862,
    0.8126984126984127,
    1.3235374149659864,
    1.8343764172335602,
    2.36843537414966,
    2.9024943310657596,
    3.436553287981859,
    3.947392290249433,
    4.458231292517007,
    4.96907029478458,
    5.479909297052155,
    5.990748299319728,
    6.501587301587302,
    7.012426303854875,
    7.523265306122449,
    8.034104308390022,
    8.544943310657596,
    9.079002267573696,
    9.58984126984127,
    10.100680272108843,
    10.611519274376418,
    11.122358276643991,
    11.633197278911565,
    12.144036281179138,
    12.654875283446712,
    13.188934240362812,
    13.699773242630386,
    14.210612244897959,
    14.721451247165533,
    15.255510204081633,
    15.766349206349206,
    16.27718820861678,
    16.788027210884355,
    17.322086167800453,
    17.832925170068027,
    18.3437641723356,
    18.83138321995465,
    19.342222222222222,
    19.853061224489796,
    20.36390022675737,
    20.874739229024943,
    21.385578231292516,
    21.89641723356009,
    22.430476190476192,
    22.918095238095237,
    23.45215419501134,
    23.962993197278912,
    24.450612244897957,
    24.961451247165535,
    25.495510204081633,
    26.006349206349206,
    26.51718820861678,
    27.028027210884353,
    27.562086167800455,
    28.07292517006803,
    28.583764172335602,
    29.094603174603176
  ],
  "onset_times": [
    0.13931972789115646,
    0.2786394557823129,
    0.5340589569160997,
    0.6965986394557823,
    0.7894784580498866,
    1.0681179138321995,
    1.207437641723356,
    1.3235374149659864,
    1.4628571428571429,
    1.6021768707482993,
    1.7182766439909296,
    1.811156462585034,
    2.1130158730158732,
    2.2523356009070294,
    2.345215419501134,
    2.6238548752834467,
    2.7631746031746034,
    2.8792743764172335,
    3.1346938775510202,
    3.297233560090703,
    3.4133333333333336,
    3.5526530612244898,
    3.8080725623582765,
    3.924172335600907,
    4.20281179138322,
    4.342131519274377,
    4.435011337868481,
    4.690430839002268,
    4.829750566893424,
    4.9458503401360545,
    5.108390022675737,
    5.224489795918367,
    5.363809523809524,
    5.479909297052155,
    5.642448979591837,
    5.874648526077097,
    5.990748299319728,
    6.246167800453515,
    6.3854875283446715,
    6.478367346938776,
    6.757006802721088,
    6.989206349206349,
    7.174965986394557,
    7.267845804988662,
    7.4071655328798185,
    7.500045351473923,
    7.662585034013605,
    7.801904761904762,
    7.918004535147392,
    8.034104308390022,
    8.289523809523809,
    8.428843537414966,
    8.52172335600907,
    8.800362811791382,
    8.93968253968254,
    9.05578231292517,
    9.334421768707482,
    9.450521541950113,
    9.566621315192744,
    9.984580498866213,
    10.077460317460318,
    10.356099773242631,
    10.47219954648526,
    10.588299319727891,
    10.983038548752834,
    11.099138321995465,
    11.354557823129252,
    11.517097505668934,
    11.609977324263038,
    12.004716553287983,
    12.144036281179138,
    12.376235827664399,
    12.538775510204081,
    12.631655328798185,
    12.887074829931972,
    13.049614512471654,
    13.165714285714285,
    13.444353741496599,
    13.56045351473923,
    13.699773242630386,
    13.839092970521541,
    13.955192743764172,
    14.071292517006803,
    14.187392290249432,
    14.233832199546486,
    14.489251700680272,
    14.605351473922903,
    14.698231292517006,
    14.97687074829932,
    15.116190476190477,
    15.232290249433106,
    15.487709750566893,
    15.62702947845805,
    15.74312925170068,
    15.882448979591837,
    16.021768707482995,
    16.114648526077097,
    16.253968253968253,
    16.50938775510204,
    16.671927437641724,
    16.764807256235827,
    17.020226757369613,
    17.29886621315193,
    17.554285714285715,
    17.809705215419502,
    18.204444444444444,
    18.320544217687075,
    18.483083900226756,
    18.575963718820862,
    18.715283446712018,
    18.808163265306124,
    19.086802721088436,
    19.22612244897959,
    19.342222222222222,
    19.574421768707484,
    19.71374149659864,
    19.853061224489796,
    19.99238095238095,
    20.131700680272107,
    20.24780045351474,
    20.36390022675737,
    20.619319727891156,
    20.758639455782312,
    20.851519274376418,
    21.13015873015873,
    21.269478458049885,
    21.385578231292516,
    21.640997732426303,
    21.78031746031746,
    21.89641723356009,
    22.291156462585032,
    22.407256235827663,
    22.569795918367348,
    22.66267573696145,
    22.801995464852606,
    22.918095238095237,
    23.173514739229024,
    23.312834467120183,
    23.42893424036281,
    23.707573696145126,
    23.823673469387757,
    23.939773242630384,
    24.079092970521543,
    24.2184126984127,
    24.33451247165533,
    24.450612244897957,
    24.56671201814059,
    24.706031746031748,
    24.845351473922904,
    24.961451247165535,
    25.21687074829932,
    25.356190476190477,
    25.472290249433108,
    25.727709750566895,
    25.890249433106575,
    25.98312925170068,
    26.145668934240362,
    26.261768707482993,
    26.40108843537415,
    26.51718820861678,
    26.888707482993198,
    27.00480725623583,
    27.28344671201814,
    27.422766439909296,
    27.538866213151927,
    27.794285714285714,
    27.956825396825398,
    28.0497052154195,
    28.189024943310656,
    28.328344671201815,
    28.46766439909297,
    28.560544217687074,
    28.81596371882086,
    28.978503401360545,
    29.094603174603176,
    29.350022675736962,
    29.489342403628118,
    29.628662131519274
  ],
  "rhythm_regularity": 0.9639447780121067,
  "syncopation_index": 0.6685393258426966,
  "beat_count": 57,
  "onset_count": 178
}