{
  "snr_db": 33.69280213169928,
  "dynamic_range_db": 18.924349159908253,
  "rms_energy": 0.14851245284080505,
  "zero_crossing_rate": 0.1324117805403289
}