{
  "chroma_mean": [
    0.4271356761455536,
    0.4636368751525879,
    0.48090115189552307,
    0.7028143405914307,
    0.3891322910785675,
    0.48052501678466797,
    0.4630400538444519,
    0.35189366340637207,
    0.4080873429775238,
    0.37987080216407776,
    0.515723705291748,
    0.38925814628601074
  ],
  "chroma_std": [
    0.2235020399093628,
    0.2247668355703354,
    0.24664206802845,
    0.2994327247142792,
    0.19605550169944763,
    0.2686530649662018,
    0.2865909934043884,
    0.20595605671405792,
    0.25066328048706055,
    0.22967830300331116,
    0.2747032642364502,
    0.23819409310817719
  ],
  "key_estimation": {
    "key": "C_minor",
    "confidence": 0.2894202636549857
  },
  "tonal_complexity": 0.08872651308774948
}