{
  "tempo_bpm": 67.99958881578948,
  "tempo_confidence": 0.9550638511870201,
  "beat_positions": [
    8.126984126984127,
    9.009342403628118,
    9.868480725623582,
    10.750839002267574,
    11.656417233560092,
    12.538775510204081,
    13.421133786848072,
    14.32671201814059,
    15.209070294784581,
    16.114648526077097,
    17.04344671201814,
    17.902585034013605,
    18.784943310657596,
    19.690521541950112,
    20.54965986394558,
    21.478458049886623,
    22.38403628117914,
    23.219954648526077,
    24.125532879818593,
    25.007891156462584,
    25.890249433106575,
    26.749387755102042,
    27.77106575963719,
    28.81596371882086
  ],
  "onset_times": [
    0.2089795918367347,
    0.34829931972789113,
    1.787936507936508,
    2.066575963718821,
    2.3219954648526078,
    2.7399546485260773,
    3.2275736961451247,
    3.3901133786848074,
    3.8545124716553287,
    4.458231292517007,
    4.597551020408163,
    4.73687074829932,
    6.339047619047619,
    7.801904761904762,
    8.452063492063493,
    8.614603174603175,
    8.986122448979591,
    9.311201814058958,
    9.450521541950113,
    9.7059410430839,
    10.727619047619047,
    11.029478458049887,
    11.400997732426303,
    11.609977324263038,
    11.656417233560092,
    11.935056689342403,
    12.515555555555556,
    12.84063492063492,
    13.142494331065759,
    13.421133786848072,
    13.583673469387755,
    13.722993197278912,
    13.885532879818594,
    14.02485260770975,
    14.303492063492063,
    14.628571428571428,
    14.907210884353741,
    15.185850340136055,
    15.534149659863946,
    16.091428571428573,
    16.27718820861678,
    16.416507936507937,
    17.020226757369613,
    17.29886621315193,
    17.484625850340137,
    17.623945578231293,
    17.87936507936508,
    18.04190476190476,
    18.204444444444444,
    18.506303854875284,
    18.784943310657596,
    19.086802721088436,
    19.667301587301587,
    20.317460317460316,
    20.526439909297054,
    20.851519274376418,
    21.455238095238094,
    21.78031746031746,
    22.0821768707483,
    22.360816326530614,
    22.68589569160998,
    23.219954648526077,
    23.475374149659864,
    23.939773242630384,
    24.102312925170068,
    24.450612244897957,
    24.98467120181406,
    25.2865306122449,
    25.588390022675735,
    25.86702947845805,
    26.192108843537415,
    26.726167800453513,
    27.074467120181406,
    27.39954648526077,
    27.74784580498866,
    28.46766439909297,
    28.81596371882086,
    29.1178231292517,
    29.373242630385487,
    29.675102040816327
  ],
  "rhythm_regularity": 0.9476939160595691,
  "syncopation_index": 0.7125,
  "beat_count": 24,
  "onset_count": 80
}