{
  "mfcc_mean": [
    -136.81069946289062,
    126.72441864013672,
    1.1964237689971924,
    35.4599609375,
    -1.1572115421295166,
    9.102466583251953,
    -4.5961689949035645,
    4.6092753410339355,
    2.058093309402466,
    0.9308164715766907,
    -9.538902282714844,
    4.74458122253418,
    -11.717669486999512
  ],
  "mfcc_std": [
    67.77291107177734,
    27.903682708740234,
    13.957962036132812,
    9.268647193908691,
    8.194470405578613,
    6.922486782073975,
    6.4621381759643555,
    6.908113479614258,
    7.098321437835693,
    6.95759391784668,
    7.856231212615967,
    8.34328556060791,
    8.008676528930664
  ],
  "spectral_centroid_mean": 1422.9826052247938,
  "spectral_centroid_std": 521.9546508889022,
  "spectral_bandwidth_mean": 1891.8897955176199,
  "spectral_bandwidth_std": 436.1594362654473,
  "spectral_rolloff_mean": 3069.5084393630277,
  "spectral_rolloff_std": 1325.3204129566661,
  "spectral_flux_mean": 2511.75830078125,
  "spectral_flux_std": 3274.36962890625,
  "spectral_flatness_mean": 0.004570125602185726,
  "spectral_flatness_std": 0.02964426577091217,
  "spectral_slope_mean": -0.0005385457162390882,
  "spectral_spread_mean": 1891.8897960199988,
  "spectral_skewness_mean": 2.3019691684435566,
  "spectral_kurtosis_mean": 9.241796144752682
}