{
  "snr_db": 42.074551394651884,
  "dynamic_range_db": 17.871969690123677,
  "rms_energy": 0.18098139762878418,
  "zero_crossing_rate": 0.11286824202829057
}