{
  "mfcc_mean": [
    -85.51446533203125,
    109.37991333007812,
    -2.5253727436065674,
    22.893779754638672,
    9.69411563873291,
    6.11313009262085,
    -10.199780464172363,
    -5.209255218505859,
    -16.709152221679688,
    -3.1894915103912354,
    -8.521493911743164,
    1.7843743562698364,
    -4.873240947723389
  ],
  "mfcc_std": [
    51.595462799072266,
    22.895408630371094,
    18.291791915893555,
    12.30817985534668,
    11.368188858032227,
    9.57833194732666,
    9.191309928894043,
    8.639262199401855,
    8.360673904418945,
    7.739807605743408,
    8.099068641662598,
    7.563498497009277,
    6.702084541320801
  ],
  "spectral_centroid_mean": 1845.2731817043139,
  "spectral_centroid_std": 546.3236406690604,
  "spectral_bandwidth_mean": 2244.1918687010007,
  "spectral_bandwidth_std": 323.9820944606515,
  "spectral_rolloff_mean": 3840.435833964523,
  "spectral_rolloff_std": 1217.0739881567852,
  "spectral_flux_mean": 4648.21533203125,
  "spectral_flux_std": 5108.8642578125,
  "spectral_flatness_mean": 0.007551334798336029,
  "spectral_flatness_std": 0.030155016109347343,
  "spectral_slope_mean": -0.0004532401448997491,
  "spectral_spread_mean": 2244.1918685592805,
  "spectral_skewness_mean": 1.9218095327569895,
  "spectral_kurtosis_mean": 6.536792731376276
}