,precision,recall,f1-score,support
Cluster 1,0.35,0.20588235294117646,0.25925925925925924,34.0
Cluster 2,0.3157894736842105,0.18181818181818182,0.23076923076923078,33.0
Cluster 3,0.4603174603174603,0.6744186046511628,0.5471698113207547,43.0
Cluster 4,0.26666666666666666,0.3157894736842105,0.2891566265060241,38.0
Cluster 5,0.5294117647058824,0.5454545454545454,0.5373134328358209,33.0
accuracy,0.39779005524861877,0.39779005524861877,0.39779005524861877,0.39779005524861877
macro avg,0.3844370730748439,0.3846726317098554,0.37273367213821795,181.0
weighted avg,0.38518577344672483,0.39779005524861877,0.3794353392696292,181.0
