{
  "meta": {
    "path": "../../data/raw/MIREX-like_mood/dataset/Audio/693.mp3",
    "file_hash": "90b541a4c2bb15ae3239427c9c332ccb8d831e16",
    "duration_sec": 29.95374149659864,
    "sample_rate": 22050,
    "analysis_timestamp": "2025-10-24T20:20:30.099899",
    "config": {
      "sr": 22050,
      "n_fft": 2048,
      "hop_length": 512,
      "n_mels": 128,
      "n_mfcc": 13,
      "n_chroma": 12,
      "frame_length": 2048,
      "workers": 4,
      "use_crepe": false,
      "save_matrices": false,
      "save_plots": true,
      "force": true,
      "quick": false,
      "verbose": false
    },
    "processing_time_sec": 3.1152760982513428
  },
  "acoustic": {
    "mfcc_mean": [
      -71.38065338134766,
      51.497432708740234,
      0.9062331914901733,
      19.233049392700195,
      1.2455989122390747,
      5.000600337982178,
      2.8810954093933105,
      3.6155877113342285,
      -5.64229154586792,
      4.480152130126953,
      -4.028965473175049,
      6.087910175323486,
      -4.943032741546631
    ],
    "mfcc_std": [
      76.86656951904297,
      24.459928512573242,
      17.6674747467041,
      14.967939376831055,
      12.661236763000488,
      8.121703147888184,
      8.85014533996582,
      8.57375431060791,
      6.914409637451172,
      7.025951862335205,
      7.21742057800293,
      8.071521759033203,
      7.96215295791626
    ],
    "spectral_centroid_mean": 3568.0962154417766,
    "spectral_centroid_std": 908.4263722289214,
    "spectral_bandwidth_mean": 2904.926212501675,
    "spectral_bandwidth_std": 282.9867365444261,
    "spectral_rolloff_mean": 7158.280546511909,
    "spectral_rolloff_std": 1199.202480646702,
    "spectral_flux_mean": 2714.360107421875,
    "spectral_flux_std": 2121.505126953125,
    "spectral_flatness_mean": 0.08370965719223022,
    "spectral_flatness_std": 0.06888521462678909,
    "spectral_slope_mean": -0.00027995237214664264,
    "spectral_spread_mean": 2904.9262143176434,
    "spectral_skewness_mean": 0.670667145346244,
    "spectral_kurtosis_mean": 2.551947119535793
  },
  "rhythm": {
    "tempo_bpm": 83.35433467741936,
    "tempo_confidence": 0.965987558888321,
    "beat_positions": [
      0.6965986394557823,
      1.3931972789115645,
      2.136235827664399,
      2.8792743764172335,
      3.599092970521542,
      4.31891156462585,
      5.038730158730159,
      5.758548752834467,
      6.501587301587302,
      7.22140589569161,
      7.9412244897959186,
      8.684263038548753,
      9.404081632653062,
      10.12390022675737,
      10.843718820861678,
      11.586757369614512,
      12.30657596371882,
      13.02639455782313,
      13.769433106575963,
      14.489251700680272,
      15.209070294784581,
      15.928888888888888,
      16.648707482993196,
      17.368526077097506,
      18.11156462585034,
      18.83138321995465,
      19.574421768707484,
      20.317460317460316,
      21.037278911564627,
      21.73387755102041,
      22.453696145124717,
      23.08063492063492,
      23.684353741496597,
      24.404172335600908,
      25.123990929705215,
      25.86702947845805,
      26.586848072562358,
      27.30666666666667,
      27.93360544217687,
      28.53732426303855,
      29.23392290249433
    ],
    "onset_times": [
      0.18575963718820862,
      0.4179591836734694,
      0.905578231292517,
      1.1609977324263039,
      1.3931972789115645,
      1.6486167800453515,
      1.7647165532879818,
      1.9040362811791383,
      2.36843537414966,
      2.6238548752834467,
      2.9024943310657596,
      3.0882539682539685,
      3.3436734693877552,
      3.599092970521542,
      3.8312925170068026,
      3.947392290249433,
      4.063492063492063,
      4.31891156462585,
      4.527891156462585,
      5.015510204081632,
      5.270929705215419,
      5.526349206349207,
      5.758548752834467,
      6.013968253968254,
      6.246167800453515,
      6.501587301587302,
      6.965986394557823,
      7.198185941043084,
      7.453605442176871,
      7.592925170068027,
      7.7090249433106575,
      7.825124716553288,
      7.9412244897959186,
      8.17342403628118,
      8.684263038548753,
      8.893242630385487,
      9.148662131519274,
      9.404081632653062,
      9.636281179138322,
      10.12390022675737,
      10.379319727891156,
      10.843718820861678,
      11.075918367346938,
      11.331337868480725,
      11.470657596371883,
      11.563537414965987,
      11.702857142857143,
      11.818956916099774,
      12.051156462585034,
      12.770975056689343,
      13.02639455782313,
      13.281814058956916,
      13.514013605442177,
      13.769433106575963,
      13.978412698412699,
      14.257052154195012,
      14.721451247165533,
      14.953650793650795,
      15.441269841269841,
      15.557369614512472,
      15.673469387755102,
      15.928888888888888,
      16.416507936507937,
      16.648707482993196,
      16.880907029478458,
      17.136326530612244,
      17.368526077097506,
      17.76326530612245,
      17.856145124716555,
      18.11156462585034,
      18.22766439909297,
      18.575963718820862,
      18.83138321995465,
      19.086802721088436,
      19.202902494331067,
      19.319002267573698,
      19.435102040816325,
      19.551201814058956,
      19.783401360544218,
      20.038820861678005,
      20.433560090702947,
      20.526439909297054,
      20.758639455782312,
      21.0140589569161,
      21.24625850340136,
      21.501678004535147,
      21.71065759637188,
      21.989297052154196,
      22.453696145124717,
      22.709115646258503,
      22.941315192743765,
      23.08063492063492,
      23.196734693877552,
      23.312834467120183,
      23.42893424036281,
      23.661133786848072,
      24.171972789115646,
      24.38095238095238,
      24.636371882086166,
      24.891791383219953,
      25.123990929705215,
      25.379410430839002,
      25.611609977324264,
      25.86702947845805,
      26.33142857142857,
      26.586848072562358,
      26.81904761904762,
      27.074467120181406,
      27.190566893424037,
      27.30666666666667,
      27.538866213151927,
      28.23546485260771,
      28.281904761904762,
      28.514104308390024,
      28.76952380952381,
      29.00172335600907,
      29.41968253968254,
      29.489342403628118,
      29.744761904761905
    ],
    "rhythm_regularity": 0.950647062053309,
    "syncopation_index": 0.7226890756302521,
    "beat_count": 41,
    "onset_count": 119
  },
  "harmony": {
    "chroma_mean": [
      0.6762005686759949,
      0.4601289629936218,
      0.585186779499054,
      0.5421825051307678,
      0.5312548279762268,
      0.4771880805492401,
      0.4969499111175537,
      0.6197834610939026,
      0.5030725002288818,
      0.4880056083202362,
      0.659767746925354,
      0.49671444296836853
    ],
    "chroma_std": [
      0.27208036184310913,
      0.1579529494047165,
      0.23645856976509094,
      0.2480471134185791,
      0.2110668122768402,
      0.17787043750286102,
      0.1923152357339859,
      0.2545599043369293,
      0.23998123407363892,
      0.17282161116600037,
      0.2530883252620697,
      0.18851283192634583
    ],
    "key_estimation": {
      "key": "C_minor",
      "confidence": 0.627156609113073
    },
    "tonal_complexity": 0.0702594667673111
  },
  "quality": {
    "snr_db": 35.6160397801382,
    "dynamic_range_db": 22.056680027896547,
    "rms_energy": 0.10864575952291489,
    "zero_crossing_rate": 0.2162181993125484
  },
  "lyrics": {
    "word_count": 276,
    "unique_word_count": 124,
    "sentence_count": 1,
    "avg_words_per_sentence": 276.0,
    "readability": null,
    "sentiment_analysis": null,
    "topic_keywords": [
      "the",
      "dogs",
      "with",
      "Suburbia",
      "tonight",
      "run",
      "can't",
      "suburbs",
      "met",
      "where"
    ],
    "repetition_analysis": {
      "repetition_ratio": 0.5507246376811594,