{
  "chroma_mean": [
    0.2740713357925415,
    0.33876240253448486,
    0.2696029245853424,
    0.3769325911998749,
    0.41461262106895447,
    0.2802411615848541,
    0.3747798800468445,
    0.24460475146770477,
    0.2535482347011566,
    0.1899547278881073,
    0.24749551713466644,
    0.3368563652038574
  ],
  "chroma_std": [
    0.3116610050201416,
    0.3693550229072571,
    0.29838326573371887,
    0.3564698398113251,
    0.3925854563713074,
    0.29665887355804443,
    0.3764275908470154,
    0.27799221873283386,
    0.2901049256324768,
    0.23537316918373108,
    0.26960286498069763,
    0.36046287417411804
  ],
  "key_estimation": {
    "key": "C_minor",
    "confidence": -0.16066764319633076
  },
  "tonal_complexity": 0.06428272277116776
}