{
  "mfcc_mean": [
    -305.9773864746094,
    30.32706642150879,
    -16.35517692565918,
    15.974498748779297,
    -11.23533821105957,
    -15.334403991699219,
    6.796589374542236,
    -7.51195764541626,
    1.9058153629302979,
    3.0042998790740967,
    -21.01486587524414,
    0.35087552666664124,
    -4.933767795562744
  ],
  "mfcc_std": [
    83.2140121459961,
    30.09161376953125,
    27.96799087524414,
    26.682395935058594,
    16.011911392211914,
    19.625164031982422,
    12.549490928649902,
    13.803404808044434,
    15.189455032348633,
    9.563626289367676,
    15.05681324005127,
    10.123553276062012,
    14.710702896118164
  ],
  "spectral_centroid_mean": 2626.97276728416,
  "spectral_centroid_std": 1139.924054413281,
  "spectral_bandwidth_mean": 2468.1170977220804,
  "spectral_bandwidth_std": 398.0394143609762,
  "spectral_rolloff_mean": 5015.077326228562,
  "spectral_rolloff_std": 1794.0076444580038,
  "spectral_flux_mean": 1136.9471435546875,
  "spectral_flux_std": 3098.78515625,
  "spectral_flatness_mean": 0.0381070151925087,
  "spectral_flatness_std": 0.10204341262578964,
  "spectral_slope_mean": -0.0002454128658555462,
  "spectral_spread_mean": 2468.117097764932,
  "spectral_skewness_mean": 1.439823338140207,
  "spectral_kurtosis_mean": 5.128576557481942
}