{
  "chroma_mean": [
    0.4225640892982483,
    0.5125335454940796,
    0.5710839033126831,
    0.3885265290737152,
    0.45533454418182373,
    0.3047947883605957,
    0.3868502974510193,
    0.6218811869621277,
    0.6873902678489685,
    0.5319950580596924,
    0.36218467354774475,
    0.49927300214767456
  ],
  "chroma_std": [
    0.22466306388378143,
    0.20929566025733948,
    0.28622061014175415,
    0.19035182893276215,
    0.2796643376350403,
    0.15564081072807312,
    0.19107702374458313,
    0.2594749331474304,
    0.2346785068511963,
    0.2706981599330902,
    0.16695065796375275,
    0.21511070430278778
  ],
  "key_estimation": {
    "key": "C_major",
    "confidence": 0.008902927556679964
  },
  "tonal_complexity": 0.10842786729335785
}