{
  "tempo_bpm": 143.5546875,
  "tempo_confidence": 0.9788998192757075,
  "beat_positions": [
    0.46439909297052157,
    0.8591383219954648,
    1.3003174603174603,
    1.7182766439909296,
    2.1130158730158732,
    2.507755102040816,
    2.9257142857142857,
    3.3436734693877552,
    3.7616326530612243,
    4.156371882086168,
    4.574331065759637,
    4.96907029478458,
    5.38702947845805,
    5.804988662131519,
    6.222947845804988,
    6.640907029478458,
    7.035646258503402,
    7.453605442176871,
    7.87156462585034,
    8.289523809523809,
    8.70748299319728,
    9.102222222222222,
    9.496961451247165,
    9.914920634920636,
    10.332879818594105,
    10.727619047619047,
    11.145578231292516,
    11.563537414965987,
    11.981496598639456,
    12.376235827664399,
    12.794195011337868,
    13.212154195011339,
    13.606893424036281,
    14.02485260770975,
    14.419591836734694,
    14.86077097505669,
    15.255510204081633,
    15.673469387755102,
    16.091428571428573,
    16.50938775510204,
    16.904126984126986,
    17.322086167800453,
    17.716825396825396,
    18.11156462585034,
    18.552743764172334,
    19.086802721088436,
    19.504761904761907,
    19.922721088435374,
    20.340680272108845,
    20.735419501133787,
    21.13015873015873,
    21.501678004535147,
    21.873197278911565,
    22.267936507936508,
    22.709115646258503,
    23.103854875283446,
    23.521814058956917,
    23.91655328798186,
    24.33451247165533,
    24.752471655328797,
    25.14721088435374,
    25.588390022675735,
    26.006349206349206,
    26.424308390022677,
    26.81904761904762,
    27.213786848072562,
    27.58530612244898,
    27.980045351473922,
    28.374784580498865,
    28.792743764172336,
    29.210702947845807,
    29.628662131519274
  ],
  "onset_times": [
    0.16253968253968254,
    0.44117913832199546,
    0.5804988662131519,
    0.8359183673469388,
    1.6950566893424037,
    1.811156462585034,
    2.089795918367347,
    2.2291156462585033,
    2.48453514739229,
    2.670294784580499,
    3.0418140589569163,
    3.4597732426303853,
    3.7384126984126986,
    3.924172335600907,
    4.156371882086168,
    4.272471655328798,
    4.574331065759637,
    4.690430839002268,
    4.829750566893424,
    4.9458503401360545,
    5.178049886621316,
    5.340589569160998,
    5.38702947845805,
    5.479909297052155,
    5.804988662131519,
    5.944308390022676,
    6.199727891156463,
    6.339047619047619,
    6.524807256235827,
    6.640907029478458,
    6.780226757369615,
    7.035646258503402,
    7.22140589569161,
    7.430385487528345,
    7.87156462585034,
    7.987664399092971,
    8.103764172335602,
    8.266303854875284,
    8.40562358276644,
    8.684263038548753,
    8.823582766439909,
    9.102222222222222,
    9.218321995464853,
    9.520181405895691,
    9.636281179138322,
    9.891700680272109,
    10.309659863945578,
    10.448979591836734,
    10.681179138321996,
    10.843718820861678,
    11.145578231292516,
    11.284897959183674,
    11.563537414965987,
    11.679637188208616,
    11.842176870748299,
    11.95827664399093,
    12.120816326530612,
    12.353015873015874,
    13.188934240362812,
    13.328253968253968,
    13.583673469387755,
    13.746213151927437,
    14.140952380952381,
    14.373151927437641,
    15.232290249433106,
    15.650249433106575,
    15.81278911564626,
    16.068208616780044,
    16.486167800453515,
    16.62548752834467,
    16.904126984126986,
    17.04344671201814,
    17.29886621315193,
    17.438185941043084,
    17.716825396825396,
    17.856145124716555,
    18.088344671201813,
    18.552743764172334,
    18.668843537414965,
    19.086802721088436,
    19.29578231292517,
    19.504761904761907,
    19.667301587301587,
    19.89950113378685,
    20.317460317460316,
    20.59609977324263,
    20.735419501133787,
    20.921179138321996,
    21.153378684807254,
    21.31591836734694,
    21.5481179138322,
    21.687437641723356,
    21.826757369614512,
    21.873197278911565,
    22.105396825396827,
    22.221496598639455,
    22.38403628117914,
    22.569795918367348,
    22.68589569160998,
    22.825215419501134,
    23.08063492063492,
    23.521814058956917,
    23.56825396825397,
    23.91655328798186,
    24.055873015873015,
    24.3112925170068,
    24.752471655328797,
    25.123990929705215,
    25.588390022675735,
    25.68126984126984,
    26.006349206349206,
    26.122448979591837,
    26.354648526077096,
    26.447528344671202,
    26.540408163265305,
    26.679727891156464,
    26.81904761904762,
    26.93514739229025,
    27.09768707482993,
    27.190566893424037,
    27.353106575963718,
    27.562086167800455,
    27.93360544217687,
    28.23546485260771,
    28.35156462585034,
    28.514104308390024,
    28.69986394557823,
    28.88562358276644,
    29.280362811791385,
    29.350022675736962,
    29.60544217687075
  ],
  "rhythm_regularity": 0.9475246590659738,
  "syncopation_index": 0.4351145038167939,
  "beat_count": 72,
  "onset_count": 131
}