{
  "snr_db": 34.13123764724668,
  "dynamic_range_db": 18.177696323116,
  "rms_energy": 0.1611451357603073,
  "zero_crossing_rate": 0.10193958474535245
}