{
  "mfcc_mean": [
    -137.5284881591797,
    108.207275390625,
    -22.99013328552246,
    15.154046058654785,
    -12.272266387939453,
    -2.697148323059082,
    -9.54569149017334,
    -3.9262173175811768,
    -11.410305976867676,
    10.413816452026367,
    -5.109886169433594,
    -4.6093058586120605,
    1.597043514251709
  ],
  "mfcc_std": [
    62.65410614013672,
    38.436187744140625,
    20.879697799682617,
    16.337352752685547,
    11.81644344329834,
    9.961152076721191,
    9.481139183044434,
    8.67357063293457,
    10.233292579650879,
    9.845057487487793,
    7.723867416381836,
    7.597292900085449,
    8.605765342712402
  ],
  "spectral_centroid_mean": 2150.0370273257486,
  "spectral_centroid_std": 808.9847660865553,
  "spectral_bandwidth_mean": 2106.8831864286103,
  "spectral_bandwidth_std": 502.6883527937341,
  "spectral_rolloff_mean": 4230.10431428362,
  "spectral_rolloff_std": 1598.7190785234648,
  "spectral_flux_mean": 2217.7734375,
  "spectral_flux_std": 3635.990478515625,
  "spectral_flatness_mean": 0.014460500329732895,
  "spectral_flatness_std": 0.04115397483110428,
  "spectral_slope_mean": -0.0004927127204445105,
  "spectral_spread_mean": 2106.883186982713,
  "spectral_skewness_mean": 1.6748846931682937,
  "spectral_kurtosis_mean": 6.164801370742918
}