{
  "chroma_mean": [
    0.3677859604358673,
    0.4316299855709076,
    0.3043459951877594,
    0.4607667922973633,
    0.19893857836723328,
    0.38778552412986755,
    0.24062706530094147,
    0.2909979224205017,
    0.44753381609916687,
    0.33196350932121277,
    0.6127062439918518,
    0.34178832173347473
  ],
  "chroma_std": [
    0.2619176506996155,
    0.3413236439228058,
    0.22664450109004974,
    0.311471164226532,
    0.15442562103271484,
    0.2552347481250763,
    0.18575771152973175,
    0.22075530886650085,
    0.3020625114440918,
    0.238461434841156,
    0.3124593496322632,
    0.27818527817726135
  ],
  "key_estimation": {
    "key": "C_minor",
    "confidence": 0.22757072479983353
  },
  "tonal_complexity": 0.10646796971559525
}