{
  "chroma_mean": [
    0.27829089760780334,
    0.2158324271440506,
    0.42618778347969055,
    0.4689464569091797,
    0.24754683673381805,
    0.3095006048679352,
    0.26733362674713135,
    0.5241833925247192,
    0.26146605610847473,
    0.25046980381011963,
    0.4601050913333893,
    0.3050743341445923
  ],
  "chroma_std": [
    0.2515302300453186,
    0.1734396517276764,
    0.2986658811569214,
    0.32340008020401,
    0.19908517599105835,
    0.28451165556907654,
    0.19529058039188385,
    0.3288367986679077,
    0.23699985444545746,
    0.22254578769207,
    0.32934316992759705,
    0.28700920939445496
  ],
  "key_estimation": {
    "key": "C_minor",
    "confidence": 0.42629028454977425
  },
  "tonal_complexity": 0.10059752315282822
}