{
  "snr_db": 38.58744557090783,
  "dynamic_range_db": 23.21564589464331,
  "rms_energy": 0.1030893474817276,
  "zero_crossing_rate": 0.09865228266712275
}