{
  "meta": {
    "path": "../../data/raw/MIREX-like_mood/dataset/Audio/667.mp3",
    "file_hash": "40d3a68484c7f5441158a803219a71b3b4fddc92",
    "duration_sec": 29.72154195011338,
    "sample_rate": 22050,
    "analysis_timestamp": "2025-10-24T20:13:10.965927",
    "config": {
      "sr": 22050,
      "n_fft": 2048,
      "hop_length": 512,
      "n_mels": 128,
      "n_mfcc": 13,
      "n_chroma": 12,
      "frame_length": 2048,
      "workers": 4,
      "use_crepe": false,
      "save_matrices": false,
      "save_plots": true,
      "force": true,
      "quick": false,
      "verbose": false
    },
    "processing_time_sec": 3.3375959396362305
  },
  "acoustic": {
    "mfcc_mean": [
      -117.04391479492188,
      86.35657501220703,
      4.379288196563721,
      47.78758239746094,
      -2.5328660011291504,
      22.368913650512695,
      -8.480682373046875,
      8.3644437789917,
      -9.867305755615234,
      8.50004768371582,
      -10.871073722839355,
      -0.3544170558452606,
      -7.6195878982543945
    ],
    "mfcc_std": [
      67.8674087524414,
      29.527095794677734,
      17.911598205566406,
      14.648965835571289,
      11.817914009094238,
      10.414165496826172,
      9.105637550354004,
      8.89962100982666,
      7.797455310821533,
      9.798666954040527,
      7.114487648010254,
      6.336631774902344,
      6.102939128875732
    ],
    "spectral_centroid_mean": 2326.5361460557656,
    "spectral_centroid_std": 824.7519872251755,
    "spectral_bandwidth_mean": 2404.454643812431,
    "spectral_bandwidth_std": 302.05946497869377,
    "spectral_rolloff_mean": 5064.185771004099,
    "spectral_rolloff_std": 1204.0433639582411,
    "spectral_flux_mean": 2456.930908203125,
    "spectral_flux_std": 2715.28125,
    "spectral_flatness_mean": 0.015838664025068283,
    "spectral_flatness_std": 0.03613203391432762,
    "spectral_slope_mean": -0.0005158832418312673,
    "spectral_spread_mean": 2404.454642698047,
    "spectral_skewness_mean": 1.1714447599321438,
    "spectral_kurtosis_mean": 3.8274769134617297
  },
  "rhythm": {
    "tempo_bpm": 151.99908088235293,
    "tempo_confidence": 0.9770237865146434,
    "beat_positions": [
      0.4876190476190476,
      0.8591383219954648,
      1.253877551020408,
      1.7647165532879818,
      2.159455782312925,
      2.5774149659863945,
      2.972154195011338,
      3.3901133786848074,
      3.7848526077097504,
      4.179591836734694,
      4.574331065759637,
      4.992290249433107,
      5.363809523809524,
      5.758548752834467,
      6.15328798185941,
      6.548027210884354,
      6.942766439909297,
      7.383945578231293,
      7.778684807256236,
      8.196643990929704,
      8.591383219954649,
      8.962902494331066,
      9.334421768707482,
      9.752380952380953,
      10.12390022675737,
      10.541859410430838,
      10.983038548752834,
      11.354557823129252,
      11.77251700680272,
      12.167256235827665,
      12.561995464852608,
      12.933514739229025,
      13.328253968253968,
      13.746213151927437,
      14.140952380952381,
      14.512471655328799,
      14.907210884353741,
      15.301950113378684,
      15.696689342403628,
      16.091428571428573,
      16.486167800453515,
      16.880907029478458,
      17.2756462585034,
      17.69360544217687,
      18.088344671201813,
      18.506303854875284,
      18.901043083900227,
      19.319002267573698,
      19.690521541950112,
      20.085260770975058,
      20.48,
      20.874739229024943,
      21.269478458049885,
      21.687437641723356,
      22.0821768707483,
      22.47691609977324,
      22.84843537414966,
      23.2431746031746,
      23.637913832199548,
      23.962993197278912,
      24.3112925170068,
      24.68281179138322,
      25.054331065759637,
      25.472290249433108,
      25.86702947845805,
      26.261768707482993,
      26.656507936507936,
      27.051247165532878,
      27.46920634920635,
      27.840725623582767,
      28.23546485260771,
      28.63020408163265,
      29.00172335600907,
      29.373242630385487
    ],
    "onset_times": [
      0.18575963718820862,
      0.46439909297052157,
      0.8591383219954648,
      0.9984580498866213,
      1.230657596371882,
      1.6021768707482993,
      1.7647165532879818,
      2.136235827664399,
      2.182675736961451,
      2.5541950113378684,
      2.948934240362812,
      3.274013605442177,
      3.3901133786848074,
      3.599092970521542,
      3.7616326530612243,
      4.08671201814059,
      4.667210884353741,
      4.876190476190477,
      4.992290249433107,
      5.224489795918367,
      5.340589569160998,
      5.642448979591837,
      6.03718820861678,
      6.15328798185941,
      6.478367346938776,
      6.8034467120181406,
      6.849886621315193,
      6.942766439909297,
      7.198185941043084,
      7.360725623582766,
      7.592925170068027,
      7.63936507936508,
      7.75546485260771,
      8.034104308390022,
      8.17342403628118,
      8.452063492063493,
      8.591383219954649,
      8.823582766439909,
      9.264761904761905,
      9.334421768707482,
      9.729160997732427,
      10.100680272108843,
      10.286439909297052,
      10.425759637188209,
      10.866938775510205,
      10.95981859410431,
      11.23845804988662,
      11.331337868480725,
      11.633197278911565,
      11.749297052154194,
      11.865396825396825,
      12.004716553287983,
      12.422675736961452,
      12.561995464852608,
      12.933514739229025,
      13.305034013605443,
      13.467573696145125,
      13.606893424036281,
      13.746213151927437,
      14.02485260770975,
      14.117732426303855,
      14.396371882086168,
      14.79111111111111,
      14.907210884353741,
      15.139410430839002,
      15.557369614512472,
      15.673469387755102,
      16.091428571428573,
      16.32362811791383,
      16.46294784580499,
      16.741587301587302,
      16.904126984126986,
      17.252426303854875,
      17.57750566893424,
      17.69360544217687,
      17.972244897959182,
      18.088344671201813,
      18.36698412698413,
      18.506303854875284,
      18.738503401360543,
      18.877823129251702,
      18.92426303854875,
      19.17968253968254,
      20.085260770975058,
      20.456780045351476,
      20.874739229024943,
      21.13015873015873,
      21.269478458049885,
      21.478458049886623,
      21.687437641723356,
      21.849977324263037,
      21.91963718820862,
      22.337596371882086,
      22.453696145124717,
      22.84843537414966,
      23.057414965986396,
      23.2431746031746,
      23.521814058956917,
      23.637913832199548,
      23.91655328798186,
      24.03265306122449,
      24.288072562358277,
      24.427392290249433,
      24.659591836734695,
      24.845351473922904,
      25.054331065759637,
      25.21687074829932,
      25.44907029478458,
      25.588390022675735,
      25.75092970521542,
      25.98312925170068,
      26.23854875283447,
      26.563628117913833,
      26.79582766439909,
      27.028027210884353,
      27.190566893424037,
      27.46920634920635,
      27.58530612244898,
      27.77106575963719,
      28.003265306122447,
      28.23546485260771,
      28.76952380952381,
      29.00172335600907,
      29.1178231292517,
      29.41968253968254,
      29.559002267573696
    ],
    "rhythm_regularity": 0.940568809037702,
    "syncopation_index": 0.4523809523809524,
    "beat_count": 74,
    "onset_count": 126
  },
  "harmony": {
    "chroma_mean": [
      0.4577333331108093,
      0.3397122025489807,
      0.5226122736930847,
      0.46441173553466797,
      0.28746435046195984,
      0.4722139537334442,
      0.39245185256004333,
      0.31272250413894653,
      0.2906055152416229,
      0.301998496055603,
      0.49674278497695923,
      0.3600141704082489
    ],