{
  "snr_db": 33.758211484151936,
  "dynamic_range_db": 18.11316775187185,
  "rms_energy": 0.1645115315914154,
  "zero_crossing_rate": 0.10727565786258796
}