{
  "meta": {
    "path": "../../data/raw/MIREX-like_mood/dataset/Audio/475.mp3",
    "file_hash": "d62cace7ee16eafd20b63fabb765afe5cc719c2c",
    "duration_sec": 29.675102040816327,
    "sample_rate": 22050,
    "analysis_timestamp": "2025-10-24T20:04:34.262114",
    "config": {
      "sr": 22050,
      "n_fft": 2048,
      "hop_length": 512,
      "n_mels": 128,
      "n_mfcc": 13,
      "n_chroma": 12,
      "frame_length": 2048,
      "workers": 4,
      "use_crepe": false,
      "save_matrices": false,
      "save_plots": true,
      "force": true,
      "quick": false,
      "verbose": false
    },
    "processing_time_sec": 4.56354022026062
  },
  "acoustic": {
    "mfcc_mean": [
      -43.792057037353516,
      67.98223876953125,
      -6.203131675720215,
      26.1103515625,
      6.98162317276001,
      10.073592185974121,
      0.029278073459863663,
      5.4792304039001465,
      -15.170949935913086,
      5.66082763671875,
      -7.600432395935059,
      -3.190755605697632,
      -1.507949709892273
    ],
    "mfcc_std": [
      55.46315383911133,
      18.541595458984375,
      13.702792167663574,
      13.058765411376953,
      7.8023905754089355,
      7.199485778808594,
      7.033738613128662,
      7.281627655029297,
      8.288614273071289,
      7.451436519622803,
      6.419408321380615,
      6.696532726287842,
      7.143962383270264
    ],
    "spectral_centroid_mean": 2870.687377901768,
    "spectral_centroid_std": 534.5367224159896,
    "spectral_bandwidth_mean": 2697.329760790042,
    "spectral_bandwidth_std": 255.3773819379302,
    "spectral_rolloff_mean": 6161.669673725811,
    "spectral_rolloff_std": 992.5631301282426,
    "spectral_flux_mean": 4365.14404296875,
    "spectral_flux_std": 3598.814697265625,
    "spectral_flatness_mean": 0.03643721714615822,
    "spectral_flatness_std": 0.04171105474233627,
    "spectral_slope_mean": -0.0003357567216444469,
    "spectral_spread_mean": 2697.329760625667,
    "spectral_skewness_mean": 1.0069990431956723,
    "spectral_kurtosis_mean": 3.1401410123444764
  },
  "rhythm": {
    "tempo_bpm": 117.45383522727273,
    "tempo_confidence": 0.9830047172772836,
    "beat_positions": [
      0.16253968253968254,
      0.7198185941043084,
      1.253877551020408,
      1.8343764172335602,
      2.345215419501134,
      2.8560544217687074,
      3.3436734693877552,
      3.8545124716553287,
      4.365351473922902,
      4.876190476190477,
      5.410249433106576,
      5.921088435374149,
      6.408707482993197,
      6.919546485260771,
      7.430385487528345,
      7.9412244897959186,
      8.452063492063493,
      8.962902494331066,
      9.47374149659864,
      9.984580498866213,
      10.47219954648526,
      10.95981859410431,
      11.447437641723356,
      11.981496598639456,
      12.469115646258503,
      12.979954648526077,
      13.49079365079365,
      14.001632653061224,
      14.512471655328799,
      15.000090702947846,
      15.51092970521542,
      15.998548752834466,
      16.486167800453515,
      17.020226757369613,
      17.507845804988662,
      18.018684807256236,
      18.52952380952381,
      19.040362811791383,
      19.551201814058956,
      20.038820861678005,
      20.54965986394558,
      21.060498866213152,
      21.571337868480725,
      22.058956916099774,
      22.569795918367348,
      23.08063492063492,
      23.591473922902495,
      24.079092970521543,
      24.589931972789117,
      25.10077097505669,
      25.611609977324264,
      26.09922902494331,
      26.610068027210886,
      27.09768707482993,
      27.58530612244898,
      28.096145124716553,
      28.606984126984127,
      29.1178231292517,
      29.628662131519274
    ],
    "onset_times": [
      0.13931972789115646,
      0.3250793650793651,
      0.44117913832199546,
      0.5804988662131519,
      0.6965986394557823,
      0.7894784580498866,
      0.8591383219954648,
      1.0913378684807256,
      1.230657596371882,
      1.6486167800453515,
      1.8343764172335602,
      2.066575963718821,
      2.36843537414966,
      2.48453514739229,
      2.5774149659863945,
      2.8560544217687074,
      3.2275736961451247,
      3.3436734693877552,
      3.7151927437641725,
      3.8545124716553287,
      4.1099319727891155,
      4.2260317460317465,
      4.365351473922902,
      4.504671201814059,
      4.620770975056689,
      4.876190476190477,
      5.131609977324263,
      5.38702947845805,
      5.642448979591837,
      5.7817687074829935,
      5.921088435374149,
      6.15328798185941,
      6.408707482993197,
      6.524807256235827,
      6.664126984126984,
      6.919546485260771,
      7.174965986394557,
      7.430385487528345,
      7.685804988662132,
      7.778684807256236,
      7.9412244897959186,
      8.17342403628118,
      8.452063492063493,
      8.684263038548753,
      8.93968253968254,
      9.195102040816327,
      9.334421768707482,
      9.450521541950113,
      9.822040816326531,
      9.961360544217687,
      10.193560090702947,
      10.47219954648526,
      10.704399092970522,
      10.936598639455783,
      11.19201814058957,
      11.447437641723356,
      11.818956916099774,
      11.95827664399093,
      12.144036281179138,
      12.19047619047619,
      12.469115646258503,
      12.60843537414966,
      12.701315192743763,
      12.956734693877552,
      13.25859410430839,
      13.49079365079365,
      13.722993197278912,
      13.862312925170068,
      13.978412698412699,
      14.233832199546486,
      14.373151927437641,
      14.489251700680272,
      14.605351473922903,
      14.744671201814059,
      14.97687074829932,
      15.232290249433106,
      15.394829931972788,
      15.487709750566893,
      15.85922902494331,
      15.998548752834466,
      16.23074829931973,
      16.486167800453515,
      16.602267573696146,
      16.741587301587302,
      16.99700680272109,
      17.252426303854875,
      17.39174603174603,
      17.507845804988662,
      17.647165532879818,
      17.76326530612245,
      17.87936507936508,
      18.018684807256236,
      18.250884353741498,
      18.506303854875284,
      18.64562358276644,
      18.76172335600907,
      18.99392290249433,
      19.040362811791383,
      19.249342403628116,
      19.481541950113378,
      19.89950113378685,
      20.038820861678005,
      20.24780045351474,
      20.29424036281179,
      20.54965986394558,
      20.78185941043084,
      21.037278911564627,
      21.5481179138322,
      21.687437641723356,
      21.803537414965987,
      21.91963718820862,
      22.058956916099774,
      22.19827664399093,
      22.31437641723356,
      22.54657596371882,
      22.732335600907028,
      22.918095238095237,
      23.057414965986396,
      23.312834467120183,
      23.475374149659864,
      23.56825396825397,
      23.939773242630384,
      24.079092970521543,
      24.3112925170068,
      24.589931972789117,
      24.706031746031748,
      24.845351473922904,
      25.077551020408162,
      25.33297052154195,
      25.472290249433108,
      25.588390022675735,
      25.843809523809522,
      25.959909297052153,
      26.09922902494331,
      26.33142857142857,
      26.586848072562358,
      26.70294784580499,
      26.81904761904762,
      27.074467120181406,
      27.329886621315193,
      27.46920634920635,
      27.58530612244898,
      27.840725623582767,
      27.956825396825398,
      28.07292517006803,
      28.328344671201815,
      28.606984126984127,
      28.862403628117914,
      29.094603174603176,
      29.373242630385487,
      29.628662131519274
    ],
    "rhythm_regularity": 0.9659687582636893,
    "syncopation_index": 0.5827814569536424,
    "beat_count": 59,
    "onset_count": 151
  },