{
  "meta": {
    "path": "../../data/raw/MIREX-like_mood/dataset/Audio/558.mp3",
    "file_hash": "121d3fa15afe74d7c7cbe1ee5e4fec75a4d7c287",
    "duration_sec": 29.860861678004536,
    "sample_rate": 22050,
    "analysis_timestamp": "2025-10-24T19:59:02.592160",
    "config": {
      "sr": 22050,
      "n_fft": 2048,
      "hop_length": 512,
      "n_mels": 128,
      "n_mfcc": 13,
      "n_chroma": 12,
      "frame_length": 2048,
      "workers": 4,
      "use_crepe": false,
      "save_matrices": false,
      "save_plots": true,
      "force": true,
      "quick": false,
      "verbose": false
    },
    "processing_time_sec": 3.791952610015869
  },
  "acoustic": {
    "mfcc_mean": [
      -349.38525390625,
      59.77253341674805,
      1.4551388025283813,
      24.420696258544922,
      0.24076800048351288,
      14.175729751586914,
      1.3087880611419678,
      4.6886186599731445,
      -5.321260452270508,
      3.052083969116211,
      -9.838471412658691,
      1.3173216581344604,
      -2.3276803493499756
    ],
    "mfcc_std": [
      135.7842559814453,
      59.3442497253418,
      32.11750793457031,
      24.38365936279297,
      20.879365921020508,
      19.03569984436035,
      20.917709350585938,
      13.89952564239502,
      14.862773895263672,
      12.633527755737305,
      13.285467147827148,
      10.9769926071167,
      10.16471004486084
    ],
    "spectral_centroid_mean": 3070.323862208503,
    "spectral_centroid_std": 1520.1584595727825,
    "spectral_bandwidth_mean": 2434.75563429057,
    "spectral_bandwidth_std": 513.5458257620714,
    "spectral_rolloff_mean": 5686.330003004808,
    "spectral_rolloff_std": 1949.7484980515371,
    "spectral_flux_mean": 348.36639404296875,
    "spectral_flux_std": 1235.447265625,
    "spectral_flatness_mean": 0.030916327610611916,
    "spectral_flatness_std": 0.05147682875394821,
    "spectral_slope_mean": -0.00038294883283807154,
    "spectral_spread_mean": 2434.7556359191453,
    "spectral_skewness_mean": 0.9775916442729251,
    "spectral_kurtosis_mean": 4.345179107945851
  },
  "rhythm": {
    "tempo_bpm": 112.34714673913044,
    "tempo_confidence": 0.9608180650435819,
    "beat_positions": [
      0.6733786848072563,
      1.253877551020408,
      1.8343764172335602,
      2.414875283446712,
      2.948934240362812,
      3.436553287981859,
      3.924172335600907,
      4.388571428571429,
      4.922630385487528,
      5.50312925170068,
      6.0836281179138325,
      6.6873469387755105,
      7.291065759637188,
      7.894784580498866,
      8.428843537414966,
      8.986122448979591,
      9.520181405895691,
      10.031020408163265,
      10.518639455782314,
      11.00625850340136,
      11.470657596371883,
      11.935056689342403,
      12.445895691609977,
      12.956734693877552,
      13.49079365079365,
      14.02485260770975,
      14.535691609977324,
      15.046530612244897,
      15.580589569160997,
      16.114648526077097,
      16.648707482993196,
      17.182766439909297,
      17.716825396825396,
      18.320544217687075,
      18.901043083900227,
      19.504761904761907,
      20.06204081632653,
      20.64253968253968,
      21.223038548752836,
      21.826757369614512,
      22.337596371882086,
      22.871655328798187,
      23.42893424036281,
      23.986213151927437,
      24.56671201814059,
      25.10077097505669,
      25.658049886621317,
      26.21532879818594,
      26.749387755102042,
      27.237006802721087,
      27.724625850340136,
      28.212244897959184,
      28.69986394557823,
      29.18748299319728
    ],
    "onset_times": [
      0.16253968253968254,
      0.626938775510204,
      0.8126984126984127,
      0.9984580498866213,
      1.486077097505669,
      1.8343764172335602,
      1.9969160997732427,
      2.182675736961451,
      2.36843537414966,
      2.6006349206349206,
      2.809614512471655,
      2.948934240362812,
      3.250793650793651,
      3.436553287981859,
      3.7384126984126986,
      4.1099319727891155,
      4.388571428571429,
      4.876190476190477,
      5.851428571428571,
      6.060408163265306,
      6.501587301587302,
      6.5712471655328795,
      6.664126984126984,
      7.894784580498866,
      8.126984126984127,
      8.335963718820862,
      8.591383219954649,
      8.823582766439909,
      8.986122448979591,
      9.287981859410431,
      9.868480725623582,
      10.031020408163265,
      10.100680272108843,
      10.332879818594105,
      11.029478458049887,
      11.447437641723356,
      11.656417233560092,
      11.702857142857143,
      11.795736961451247,
      11.935056689342403,
      12.144036281179138,
      12.445895691609977,
      12.933514739229025,
      13.142494331065759,
      13.328253968253968,
      13.583673469387755,
      14.02485260770975,
      14.071292517006803,
      14.32671201814059,
      15.81278911564626,
      16.091428571428573,
      16.253968253968253,
      16.62548752834467,
      16.92734693877551,
      17.69360544217687,
      17.972244897959182,
      18.413424036281178,
      18.692063492063493,
      19.504761904761907,
      19.853061224489796,
      20.06204081632653,
      20.271020408163267,
      20.572879818594103,
      20.619319727891156,
      20.805079365079365,
      21.223038548752836,
      21.478458049886623,
      21.640997732426303,
      21.803537414965987,
      22.175056689342405,
      22.31437641723356,
      22.430476190476192,
      22.871655328798187,
      22.987755102040815,
      23.127074829931974,
      23.61469387755102,
      23.823673469387757,
      23.986213151927437,
      24.125532879818593,
      24.171972789115646,
      24.357732426303855,
      24.56671201814059,
      24.752471655328797,
      24.91501133786848,
      25.10077097505669,
      25.33297052154195,
      25.44907029478458,
      25.495510204081633,
      25.63482993197279,
      25.820589569160997,
      25.959909297052153,
      26.21532879818594,
      26.726167800453513,
      26.842267573696144,
      27.074467120181406,
      27.376326530612246,
      27.724625850340136,
      29.164263038548754,
      29.442902494331065,
      29.628662131519274,
      29.837641723356008
    ],
    "rhythm_regularity": 0.9242014574708788,
    "syncopation_index": 0.5643564356435643,
    "beat_count": 54,
    "onset_count": 101
  },
  "harmony": {
    "chroma_mean": [
      0.4274583160877228,
      0.37592485547065735,
      0.38743308186531067,
      0.4640312194824219,
      0.4915984869003296,
      0.5160230994224548,
      0.5185055136680603,
      0.4165250062942505,
      0.39856868982315063,
      0.4935275614261627,
      0.7194367051124573,
      0.5749874711036682
    ],
    "chroma_std": [
      0.22260795533657074,
      0.17413388192653656,
      0.1944705992937088,
      0.23018883168697357,
      0.2301556020975113,
      0.2317260056734085,
      0.25094711780548096,
      0.21756470203399658,
      0.21576283872127533,
      0.23300780355930328,
      0.3114825487136841,
      0.2628006935119629
    ],
    "key_estimation": {
      "key": "C_major",
      "confidence": -0.26144638326286496
    },
    "tonal_complexity": 0.09241138398647308
  },
  "quality": {
    "snr_db": 51.911411139988004,
    "dynamic_range_db": 35.227098720312284,
    "rms_energy": 0.037795498967170715,
    "zero_crossing_rate": 0.18343705990190365
  },
  "lyrics": {
    "word_count": 430,
    "unique_word_count": 161,
    "sentence_count": 2,
    "avg_words_per_sentence": 215.0,
    "readability": null,
    "sentiment_analysis": null,
    "topic_keywords": [
      "the",
      "you",
      "And",
      "your",
      "offer",
      "Yes",
      "was",
      "were",
      "You",
      "another"
    ],
    "repetition_analysis": {
      "repetition_ratio": 0.6255813953488372,