{
  "mfcc_mean": [
    -119.69673156738281,
    138.29637145996094,
    -17.493566513061523,
    16.331729888916016,
    -2.707899570465088,
    10.124123573303223,
    -4.085410118103027,
    -1.7254201173782349,
    -11.735025405883789,
    1.2637370824813843,
    -7.410708904266357,
    -4.567986011505127,
    -6.12484884262085
  ],
  "mfcc_std": [
    70.69779205322266,
    28.92850112915039,
    18.436084747314453,
    12.902012825012207,
    11.86706829071045,
    9.16757583618164,
    9.417139053344727,
    8.067151069641113,
    7.483681678771973,
    8.036890029907227,
    7.992586612701416,
    7.763058662414551,
    9.397302627563477
  ],
  "spectral_centroid_mean": 1479.6807298078531,
  "spectral_centroid_std": 553.9047926041027,
  "spectral_bandwidth_mean": 1741.3966937097584,
  "spectral_bandwidth_std": 431.84879765824235,
  "spectral_rolloff_mean": 2779.6412691156916,
  "spectral_rolloff_std": 1304.3523128173094,
  "spectral_flux_mean": 5216.19384765625,
  "spectral_flux_std": 6704.58837890625,
  "spectral_flatness_mean": 0.005802617873996496,
  "spectral_flatness_std": 0.04952029138803482,
  "spectral_slope_mean": -0.000597193899715415,
  "spectral_spread_mean": 1741.3966934630746,
  "spectral_skewness_mean": 2.4484666047260193,
  "spectral_kurtosis_mean": 10.353741776024673
}