{
  "mfcc_mean": [
    -64.66563415527344,
    83.98297119140625,
    -35.43943786621094,
    38.719688415527344,
    15.545602798461914,
    18.169374465942383,
    2.6158254146575928,
    8.509048461914062,
    0.5186413526535034,
    6.233415126800537,
    -4.731093883514404,
    7.825775146484375,
    -7.209140300750732
  ],
  "mfcc_std": [
    61.13469314575195,
    24.883573532104492,
    20.978227615356445,
    12.294865608215332,
    11.729790687561035,
    7.967556953430176,
    8.370768547058105,
    7.977484703063965,
    7.406328201293945,
    6.433090686798096,
    6.964691162109375,
    6.355011463165283,
    7.629037857055664
  ],
  "spectral_centroid_mean": 2364.219734758089,
  "spectral_centroid_std": 530.7543939783296,
  "spectral_bandwidth_mean": 2186.597895801189,
  "spectral_bandwidth_std": 396.3138771095388,
  "spectral_rolloff_mean": 4621.384558382684,
  "spectral_rolloff_std": 1231.3751118896946,
  "spectral_flux_mean": 4860.68798828125,
  "spectral_flux_std": 3052.39013671875,
  "spectral_flatness_mean": 0.024831727147102356,
  "spectral_flatness_std": 0.039533697068691254,
  "spectral_slope_mean": -0.0005095971423359743,
  "spectral_spread_mean": 2186.5978959192144,
  "spectral_skewness_mean": 1.3075797812078973,
  "spectral_kurtosis_mean": 4.7193933483857355
}