{
  "meta": {
    "path": "../../data/raw/MIREX-like_mood/dataset/Audio/322.mp3",
    "file_hash": "5f5e2fb0cbca9661302c365c2479ead808d39184",
    "duration_sec": 29.675102040816327,
    "sample_rate": 22050,
    "analysis_timestamp": "2025-10-24T20:10:22.733693",
    "config": {
      "sr": 22050,
      "n_fft": 2048,
      "hop_length": 512,
      "n_mels": 128,
      "n_mfcc": 13,
      "n_chroma": 12,
      "frame_length": 2048,
      "workers": 4,
      "use_crepe": false,
      "save_matrices": false,
      "save_plots": true,
      "force": true,
      "quick": false,
      "verbose": false
    },
    "processing_time_sec": 2.5638067722320557
  },
  "acoustic": {
    "mfcc_mean": [
      -90.60331726074219,
      107.66949462890625,
      -10.818196296691895,
      17.21782684326172,
      -18.07501792907715,
      -2.8747124671936035,
      -9.861530303955078,
      -0.7789270281791687,
      -10.15742015838623,
      -7.640120506286621,
      -12.222091674804688,
      -2.1430420875549316,
      -7.82512903213501
    ],
    "mfcc_std": [
      71.95675659179688,
      24.397937774658203,
      15.498733520507812,
      14.963266372680664,
      15.490424156188965,
      7.565382957458496,
      10.09223461151123,
      9.41634464263916,
      6.410624980926514,
      6.909278869628906,
      8.137722969055176,
      6.156408786773682,
      6.063511371612549
    ],
    "spectral_centroid_mean": 2021.7449832097645,
    "spectral_centroid_std": 569.2038806008507,
    "spectral_bandwidth_mean": 2193.9408744734887,
    "spectral_bandwidth_std": 343.66091908704794,
    "spectral_rolloff_mean": 4198.62947203015,
    "spectral_rolloff_std": 1256.2077947706173,
    "spectral_flux_mean": 4569.6787109375,
    "spectral_flux_std": 4849.51611328125,
    "spectral_flatness_mean": 0.015051813796162605,
    "spectral_flatness_std": 0.03662627935409546,
    "spectral_slope_mean": -0.00043310687621477174,
    "spectral_spread_mean": 2193.940874429349,
    "spectral_skewness_mean": 1.7589160883098665,
    "spectral_kurtosis_mean": 6.029319004205191
  },
  "rhythm": {
    "tempo_bpm": 99.38401442307692,
    "tempo_confidence": 0.9865021940951159,
    "beat_positions": [
      0.7430385487528345,
      1.3467573696145125,
      1.9504761904761905,
      2.5309750566893423,
      3.1579138321995464,
      3.7616326530612243,
      4.365351473922902,
      4.96907029478458,
      5.596009070294785,
      6.199727891156463,
      6.8034467120181406,
      7.4071655328798185,
      8.010884353741497,
      8.591383219954649,
      9.218321995464853,
      9.798820861678005,
      10.402539682539683,
      11.00625850340136,
      11.609977324263038,
      12.213696145124716,
      12.817414965986394,
      13.397913832199546,
      14.001632653061224,
      14.605351473922903,
      15.209070294784581,
      15.81278911564626,
      16.416507936507937,
      17.020226757369613,
      17.600725623582765,
      18.204444444444444,
      18.808163265306124,
      19.388662131519276,
      20.01560090702948,
      20.59609977324263,
      21.176598639455783,
      21.78031746031746,
      22.38403628117914,
      22.96453514739229,
      23.56825396825397,
      24.171972789115646,
      24.752471655328797,
      25.356190476190477,
      25.93668934240363,
      26.51718820861678,
      27.144126984126984,
      27.74784580498866,
      28.328344671201815,
      28.93206349206349,
      29.53578231292517
    ],
    "onset_times": [
      0.13931972789115646,
      0.2786394557823129,
      0.4179591836734694,
      0.6965986394557823,
      1.0216780045351475,
      1.3235374149659864,
      1.6253968253968254,
      1.9272562358276644,
      2.043356009070295,
      2.2058956916099772,
      2.48453514739229,
      2.5309750566893423,
      2.8560544217687074,
      3.1346938775510202,
      3.436553287981859,
      3.7616326530612243,
      4.365351473922902,
      4.690430839002268,
      4.9458503401360545,
      5.2477097505668935,
      5.572789115646258,
      5.758548752834467,
      5.874648526077097,
      6.15328798185941,
      6.199727891156463,
      6.478367346938776,
      6.780226757369615,
      7.082086167800454,
      7.383945578231293,
      7.662585034013605,
      7.987664399092971,
      8.452063492063493,
      8.568163265306122,
      8.893242630385487,
      8.986122448979591,
      9.218321995464853,
      9.47374149659864,
      9.775600907029478,
      10.100680272108843,
      10.216780045351474,
      10.379319727891156,
      10.704399092970522,
      11.00625850340136,
      11.284897959183674,
      11.586757369614512,
      11.888616780045352,
      12.167256235827665,
      12.213696145124716,
      12.515555555555556,
      12.817414965986394,
      13.096054421768708,
      13.397913832199546,
      13.722993197278912,
      13.978412698412699,
      14.164172335600908,
      14.303492063492063,
      14.582131519274377,
      14.744671201814059,
      14.883990929705215,
      15.185850340136055,
      15.51092970521542,
      15.789569160997733,
      16.091428571428573,
      16.69514739229025,
      16.99700680272109,
      17.322086167800453,
      17.57750566893424,
      17.740045351473924,
      17.902585034013605,
      18.18122448979592,
      18.483083900226756,
      18.76172335600907,
      18.808163265306124,
      19.086802721088436,
      19.365442176870747,
      19.71374149659864,
      20.01560090702948,
      20.17814058956916,
      20.29424036281179,
      20.54965986394558,
      20.59609977324263,
      20.874739229024943,
      21.176598639455783,
      21.501678004535147,
      22.035736961451246,
      22.105396825396827,
      22.360816326530614,
      22.941315192743765,
      23.289614512471655,
      23.56825396825397,
      23.84689342403628,
      24.14875283446712,
      24.427392290249433,
      24.636371882086166,
      24.68281179138322,
      24.752471655328797,
      25.054331065759637,
      25.356190476190477,
      25.658049886621317,
      25.913469387755104,
      26.23854875283447,
      26.51718820861678,
      26.842267573696144,
      27.144126984126984,
      27.28344671201814,
      27.422766439909296,
      27.724625850340136,
      28.026485260770976,
      28.305124716553287,
      28.63020408163265,
      28.955283446712016,
      29.210702947845807,
      29.512562358276643
    ],
    "rhythm_regularity": 0.9771901038326918,
    "syncopation_index": 0.5221238938053098,
    "beat_count": 49,
    "onset_count": 113
  },
  "harmony": {
    "chroma_mean": [
      0.379452645778656,
      0.5662139058113098,
      0.3304864168167114,
      0.4500761032104492,
      0.41693347692489624,
      0.5411912798881531,
      0.5466846823692322,
      0.43751388788223267,
      0.44519510865211487,
      0.3503175675868988,
      0.5783913135528564,
      0.4609474241733551
    ],
    "chroma_std": [
      0.21055026352405548,
      0.26737990975379944,
      0.16817371547222137,
      0.2738603949546814,
      0.24138061702251434,
      0.26913565397262573,
      0.25224703550338745,
      0.2664811909198761,
      0.25116202235221863,
      0.22734925150871277,
      0.3086123764514923,
      0.24538728594779968
    ],
    "key_estimation": {
      "key": "C_minor",
      "confidence": -0.3059742163310956
    },
    "tonal_complexity": 0.08028698712587357
  },
  "quality": {
    "snr_db": 35.662024516560955,
    "dynamic_range_db": 18.278682658993187,
    "rms_energy": 0.16525430977344513,
    "zero_crossing_rate": 0.09073021525605943
  },
  "lyrics": {
    "word_count": 152,
    "unique_word_count": 56,
    "sentence_count": 1,
    "avg_words_per_sentence": 152.0,
    "readability": null,
    "sentiment_analysis": null,
    "topic_keywords": [
      "There's",
      "out",
      "tonight",
      "whoa-oh-oh",
      "ooh",
      "moon",
      "never",
      "felt",
      "before",
      "(girl"
    ],
    "repetition_analysis": {
      "repetition_ratio": 0.631578947368421,