{
  "meta": {
    "path": "../../data/raw/CSD/english/wav/en022b.wav",
    "file_hash": "bbca362d7456b025836d92de69027205b11ea66d",
    "duration_sec": 71.77573696145124,
    "sample_rate": 22050,
    "analysis_timestamp": "2025-10-24T19:10:32.646724",
    "config": {
      "sr": 22050,
      "n_fft": 2048,
      "hop_length": 512,
      "n_mels": 128,
      "n_mfcc": 13,
      "n_chroma": 12,
      "frame_length": 2048,
      "workers": 4,
      "use_crepe": false,
      "save_matrices": false,
      "save_plots": true,
      "force": true,
      "quick": false,
      "verbose": false
    },
    "processing_time_sec": 12.000155448913574
  },
  "acoustic": {
    "mfcc_mean": [
      -254.2419891357422,
      44.07222366333008,
      -5.972408771514893,
      17.993955612182617,
      -12.950875282287598,
      -7.817625522613525,
      6.007961750030518,
      -8.963286399841309,
      -5.463630199432373,
      10.194093704223633,
      -14.572572708129883,
      -0.2672918736934662,
      -5.773292064666748
    ],
    "mfcc_std": [
      82.8428955078125,
      41.864742279052734,
      29.73505973815918,
      27.34810447692871,
      20.000930786132812,
      19.99020767211914,
      13.942556381225586,
      15.132805824279785,
      13.680870056152344,
      12.808819770812988,
      12.669220924377441,
      10.422246932983398,
      9.142154693603516
    ],
    "spectral_centroid_mean": 2573.891977220737,
    "spectral_centroid_std": 1382.3537022280002,
    "spectral_bandwidth_mean": 2367.705583507691,
    "spectral_bandwidth_std": 480.83062403332855,
    "spectral_rolloff_mean": 4803.847299356202,
    "spectral_rolloff_std": 2140.702501510808,
    "spectral_flux_mean": 2978.15234375,
    "spectral_flux_std": 5859.2509765625,
    "spectral_flatness_mean": 0.0396389365196228,
    "spectral_flatness_std": 0.09864532947540283,
    "spectral_slope_mean": -0.00025138994845855765,
    "spectral_spread_mean": 2367.705582237139,
    "spectral_skewness_mean": 1.544241626080886,
    "spectral_kurtosis_mean": 5.991794741661123
  },
  "rhythm": {
    "tempo_bpm": 107.666015625,
    "tempo_confidence": 0.9665802411805712,
    "beat_positions": [
      1.6486167800453515,
      2.182675736961451,
      2.7631746031746034,
      3.2043537414965986,
      3.6919727891156464,
      4.20281179138322,
      4.760090702947846,
      5.317369614512471,
      5.897868480725624,
      6.478367346938776,
      7.1053061224489795,
      7.685804988662132,
      8.312743764172335,
      8.962902494331066,
      9.543401360544218,
      10.100680272108843,
      10.65795918367347,
      11.23845804988662,
      11.818956916099774,
      12.376235827664399,
      12.933514739229025,
      13.49079365079365,
      14.048072562358277,
      14.675011337868481,
      15.301950113378684,
      15.81278911564626,
      16.32362811791383,
      16.880907029478458,
      17.46140589569161,
      17.972244897959182,
      18.506303854875284,
      19.086802721088436,
      19.667301587301587,
      20.17814058956916,
      20.735419501133787,
      21.292698412698414,
      21.89641723356009,
      22.453696145124717,
      22.96453514739229,
      23.54503401360544,
      24.102312925170068,
      24.68281179138322,
      25.240090702947846,
      25.774149659863944,
      26.33142857142857,
      26.93514739229025,
      27.515646258503402,
      28.07292517006803,
      28.606984126984127,
      29.210702947845807,
      29.744761904761905,
      30.278820861678003,
      30.789659863945577,
      31.32371882086168,
      31.857777777777777,
      32.41505668934241,
      32.97233560090703,
      33.55283446712018,
      34.13333333333333,
      34.690612244897956,
      35.247891156462586,
      35.80517006802721,
      36.40888888888889,
      36.989387755102044,
      37.54666666666667,
      38.12716553287982,
      38.730884353741494,
      39.2649433106576,
      39.84544217687075,
      40.35628117913832,
      40.936780045351476,
      41.517278911564624,
      42.09777777777778,
      42.58539682539683,
      43.14267573696145,
      43.723174603174606,
      44.30367346938775,
      44.90739229024943,
      45.44145124716553,
      45.952290249433105,
      46.509569160997735,
      47.09006802721088,
      47.600907029478456,
      48.11174603174603,
      48.71546485260771,
      49.31918367346939,
      49.92290249433107,
      50.50340136054422,
      51.08390022675737,
      51.61795918367347,
      52.17523809523809,
      52.75573696145125,
      53.31301587301587,
      53.8702947845805,
      54.427573696145124,
      54.98485260770975,
      55.54213151927438,
      56.076190476190476,
      56.65668934240363,
      57.23718820861678,
      57.88734693877551,
      58.37496598639456,
      58.862585034013605,
      59.466303854875285,
      60.04680272108843,
      60.60408163265306,
      61.161360544217686,
      61.74185941043084,
      62.299138321995464,
      62.85641723356009,
      63.41369614512472,
      63.97097505668934,
      64.55147392290249,
      65.0855328798186,
      65.64281179138322,
      66.22331065759637,
      66.75736961451247,
      67.29142857142857,
      67.82548752834467,
      68.33632653061224
    ],