{
  "snr_db": 37.11958941273225,
  "dynamic_range_db": 22.291339431935057,
  "rms_energy": 0.10994129627943039,
  "zero_crossing_rate": 0.04819553545250196
}