{
  "mfcc_mean": [
    -52.68463897705078,
    83.45532989501953,
    -32.50242233276367,
    24.66086196899414,
    10.90544319152832,
    5.739487648010254,
    3.340333938598633,
    9.284891128540039,
    -1.5490232706069946,
    3.006650686264038,
    5.193752765655518,
    -2.757473945617676,
    2.3763885498046875
  ],
  "mfcc_std": [
    67.12798309326172,
    23.676395416259766,
    20.416873931884766,
    13.083374977111816,
    13.56679630279541,
    9.27810287475586,
    9.366229057312012,
    7.105015754699707,
    8.563700675964355,
    8.268978118896484,
    8.754948616027832,
    7.858419418334961,
    8.2505521774292
  ],
  "spectral_centroid_mean": 2469.463746882466,
  "spectral_centroid_std": 552.7594601306515,
  "spectral_bandwidth_mean": 2292.9813768066456,
  "spectral_bandwidth_std": 388.1991377390944,
  "spectral_rolloff_mean": 4706.013991092176,
  "spectral_rolloff_std": 1329.0721596791498,
  "spectral_flux_mean": 5865.154296875,
  "spectral_flux_std": 3998.591796875,
  "spectral_flatness_mean": 0.025219149887561798,
  "spectral_flatness_std": 0.03654148057103157,
  "spectral_slope_mean": -0.000444316698477915,
  "spectral_spread_mean": 2292.9813754804,
  "spectral_skewness_mean": 1.4475566755801585,
  "spectral_kurtosis_mean": 5.175990844114177
}