{
  "tempo_bpm": 89.10290948275862,
  "tempo_confidence": 0.9815929568751086,
  "beat_positions": [
    1.0448979591836736,
    1.7182766439909296,
    2.391655328798186,
    3.0650340136054424,
    3.7384126984126986,
    4.4117913832199545,
    5.085170068027211,
    5.758548752834467,
    6.431927437641724,
    7.1053061224489795,
    7.778684807256236,
    8.452063492063493,
    9.125442176870749,
    9.798820861678005,
    10.448979591836734,
    11.122358276643991,
    11.795736961451247,
    12.469115646258503,
    13.142494331065759,
    13.839092970521541,
    14.55891156462585,
    15.232290249433106,
    15.905668934240364,
    16.602267573696146,
    17.29886621315193,
    17.99546485260771,
    18.668843537414965,
    19.342222222222222,
    20.06204081632653,
    20.758639455782312,
    21.43201814058957,
    22.128616780045352,
    22.84843537414966,
    23.521814058956917,
    24.241632653061224,
    24.91501133786848,
    25.63482993197279,
    26.354648526077096,
    27.00480725623583,
    27.678185941043083
  ],
  "onset_times": [
    0.16253968253968254,
    0.34829931972789113,
    0.5108390022675737,
    0.6965986394557823,
    0.9287981859410431,
    1.0216780045351475,
    1.3699773242630386,
    1.6950566893424037,
    1.9272562358276644,
    2.043356009070295,
    2.36843537414966,
    2.5309750566893423,
    2.716734693877551,
    3.0418140589569163,
    3.2043537414965986,
    3.3901133786848074,
    3.622312925170068,
    3.7384126984126986,
    4.063492063492063,
    4.295691609977324,
    4.388571428571429,
    4.73687074829932,
    5.061950113378685,
    5.224489795918367,
    5.410249433106576,
    5.735328798185941,
    5.897868480725624,
    6.0836281179138325,
    6.315827664399093,
    6.431927437641724,
    6.757006802721088,
    7.082086167800454,
    7.314285714285714,
    7.453605442176871,
    7.75546485260771,
    7.918004535147392,
    8.126984126984127,
    8.312743764172335,
    8.428843537414966,
    8.777142857142858,
    8.986122448979591,
    9.125442176870749,
    9.450521541950113,
    9.775600907029478,
    10.12390022675737,
    10.448979591836734,
    10.797278911564625,
    11.122358276643991,
    11.284897959183674,
    11.470657596371883,
    11.795736961451247,
    12.144036281179138,
    12.469115646258503,
    12.701315192743763,
    12.817414965986394,
    13.142494331065759,
    13.281814058956916,
    13.49079365079365,
    13.699773242630386,
    13.815873015873017,
    13.978412698412699,
    14.164172335600908,
    14.32671201814059,
    14.55891156462585,
    14.86077097505669,
    15.232290249433106,
    15.371609977324264,
    15.557369614512472,
    15.905668934240364,
    16.114648526077097,
    16.253968253968253,
    16.579047619047618,
    16.741587301587302,
    16.92734693877551,
    17.11310657596372,
    17.2756462585034,
    17.41496598639456,
    17.623945578231293,
    17.972244897959182,
    18.18122448979592,
    18.320544217687075,
    18.668843537414965,
    18.808163265306124,
    19.017142857142858,
    19.342222222222222,
    19.481541950113378,
    19.690521541950112,
    19.922721088435374,
    20.038820861678005,
    20.201360544217685,
    20.410340136054423,
    20.758639455782312,
    20.96761904761905,
    21.083718820861677,
    21.43201814058957,
    21.571337868480725,
    21.78031746031746,
    21.989297052154196,
    22.105396825396827,
    22.267936507936508,
    22.453696145124717,
    22.68589569160998,
    22.825215419501134,
    22.96453514739229,
    23.196734693877552,
    23.521814058956917,
    23.754013605442175,
    23.800453514739228,
    23.870113378684806,
    24.2184126984127,
    24.589931972789117,
    24.91501133786848,
    25.240090702947846,
    25.472290249433108,
    25.63482993197279,
    25.959909297052153,
    26.33142857142857,
    26.493968253968255,
    26.610068027210886,
    26.865487528344673,
    27.00480725623583,
    27.237006802721087,
    27.353106575963718,
    27.678185941043083,
    28.026485260770976,
    28.16580498866213,
    28.398004535147393,
    28.53732426303855,
    28.723083900226758,
    28.908843537414967,
    29.094603174603176,
    29.280362811791385,
    29.41968253968254
  ],
  "rhythm_regularity": 0.9725405130810405,
  "syncopation_index": 0.6992481203007519,
  "beat_count": 40,
  "onset_count": 133
}