{
  "snr_db": 32.744534731851445,
  "dynamic_range_db": 16.729332220221014,
  "rms_energy": 0.18714112043380737,
  "zero_crossing_rate": 0.10808882366594996
}