{
  "snr_db": 37.21817209308527,
  "dynamic_range_db": 16.595924398468323,
  "rms_energy": 0.19901472330093384,
  "zero_crossing_rate": 0.09155964088557751
}