{
  "mfcc_mean": [
    -159.42880249023438,
    146.5253448486328,
    -36.68246078491211,
    23.979555130004883,
    -2.6580257415771484,
    11.083671569824219,
    11.750234603881836,
    -0.48386549949645996,
    -17.197099685668945,
    2.174762725830078,
    -2.3789570331573486,
    -5.518766403198242,
    -1.0225393772125244
  ],
  "mfcc_std": [
    79.56782531738281,
    23.150312423706055,
    29.607746124267578,
    17.460660934448242,
    16.568920135498047,
    12.64238166809082,
    12.269367218017578,
    9.959456443786621,
    10.56531047821045,
    10.480213165283203,
    10.896561622619629,
    8.32213306427002,
    8.347826957702637
  ],
  "spectral_centroid_mean": 1377.5863103331026,
  "spectral_centroid_std": 294.43151353712165,
  "spectral_bandwidth_mean": 1482.397728118709,
  "spectral_bandwidth_std": 254.02634119545326,
  "spectral_rolloff_mean": 2580.1903493906616,
  "spectral_rolloff_std": 726.6073321017439,
  "spectral_flux_mean": 6532.2333984375,
  "spectral_flux_std": 8257.8974609375,
  "spectral_flatness_mean": 0.002550489502027631,
  "spectral_flatness_std": 0.031890738755464554,
  "spectral_slope_mean": -0.0006056070580311786,
  "spectral_spread_mean": 1482.3977299716428,
  "spectral_skewness_mean": 2.43234844997506,
  "spectral_kurtosis_mean": 11.17864250795757
}