{
  "snr_db": 58.522346632386764,
  "dynamic_range_db": 19.440626663292203,
  "rms_energy": 0.16330912709236145,
  "zero_crossing_rate": 0.12926871133745735
}