{
  "chroma_mean": [
    0.5240165591239929,
    0.2906248867511749,
    0.4128605127334595,
    0.3003115653991699,
    0.5613567233085632,
    0.43427571654319763,
    0.3354620933532715,
    0.5044191479682922,
    0.309821218252182,
    0.4306893050670624,
    0.2816771864891052,
    0.4673406481742859
  ],
  "chroma_std": [
    0.2804286777973175,
    0.17160062491893768,
    0.29021915793418884,
    0.18973113596439362,
    0.301764577627182,
    0.3278685510158539,
    0.21788330376148224,
    0.2880811095237732,
    0.1895258128643036,
    0.2583731710910797,
    0.15405966341495514,
    0.27199938893318176
  ],
  "key_estimation": {
    "key": "C_major",
    "confidence": 0.8505765347274278
  },
  "tonal_complexity": 0.09447301179170609
}