{
  "mfcc_mean": [
    -94.33553314208984,
    92.7776107788086,
    1.0907713174819946,
    49.02006149291992,
    -2.2967560291290283,
    11.524648666381836,
    -12.350014686584473,
    6.332218647003174,
    -7.763060092926025,
    6.747889995574951,
    -6.732728004455566,
    4.303822994232178,
    -8.083085060119629
  ],
  "mfcc_std": [
    80.61144256591797,
    20.705936431884766,
    28.4564208984375,
    12.649274826049805,
    10.495584487915039,
    8.206319808959961,
    8.959362030029297,
    6.7983317375183105,
    7.105337142944336,
    8.249032974243164,
    6.949203968048096,
    6.7512383460998535,
    7.045776844024658
  ],
  "spectral_centroid_mean": 2175.694998069229,
  "spectral_centroid_std": 533.3634990306817,
  "spectral_bandwidth_mean": 2346.922646917865,
  "spectral_bandwidth_std": 340.70197869357605,
  "spectral_rolloff_mean": 4817.055369917169,
  "spectral_rolloff_std": 1065.706322059471,
  "spectral_flux_mean": 3924.3408203125,
  "spectral_flux_std": 3575.354736328125,
  "spectral_flatness_mean": 0.012713863514363766,
  "spectral_flatness_std": 0.033349230885505676,
  "spectral_slope_mean": -0.0005270152705230865,
  "spectral_spread_mean": 2346.9226474115285,
  "spectral_skewness_mean": 1.2967324794502326,
  "spectral_kurtosis_mean": 4.131673317599507
}