{
  "chroma_mean": [
    0.5072190165519714,
    0.21216990053653717,
    0.27854764461517334,
    0.26232749223709106,
    0.25620123744010925,
    0.360734224319458,
    0.24615533649921417,
    0.4384326636791229,
    0.32405370473861694,
    0.3046075701713562,
    0.31373462080955505,
    0.2999769151210785
  ],
  "chroma_std": [
    0.36238476634025574,
    0.2078697681427002,
    0.23890890181064606,
    0.23752163350582123,
    0.2128886580467224,
    0.3037811517715454,
    0.20972737669944763,
    0.3479517102241516,
    0.2889290750026703,
    0.26661214232444763,
    0.3234936594963074,
    0.2704665958881378
  ],
  "key_estimation": {
    "key": "C_major",
    "confidence": 0.813974210608738
  },
  "tonal_complexity": 0.0803731381893158
}