{
  "mfcc_mean": [
    -59.12907409667969,
    121.71117401123047,
    -22.901596069335938,
    8.820394515991211,
    -9.21911334991455,
    2.2372024059295654,
    -7.812180042266846,
    -3.045206308364868,
    -4.528318881988525,
    12.419315338134766,
    -3.10711407661438,
    1.82399582862854,
    -6.296502113342285
  ],
  "mfcc_std": [
    71.29528045654297,
    21.90951919555664,
    14.871711730957031,
    11.544085502624512,
    10.374672889709473,
    7.242051124572754,
    7.80006742477417,
    7.534773349761963,
    8.073410034179688,
    7.57956075668335,
    7.861445426940918,
    6.090567588806152,
    7.170357704162598
  ],
  "spectral_centroid_mean": 1831.040215921019,
  "spectral_centroid_std": 374.28603156136813,
  "spectral_bandwidth_mean": 2041.5698301413986,
  "spectral_bandwidth_std": 328.80224143443473,
  "spectral_rolloff_mean": 3634.363585137314,
  "spectral_rolloff_std": 915.9706983518066,
  "spectral_flux_mean": 6018.7939453125,
  "spectral_flux_std": 4914.1875,
  "spectral_flatness_mean": 0.008761945180594921,
  "spectral_flatness_std": 0.029859086498618126,
  "spectral_slope_mean": -0.0005176980429562871,
  "spectral_spread_mean": 2041.569832990383,
  "spectral_skewness_mean": 1.9872582779785934,
  "spectral_kurtosis_mean": 7.086000845050375
}