{
  "mfcc_mean": [
    -267.2674865722656,
    47.235958099365234,
    1.4398165941238403,
    16.63970947265625,
    -2.7631912231445312,
    -4.00775146484375,
    6.055962085723877,
    -1.0044833421707153,
    -6.92064094543457,
    11.372438430786133,
    -14.73774242401123,
    -0.768247127532959,
    -6.133279323577881
  ],
  "mfcc_std": [
    104.33031463623047,
    38.959476470947266,
    27.019615173339844,
    26.950393676757812,
    14.594006538391113,
    18.87531852722168,
    12.792490005493164,
    13.242461204528809,
    14.554296493530273,
    13.130806922912598,
    12.521515846252441,
    8.881342887878418,
    9.7885160446167
  ],
  "spectral_centroid_mean": 2732.8751366251345,
  "spectral_centroid_std": 1426.3533508569617,
  "spectral_bandwidth_mean": 2535.098067982147,
  "spectral_bandwidth_std": 448.96689209304145,
  "spectral_rolloff_mean": 5369.380104758523,
  "spectral_rolloff_std": 2222.7643747293837,
  "spectral_flux_mean": 2325.723388671875,
  "spectral_flux_std": 4937.423828125,
  "spectral_flatness_mean": 0.0744175836443901,
  "spectral_flatness_std": 0.15214455127716064,
  "spectral_slope_mean": -0.00023075200964259147,
  "spectral_spread_mean": 2535.0980690211227,
  "spectral_skewness_mean": 1.3885634410850372,
  "spectral_kurtosis_mean": 5.106014016119655
}