{
  "tempo_bpm": 95.703125,
  "tempo_confidence": 0.9714079913906115,
  "beat_positions": [
    0.18575963718820862,
    0.7430385487528345,
    1.3467573696145125,
    2.020136054421769,
    2.647074829931973,
    3.274013605442177,
    3.877732426303855,
    4.527891156462585,
    5.154829931972789,
    5.804988662131519,
    6.431927437641724,
    7.058866213151927,
    7.7090249433106575,
    8.312743764172335,
    8.93968253968254,
    9.566621315192744,
    10.216780045351474,
    10.843718820861678,
    11.447437641723356,
    12.097596371882085,
    12.72453514739229,
    13.351473922902494,
    14.001632653061224,
    14.651791383219955,
    15.27873015873016,
    15.928888888888888,
    16.555827664399093,
    17.182766439909297,
    17.832925170068027,
    18.436643990929706,
    19.086802721088436,
    19.736961451247165,
    20.387120181405894,
    21.0140589569161,
    21.66421768707483,
    22.291156462585032,
    22.941315192743765,
    23.591473922902495,
    24.2184126984127,
    24.845351473922904,
    25.356190476190477,
    26.006349206349206,
    26.656507936507936,
    27.30666666666667,
    27.93360544217687,
    28.490884353741496,
    29.071383219954647
  ],
  "onset_times": [
    0.16253968253968254,
    0.23219954648526078,
    0.5340589569160997,
    0.6965986394557823,
    0.9984580498866213,
    1.207437641723356,
    1.3467573696145125,
    1.6718367346938776,
    1.9969160997732427,
    2.461315192743764,
    2.716734693877551,
    2.7631746031746034,
    3.0882539682539685,
    3.274013605442177,
    3.4133333333333336,
    3.575873015873016,
    3.7384126984126986,
    3.8545124716553287,
    4.2260317460317465,
    4.365351473922902,
    4.504671201814059,
    4.667210884353741,
    4.85297052154195,
    4.96907029478458,
    5.131609977324263,
    5.340589569160998,
    5.479909297052155,
    5.61922902494331,
    5.7817687074829935,
    5.9675283446712015,
    6.130068027210885,
    6.199727891156463,
    6.2693877551020405,
    6.431927437641724,
    6.919546485260771,
    7.058866213151927,
    7.500045351473923,
    7.7090249433106575,
    7.825124716553288,
    8.010884353741497,
    8.17342403628118,
    8.289523809523809,
    8.498503401360544,
    8.800362811791382,
    8.93968253968254,
    9.241541950113378,
    9.427301587301587,
    9.566621315192744,
    9.914920634920636,
    10.054240362811791,
    10.216780045351474,
    10.356099773242631,
    10.518639455782314,
    10.681179138321996,
    10.820498866213152,
    10.983038548752834,
    11.145578231292516,
    11.284897959183674,
    11.447437641723356,
    11.935056689342403,
    12.07437641723356,
    12.422675736961452,
    12.561995464852608,
    12.72453514739229,
    13.351473922902494,
    13.699773242630386,
    13.862312925170068,
    14.001632653061224,
    14.303492063492063,
    14.466031746031746,
    14.628571428571428,
    14.79111111111111,
    15.116190476190477,
    15.27873015873016,
    15.441269841269841,
    15.580589569160997,
    15.766349206349206,
    15.905668934240364,
    16.091428571428573,
    16.370068027210884,
    16.532607709750568,
    16.880907029478458,
    17.020226757369613,
    17.159546485260773,
    17.647165532879818,
    17.832925170068027,
    17.925804988662133,
    17.972244897959182,
    18.134784580498867,
    18.274104308390022,
    18.436643990929706,
    18.599183673469387,
    18.76172335600907,
    18.877823129251702,
    19.086802721088436,
    19.4118820861678,
    19.551201814058956,
    19.736961451247165,
    19.87628117913832,
    20.01560090702948,
    20.201360544217685,
    20.36390022675737,
    20.526439909297054,
    20.688979591836734,
    20.851519274376418,
    21.0140589569161,
    21.153378684807254,
    21.478458049886623,
    21.640997732426303,
    22.6162358276644,
    22.941315192743765,
    23.56825396825397,
    24.2184126984127,
    24.56671201814059,
    24.845351473922904,
    25.054331065759637,
    25.21687074829932,
    25.33297052154195,
    25.658049886621317,
    25.843809523809522,
    26.006349206349206,
    26.16888888888889,
    26.493968253968255,
    26.63328798185941,
    26.81904761904762,
    26.958367346938775,
    27.144126984126984,
    27.28344671201814,
    27.353106575963718,
    27.46920634920635,
    27.631746031746033,
    27.794285714285714,
    27.93360544217687,
    28.16580498866213,
    28.258684807256238,
    28.421224489795918,
    28.583764172335602,
    28.746303854875283,
    28.908843537414967,
    29.048163265306123
  ],
  "rhythm_regularity": 0.9531273963436874,
  "syncopation_index": 0.6428571428571429,
  "beat_count": 47,
  "onset_count": 140
}