{
  "mfcc_mean": [
    -289.0470275878906,
    54.58085250854492,
    -20.696237564086914,
    10.603104591369629,
    -9.358009338378906,
    -14.037114143371582,
    6.90271520614624,
    -4.973780632019043,
    6.880599498748779,
    4.2834086418151855,
    -16.81537628173828,
    0.545261800289154,
    -4.84855318069458
  ],
  "mfcc_std": [
    116.02777099609375,
    39.592350006103516,
    27.922889709472656,
    24.93366241455078,
    16.691423416137695,
    21.7680606842041,
    12.791518211364746,
    14.10555362701416,
    12.267369270324707,
    11.788900375366211,
    14.525641441345215,
    8.870847702026367,
    10.163893699645996
  ],
  "spectral_centroid_mean": 2622.0662205588787,
  "spectral_centroid_std": 1514.099239673056,
  "spectral_bandwidth_mean": 2262.1121788139426,
  "spectral_bandwidth_std": 536.4767017549264,
  "spectral_rolloff_mean": 4712.139744835055,
  "spectral_rolloff_std": 2479.2282445280907,
  "spectral_flux_mean": 2114.110107421875,
  "spectral_flux_std": 4327.138671875,
  "spectral_flatness_mean": 0.09351449459791183,
  "spectral_flatness_std": 0.17384310066699982,
  "spectral_slope_mean": -0.0002928879787267605,
  "spectral_spread_mean": 2262.1121779762493,
  "spectral_skewness_mean": 1.6512983295731791,
  "spectral_kurtosis_mean": 7.01192588537704
}