{
  "tempo_bpm": 123.046875,
  "tempo_confidence": 0.9751357025647529,
  "beat_positions": [
    3.2275736961451247,
    3.7151927437641725,
    4.156371882086168,
    4.597551020408163,
    5.061950113378685,
    5.526349206349207,
    5.990748299319728,
    6.431927437641724,
    6.919546485260771,
    7.383945578231293,
    7.87156462585034,
    8.312743764172335,
    8.800362811791382,
    9.264761904761905,
    9.729160997732427,
    10.216780045351474,
    10.727619047619047,
    11.122358276643991,
    11.586757369614512,
    12.051156462585034,
    12.538775510204081,
    12.979954648526077,
    13.467573696145125,
    13.931972789115646,
    14.373151927437641,
    14.79111111111111,
    15.27873015873016,
    15.74312925170068,
    16.207528344671204,
    16.671927437641724,
    17.159546485260773,
    17.623945578231293,
    18.088344671201813,
    18.52952380952381,
    19.017142857142858,
    19.481541950113378,
    19.922721088435374,
    20.317460317460316,
    20.805079365079365,
    21.292698412698414,
    21.757097505668934,
    22.19827664399093,
    22.68589569160998,
    23.1502947845805,
    23.591473922902495,
    24.03265306122449,
    24.49705215419501,
    24.98467120181406,
    25.44907029478458,
    25.890249433106575,
    26.377868480725624,
    26.81904761904762,
    27.237006802721087,
    27.654965986394558,
    28.07292517006803,
    28.560544217687074,
    29.024943310657598,
    29.489342403628118,
    30.023401360544216,
    30.511020408163265,
    30.975419501133786,
    31.463038548752834,
    31.927437641723355,
    32.391836734693875,
    32.879455782312924,
    33.36707482993197,
    33.85469387755102,
    34.34231292517007,
    34.82993197278912,
    35.31755102040816,
    35.80517006802721,
    36.29278911564626,
    36.78040816326531,
    37.268027210884355,
    37.755646258503404,
    38.243265306122446,
    38.730884353741494,
    39.21850340136054,
    39.68290249433107,
    40.147301587301584,
    40.658140589569165,
    41.09931972789116,
    41.54049886621315,
    41.98167800453515,
    42.44607709750567,
    42.887256235827664,
    43.35165532879819,
    43.83927437641724,
    44.30367346938775,
    44.83773242630385,
    45.27891156462585,
    45.743310657596375,
    46.18448979591837,
    46.672108843537416,
    47.13650793650794,
    47.600907029478456,
    48.06530612244898,
    48.55292517006803,
    49.017324263038546,
    49.458503401360545,
    49.92290249433107,
    50.340861678004536,
    50.78204081632653,
    51.24643990929705,
    51.710839002267576,
    52.19845804988662,
    52.63963718820862,
    53.10403628117914,
    53.56843537414966,
    54.05605442176871,
    54.543673469387755,
    55.00807256235828,
    55.44925170068027,
    55.913650793650795,
    56.37804988662131,
    56.79600907029479,
    57.23718820861678,
    57.7015873015873,
    58.18920634920635,
    58.63038548752834,
    59.07156462585034,
    59.559183673469384,
    60.04680272108843,
    60.51120181405896,
    60.998820861678006,
    61.41678004535147,
    61.881179138322,
    62.32235827664399,
    62.76353741496599,
    63.25115646258504,
    63.715555555555554,
    64.17995464852608,
    64.62113378684808,
    65.03909297052154,
    65.52671201814059,
    65.96789115646258,
    66.52517006802721,
    66.96634920634921,
    67.43074829931973,
    67.87192743764173,
    68.35954648526076
  ],
  "onset_times": [
    3.0882539682539685,
    3.2275736961451247,
    3.7151927437641725,
    4.156371882086168,
    4.597551020408163,
    5.270929705215419,
    5.526349206349207,
    5.9675283446712015,
    6.431927437641724,
    6.478367346938776,
    7.082086167800454,
    7.360725623582766,
    7.848344671201814,
    8.196643990929704,
    8.312743764172335,
    8.800362811791382,
    9.241541950113378,
    10.031020408163265,
    10.193560090702947,
    10.727619047619047,
    11.099138321995465,
    11.586757369614512,
    12.027936507936507,
    12.353015873015874,
    12.515555555555556,
    12.887074829931972,
    12.979954648526077,
    13.467573696145125,
    13.815873015873017,
    13.955192743764172,
    14.44281179138322,
    14.79111111111111,
    15.255510204081633,
    15.719909297052155,
    16.04498866213152,
    16.207528344671204,
    16.648707482993196,
    17.623945578231293,
    18.204444444444444,
    18.52952380952381,
    19.017142857142858,
    19.481541950113378,
    19.89950113378685,
    20.154920634920636,
    20.317460317460316,
    20.78185941043084,
    20.851519274376418,
    21.292698412698414,
    21.873197278911565,
    22.175056689342405,
    22.68589569160998,
    22.987755102040815,
    23.1502947845805,
    23.754013605442175,
    24.03265306122449,
    24.473832199546486,
    24.961451247165535,
    25.240090702947846,
    25.541950113378686,
    25.658049886621317,
    25.774149659863944,
    25.890249433106575,
    26.656507936507936,
    26.81904761904762,
    27.39954648526077,
    27.654965986394558,
    28.07292517006803,
    28.142585034013607,
    28.398004535147393,
    28.560544217687074,
    29.164263038548754,
    29.257142857142856,
    29.466122448979593,
    29.58222222222222,
    29.976961451247167,
    30.023401360544216,
    30.34848072562358,
    30.511020408163265,
    30.975419501133786,
    31.43981859410431,
    31.764897959183674,
    31.90421768707483,
    32.36861678004535,
    40.147301587301584,
    40.63492063492063,
    41.09931972789116,
    41.424399092970525,
    41.54049886621315,
    41.586938775510205,
    42.44607709750567,
    42.91047619047619,
    43.23555555555556,
    43.97859410430839,
    44.30367346938775,
    44.81451247165533,
    45.186031746031745,
    45.743310657596375,
    46.16126984126984,
    46.64888888888889,
    46.95074829931973,
    47.13650793650794,
    47.74022675736961,
    48.06530612244898,
    48.55292517006803,
    48.99410430839002,
    49.458503401360545,
    49.83002267573696,
    49.92290249433107,
    50.31764172335601,
    50.61950113378685,
    50.758820861678004,
    51.38575963718821,
    51.687619047619044,
    52.17523809523809,
    52.63963718820862,
    52.964716553287985,
    53.10403628117914,
    53.40589569160998,
    53.56843537414966,
    54.03283446712018,
    54.543673469387755,
    55.10095238095238,
    55.42603174603175,
    55.89043083900227,
    56.37804988662131,
    56.79600907029479,
    57.09786848072562,
    57.23718820861678,
    57.7015873015873,
    58.18920634920635,
    58.746485260770974,
    59.07156462585034,
    59.559183673469384,
    59.60562358276644,
    59.90748299319728,
    60.02358276643991,
    60.720181405895694,
    60.97560090702948,
    61.39356009070295,
    61.881179138322,
    62.461678004535145,
    62.55455782312925,
    62.64743764172336,
    62.76353741496599,
    63.52979591836735,
    63.715555555555554,
    64.2960544217687,
    64.59791383219955,
    65.01587301587301,
    65.36417233560091,
    65.50349206349206,
    65.96789115646258,
    66.08399092970521,
    66.38585034013606,
    66.50195011337868,
    66.94312925170068,
    67.24498866213152,
    67.43074829931973,
    67.87192743764173,
    68.33632653061224,
    68.68462585034014,
    68.82394557823129,
    69.26512471655329
  ],
  "rhythm_regularity": 0.9451918759179232,
  "syncopation_index": 0.294478527607362,
  "beat_count": 141,
  "onset_count": 163
}