{
  "tempo_bpm": 107.666015625,
  "tempo_confidence": 0.978495283919143,
  "beat_positions": [
    0.25541950113378686,
    0.905578231292517,
    1.486077097505669,
    2.020136054421769,
    2.5774149659863945,
    3.111473922902494,
    3.6687528344671203,
    4.2260317460317465,
    4.760090702947846,
    5.317369614512471,
    5.874648526077097,
    6.3854875283446715,
    6.942766439909297,
    7.500045351473923,
    8.034104308390022,
    8.591383219954649,
    9.148662131519274,
    9.682721088435374,
    10.24,
    10.797278911564625,
    11.354557823129252,
    11.888616780045352,
    12.445895691609977,
    13.003174603174603,
    13.537233560090703,
    14.071292517006803,
    14.651791383219955,
    15.185850340136055,
    15.74312925170068,
    16.27718820861678,
    16.834467120181404,
    17.368526077097506,
    17.902585034013605,
    18.436643990929706,
    19.017142857142858,
    19.59764172335601,
    20.154920634920636,
    20.712199546485262,
    21.24625850340136,
    21.803537414965987,
    22.337596371882086,
    22.918095238095237,
    23.45215419501134,
    24.009433106575965,
    24.543492063492064,
    25.077551020408162,
    25.611609977324264,
    26.145668934240362,
    26.726167800453513
  ],
  "onset_times": [
    0.09287981859410431,
    0.23219954648526078,
    0.37151927437641724,
    0.5108390022675737,
    0.905578231292517,
    1.18421768707483,
    1.4628571428571429,
    1.6253968253968254,
    1.7414965986394557,
    1.9969160997732427,
    2.2987755102040817,
    2.4380952380952383,
    2.5541950113378684,
    2.693514739229025,
    2.8328344671201813,
    2.972154195011338,
    3.111473922902494,
    3.3668934240362813,
    3.6687528344671203,
    3.924172335600907,
    4.20281179138322,
    4.481451247165533,
    4.6439909297052155,
    4.760090702947846,
    4.876190476190477,
    5.154829931972789,
    5.294149659863946,
    5.5495691609977325,
    5.851428571428571,
    6.013968253968254,
    6.130068027210885,
    6.362267573696145,
    6.408707482993197,
    6.548027210884354,
    6.664126984126984,
    6.826666666666667,
    6.942766439909297,
    7.082086167800454,
    7.22140589569161,
    7.360725623582766,
    7.476825396825397,
    7.7090249433106575,
    7.75546485260771,
    8.289523809523809,
    8.452063492063493,
    8.591383219954649,
    9.009342403628118,
    9.125442176870749,
    9.404081632653062,
    9.543401360544218,
    9.659501133786849,
    9.822040816326531,
    9.961360544217687,
    10.100680272108843,
    10.216780045351474,
    10.495419501133787,
    10.634739229024943,
    10.7740589569161,
    10.936598639455783,
    11.052698412698414,
    11.215238095238096,
    11.331337868480725,
    11.493877551020407,
    11.609977324263038,
    11.77251700680272,
    11.888616780045352,
    12.167256235827665,
    12.422675736961452,
    12.701315192743763,
    12.887074829931972,
    13.003174603174603,
    13.25859410430839,
    13.421133786848072,
    13.537233560090703,
    13.653333333333334,
    13.722993197278912,
    13.815873015873017,
    13.931972789115646,
    14.071292517006803,
    14.257052154195012,
    14.349931972789115,
    14.628571428571428,
    14.767891156462586,
    14.907210884353741,
    15.046530612244897,
    15.09297052154195,
    15.185850340136055,
    15.464489795918368,
    15.62702947845805,
    15.719909297052155,
    15.882448979591837,
    15.998548752834466,
    16.137868480725622,
    16.253968253968253,
    16.439727891156462,
    16.555827664399093,
    16.81124716553288,
    17.08988662131519,
    17.345306122448978,
    17.531065759637187,
    17.623945578231293,
    17.809705215419502,
    17.87936507936508,
    17.925804988662133,
    18.18122448979592,
    18.3437641723356,
    18.64562358276644,
    18.76172335600907,
    19.017142857142858,
    19.29578231292517,
    19.458321995464853,
    19.574421768707484,
    19.736961451247165,
    19.87628117913832,
    19.99238095238095,
    20.154920634920636,
    20.29424036281179,
    20.387120181405894,
    20.54965986394558,
    20.851519274376418,
    21.24625850340136,
    21.501678004535147,
    21.78031746031746,
    21.942857142857143,
    22.058956916099774,
    22.19827664399093,
    22.337596371882086,
    22.50013605442177,
    22.6162358276644,
    22.918095238095237,
    23.057414965986396,
    23.173514739229024,
    23.45215419501134,
    23.707573696145126,
    23.986213151927437,
    24.264852607709752,
    24.427392290249433,
    24.543492063492064,
    24.822131519274375,
    25.077551020408162,
    25.379410430839002,
    25.472290249433108,
    25.588390022675735,
    25.75092970521542,
    25.890249433106575,
    26.145668934240362,
    26.726167800453513,
    26.9815873015873,
    27.58530612244898,
    27.840725623582767,
    28.11936507936508,
    28.374784580498865
  ],
  "rhythm_regularity": 0.9601480116084193,
  "syncopation_index": 0.6644736842105263,
  "beat_count": 49,
  "onset_count": 152
}