{
  "chroma_mean": [
    0.6806595325469971,
    0.4522338807582855,
    0.470122367143631,
    0.4839060604572296,
    0.5748305320739746,
    0.6118870377540588,
    0.5679264664649963,
    0.5740458369255066,
    0.4840894639492035,
    0.5504797697067261,
    0.5537713170051575,
    0.5501737594604492
  ],
  "chroma_std": [
    0.2879733443260193,
    0.17501859366893768,
    0.20783983170986176,
    0.20556224882602692,
    0.22830477356910706,
    0.25721919536590576,
    0.23732464015483856,
    0.2300456315279007,
    0.19725653529167175,
    0.2347177118062973,
    0.24216124415397644,
    0.20896640419960022
  ],
  "key_estimation": {
    "key": "C_major",
    "confidence": 0.7646661304634632
  },
  "tonal_complexity": 0.0625222697854042
}