{
  "tempo_bpm": 99.38401442307692,
  "tempo_confidence": 0.9725417317706346,
  "beat_positions": [
    0.16253968253968254,
    0.8126984126984127,
    1.5789569160997732,
    2.2058956916099772,
    2.809614512471655,
    3.4133333333333336,
    4.040272108843538,
    4.6439909297052155,
    5.2477097505668935,
    5.851428571428571,
    6.455147392290249,
    7.082086167800454,
    7.685804988662132,
    8.289523809523809,
    8.893242630385487,
    9.496961451247165,
    10.100680272108843,
    10.704399092970522,
    11.3081179138322,
    11.911836734693878,
    12.515555555555556,
    13.119274376417234,
    13.722993197278912,
    14.32671201814059,
    14.930430839002268,
    15.534149659863946,
    16.137868480725622,
    16.741587301587302,
    17.368526077097506,
    17.972244897959182,
    18.575963718820862,
    19.202902494331067,
    19.806621315192743,
    20.433560090702947,
    21.037278911564627,
    21.61777777777778,
    22.221496598639455,
    22.825215419501134
  ],
  "onset_times": [
    0.13931972789115646,
    0.34829931972789113,
    0.5108390022675737,
    0.6733786848072563,
    0.9752380952380952,
    1.4396371882086167,
    1.7414965986394557,
    2.043356009070295,
    2.2058956916099772,
    2.345215419501134,
    2.507755102040816,
    2.647074829931973,
    2.809614512471655,
    2.972154195011338,
    3.274013605442177,
    3.4133333333333336,
    3.575873015873016,
    3.7151927437641725,
    3.877732426303855,
    4.017052154195011,
    4.179591836734694,
    4.31891156462585,
    4.481451247165533,
    4.6439909297052155,
    4.806530612244898,
    4.9458503401360545,
    5.2477097505668935,
    5.410249433106576,
    5.5495691609977325,
    5.712108843537415,
    5.851428571428571,
    6.013968253968254,
    6.15328798185941,
    6.315827664399093,
    6.455147392290249,
    6.617687074829932,
    6.757006802721088,
    6.919546485260771,
    7.082086167800454,
    7.22140589569161,
    7.383945578231293,
    7.523265306122449,
    7.685804988662132,
    7.825124716553288,
    7.987664399092971,
    8.289523809523809,
    8.452063492063493,
    8.591383219954649,
    8.893242630385487,
    9.05578231292517,
    9.496961451247165,
    9.798820861678005,
    10.100680272108843,
    10.263219954648527,
    10.402539682539683,
    10.565079365079365,
    10.704399092970522,
    10.866938775510205,
    11.00625850340136,
    11.3081179138322,
    11.470657596371883,
    11.911836734693878,
    12.213696145124716,
    12.49233560090703,
    12.654875283446712,
    12.817414965986394,
    12.956734693877552,
    13.096054421768708,
    13.25859410430839,
    13.397913832199546,
    13.722993197278912,
    14.02485260770975,
    14.32671201814059,
    14.489251700680272,
    14.605351473922903,
    14.930430839002268,
    15.09297052154195,
    15.534149659863946,
    15.836009070294784,
    16.137868480725622,
    16.300408163265306,
    16.439727891156462,
    16.602267573696146,
    16.741587301587302,
    17.04344671201814,
    17.368526077097506,
    17.507845804988662,
    17.670385487528346,
    17.809705215419502,
    18.11156462585034,
    18.575963718820862,
    18.901043083900227,
    19.202902494331067,
    19.504761904761907,
    19.806621315192743,
    20.271020408163267,
    20.410340136054423,
    20.572879818594103,
    20.712199546485262,
    20.874739229024943,
    21.0140589569161,
    21.176598639455783,
    21.31591836734694,
    21.478458049886623,
    21.61777777777778,
    21.91963718820862,
    22.105396825396827,
    22.244716553287983,
    22.54657596371882,
    22.801995464852606,
    23.1502947845805,
    23.289614512471655,
    23.45215419501134,
    23.591473922902495,
    23.754013605442175,
    23.91655328798186,
    24.055873015873015,
    24.357732426303855,
    24.659591836734695,
    24.79891156462585,
    24.961451247165535,
    25.2865306122449,
    25.425850340136055,
    25.588390022675735,
    25.704489795918366,
    25.86702947845805,
    26.02956916099773,
    26.192108843537415,
    26.33142857142857,
    26.493968253968255,
    26.79582766439909,
    27.39954648526077,
    27.70140589569161,
    28.003265306122447,
    28.142585034013607,
    28.281904761904762,
    28.444444444444443,
    28.76952380952381,
    28.908843537414967,
    29.512562358276643
  ],
  "rhythm_regularity": 0.9539048283639262,
  "syncopation_index": 0.75,
  "beat_count": 38,
  "onset_count": 140
}