{
  "mfcc_mean": [
    -131.4283905029297,
    117.02395629882812,
    -6.002599239349365,
    17.865583419799805,
    -19.295421600341797,
    -6.767975807189941,
    -2.1086935997009277,
    8.424710273742676,
    -24.530494689941406,
    -9.853944778442383,
    4.692605972290039,
    -11.939216613769531,
    -2.166853666305542
  ],
  "mfcc_std": [
    92.632568359375,
    27.63872528076172,
    28.369735717773438,
    18.242155075073242,
    20.77118682861328,
    12.991552352905273,
    10.02224349975586,
    10.426424980163574,
    10.550552368164062,
    8.873315811157227,
    9.105873107910156,
    8.857187271118164,
    7.859532356262207
  ],
  "spectral_centroid_mean": 1783.9199952960857,
  "spectral_centroid_std": 467.7647084615771,
  "spectral_bandwidth_mean": 2015.9042666654104,
  "spectral_bandwidth_std": 278.13301599751594,
  "spectral_rolloff_mean": 3533.5582264892005,
  "spectral_rolloff_std": 1161.9216826963798,
  "spectral_flux_mean": 9514.76953125,
  "spectral_flux_std": 12055.6708984375,
  "spectral_flatness_mean": 0.006198371760547161,
  "spectral_flatness_std": 0.033211346715688705,
  "spectral_slope_mean": -0.0004465695012863491,
  "spectral_spread_mean": 2015.9042659059241,
  "spectral_skewness_mean": 2.0094385104962216,
  "spectral_kurtosis_mean": 7.301975876897067
}