{
  "meta": {
    "path": "../../data/raw/MIREX-like_mood/dataset/Audio/083.mp3",
    "file_hash": "0147a6008243777b84b6ae02412d06dcc5865c99",
    "duration_sec": 29.675102040816327,
    "sample_rate": 22050,
    "analysis_timestamp": "2025-10-24T20:18:37.891124",
    "config": {
      "sr": 22050,
      "n_fft": 2048,
      "hop_length": 512,
      "n_mels": 128,
      "n_mfcc": 13,
      "n_chroma": 12,
      "frame_length": 2048,
      "workers": 4,
      "use_crepe": false,
      "save_matrices": false,
      "save_plots": true,
      "force": true,
      "quick": false,
      "verbose": false
    },
    "processing_time_sec": 2.818699359893799
  },
  "acoustic": {
    "mfcc_mean": [
      -131.4283905029297,
      117.02395629882812,
      -6.002599239349365,
      17.865583419799805,
      -19.295421600341797,
      -6.767975807189941,
      -2.1086935997009277,
      8.424710273742676,
      -24.530494689941406,
      -9.853944778442383,
      4.692605972290039,
      -11.939216613769531,
      -2.166853666305542
    ],
    "mfcc_std": [
      92.632568359375,
      27.63872528076172,
      28.369735717773438,
      18.242155075073242,
      20.77118682861328,
      12.991552352905273,
      10.02224349975586,
      10.426424980163574,
      10.550552368164062,
      8.873315811157227,
      9.105873107910156,
      8.857187271118164,
      7.859532356262207
    ],
    "spectral_centroid_mean": 1783.9199952960857,
    "spectral_centroid_std": 467.7647084615771,
    "spectral_bandwidth_mean": 2015.9042666654104,
    "spectral_bandwidth_std": 278.13301599751594,
    "spectral_rolloff_mean": 3533.5582264892005,
    "spectral_rolloff_std": 1161.9216826963798,
    "spectral_flux_mean": 9514.76953125,
    "spectral_flux_std": 12055.6708984375,
    "spectral_flatness_mean": 0.006198371760547161,
    "spectral_flatness_std": 0.033211346715688705,
    "spectral_slope_mean": -0.0004465695012863491,
    "spectral_spread_mean": 2015.9042659059241,
    "spectral_skewness_mean": 2.0094385104962216,
    "spectral_kurtosis_mean": 7.301975876897067
  },
  "rhythm": {
    "tempo_bpm": 123.046875,
    "tempo_confidence": 0.9875290428517581,
    "beat_positions": [
      0.4876190476190476,
      0.9520181405895691,
      1.4396371882086167,
      1.9040362811791383,
      2.36843537414966,
      2.8560544217687074,
      3.320453514739229,
      3.8080725623582765,
      4.272471655328798,
      4.760090702947846,
      5.2477097505668935,
      5.735328798185941,
      6.199727891156463,
      6.6873469387755105,
      7.174965986394557,
      7.63936507936508,
      8.126984126984127,
      8.591383219954649,
      9.05578231292517,
      9.520181405895691,
      9.984580498866213,
      10.448979591836734,
      10.913378684807256,
      11.377777777777778,
      11.865396825396825,
      12.30657596371882,
      12.770975056689343,
      13.212154195011339,
      13.676553287981859,
      14.140952380952381,
      14.605351473922903,
      15.069750566893424,
      15.534149659863946,
      15.998548752834466,
      16.46294784580499,
      16.92734693877551,
      17.39174603174603,
      17.856145124716555,
      18.320544217687075,
      18.808163265306124,
      19.272562358276645,
      19.760181405895693,
      20.24780045351474,
      20.735419501133787,
      21.199818594104308,
      21.66421768707483,
      22.151836734693877,
      22.6162358276644,
      23.08063492063492,
      23.54503401360544,
      24.055873015873015,
      24.52027210884354,
      24.98467120181406,
      25.44907029478458,
      25.913469387755104,
      26.377868480725624,
      26.842267573696144,
      27.329886621315193,
      27.794285714285714,
      28.281904761904762,
      28.746303854875283,
      29.210702947845807,
      29.675102040816327
    ],
    "onset_times": [
      0.16253968253968254,
      0.25541950113378686,
      0.46439909297052157,
      0.7198185941043084,
      0.9520181405895691,
      1.207437641723356,
      1.4164172335600906,
      1.6950566893424037,
      1.787936507936508,
      2.020136054421769,
      2.136235827664399,
      2.345215419501134,
      2.6238548752834467,
      2.8328344671201813,
      3.111473922902494,
      3.320453514739229,
      3.5526530612244898,
      3.8545124716553287,
      4.040272108843538,
      4.249251700680272,
      4.73687074829932,
      5.015510204081632,
      5.224489795918367,
      5.479909297052155,
      5.9675283446712015,
      6.199727891156463,
      6.455147392290249,
      6.6873469387755105,
      6.826666666666667,
      7.151746031746032,
      7.523265306122449,
      7.63936507936508,
      7.87156462585034,
      8.126984126984127,
      8.335963718820862,
      8.591383219954649,
      8.753922902494331,
      8.916462585034013,
      9.05578231292517,
      9.404081632653062,
      9.682721088435374,
      9.984580498866213,
      10.170340136054422,
      10.425759637188209,
      10.704399092970522,
      10.913378684807256,
      11.284897959183674,
      11.517097505668934,
      11.586757369614512,
      11.865396825396825,
      12.19047619047619,
      12.30657596371882,
      12.585215419501134,
      12.770975056689343,
      12.956734693877552,
      13.142494331065759,
      13.653333333333334,
      13.931972789115646,
      14.140952380952381,
      14.396371882086168,
      14.605351473922903,
      14.86077097505669,
      14.97687074829932,
      15.209070294784581,
      15.27873015873016,
      15.487709750566893,
      15.998548752834466,
      16.207528344671204,
      16.253968253968253,
      16.46294784580499,
      16.834467120181404,
      17.08988662131519,
      17.39174603174603,
      17.623945578231293,
      17.856145124716555,
      18.088344671201813,
      18.320544217687075,
      18.552743764172334,
      19.040362811791383,
      19.22612244897959,
      19.736961451247165,
      20.01560090702948,
      20.224580498866214,
      20.48,
      20.96761904761905,
      21.199818594104308,
      21.408798185941045,
      21.91963718820862,
      22.128616780045352,
      22.6162358276644,
      22.755555555555556,
      22.871655328798187,
      23.057414965986396,
      23.521814058956917,
      24.03265306122449,
      24.288072562358277,
      24.38095238095238,
      24.636371882086166,
      24.729251700680273,
      24.845351473922904,
      24.961451247165535,
      25.193650793650793,
      25.425850340136055,
      25.68126984126984,
      25.890249433106575,
      26.16888888888889,
      26.261768707482993,
      26.51718820861678,
      26.610068027210886,
      26.81904761904762,
      27.09768707482993,
      27.329886621315193,
      27.58530612244898,
      27.794285714285714,
      28.16580498866213,
      28.281904761904762,
      28.46766439909297,
      28.723083900226758,
      29.094603174603176,
      29.18748299319728,
      29.442902494331065,
      29.6518820861678
    ],
    "rhythm_regularity": 0.97317467732683,
    "syncopation_index": 0.5491803278688525,
    "beat_count": 63,
    "onset_count": 122
  },
  "harmony": {
    "chroma_mean": [
      0.619078516960144,
      0.645517110824585,
      0.3672997057437897,
      0.34275585412979126,
      0.40118107199668884,
      0.4445253014564514,
      0.5838457942008972,
      0.4131675958633423,
      0.44182243943214417,
      0.5601714849472046,
      0.4762648046016693,
      0.3880513310432434
    ],
    "chroma_std": [
      0.26931169629096985,
      0.27074283361434937,
      0.19401589035987854,
      0.21135176718235016,
      0.23912468552589417,
      0.2313401997089386,
      0.2868522107601166,
      0.20652242004871368,
      0.23374702036380768,
      0.2845568358898163,
      0.25898492336273193,
      0.22817012667655945
    ],
    "key_estimation": {
      "key": "C_major",
      "confidence": 0.10655359737761771
    },
    "tonal_complexity": 0.09868534654378891
  },
  "quality": {
    "snr_db": 41.42469031295559,