{
  "mfcc_mean": [
    -267.2583312988281,
    62.08676528930664,
    13.865180015563965,
    18.732885360717773,
    -7.319027900695801,
    -1.3364007472991943,
    8.311148643493652,
    -7.342712879180908,
    -2.491504669189453,
    10.397089958190918,
    -13.286829948425293,
    1.2512211799621582,
    -10.86647891998291
  ],
  "mfcc_std": [
    97.96772003173828,
    45.79642868041992,
    30.299875259399414,
    29.485736846923828,
    19.39564323425293,
    19.071563720703125,
    14.102164268493652,
    15.694968223571777,
    12.95040512084961,
    11.77525806427002,
    12.328652381896973,
    8.69694709777832,
    12.242310523986816
  ],
  "spectral_centroid_mean": 2360.5956406286473,
  "spectral_centroid_std": 1417.6958550337185,
  "spectral_bandwidth_mean": 2405.962162063266,
  "spectral_bandwidth_std": 499.06742289306425,
  "spectral_rolloff_mean": 4501.8035003248915,
  "spectral_rolloff_std": 2400.288019265824,
  "spectral_flux_mean": 3054.623046875,
  "spectral_flux_std": 5556.326171875,
  "spectral_flatness_mean": 0.036574836820364,
  "spectral_flatness_std": 0.09882702678442001,
  "spectral_slope_mean": -0.00026757760120210385,
  "spectral_spread_mean": 2405.962160510758,
  "spectral_skewness_mean": 1.692982283736258,
  "spectral_kurtosis_mean": 6.512918539615292
}