{
  "chroma_mean": [
    0.3373100757598877,
    0.5512918829917908,
    0.36138129234313965,
    0.49469971656799316,
    0.4074302911758423,
    0.34277498722076416,
    0.5133201479911804,
    0.3129964768886566,
    0.41479402780532837,
    0.32997459173202515,
    0.42950892448425293,
    0.4591154158115387
  ],
  "chroma_std": [
    0.16876620054244995,
    0.31483304500579834,
    0.17231683433055878,
    0.27700504660606384,
    0.28815901279449463,
    0.1680106371641159,
    0.2867541015148163,
    0.16025660932064056,
    0.24747395515441895,
    0.18051238358020782,
    0.21629475057125092,
    0.28617629408836365
  ],
  "key_estimation": {
    "key": "C_minor",
    "confidence": -0.32742710937463537
  },
  "tonal_complexity": 0.07556223124265671
}