{
  "snr_db": 59.14730545385143,
  "dynamic_range_db": 26.136313114494577,
  "rms_energy": 0.08974669128656387,
  "zero_crossing_rate": 0.10083783162277304
}