{
  "snr_db": 34.57354739235596,
  "dynamic_range_db": 15.111131855582776,
  "rms_energy": 0.22746595740318298,
  "zero_crossing_rate": 0.17925560315200315
}