{
  "mfcc_mean": [
    -7.536106109619141,
    77.510009765625,
    -27.27760124206543,
    36.11358642578125,
    6.759861469268799,
    7.709598541259766,
    -0.748999834060669,
    4.559360504150391,
    5.4076080322265625,
    4.768844127655029,
    -1.3554881811141968,
    -2.7262821197509766,
    -3.6548492908477783
  ],
  "mfcc_std": [
    58.456729888916016,
    18.057994842529297,
    13.967507362365723,
    11.29808235168457,
    8.293457984924316,
    7.685276031494141,
    7.400087356567383,
    6.407573699951172,
    6.704257488250732,
    6.601921081542969,
    5.546262741088867,
    5.19948673248291,
    5.469656944274902
  ],
  "spectral_centroid_mean": 2585.938685719424,
  "spectral_centroid_std": 379.77827760173005,
  "spectral_bandwidth_mean": 2351.9397359727122,
  "spectral_bandwidth_std": 285.17512094460386,
  "spectral_rolloff_mean": 4997.839687955982,
  "spectral_rolloff_std": 835.1269696318093,
  "spectral_flux_mean": 9646.7099609375,
  "spectral_flux_std": 5805.52197265625,
  "spectral_flatness_mean": 0.03000439517199993,
  "spectral_flatness_std": 0.03485064581036568,
  "spectral_slope_mean": -0.00044782523397952727,
  "spectral_spread_mean": 2351.9397363595085,
  "spectral_skewness_mean": 1.2265294359499568,
  "spectral_kurtosis_mean": 4.22208929521838
}