{
  "mfcc_mean": [
    -41.04806137084961,
    81.12448120117188,
    5.7598090171813965,
    22.141698837280273,
    3.0510425567626953,
    6.037894248962402,
    6.621339797973633,
    7.630006790161133,
    -3.3552725315093994,
    7.017185688018799,
    -2.134010076522827,
    6.73478889465332,
    0.7405333518981934
  ],
  "mfcc_std": [
    68.39928436279297,
    25.098955154418945,
    18.553926467895508,
    12.64177417755127,
    10.450069427490234,
    10.303199768066406,
    9.757474899291992,
    7.51647424697876,
    7.188747882843018,
    8.34720516204834,
    7.9808197021484375,
    6.773476600646973,
    6.592987060546875
  ],
  "spectral_centroid_mean": 2618.924979957559,
  "spectral_centroid_std": 784.7998224068518,
  "spectral_bandwidth_mean": 2691.4159886850375,
  "spectral_bandwidth_std": 305.1921624137958,
  "spectral_rolloff_mean": 5632.4173731161345,
  "spectral_rolloff_std": 1390.2554560647711,
  "spectral_flux_mean": 7243.19140625,
  "spectral_flux_std": 5750.2236328125,
  "spectral_flatness_mean": 0.03438033163547516,
  "spectral_flatness_std": 0.044425223022699356,
  "spectral_slope_mean": -0.0003369762066340467,
  "spectral_spread_mean": 2691.4159908301885,
  "spectral_skewness_mean": 1.2443105026454013,
  "spectral_kurtosis_mean": 3.9090689516553705
}