{
  "tempo_bpm": 161.4990234375,
  "tempo_confidence": 0.9921749530468155,
  "beat_positions": [
    0.37151927437641724,
    0.7662585034013606,
    1.1377777777777778,
    1.509297052154195,
    1.8808163265306121,
    2.2523356009070294,
    2.6238548752834467,
    2.995374149659864,
    3.3668934240362813,
    3.7384126984126986,
    4.1099319727891155,
    4.481451247165533,
    4.85297052154195,
    5.224489795918367,
    5.596009070294785,
    5.9675283446712015,
    6.339047619047619,
    6.710566893424036,
    7.082086167800454,
    7.453605442176871,
    7.825124716553288,
    8.196643990929704,
    8.568163265306122,
    8.93968253968254,
    9.311201814058958,
    9.7059410430839,
    10.077460317460318,
    10.448979591836734,
    10.820498866213152,
    11.19201814058957,
    11.563537414965987,
    11.935056689342403,
    12.30657596371882,
    12.678095238095239,
    13.049614512471654,
    13.421133786848072,
    13.79265306122449,
    14.164172335600908,
    14.535691609977324,
    14.930430839002268,
    15.301950113378684,
    15.673469387755102,
    16.04498866213152,
    16.39328798185941,
    16.764807256235827,
    17.136326530612244,
    17.507845804988662,
    17.87936507936508,
    18.250884353741498,
    18.622403628117915,
    18.99392290249433,
    19.365442176870747,
    19.736961451247165,
    20.108480725623583,
    20.48,
    20.851519274376418,
    21.24625850340136,
    21.59455782312925,
    21.989297052154196,
    22.360816326530614,
    22.732335600907028,
    23.103854875283446,
    23.475374149659864,
    23.84689342403628,
    24.2184126984127,
    24.589931972789117,
    24.961451247165535,
    25.33297052154195,
    25.704489795918366,
    26.076009070294784,
    26.447528344671202,
    26.81904761904762,
    27.190566893424037,
    27.58530612244898,
    27.956825396825398,
    28.328344671201815,
    28.69986394557823,
    29.048163265306123
  ],
  "onset_times": [
    0.13931972789115646,
    0.34829931972789113,
    0.7430385487528345,
    0.9287981859410431,
    1.1377777777777778,
    1.3699773242630386,
    1.486077097505669,
    1.6718367346938776,
    1.8575963718820863,
    2.066575963718821,
    2.2291156462585033,
    2.414875283446712,
    2.6238548752834467,
    2.786394557823129,
    2.972154195011338,
    3.1579138321995464,
    3.3436734693877552,
    3.5526530612244898,
    3.7384126984126986,
    4.1099319727891155,
    4.295691609977324,
    4.458231292517007,
    4.667210884353741,
    4.85297052154195,
    5.224489795918367,
    5.410249433106576,
    5.596009070294785,
    5.7817687074829935,
    5.944308390022676,
    6.15328798185941,
    6.339047619047619,
    6.524807256235827,
    6.710566893424036,
    6.896326530612245,
    7.267845804988662,
    7.453605442176871,
    7.63936507936508,
    7.825124716553288,
    8.196643990929704,
    8.382403628117913,
    8.568163265306122,
    8.753922902494331,
    8.93968253968254,
    9.125442176870749,
    9.311201814058958,
    9.520181405895691,
    9.682721088435374,
    9.868480725623582,
    10.054240362811791,
    10.24,
    10.425759637188209,
    10.611519274376418,
    10.820498866213152,
    11.00625850340136,
    11.168798185941043,
    11.354557823129252,
    11.72607709750567,
    11.911836734693878,
    12.097596371882085,
    12.283356009070294,
    12.49233560090703,
    12.654875283446712,
    12.84063492063492,
    12.956734693877552,
    13.049614512471654,
    13.212154195011339,
    13.397913832199546,
    13.583673469387755,
    13.769433106575963,
    14.140952380952381,
    14.512471655328799,
    14.907210884353741,
    15.301950113378684,
    15.62702947845805,
    15.673469387755102,
    15.836009070294784,
    16.021768707482995,
    16.23074829931973,
    16.39328798185941,
    16.579047619047618,
    16.764807256235827,
    16.950566893424035,
    17.11310657596372,
    17.322086167800453,
    17.507845804988662,
    17.69360544217687,
    17.87936507936508,
    18.06512471655329,
    18.250884353741498,
    18.599183673469387,
    18.808163265306124,
    18.970702947845805,
    19.17968253968254,
    19.342222222222222,
    19.551201814058956,
    19.71374149659864,
    19.922721088435374,
    20.085260770975058,
    20.271020408163267,
    20.48,
    20.66575963718821,
    20.851519274376418,
    21.037278911564627,
    21.153378684807254,
    21.24625850340136,
    21.59455782312925,
    21.78031746031746,
    21.966077097505668,
    22.151836734693877,
    22.337596371882086,
    22.523356009070294,
    22.709115646258503,
    22.918095238095237,
    23.08063492063492,
    23.26639455782313,
    23.45215419501134,
    23.637913832199548,
    23.823673469387757,
    24.03265306122449,
    24.2184126984127,
    24.56671201814059,
    24.775691609977326,
    24.961451247165535,
    25.33297052154195,
    25.518730158730158,
    25.704489795918366,
    26.076009070294784,
    26.261768707482993,
    26.447528344671202,
    26.63328798185941,
    26.81904761904762,
    27.00480725623583,
    27.190566893424037,
    27.562086167800455,
    27.74784580498866,
    27.956825396825398,
    28.142585034013607,
    28.189024943310656,
    28.305124716553287,
    28.490884353741496,
    28.676643990929705,
    28.862403628117914,
    29.048163265306123,
    29.23392290249433,
    29.41968253968254
  ],
  "rhythm_regularity": 0.9788231630273324,
  "syncopation_index": 0.45517241379310347,
  "beat_count": 78,
  "onset_count": 145
}