{
  "mfcc_mean": [
    -108.4108657836914,
    70.04969787597656,
    37.02768325805664,
    29.580787658691406,
    25.975685119628906,
    6.776782989501953,
    7.225344657897949,
    10.813942909240723,
    2.3438684940338135,
    8.612665176391602,
    -2.6589977741241455,
    1.7512444257736206,
    1.4979982376098633
  ],
  "mfcc_std": [
    112.0556869506836,
    44.205345153808594,
    25.664276123046875,
    18.274311065673828,
    14.326179504394531,
    12.407696723937988,
    10.119897842407227,
    8.849785804748535,
    9.995030403137207,
    10.173418998718262,
    8.304703712463379,
    7.888482570648193,
    6.955496788024902
  ],
  "spectral_centroid_mean": 2820.012998691309,
  "spectral_centroid_std": 1511.7247722448392,
  "spectral_bandwidth_mean": 2961.9872671570997,
  "spectral_bandwidth_std": 789.8957354259346,
  "spectral_rolloff_mean": 6364.724938560429,
  "spectral_rolloff_std": 2776.1322107762303,
  "spectral_flux_mean": 13193.0615234375,
  "spectral_flux_std": 18483.822265625,
  "spectral_flatness_mean": 0.04560947045683861,
  "spectral_flatness_std": 0.11770539730787277,
  "spectral_slope_mean": -0.00013438890449334333,
  "spectral_spread_mean": 2980.8432499753535,
  "spectral_skewness_mean": 1.3378424916135805,
  "spectral_kurtosis_mean": 6.515268834638149
}