{
  "chroma_mean": [
    0.4777085781097412,
    0.45373278856277466,
    0.6025195121765137,
    0.6284569501876831,
    0.463352769613266,
    0.4929177463054657,
    0.4120599627494812,
    0.6810497641563416,
    0.47592952847480774,
    0.4243296682834625,
    0.458197683095932,
    0.3690727651119232
  ],
  "chroma_std": [
    0.23920899629592896,
    0.20488333702087402,
    0.23665256798267365,
    0.2981458604335785,
    0.2117430716753006,
    0.2713703513145447,
    0.19827473163604736,
    0.3166014552116394,
    0.2444893717765808,
    0.21021990478038788,
    0.23080049455165863,
    0.18582400679588318
  ],
  "key_estimation": {
    "key": "C_minor",
    "confidence": 0.5426489930576887
  },
  "tonal_complexity": 0.08964868634939194
}