{
  "mfcc_mean": [
    -89.9894790649414,
    84.22919464111328,
    -26.876707077026367,
    40.25537109375,
    -7.732457160949707,
    9.230684280395508,
    4.673318386077881,
    3.9382309913635254,
    -7.273998737335205,
    11.474366188049316,
    -1.7933247089385986,
    3.3860671520233154,
    -0.1614268571138382
  ],
  "mfcc_std": [
    98.1214599609375,
    21.86170768737793,
    25.119022369384766,
    13.737300872802734,
    13.550463676452637,
    12.280867576599121,
    12.024331092834473,
    10.517449378967285,
    10.819833755493164,
    9.352598190307617,
    8.88422679901123,
    8.053242683410645,
    8.0241117477417
  ],
  "spectral_centroid_mean": 2452.3791657607953,
  "spectral_centroid_std": 499.72076544595814,
  "spectral_bandwidth_mean": 2185.22145038934,
  "spectral_bandwidth_std": 324.01207795394305,
  "spectral_rolloff_mean": 4635.783800210125,
  "spectral_rolloff_std": 956.4385298531748,
  "spectral_flux_mean": 3846.636474609375,
  "spectral_flux_std": 3504.47705078125,
  "spectral_flatness_mean": 0.02071230672299862,
  "spectral_flatness_std": 0.0420556478202343,
  "spectral_slope_mean": -0.000500373322520798,
  "spectral_spread_mean": 2185.2214476352037,
  "spectral_skewness_mean": 1.1910518145101592,
  "spectral_kurtosis_mean": 4.331539621830364
}