{
  "snr_db": 37.45909262774887,
  "dynamic_range_db": 18.593555690015855,
  "rms_energy": 0.16204404830932617,
  "zero_crossing_rate": 0.09756500745211102
}