{
  "tempo_bpm": 107.666015625,
  "tempo_confidence": 0.9867097559937853,
  "beat_positions": [
    1.7414965986394557,
    2.2987755102040817,
    2.8560544217687074,
    3.436553287981859,
    4.040272108843538,
    4.620770975056689,
    5.178049886621316,
    5.758548752834467,
    6.315827664399093,
    6.896326530612245,
    7.476825396825397,
    8.034104308390022,
    8.614603174603175,
    9.195102040816327,
    9.752380952380953,
    10.332879818594105,
    10.913378684807256,
    11.470657596371883,
    12.027936507936507,
    12.60843537414966,
    13.188934240362812,
    13.746213151927437,
    14.32671201814059,
    14.907210884353741,
    15.464489795918368,
    16.021768707482995,
    16.602267573696146,
    17.182766439909297,
    17.740045351473924,
    18.320544217687075,
    18.854603174603174,
    19.435102040816325,
    19.99238095238095,
    20.54965986394558,
    21.13015873015873,
    21.71065759637188,
    22.267936507936508,
    22.84843537414966,
    23.405714285714286,
    23.962993197278912,
    24.52027210884354,
    25.077551020408162,
    25.658049886621317,
    26.23854875283447,
    26.79582766439909,
    27.353106575963718,
    27.93360544217687
  ],
  "onset_times": [
    0.13931972789115646,
    0.301859410430839,
    0.603718820861678,
    0.8823582766439909,
    1.1377777777777778,
    1.4396371882086167,
    1.7414965986394557,
    2.020136054421769,
    2.2291156462585033,
    2.2755555555555556,
    2.5541950113378684,
    2.8328344671201813,
    3.1346938775510202,
    3.4133333333333336,
    3.7384126984126986,
    4.017052154195011,
    4.31891156462585,
    4.597551020408163,
    4.876190476190477,
    5.178049886621316,
    5.433469387755102,
    5.712108843537415,
    5.758548752834467,
    6.03718820861678,
    6.292607709750567,
    6.594467120181406,
    6.873106575963718,
    7.174965986394557,
    7.453605442176871,
    7.732244897959184,
    7.987664399092971,
    8.034104308390022,
    8.289523809523809,
    8.591383219954649,
    8.870022675736962,
    9.1718820861678,
    9.450521541950113,
    9.7059410430839,
    10.00780045351474,
    10.170340136054422,
    10.332879818594105,
    10.588299319727891,
    10.89015873015873,
    11.168798185941043,
    11.447437641723356,
    11.72607709750567,
    11.95827664399093,
    12.004716553287983,
    12.051156462585034,
    12.30657596371882,
    12.561995464852608,
    12.887074829931972,
    13.165714285714285,
    13.397913832199546,
    13.746213151927437,
    14.048072562358277,
    14.32671201814059,
    14.582131519274377,
    14.86077097505669,
    15.185850340136055,
    15.371609977324264,
    15.464489795918368,
    15.62702947845805,
    15.74312925170068,
    15.975328798185942,
    16.021768707482995,
    16.300408163265306,
    16.579047619047618,
    16.834467120181404,
    17.182766439909297,
    17.322086167800453,
    17.438185941043084,
    17.740045351473924,
    17.99546485260771,
    18.15800453514739,
    18.297324263038547,
    18.552743764172334,
    18.83138321995465,
    19.13324263038549,
    19.29578231292517,
    19.435102040816325,
    19.690521541950112,
    19.969160997732427,
    20.24780045351474,
    20.433560090702947,
    20.54965986394558,
    20.82829931972789,
    21.106938775510205,
    21.385578231292516,
    21.687437641723356,
    21.966077097505668,
    22.267936507936508,
    22.453696145124717,
    22.54657596371882,
    22.825215419501134,
    23.103854875283446,
    23.38249433106576,
    23.661133786848072,
    23.84689342403628,
    24.2184126984127,
    24.450612244897957,
    24.52027210884354,
    24.775691609977326,
    25.031111111111112,
    25.356190476190477,
    25.658049886621317,
    25.913469387755104,
    26.16888888888889,
    26.23854875283447,
    26.51718820861678,
    26.772607709750567,
    27.074467120181406,
    27.329886621315193,
    27.608526077097505,
    27.910385487528345,
    28.189024943310656,
    28.374784580498865,
    28.46766439909297,
    28.76952380952381,
    29.048163265306123,
    29.326802721088434,
    29.60544217687075
  ],
  "rhythm_regularity": 0.9763445672621872,
  "syncopation_index": 0.5491803278688525,
  "beat_count": 47,
  "onset_count": 122
}