{
  "tempo_bpm": 117.45383522727273,
  "tempo_confidence": 0.9767570239196443,
  "beat_positions": [
    0.23219954648526078,
    0.8126984126984127,
    1.3003174603174603,
    1.811156462585034,
    2.345215419501134,
    2.8560544217687074,
    3.3668934240362813,
    3.877732426303855,
    4.365351473922902,
    4.876190476190477,
    5.38702947845805,
    5.897868480725624,
    6.408707482993197,
    6.919546485260771,
    7.430385487528345,
    7.9412244897959186,
    8.428843537414966,
    8.93968253968254,
    9.450521541950113,
    9.984580498866213,
    10.495419501133787,
    10.983038548752834,
    11.493877551020407,
    12.004716553287983,
    12.515555555555556,
    13.02639455782313,
    13.537233560090703,
    14.048072562358277,
    14.535691609977324,
    15.046530612244897,
    15.557369614512472,
    16.04498866213152,
    16.579047619047618,
    17.08988662131519,
    17.600725623582765,
    18.134784580498867,
    18.64562358276644,
    19.156462585034014,
    19.644081632653062,
    20.17814058956916,
    20.66575963718821,
    21.176598639455783,
    21.687437641723356,
    22.175056689342405,
    22.68589569160998,
    23.196734693877552,
    23.73079365079365,
    24.241632653061224,
    24.729251700680273,
    25.26331065759637,
    25.75092970521542,
    26.261768707482993,
    26.772607709750567,
    27.28344671201814,
    27.77106575963719,
    28.189024943310656,
    28.63020408163265,
    29.071383219954647,
    29.60544217687075
  ],
  "onset_times": [
    0.16253968253968254,
    0.301859410430839,
    0.8126984126984127,
    1.0448979591836736,
    1.3003174603174603,
    1.5325170068027212,
    1.787936507936508,
    2.345215419501134,
    2.6006349206349206,
    2.8328344671201813,
    3.0882539682539685,
    3.3436734693877552,
    3.599092970521542,
    3.8545124716553287,
    4.365351473922902,
    4.620770975056689,
    4.85297052154195,
    5.131609977324263,
    5.363809523809524,
    5.61922902494331,
    5.897868480725624,
    6.3854875283446715,
    6.664126984126984,
    6.896326530612245,
    7.151746031746032,
    7.4071655328798185,
    7.662585034013605,
    7.918004535147392,
    8.289523809523809,
    8.428843537414966,
    8.661043083900227,
    8.93968253968254,
    9.195102040816327,
    9.450521541950113,
    9.682721088435374,
    9.961360544217687,
    10.170340136054422,
    10.448979591836734,
    10.495419501133787,
    10.95981859410431,
    11.00625850340136,
    11.23845804988662,
    11.493877551020407,
    11.633197278911565,
    11.749297052154194,
    11.888616780045352,
    12.004716553287983,
    12.120816326530612,
    12.329795918367347,
    12.515555555555556,
    12.654875283446712,
    12.84063492063492,
    13.02639455782313,
    13.212154195011339,
    13.305034013605443,
    13.537233560090703,
    13.676553287981859,
    13.79265306122449,
    14.048072562358277,
    14.233832199546486,
    14.349931972789115,
    14.419591836734694,
    14.535691609977324,
    14.79111111111111,
    15.046530612244897,
    15.162630385487528,
    15.255510204081633,
    15.418049886621315,
    15.534149659863946,
    16.04498866213152,
    16.253968253968253,
    16.555827664399093,
    16.602267573696146,
    16.788027210884355,
    17.066666666666666,
    17.57750566893424,
    17.856145124716555,
    18.622403628117915,
    18.854603174603174,
    19.13324263038549,
    19.388662131519276,
    19.620861678004534,
    19.89950113378685,
    20.17814058956916,
    20.36390022675737,
    20.433560090702947,
    20.572879818594103,
    20.66575963718821,
    20.897959183673468,
    21.037278911564627,
    21.153378684807254,
    21.36235827664399,
    21.408798185941045,
    21.66421768707483,
    21.89641723356009,
    22.151836734693877,
    22.430476190476192,
    22.68589569160998,
    22.894875283446712,
    23.173514739229024,
    23.45215419501134,
    23.637913832199548,
    23.707573696145126,
    23.91655328798186,
    24.03265306122449,
    24.241632653061224,
    24.68281179138322,
    25.007891156462584,
    25.26331065759637,
    25.402630385487527,
    25.495510204081633,
    25.727709750566895,
    26.261768707482993,
    26.749387755102042,
    26.93514739229025,
    27.028027210884353,
    27.28344671201814,
    27.492426303854874,
    27.77106575963719,
    27.980045351473922,
    28.142585034013607,
    28.305124716553287,
    28.53732426303855,
    28.676643990929705,
    28.81596371882086,
    29.048163265306123,
    29.164263038548754,
    29.30358276643991,
    29.41968253968254,
    29.58222222222222
  ],
  "rhythm_regularity": 0.9530126131171112,
  "syncopation_index": 0.49230769230769234,
  "beat_count": 59,
  "onset_count": 130
}