{
  "chroma_mean": [
    0.2534542679786682,
    0.45334261655807495,
    0.23052264750003815,
    0.372111976146698,
    0.5204209685325623,
    0.23113961517810822,
    0.37035173177719116,
    0.23495987057685852,
    0.41195017099380493,
    0.3482758402824402,
    0.25889337062835693,
    0.7117614150047302
  ],
  "chroma_std": [
    0.14731159806251526,
    0.30366578698158264,
    0.13461093604564667,
    0.2722342014312744,
    0.3102697730064392,
    0.1427864283323288,
    0.29032307863235474,
    0.17168204486370087,
    0.2797667682170868,
    0.28809770941734314,
    0.1770356446504593,
    0.28396114706993103
  ],
  "key_estimation": {
    "key": "C_major",
    "confidence": -0.35352205179509955
  },
  "tonal_complexity": 0.1388513743877411
}