{
  "meta": {
    "path": "../../data/raw/MIREX-like_mood/dataset/Audio/890.mp3",
    "file_hash": "ff4c29edfdee4faeaf3205c6b0110843efc5729d",
    "duration_sec": 29.675102040816327,
    "sample_rate": 22050,
    "analysis_timestamp": "2025-10-24T20:20:50.554717",
    "config": {
      "sr": 22050,
      "n_fft": 2048,
      "hop_length": 512,
      "n_mels": 128,
      "n_mfcc": 13,
      "n_chroma": 12,
      "frame_length": 2048,
      "workers": 4,
      "use_crepe": false,
      "save_matrices": false,
      "save_plots": true,
      "force": true,
      "quick": false,
      "verbose": false
    },
    "processing_time_sec": 3.1237223148345947
  },
  "acoustic": {
    "mfcc_mean": [
      -71.98157501220703,
      68.09935760498047,
      -22.684778213500977,
      29.533145904541016,
      1.1346640586853027,
      9.846673965454102,
      -0.5403581261634827,
      6.623162746429443,
      0.16015921533107758,
      7.998329162597656,
      -5.34827995300293,
      2.5892603397369385,
      -3.8589916229248047
    ],
    "mfcc_std": [
      125.40690612792969,
      24.122432708740234,
      17.392488479614258,
      18.549365997314453,
      12.373671531677246,
      6.7295241355896,
      8.550989151000977,
      8.562114715576172,
      7.103005886077881,
      6.69185733795166,
      6.914474964141846,
      6.288503170013428,
      6.399993896484375
    ],
    "spectral_centroid_mean": 2734.8308043739958,
    "spectral_centroid_std": 556.9592695422315,
    "spectral_bandwidth_mean": 2436.994000536605,
    "spectral_bandwidth_std": 302.0191078405341,
    "spectral_rolloff_mean": 5359.351616711054,
    "spectral_rolloff_std": 1026.0713275932576,
    "spectral_flux_mean": 4378.9697265625,
    "spectral_flux_std": 3903.68701171875,
    "spectral_flatness_mean": 0.051985763013362885,
    "spectral_flatness_std": 0.0941358283162117,
    "spectral_slope_mean": -0.0004152836695183985,
    "spectral_spread_mean": 2442.723610428318,
    "spectral_skewness_mean": 1.109147524583711,
    "spectral_kurtosis_mean": 3.73356400604511
  },
  "rhythm": {
    "tempo_bpm": 103.359375,
    "tempo_confidence": 0.9796063237010028,
    "beat_positions": [
      1.0913378684807256,
      1.6486167800453515,
      2.2291156462585033,
      2.786394557823129,
      3.320453514739229,
      3.877732426303855,
      4.4117913832199545,
      4.992290249433107,
      5.479909297052155,
      5.990748299319728,
      6.5712471655328795,
      7.128526077097506,
      7.7090249433106575,
      8.289523809523809,
      8.870022675736962,
      9.427301587301587,
      10.00780045351474,
      10.588299319727891,
      11.168798185941043,
      11.749297052154194,
      12.353015873015874,
      12.910294784580499,
      13.49079365079365,
      14.071292517006803,
      14.675011337868481,
      15.255510204081633,
      15.836009070294784,
      16.416507936507937,
      16.99700680272109,
      17.554285714285715,
      18.134784580498867,
      18.715283446712018,
      19.29578231292517,
      19.87628117913832,
      20.433560090702947,
      21.0140589569161,
      21.59455782312925,
      22.175056689342405,
      22.77877551020408,
      23.359274376417233,
      23.939773242630384,
      24.52027210884354,
      25.10077097505669,
      25.658049886621317,
      26.23854875283447,
      26.81904761904762,
      27.39954648526077,
      27.980045351473922,
      28.560544217687074,
      29.1178231292517
    ],
    "onset_times": [
      0.9752380952380952,
      1.509297052154195,
      1.6253968253968254,
      2.786394557823129,
      3.297233560090703,
      3.599092970521542,
      3.877732426303855,
      3.9938321995464854,
      4.272471655328798,
      4.551111111111111,
      4.829750566893424,
      4.992290249433107,
      5.294149659863946,
      5.38702947845805,
      5.6656689342403626,
      5.874648526077097,
      5.9675283446712015,
      6.15328798185941,
      6.2693877551020405,
      6.455147392290249,
      6.548027210884354,
      6.826666666666667,
      7.012426303854875,
      7.128526077097506,
      7.291065759637188,
      7.592925170068027,
      7.7090249433106575,
      7.964444444444444,
      8.17342403628118,
      8.289523809523809,
      8.452063492063493,
      8.591383219954649,
      8.870022675736962,
      9.148662131519274,
      9.427301587301587,
      9.58984126984127,
      9.914920634920636,
      10.00780045351474,
      10.286439909297052,
      10.588299319727891,
      10.750839002267574,
      10.89015873015873,
      11.168798185941043,
      11.447437641723356,
      11.749297052154194,
      11.911836734693878,
      12.213696145124716,
      12.353015873015874,
      12.538775510204081,
      12.631655328798185,
      12.794195011337868,
      12.910294784580499,
      13.072834467120181,
      13.212154195011339,
      13.49079365079365,
      13.79265306122449,
      14.257052154195012,
      14.651791383219955,
      15.139410430839002,
      15.255510204081633,
      15.418049886621315,
      15.557369614512472,
      15.836009070294784,
      16.114648526077097,
      16.416507936507937,
      16.579047619047618,
      16.973786848072564,
      17.252426303854875,
      17.46140589569161,
      17.554285714285715,
      17.740045351473924,
      17.856145124716555,
      18.134784580498867,
      18.413424036281178,
      18.715283446712018,
      18.877823129251702,
      19.29578231292517,
      19.574421768707484,
      19.760181405895693,
      19.87628117913832,
      20.038820861678005,
      20.154920634920636,
      20.433560090702947,
      20.712199546485262,
      20.921179138321996,
      21.0140589569161,
      21.176598639455783,
      21.455238095238094,
      21.59455782312925,
      21.873197278911565,
      22.175056689342405,
      22.337596371882086,
      22.47691609977324,
      22.77877551020408,
      23.057414965986396,
      23.359274376417233,
      23.49859410430839,
      23.939773242630384,
      24.102312925170068,
      24.2184126984127,
      24.49705215419501,
      24.659591836734695,
      24.79891156462585,
      25.10077097505669,
      25.379410430839002,
      25.541950113378686,
      25.658049886621317,
      25.820589569160997,
      25.959909297052153,
      26.122448979591837,
      26.493968253968255,
      26.540408163265305,
      26.81904761904762,
      26.9815873015873,
      27.09768707482993,
      27.39954648526077,
      27.678185941043083,
      27.980045351473922,
      28.11936507936508,
      28.444444444444443,
      28.560544217687074,
      28.83918367346939,
      29.1178231292517,
      29.280362811791385,
      29.41968253968254
    ],
    "rhythm_regularity": 0.9636025142725952,
    "syncopation_index": 0.616,
    "beat_count": 50,
    "onset_count": 125
  },
  "harmony": {
    "chroma_mean": [
      0.7022370100021362,
      0.621197521686554,
      0.6038213968276978,
      0.3797435164451599,
      0.5253586769104004,
      0.6420183777809143,
      0.6786302924156189,
      0.9018272161483765,
      0.7133026123046875,
      0.5912002325057983,
      0.4689382016658783,
      0.5942730903625488
    ],
    "chroma_std": [
      0.21686114370822906,
      0.18279951810836792,
      0.17810572683811188,
      0.11637622863054276,
      0.19204843044281006,
      0.1625092774629593,
      0.17299601435661316,
      0.17817124724388123,
      0.20112058520317078,
      0.16805845499038696,
      0.1865588277578354,
      0.23139657080173492
    ],
    "key_estimation": {
      "key": "C_major",
      "confidence": 0.4996366418271362
    },
    "tonal_complexity": 0.12584584951400757
  },
  "quality": {
    "snr_db": 45.29414235928336,
    "dynamic_range_db": 19.58583501249961,
    "rms_energy": 0.1431773453950882,
    "zero_crossing_rate": 0.15415142139855356
  },
  "lyrics": {
    "word_count": 187,
    "unique_word_count": 77,
    "sentence_count": 4,
    "avg_words_per_sentence": 46.75,
    "readability": null,