{
  "tempo_bpm": 92.28515625,
  "tempo_confidence": 0.9673845398890819,
  "beat_positions": [
    1.3235374149659864,
    1.9504761904761905,
    2.6006349206349206,
    3.274013605442177,
    3.947392290249433,
    4.597551020408163,
    5.201269841269841,
    5.874648526077097,
    6.5712471655328795,
    7.174965986394557,
    7.825124716553288,
    8.475283446712018,
    9.125442176870749,
    9.775600907029478,
    10.402539682539683,
    11.075918367346938,
    11.72607709750567,
    12.329795918367347,
    12.933514739229025,
    13.630113378684808,
    14.32671201814059,
    15.023310657596372,
    15.650249433106575,
    16.34684807256236,
    17.020226757369613,
    17.670385487528346,
    18.297324263038547,
    18.970702947845805,
    19.59764172335601,
    20.271020408163267,
    20.874739229024943,
    21.455238095238094,
    22.128616780045352,
    22.825215419501134,
    23.54503401360544,
    24.19519274376417,
    24.822131519274375,
    25.541950113378686,
    26.21532879818594,
    26.842267573696144,
    27.492426303854874,
    28.16580498866213
  ],
  "onset_times": [
    0.13931972789115646,
    0.4179591836734694,
    0.4876190476190476,
    0.6965986394557823,
    0.905578231292517,
    1.0216780045351475,
    1.3235374149659864,
    1.6021768707482993,
    1.8343764172335602,
    2.089795918367347,
    2.2987755102040817,
    2.5774149659863945,
    2.8328344671201813,
    3.0882539682539685,
    3.274013605442177,
    3.924172335600907,
    4.597551020408163,
    5.038730158730159,
    5.201269841269841,
    5.712108843537415,
    5.874648526077097,
    6.431927437641724,
    6.548027210884354,
    6.664126984126984,
    7.174965986394557,
    7.476825396825397,
    7.616145124716553,
    7.964444444444444,
    8.289523809523809,
    8.452063492063493,
    8.730702947845804,
    8.823582766439909,
    9.102222222222222,
    9.798820861678005,
    10.379319727891156,
    10.913378684807256,
    11.052698412698414,
    11.3081179138322,
    11.702857142857143,
    11.95827664399093,
    12.167256235827665,
    12.445895691609977,
    12.910294784580499,
    14.32671201814059,
    15.023310657596372,
    15.255510204081633,
    15.418049886621315,
    15.650249433106575,
    15.998548752834466,
    16.16108843537415,
    16.834467120181404,
    16.99700680272109,
    17.670385487528346,
    18.204444444444444,
    18.274104308390022,
    18.76172335600907,
    18.94748299319728,
    19.342222222222222,
    19.574421768707484,
    20.24780045351474,
    20.503219954648525,
    20.851519274376418,
    20.921179138321996,
    21.408798185941045,
    21.571337868480725,
    21.89641723356009,
    22.105396825396827,
    22.47691609977324,
    22.801995464852606,
    23.336054421768708,
    23.54503401360544,
    23.73079365079365,
    24.171972789115646,
    24.775691609977326,
    24.845351473922904,
    25.518730158730158,
    25.56517006802721,
    25.68126984126984,
    25.797369614512473,
    25.98312925170068,
    26.21532879818594,
    26.563628117913833,
    26.842267573696144,
    27.213786848072562,
    27.28344671201814,
    27.492426303854874,
    28.11936507936508,
    28.583764172335602,
    28.723083900226758,
    28.81596371882086,
    29.1178231292517,
    29.257142857142856,
    29.489342403628118
  ],
  "rhythm_regularity": 0.9485021589407012,
  "syncopation_index": 0.5483870967741935,
  "beat_count": 42,
  "onset_count": 93
}