{
  "snr_db": 48.2772706148595,
  "dynamic_range_db": 19.47603006201787,
  "rms_energy": 0.16731271147727966,
  "zero_crossing_rate": 0.11623117120308835
}