{
  "meta": {
    "path": "../../data/raw/MIREX-like_mood/dataset/Audio/632.mp3",
    "file_hash": "1f484a42caaa129484a2c7719541e4f53c142ea0",
    "duration_sec": 29.675102040816327,
    "sample_rate": 22050,
    "analysis_timestamp": "2025-10-24T20:05:19.251214",
    "config": {
      "sr": 22050,
      "n_fft": 2048,
      "hop_length": 512,
      "n_mels": 128,
      "n_mfcc": 13,
      "n_chroma": 12,
      "frame_length": 2048,
      "workers": 4,
      "use_crepe": false,
      "save_matrices": false,
      "save_plots": true,
      "force": true,
      "quick": false,
      "verbose": false
    },
    "processing_time_sec": 3.3494739532470703
  },
  "acoustic": {
    "mfcc_mean": [
      -216.7855224609375,
      104.97515106201172,
      -26.530380249023438,
      51.52549743652344,
      -26.41581916809082,
      -0.16627942025661469,
      2.980375051498413,
      -14.859057426452637,
      -6.058456897735596,
      -11.401756286621094,
      -10.24941635131836,
      -4.641263008117676,
      -4.666614055633545
    ],
    "mfcc_std": [
      90.25021362304688,
      47.256248474121094,
      29.18991470336914,
      26.84135627746582,
      21.694278717041016,
      15.874074935913086,
      13.152353286743164,
      12.234021186828613,
      10.585840225219727,
      12.603348731994629,
      10.708391189575195,
      10.183355331420898,
      10.271524429321289
    ],
    "spectral_centroid_mean": 1938.072111928072,
    "spectral_centroid_std": 892.936940148265,
    "spectral_bandwidth_mean": 1558.5891537818845,
    "spectral_bandwidth_std": 314.2005024213723,
    "spectral_rolloff_mean": 3538.9289002944197,
    "spectral_rolloff_std": 1066.2478197724192,
    "spectral_flux_mean": 5194.81640625,
    "spectral_flux_std": 6951.70361328125,
    "spectral_flatness_mean": 0.003462119959294796,
    "spectral_flatness_std": 0.030549703165888786,
    "spectral_slope_mean": -0.0009194123045275192,
    "spectral_spread_mean": 1558.589153663958,
    "spectral_skewness_mean": 1.2170605345015422,
    "spectral_kurtosis_mean": 5.187738782999476
  },
  "rhythm": {
    "tempo_bpm": 92.28515625,
    "tempo_confidence": 0.9673845398890819,
    "beat_positions": [
      1.3235374149659864,
      1.9504761904761905,
      2.6006349206349206,
      3.274013605442177,
      3.947392290249433,
      4.597551020408163,
      5.201269841269841,
      5.874648526077097,
      6.5712471655328795,
      7.174965986394557,
      7.825124716553288,
      8.475283446712018,
      9.125442176870749,
      9.775600907029478,
      10.402539682539683,
      11.075918367346938,
      11.72607709750567,
      12.329795918367347,
      12.933514739229025,
      13.630113378684808,
      14.32671201814059,
      15.023310657596372,
      15.650249433106575,
      16.34684807256236,
      17.020226757369613,
      17.670385487528346,
      18.297324263038547,
      18.970702947845805,
      19.59764172335601,
      20.271020408163267,
      20.874739229024943,
      21.455238095238094,
      22.128616780045352,
      22.825215419501134,
      23.54503401360544,
      24.19519274376417,
      24.822131519274375,
      25.541950113378686,
      26.21532879818594,
      26.842267573696144,
      27.492426303854874,
      28.16580498866213
    ],
    "onset_times": [
      0.13931972789115646,
      0.4179591836734694,
      0.4876190476190476,
      0.6965986394557823,
      0.905578231292517,
      1.0216780045351475,
      1.3235374149659864,
      1.6021768707482993,
      1.8343764172335602,
      2.089795918367347,
      2.2987755102040817,
      2.5774149659863945,
      2.8328344671201813,
      3.0882539682539685,
      3.274013605442177,
      3.924172335600907,
      4.597551020408163,
      5.038730158730159,
      5.201269841269841,
      5.712108843537415,
      5.874648526077097,
      6.431927437641724,
      6.548027210884354,
      6.664126984126984,
      7.174965986394557,
      7.476825396825397,
      7.616145124716553,
      7.964444444444444,
      8.289523809523809,
      8.452063492063493,
      8.730702947845804,
      8.823582766439909,
      9.102222222222222,
      9.798820861678005,
      10.379319727891156,
      10.913378684807256,
      11.052698412698414,
      11.3081179138322,
      11.702857142857143,
      11.95827664399093,
      12.167256235827665,
      12.445895691609977,
      12.910294784580499,
      14.32671201814059,
      15.023310657596372,
      15.255510204081633,
      15.418049886621315,
      15.650249433106575,
      15.998548752834466,
      16.16108843537415,
      16.834467120181404,
      16.99700680272109,
      17.670385487528346,
      18.204444444444444,
      18.274104308390022,
      18.76172335600907,
      18.94748299319728,
      19.342222222222222,
      19.574421768707484,
      20.24780045351474,
      20.503219954648525,
      20.851519274376418,
      20.921179138321996,
      21.408798185941045,
      21.571337868480725,
      21.89641723356009,
      22.105396825396827,
      22.47691609977324,
      22.801995464852606,
      23.336054421768708,
      23.54503401360544,
      23.73079365079365,
      24.171972789115646,
      24.775691609977326,
      24.845351473922904,
      25.518730158730158,
      25.56517006802721,
      25.68126984126984,
      25.797369614512473,
      25.98312925170068,
      26.21532879818594,
      26.563628117913833,
      26.842267573696144,
      27.213786848072562,
      27.28344671201814,
      27.492426303854874,
      28.11936507936508,
      28.583764172335602,
      28.723083900226758,
      28.81596371882086,
      29.1178231292517,
      29.257142857142856,
      29.489342403628118
    ],
    "rhythm_regularity": 0.9485021589407012,
    "syncopation_index": 0.5483870967741935,
    "beat_count": 42,
    "onset_count": 93
  },
  "harmony": {
    "chroma_mean": [
      0.32193976640701294,
      0.24975459277629852,
      0.3241572082042694,
      0.3739907145500183,
      0.2699185013771057,
      0.3462965488433838,
      0.2891777753829956,
      0.47158196568489075,
      0.35939422249794006,
      0.4649902880191803,
      0.46822139620780945,
      0.33298689126968384
    ],
    "chroma_std": [
      0.2693045437335968,
      0.19033700227737427,
      0.2569657564163208,
      0.2937919497489929,
      0.221372589468956,
      0.2938704788684845,
      0.2554928660392761,
      0.3207190930843353,
      0.26700708270072937,
      0.32401835918426514,
      0.3303798735141754,
      0.26906633377075195
    ],
    "key_estimation": {
      "key": "C_minor",
      "confidence": 0.20986292123796957
    },
    "tonal_complexity": 0.0731026828289032
  },
  "quality": {
    "snr_db": 48.2772706148595,
    "dynamic_range_db": 19.47603006201787,
    "rms_energy": 0.16731271147727966,
    "zero_crossing_rate": 0.11623117120308835
  },
  "lyrics": {
    "word_count": 250,
    "unique_word_count": 125,
    "sentence_count": 10,
    "avg_words_per_sentence": 25.0,
    "readability": null,
    "sentiment_analysis": null,
    "topic_keywords": [
      "two",
      "front",
      "teeth",
      "(thweeth)",
      "and",
      "for",
      "could",
      "the",
      "All",
      "want"
    ],
    "repetition_analysis": {
      "repetition_ratio": 0.5,
      "most_common_words": [
        [
          "two",
          12
        ],
        [
          "front",
          12
        ],
        [
          "teeth",
          9
        ],
        [
          "(thweeth)",
          6
        ],
        [
          "and",
          5
        ]
      ]
    }
  }
}