{
  "tempo_bpm": 172.265625,
  "tempo_confidence": 0.9796358505008796,
  "beat_positions": [
    0.34829931972789113,
    0.6733786848072563,
    1.0448979591836736,
    1.4164172335600906,
    1.787936507936508,
    2.159455782312925,
    2.5309750566893423,
    2.9024943310657596,
    3.297233560090703,
    3.6919727891156464,
    4.063492063492063,
    4.435011337868481,
    4.829750566893424,
    5.201269841269841,
    5.572789115646258,
    5.944308390022676,
    6.339047619047619,
    6.733786848072563,
    7.1053061224489795,
    7.500045351473923,
    7.87156462585034,
    8.243083900226758,
    8.591383219954649,
    8.93968253968254,
    9.287981859410431,
    9.636281179138322,
    9.961360544217687,
    10.309659863945578,
    10.65795918367347,
    11.00625850340136,
    11.354557823129252,
    11.702857142857143,
    12.051156462585034,
    12.445895691609977,
    12.817414965986394,
    13.165714285714285,
    13.514013605442177,
    13.862312925170068,
    14.233832199546486,
    14.605351473922903,
    14.97687074829932,
    15.348390022675737,
    15.673469387755102,
    16.04498866213152,
    16.39328798185941,
    16.764807256235827,
    17.11310657596372,
    17.484625850340137,
    17.856145124716555,
    18.22766439909297,
    18.552743764172334,
    18.901043083900227,
    19.249342403628116,
    19.574421768707484,
    19.89950113378685,
    20.201360544217685,
    20.503219954648525,
    20.805079365079365,
    21.13015873015873,
    21.478458049886623,
    21.826757369614512,
    22.19827664399093,
    22.54657596371882,
    22.894875283446712,
    23.26639455782313,
    23.61469387755102,
    23.986213151927437,
    24.33451247165533,
    24.68281179138322,
    25.031111111111112,
    25.402630385487527,
    25.75092970521542,
    26.09922902494331,
    26.447528344671202,
    26.81904761904762,
    27.190566893424037,
    27.538866213151927,
    27.88716553287982,
    28.258684807256238,
    28.606984126984127,
    28.955283446712016,
    29.30358276643991,
    29.675102040816327
  ],
  "onset_times": [
    0.13931972789115646,
    0.25541950113378686,
    0.6501587301587302,
    1.4164172335600906,
    1.787936507936508,
    1.8808163265306121,
    2.159455782312925,
    2.5309750566893423,
    2.693514739229025,
    2.8792743764172335,
    3.6687528344671203,
    5.944308390022676,
    6.733786848072563,
    8.243083900226758,
    8.40562358276644,
    8.52172335600907,
    8.591383219954649,
    8.777142857142858,
    8.93968253968254,
    9.752380952380953,
    10.518639455782314,
    10.797278911564625,
    10.913378684807256,
    11.261678004535147,
    11.656417233560092,
    11.842176870748299,
    12.027936507936507,
    12.422675736961452,
    12.817414965986394,
    13.56045351473923,
    13.862312925170068,
    14.233832199546486,
    14.32671201814059,
    14.628571428571428,
    14.721451247165533,
    15.09297052154195,
    15.32517006802721,
    15.673469387755102,
    15.836009070294784,
    15.998548752834466,
    16.04498866213152,
    16.370068027210884,
    16.741587301587302,
    17.08988662131519,
    17.29886621315193,
    17.623945578231293,
    17.972244897959182,
    18.204444444444444,
    18.552743764172334,
    18.877823129251702,
    19.22612244897959,
    19.574421768707484,
    19.89950113378685,
    20.06204081632653,
    20.410340136054423,
    20.78185941043084,
    21.106938775510205,
    21.826757369614512,
    22.54657596371882,
    22.894875283446712,
    23.057414965986396,
    23.2431746031746,
    23.939773242630384,
    23.986213151927437,
    24.33451247165533,
    24.68281179138322,
    25.031111111111112,
    25.21687074829932,
    25.379410430839002,
    25.56517006802721,
    25.75092970521542,
    25.86702947845805,
    26.09922902494331,
    26.261768707482993,
    26.447528344671202,
    26.79582766439909,
    27.00480725623583,
    27.30666666666667,
    27.538866213151927,
    27.678185941043083,
    27.840725623582767,
    28.258684807256238,
    28.76952380952381,
    28.955283446712016,
    29.30358276643991,
    29.675102040816327
  ],
  "rhythm_regularity": 0.9418766360974411,
  "syncopation_index": 0.27906976744186046,
  "beat_count": 83,
  "onset_count": 86
}