{
  "tempo_bpm": 95.703125,
  "tempo_confidence": 0.9555998582970122,
  "beat_positions": [
    2.2987755102040817,
    2.8328344671201813,
    3.4597732426303853,
    4.063492063492063,
    4.574331065759637,
    5.154829931972789,
    5.7817687074829935,
    6.431927437641724,
    7.082086167800454,
    7.778684807256236,
    8.382403628117913,
    9.009342403628118,
    9.659501133786849,
    10.309659863945578,
    10.983038548752834,
    11.54031746031746,
    12.097596371882085,
    12.701315192743763,
    13.328253968253968,
    13.931972789115646,
    14.605351473922903,
    15.232290249433106,
    15.905668934240364,
    16.555827664399093,
    17.159546485260773,
    17.740045351473924,
    18.250884353741498,
    18.877823129251702,
    19.504761904761907,
    20.17814058956916,
    20.82829931972789,
    21.478458049886623,
    22.151836734693877,
    22.77877551020408,
    23.38249433106576,
    24.03265306122449,
    24.706031746031748,
    25.240090702947846,
    25.797369614512473,
    26.424308390022677,
    27.028027210884353,
    27.631746031746033,
    28.328344671201815,
    28.978503401360545,
    29.60544217687075,
    30.232380952380954,
    30.859319727891158,
    31.509478458049887,
    32.15963718820862,
    32.80979591836735,
    33.50639455782313,
    34.202993197278914,
    34.94603174603174,
    35.54975056689342,
    36.060589569160996,
    36.73396825396826,
    37.33768707482993,
    37.918185941043085,
    38.45224489795918,
    38.98630385487528,
    39.566802721088436,
    40.170521541950116,
    40.77424036281179,
    41.40117913832199,
    42.0281179138322,
    42.70149659863946,
    43.39809523809524,
    44.02503401360544,
    44.651972789115646,
    45.2324716553288,
    45.905850340136055,
    46.556009070294785,
    47.22938775510204,
    47.9027664399093,
    48.66902494331066,
    49.27274376417233,
    49.783582766439906,
    50.43374149659864,
    51.01424036281179,
    51.594739229024945,
    52.15201814058957,
    52.73251700680272,
    53.336235827664396,
    53.939954648526076,
    54.543673469387755,
    55.12417233560091,
    55.75111111111111,
    56.42448979591837,
    57.02820861678005,
    57.655147392290246,
    58.258866213151926,
    58.862585034013605,
    59.396643990929704,
    60.02358276643991,
    60.62730158730159,
    61.13814058956916,
    61.718639455782316,
    62.345578231292514,
    63.018956916099775,
    63.69233560090703,
    64.36571428571429,
    64.96943310657596,
    65.57315192743764,
    66.17687074829932,
    66.82702947845804,
    67.43074829931973,
    68.01124716553288,
    68.66140589569162,
    69.31156462585034,
    69.91528344671202,
    70.5190022675737,
    71.21560090702948,
    71.84253968253968,
    72.46947845804989,
    73.09641723356009,
    73.70013605442176,
    74.30385487528345,
    74.83791383219955,
    75.44163265306122,
    76.11501133786848,
    76.76517006802722,
    77.41532879818594,
    78.06548752834468,
    78.66920634920635,
    79.29614512471656,
    79.92308390022676,
    80.5732426303855,
    81.24662131519274,
    81.73424036281179,
    82.361179138322,
    83.01133786848072,
    83.61505668934241,
    84.21877551020408,
    84.91537414965987,
    85.56553287981859,
    86.23891156462585,
    86.88907029478457,
    87.53922902494331,
    88.21260770975057,
    88.8627664399093,
    89.51292517006803,
    90.04698412698413,
    90.69714285714285,
    91.44018140589569,
    92.11356009070295,
    92.81015873015873,
    93.46031746031746,
    94.13369614512472,
    94.78385487528345,
    95.38757369614513,
    96.01451247165532,
    96.57179138321996,
    97.15229024943311,
    97.73278911564626,
    98.35972789115647,
    99.03310657596371,
    99.70648526077098,
    100.35664399092971,
    100.98358276643991,
    101.6105215419501,
    102.26068027210884,
    102.88761904761905,
    103.4681179138322,
    104.04861678004535,
    104.65233560090702,
    105.23283446712018,
    105.8829931972789,
    106.53315192743764,
    107.2065306122449,
    107.85668934240363,
    108.4604081632653,
    109.08734693877551,
    109.71428571428571,
    110.38766439909297,
    110.94494331065759,
    111.47900226757369,
    112.15238095238095,
    112.77931972789116,
    113.38303854875284,
    114.00997732426303,
    114.70657596371882,
    115.31029478458049,
    115.91401360544218,
    116.51773242630385,
    117.12145124716554,
    117.67873015873016,
    118.30566893424036,
    118.93260770975057,
    119.42022675736962,
    120.02394557823129,
    120.62766439909296,
    121.30104308390023,
    121.95120181405896,
    122.62458049886621,
    123.25151927437642,
    123.90167800453514,
    124.52861678004535,
    125.15555555555555,
    125.73605442176871,
    126.29333333333334,
    126.92027210884353,
    127.54721088435375,
    128.17414965986396,
    128.77786848072563,
    129.49768707482994,
    130.14784580498866,
    130.77478458049887,
    131.40172335600906,
    132.02866213151927,
    132.60916099773243,
    133.14321995464852,
    133.74693877551022,
    134.3738775510204,
    135.02403628117915,
    135.67419501133787,
    136.37079365079364,
    136.99773242630386,
    137.60145124716553,
    138.2051700680272,
    138.901768707483,
    139.45904761904762,
    140.01632653061225,
    140.64326530612246,
    141.24698412698413,
    141.8507029478458,
    142.47764172335602,
    143.1742403628118,
    143.8243990929705
  ],