{
  "chroma_mean": [
    0.477241575717926,
    0.22576816380023956,
    0.29568812251091003,
    0.32901883125305176,
    0.21793478727340698,
    0.41085535287857056,
    0.24461080133914948,
    0.5582998991012573,
    0.4582256078720093,
    0.25028395652770996,
    0.5038470029830933,
    0.28829485177993774
  ],
  "chroma_std": [
    0.32382291555404663,
    0.20623722672462463,
    0.21202364563941956,
    0.22707433998584747,
    0.19650542736053467,
    0.2896190583705902,
    0.20627911388874054,
    0.3301618695259094,
    0.3522699773311615,
    0.20124711096286774,
    0.30673232674598694,
    0.21837952733039856
  ],
  "key_estimation": {
    "key": "C_minor",
    "confidence": 0.6381137110247391
  },
  "tonal_complexity": 0.11528445780277252
}