{
  "chroma_mean": [
    0.27928292751312256,
    0.3440914452075958,
    0.49463772773742676,
    0.27210554480552673,
    0.37061771750450134,
    0.3050188422203064,
    0.26448848843574524,
    0.4965682029724121,
    0.348275750875473,
    0.6147933602333069,
    0.36424288153648376,
    0.27952340245246887
  ],
  "chroma_std": [
    0.18682387471199036,
    0.2309083342552185,
    0.30802038311958313,
    0.17098869383335114,
    0.23780937492847443,
    0.22749203443527222,
    0.17224186658859253,
    0.35321491956710815,
    0.20589390397071838,
    0.31080424785614014,
    0.31419482827186584,
    0.18555313348770142
  ],
  "key_estimation": {
    "key": "C_major",
    "confidence": 0.18238559908804775
  },
  "tonal_complexity": 0.10567457228899002
}