{
  "chroma_mean": [
    0.55144202709198,
    0.3842568099498749,
    0.4783826768398285,
    0.45402756333351135,
    0.37055301666259766,
    0.6131555438041687,
    0.36308804154396057,
    0.5322213172912598,
    0.457966148853302,
    0.4250496029853821,
    0.518607497215271,
    0.3679613769054413
  ],
  "chroma_std": [
    0.26347920298576355,
    0.1494913250207901,
    0.20147530734539032,
    0.1940852850675583,
    0.1646970957517624,
    0.3320252001285553,
    0.14103716611862183,
    0.23627083003520966,
    0.2570834159851074,
    0.20695063471794128,
    0.3086000680923462,
    0.13478030264377594
  ],
  "key_estimation": {
    "key": "C_minor",
    "confidence": 0.5778124443962906
  },
  "tonal_complexity": 0.07835188508033752
}