{
  "tempo_bpm": 107.666015625,
  "tempo_confidence": 0.9569183489297433,
  "beat_positions": [
    0.16253968253968254,
    0.7198185941043084,
    1.2770975056689342,
    1.811156462585034,
    2.345215419501134,
    2.8792743764172335,
    3.4829931972789114,
    4.040272108843538,
    4.574331065759637,
    5.131609977324263,
    5.712108843537415,
    6.246167800453515,
    6.8034467120181406,
    7.360725623582766,
    7.894784580498866,
    8.52172335600907,
    9.102222222222222,
    9.636281179138322,
    10.170340136054422,
    10.727619047619047,
    11.215238095238096,
    11.72607709750567,
    12.283356009070294,
    12.84063492063492,
    13.421133786848072,
    13.955192743764172,
    14.512471655328799,
    15.000090702947846,
    15.557369614512472,
    16.114648526077097,
    16.69514739229025,
    17.29886621315193,
    17.87936507936508,
    18.320544217687075,
    18.83138321995465,
    19.365442176870747,
    19.87628117913832,
    20.433560090702947,
    20.990839002267574,
    21.455238095238094,
    21.91963718820862,
    22.430476190476192,
    22.918095238095237,
    23.56825396825397,
    24.2184126984127,
    24.822131519274375,
    25.425850340136055,
    26.006349206349206,
    26.586848072562358,
    27.144126984126984,
    27.654965986394558,
    28.142585034013607,
    28.63020408163265,
    29.094603174603176
  ],
  "onset_times": [
    0.16253968253968254,
    0.34829931972789113,
    0.5108390022675737,
    0.6733786848072563,
    0.7198185941043084,
    1.1145578231292517,
    1.6486167800453515,
    1.787936507936508,
    1.9504761904761905,
    2.670294784580499,
    2.8560544217687074,
    3.0882539682539685,
    3.4829931972789114,
    3.599092970521542,
    3.900952380952381,
    4.20281179138322,
    4.295691609977324,
    5.131609977324263,
    5.2477097505668935,
    5.688888888888889,
    6.106848072562358,
    6.478367346938776,
    6.640907029478458,
    6.8034467120181406,
    6.965986394557823,
    7.174965986394557,
    7.337505668934241,
    7.523265306122449,
    7.7090249433106575,
    7.87156462585034,
    8.034104308390022,
    8.40562358276644,
    8.52172335600907,
    8.70748299319728,
    9.102222222222222,
    9.264761904761905,
    9.357641723356009,
    9.636281179138322,
    9.914920634920636,
    10.216780045351474,
    10.518639455782314,
    10.727619047619047,
    10.820498866213152,
    10.983038548752834,
    11.284897959183674,
    11.517097505668934,
    12.004716553287983,
    12.19047619047619,
    12.283356009070294,
    12.422675736961452,
    12.515555555555556,
    12.60843537414966,
    12.701315192743763,
    12.84063492063492,
    12.979954648526077,
    13.142494331065759,
    13.305034013605443,
    13.421133786848072,
    13.56045351473923,
    13.630113378684808,
    13.769433106575963,
    13.931972789115646,
    14.233832199546486,
    14.512471655328799,
    14.675011337868481,
    14.837551020408164,
    14.97687074829932,
    15.116190476190477,
    15.232290249433106,
    15.371609977324264,
    15.534149659863946,
    15.673469387755102,
    15.998548752834466,
    16.114648526077097,
    16.253968253968253,
    16.486167800453515,
    16.671927437641724,
    16.81124716553288,
    16.950566893424035,
    17.066666666666666,
    17.205986394557822,
    17.623945578231293,
    17.87936507936508,
    18.018684807256236,
    18.134784580498867,
    18.250884353741498,
    18.552743764172334,
    18.622403628117915,
    18.83138321995465,
    19.086802721088436,
    19.342222222222222,
    19.388662131519276,
    19.690521541950112,
    19.853061224489796,
    20.01560090702948,
    20.410340136054423,
    20.572879818594103,
    20.805079365079365,
    20.990839002267574,
    21.292698412698414,
    21.455238095238094,
    21.66421768707483,
    21.89641723356009,
    21.966077097505668,
    22.151836734693877,
    22.291156462585032,
    22.453696145124717,
    22.755555555555556,
    22.894875283446712,
    23.289614512471655,
    23.38249433106576,
    23.54503401360544,
    23.870113378684806,
    24.055873015873015,
    24.19519274376417,
    24.68281179138322,
    25.007891156462584,
    25.21687074829932,
    25.75092970521542,
    26.377868480725624,
    26.563628117913833,
    26.772607709750567,
    26.958367346938775,
    27.12090702947846,
    27.353106575963718,
    27.631746031746033,
    27.77106575963719,
    27.88716553287982,
    28.026485260770976,
    28.142585034013607,
    28.328344671201815,
    28.398004535147393,
    28.63020408163265,
    29.071383219954647,
    29.373242630385487,
    29.60544217687075
  ],
  "rhythm_regularity": 0.9175265966056813,
  "syncopation_index": 0.6323529411764706,
  "beat_count": 54,
  "onset_count": 136
}