{
  "snr_db": 33.5787620359051,
  "dynamic_range_db": 17.55195611685236,
  "rms_energy": 0.17559334635734558,
  "zero_crossing_rate": 0.12350079713154809
}