{
  "meta": {
    "path": "../../data/raw/MIREX-like_mood/dataset/Audio/176.mp3",
    "file_hash": "d203b0cab5bc9c9aa8f8995dab914cb8f1872b4b",
    "duration_sec": 29.58222222222222,
    "sample_rate": 22050,
    "analysis_timestamp": "2025-10-24T20:22:12.987570",
    "config": {
      "sr": 22050,
      "n_fft": 2048,
      "hop_length": 512,
      "n_mels": 128,
      "n_mfcc": 13,
      "n_chroma": 12,
      "frame_length": 2048,
      "workers": 4,
      "use_crepe": false,
      "save_matrices": false,
      "save_plots": true,
      "force": true,
      "quick": false,
      "verbose": false
    },
    "processing_time_sec": 3.0878849029541016
  },
  "acoustic": {
    "mfcc_mean": [
      -193.57298278808594,
      111.4278335571289,
      37.78105926513672,
      17.47309684753418,
      25.08094596862793,
      11.325737953186035,
      -1.7869006395339966,
      0.5152639746665955,
      -3.3257594108581543,
      2.9481892585754395,
      -5.2683515548706055,
      -4.0822296142578125,
      -10.14818000793457
    ],
    "mfcc_std": [
      70.08885955810547,
      26.47589111328125,
      17.695209503173828,
      9.20101261138916,
      9.233898162841797,
      8.804656982421875,
      9.058431625366211,
      6.508424282073975,
      7.131913661956787,
      6.838420391082764,
      8.354125022888184,
      8.566965103149414,
      7.580146789550781
    ],
    "spectral_centroid_mean": 1650.6423659789168,
    "spectral_centroid_std": 635.5589986894084,
    "spectral_bandwidth_mean": 2494.925187348287,
    "spectral_bandwidth_std": 508.8527067727855,
    "spectral_rolloff_mean": 3784.3042279411766,
    "spectral_rolloff_std": 2194.5892415455473,
    "spectral_flux_mean": 2424.96337890625,
    "spectral_flux_std": 3453.8955078125,
    "spectral_flatness_mean": 0.005687025375664234,
    "spectral_flatness_std": 0.03017990104854107,
    "spectral_slope_mean": -0.0002982575587690776,
    "spectral_spread_mean": 2494.9251875028312,
    "spectral_skewness_mean": 2.2385926338496147,
    "spectral_kurtosis_mean": 7.90866068545284
  },
  "rhythm": {
    "tempo_bpm": 107.666015625,
    "tempo_confidence": 0.988135503707719,
    "beat_positions": [
      1.3931972789115645,
      1.9504761904761905,
      2.507755102040816,
      3.0882539682539685,
      3.6687528344671203,
      4.2260317460317465,
      4.806530612244898,
      5.340589569160998,
      5.921088435374149,
      6.478367346938776,
      7.058866213151927,
      7.616145124716553,
      8.17342403628118,
      8.753922902494331,
      9.311201814058958,
      9.868480725623582,
      10.425759637188209,
      10.983038548752834,
      11.54031746031746,
      12.097596371882085,
      12.678095238095239,
      13.25859410430839,
      13.815873015873017,
      14.373151927437641,
      14.930430839002268,
      15.51092970521542,
      16.068208616780044,
      16.648707482993196,
      17.22920634920635,
      17.786485260770974,
      18.3437641723356,
      18.92426303854875,
      19.481541950113378,
      20.06204081632653,
      20.619319727891156,
      21.176598639455783,
      21.757097505668934,
      22.31437641723356,
      22.871655328798187,
      23.42893424036281,
      24.009433106575965,
      24.56671201814059,
      25.123990929705215,
      25.68126984126984,
      26.261768707482993,
      26.842267573696144,
      27.39954648526077,
      27.956825396825398,
      28.53732426303855,
      29.094603174603176
    ],
    "onset_times": [
      0.23219954648526078,
      0.603718820861678,
      0.7662585034013606,
      1.0448979591836736,
      1.18421768707483,
      1.3699773242630386,
      1.7647165532879818,
      1.9504761904761905,
      2.3219954648526078,
      2.36843537414966,
      2.507755102040816,
      2.9024943310657596,
      3.0650340136054424,
      3.4597732426303853,
      3.6687528344671203,
      3.9938321995464854,
      4.2260317460317465,
      4.574331065759637,
      4.783310657596372,
      5.154829931972789,
      5.317369614512471,
      5.712108843537415,
      5.921088435374149,
      6.292607709750567,
      6.478367346938776,
      6.849886621315193,
      6.896326530612245,
      7.058866213151927,
      7.4071655328798185,
      7.592925170068027,
      7.987664399092971,
      8.17342403628118,
      8.544943310657596,
      8.730702947845804,
      9.102222222222222,
      9.287981859410431,
      9.659501133786849,
      9.822040816326531,
      9.868480725623582,
      10.216780045351474,
      10.425759637188209,
      10.797278911564625,
      10.983038548752834,
      11.331337868480725,
      11.54031746031746,
      11.911836734693878,
      12.07437641723356,
      12.469115646258503,
      12.678095238095239,
      13.049614512471654,
      13.235374149659863,
      13.583673469387755,
      13.815873015873017,
      14.164172335600908,
      14.349931972789115,
      14.721451247165533,
      14.930430839002268,
      15.139410430839002,
      15.27873015873016,
      15.487709750566893,
      15.719909297052155,
      15.836009070294784,
      16.068208616780044,
      16.253968253968253,
      16.439727891156462,
      16.62548752834467,
      16.857687074829933,
      16.99700680272109,
      17.205986394557822,
      17.57750566893424,
      17.76326530612245,
      18.134784580498867,
      18.3437641723356,
      18.715283446712018,
      18.901043083900227,
      19.29578231292517,
      19.481541950113378,
      19.853061224489796,
      20.06204081632653,
      20.410340136054423,
      20.59609977324263,
      20.96761904761905,
      21.153378684807254,
      21.524897959183672,
      21.757097505668934,
      22.105396825396827,
      22.267936507936508,
      22.31437641723356,
      22.66267573696145,
      22.84843537414966,
      23.219954648526077,
      23.405714285714286,
      23.800453514739228,
      23.986213151927437,
      24.171972789115646,
      24.38095238095238,
      24.543492063492064,
      24.91501133786848,
      24.961451247165535,
      25.10077097505669,
      25.495510204081633,
      25.658049886621317,
      26.05278911564626,
      26.261768707482993,
      26.656507936507936,
      26.772607709750567,
      26.842267573696144,
      27.190566893424037,
      27.376326530612246,
      27.77106575963719,
      27.956825396825398,
      28.328344671201815,
      28.53732426303855,
      28.88562358276644,
      29.071383219954647,
      29.41968253968254,
      29.466122448979593
    ],
    "rhythm_regularity": 0.9787613420631687,
    "syncopation_index": 0.5470085470085471,
    "beat_count": 50,
    "onset_count": 117
  },
  "harmony": {
    "chroma_mean": [
      0.517513632774353,
      0.335033655166626,
      0.27182304859161377,
      0.27054476737976074,
      0.3037264347076416,
      0.4935797154903412,
      0.3644702136516571,
      0.36403143405914307,
      0.44856488704681396,
      0.442261666059494,
      0.4131547808647156,
      0.39126622676849365
    ],
    "chroma_std": [
      0.3221110999584198,
      0.18505525588989258,
      0.17158783972263336,
      0.19655761122703552,
      0.20344343781471252,
      0.3363690972328186,
      0.21313031017780304,
      0.26880118250846863,
      0.3018004894256592,
      0.3153934180736542,
      0.277621865272522,
      0.23462188243865967
    ],
    "key_estimation": {
      "key": "C_major",
      "confidence": 0.38397587351585744
    },
    "tonal_complexity": 0.07819399982690811
  },
  "quality": {
    "snr_db": 36.55221525372842,
    "dynamic_range_db": 19.73407396460638,
    "rms_energy": 0.14866018295288086,
    "zero_crossing_rate": 0.04410577512254902
  },
  "lyrics": {}
}