{
  "meta": {
    "path": "../../data/raw/MIREX-like_mood/dataset/Audio/589.mp3",
    "file_hash": "441913e9d3de6b79bc4aa25bc53c56c2fd2bc2c7",
    "duration_sec": 29.76798185941043,
    "sample_rate": 22050,
    "analysis_timestamp": "2025-10-24T20:16:48.938454",
    "config": {
      "sr": 22050,
      "n_fft": 2048,
      "hop_length": 512,
      "n_mels": 128,
      "n_mfcc": 13,
      "n_chroma": 12,
      "frame_length": 2048,
      "workers": 4,
      "use_crepe": false,
      "save_matrices": false,
      "save_plots": true,
      "force": true,
      "quick": false,
      "verbose": false
    },
    "processing_time_sec": 3.2177395820617676
  },
  "acoustic": {
    "mfcc_mean": [
      -96.8501968383789,
      78.67523956298828,
      -3.3997962474823,
      37.70962142944336,
      10.196361541748047,
      12.393270492553711,
      4.755043029785156,
      13.363396644592285,
      1.0117782354354858,
      4.759798049926758,
      1.8347803354263306,
      4.243877410888672,
      0.6846969127655029
    ],
    "mfcc_std": [
      62.942405700683594,
      25.927692413330078,
      25.149003982543945,
      16.8863525390625,
      12.92320442199707,
      9.670726776123047,
      11.103254318237305,
      8.244872093200684,
      8.164963722229004,
      8.831768989562988,
      7.718114852905273,
      7.068538665771484,
      7.357671737670898
    ],
    "spectral_centroid_mean": 2368.008340172132,
    "spectral_centroid_std": 690.731229198618,
    "spectral_bandwidth_mean": 2483.415183991917,
    "spectral_bandwidth_std": 421.79479655324207,
    "spectral_rolloff_mean": 5044.232553554901,
    "spectral_rolloff_std": 1430.1612275022405,
    "spectral_flux_mean": 3829.962646484375,
    "spectral_flux_std": 5184.9267578125,
    "spectral_flatness_mean": 0.017097042873501778,
    "spectral_flatness_std": 0.03648083657026291,
    "spectral_slope_mean": -0.00039592684689612187,
    "spectral_spread_mean": 2483.4151837493932,
    "spectral_skewness_mean": 1.2954471522730773,
    "spectral_kurtosis_mean": 4.310040785101275
  },
  "rhythm": {
    "tempo_bpm": 112.34714673913044,
    "tempo_confidence": 0.988389809918712,
    "beat_positions": [
      0.44117913832199546,
      0.9752380952380952,
      1.509297052154195,
      2.020136054421769,
      2.5774149659863945,
      3.0882539682539685,
      3.645532879818594,
      4.179591836734694,
      4.690430839002268,
      5.224489795918367,
      5.758548752834467,
      6.315827664399093,
      6.826666666666667,
      7.360725623582766,
      7.894784580498866,
      8.428843537414966,
      8.962902494331066,
      9.47374149659864,
      10.00780045351474,
      10.541859410430838,
      11.075918367346938,
      11.609977324263038,
      12.144036281179138,
      12.678095238095239,
      13.212154195011339,
      13.746213151927437,
      14.280272108843537,
      14.79111111111111,
      15.348390022675737,
      15.882448979591837,
      16.39328798185941,
      16.92734693877551,
      17.46140589569161,
      17.99546485260771,
      18.52952380952381,
      19.06358276643991,
      19.574421768707484,
      20.108480725623583,
      20.64253968253968,
      21.176598639455783,
      21.71065759637188,
      22.244716553287983,
      22.77877551020408,
      23.312834467120183,
      23.823673469387757,
      24.357732426303855,
      24.891791383219953,
      25.425850340136055,
      25.959909297052153,
      26.493968253968255,
      27.028027210884353,
      27.562086167800455,
      28.07292517006803
    ],
    "onset_times": [
      0.16253968253968254,
      0.4179591836734694,
      0.6965986394557823,
      0.9520181405895691,
      1.230657596371882,
      1.486077097505669,
      2.020136054421769,
      2.3219954648526078,
      2.5541950113378684,
      2.8328344671201813,
      3.0882539682539685,
      3.3436734693877552,
      3.622312925170068,
      4.040272108843538,
      4.156371882086168,
      4.690430839002268,
      4.96907029478458,
      5.224489795918367,
      5.479909297052155,
      5.758548752834467,
      6.292607709750567,
      6.826666666666667,
      7.1053061224489795,
      7.337505668934241,
      7.616145124716553,
      7.87156462585034,
      8.40562358276644,
      8.661043083900227,
      8.93968253968254,
      9.47374149659864,
      9.729160997732427,
      10.00780045351474,
      10.286439909297052,
      10.425759637188209,
      10.541859410430838,
      10.681179138321996,
      10.797278911564625,
      11.075918367346938,
      11.609977324263038,
      11.749297052154194,
      12.120816326530612,
      12.654875283446712,
      12.956734693877552,
      13.212154195011339,
      13.722993197278912,
      14.257052154195012,
      14.79111111111111,
      15.32517006802721,
      15.85922902494331,
      16.114648526077097,
      16.34684807256236,
      16.648707482993196,
      16.764807256235827,
      16.834467120181404,
      16.92734693877551,
      17.066666666666666,
      17.205986394557822,
      17.29886621315193,
      17.41496598639456,
      17.46140589569161,
      17.972244897959182,
      18.134784580498867,
      18.250884353741498,
      18.506303854875284,
      18.64562358276644,
      18.76172335600907,
      18.92426303854875,
      19.040362811791383,
      19.17968253968254,
      19.29578231292517,
      19.458321995464853,
      19.574421768707484,
      19.760181405895693,
      19.853061224489796,
      19.99238095238095,
      20.108480725623583,
      20.619319727891156,
      20.78185941043084,
      20.921179138321996,
      21.037278911564627,
      21.176598639455783,
      21.571337868480725,
      21.687437641723356,
      21.89641723356009,
      22.221496598639455,
      22.38403628117914,
      22.50013605442177,
      22.755555555555556,
      23.173514739229024,
      23.289614512471655,
      23.45215419501134,
      23.56825396825397,
      23.800453514739228,
      23.962993197278912,
      24.079092970521543,
      24.241632653061224,
      24.357732426303855,
      24.61315192743764,
      24.775691609977326,
      24.86857142857143,
      25.402630385487527,
      25.56517006802721,
      25.68126984126984,
      25.820589569160997,
      25.93668934240363,
      26.192108843537415,
      26.470748299319727,
      26.888707482993198,
      27.00480725623583,
      27.260226757369615,
      27.538866213151927,
      27.678185941043083,
      27.817505668934242,
      28.07292517006803,
      28.35156462585034,
      28.46766439909297,
      28.606984126984127,
      28.88562358276644,
      29.1178231292517,
      29.30358276643991,
      29.396462585034012,
      29.675102040816327
    ],
    "rhythm_regularity": 0.977894207667284,
    "syncopation_index": 0.5491803278688525,
    "beat_count": 53,
    "onset_count": 122
  },
  "harmony": {
    "chroma_mean": [
      0.3833906054496765,
      0.4452495276927948,
      0.390546053647995,
      0.4016306400299072,
      0.5420476198196411,
      0.3435762822628021,
      0.4177156984806061,
      0.41107115149497986,
      0.48366641998291016,
      0.7577137351036072,
      0.3268623650074005,
      0.42715466022491455
    ],
    "chroma_std": [
      0.203407883644104,
      0.23425893485546112,
      0.1962662637233734,
      0.21040095388889313,
      0.26823559403419495,
      0.17120271921157837,
      0.23257334530353546,
      0.23486614227294922,
      0.24836839735507965,
      0.29404130578041077,
      0.17511166632175446,
      0.24254801869392395
    ],
    "key_estimation": {
      "key": "C_major",
      "confidence": 0.019194966240128022
    },
    "tonal_complexity": 0.1094665601849556
  },
  "quality": {
    "snr_db": 32.98808905893385,
    "dynamic_range_db": 18.073319894695302,
    "rms_energy": 0.16314783692359924,
    "zero_crossing_rate": 0.0814912101763445
  },
  "lyrics": {
    "word_count": 592,
    "unique_word_count": 263,
    "sentence_count": 1,
    "avg_words_per_sentence": 592.0,