{
  "meta": {
    "path": "../../data/raw/MIREX-like_mood/dataset/Audio/029.mp3",
    "file_hash": "c725ce7c38084ca07e59d2bbca19c69627b3b784",
    "duration_sec": 29.628662131519274,
    "sample_rate": 22050,
    "analysis_timestamp": "2025-10-24T19:58:26.051428",
    "config": {
      "sr": 22050,
      "n_fft": 2048,
      "hop_length": 512,
      "n_mels": 128,
      "n_mfcc": 13,
      "n_chroma": 12,
      "frame_length": 2048,
      "workers": 4,
      "use_crepe": false,
      "save_matrices": false,
      "save_plots": true,
      "force": true,
      "quick": false,
      "verbose": false
    },
    "processing_time_sec": 11.512916088104248
  },
  "acoustic": {
    "mfcc_mean": [
      -101.55583190917969,
      100.1646728515625,
      -11.574692726135254,
      18.27847671508789,
      6.702188968658447,
      8.517463684082031,
      -4.797159671783447,
      1.1691720485687256,
      0.7199609875679016,
      1.4532593488693237,
      -0.6568400263786316,
      -4.908016681671143,
      -7.777609348297119
    ],
    "mfcc_std": [
      77.38616943359375,
      27.152400970458984,
      23.148202896118164,
      19.1444091796875,
      12.647831916809082,
      8.02436351776123,
      11.781021118164062,
      9.208541870117188,
      8.672179222106934,
      8.50417423248291,
      8.578960418701172,
      7.313359260559082,
      7.815016746520996
    ],
    "spectral_centroid_mean": 2080.931022850923,
    "spectral_centroid_std": 731.1764253716833,
    "spectral_bandwidth_mean": 2308.919328201963,
    "spectral_bandwidth_std": 369.6087329313316,
    "spectral_rolloff_mean": 4303.116396767326,
    "spectral_rolloff_std": 1517.4789941422823,
    "spectral_flux_mean": 4741.1591796875,
    "spectral_flux_std": 5779.73388671875,
    "spectral_flatness_mean": 0.014655590057373047,
    "spectral_flatness_std": 0.03698686510324478,
    "spectral_slope_mean": -0.00040000121376421323,
    "spectral_spread_mean": 2308.91932845785,
    "spectral_skewness_mean": 1.7543789383309933,
    "spectral_kurtosis_mean": 6.005151382223483
  },
  "rhythm": {
    "tempo_bpm": 117.45383522727273,
    "tempo_confidence": 0.9823659526018039,
    "beat_positions": [
      1.207437641723356,
      1.7414965986394557,
      2.2523356009070294,
      2.7631746031746034,
      3.274013605442177,
      3.7848526077097504,
      4.31891156462585,
      4.829750566893424,
      5.363809523809524,
      5.874648526077097,
      6.3854875283446715,
      6.896326530612245,
      7.430385487528345,
      7.894784580498866,
      8.475283446712018,
      8.986122448979591,
      9.520181405895691,
      10.031020408163265,
      10.541859410430838,
      11.052698412698414,
      11.586757369614512,
      12.097596371882085,
      12.631655328798185,
      13.142494331065759,
      13.653333333333334,
      14.187392290249432,
      14.698231292517006,
      15.209070294784581,
      15.719909297052155,
      16.27718820861678,
      16.81124716553288,
      17.322086167800453,
      17.856145124716555,
      18.36698412698413,
      18.877823129251702,
      19.388662131519276,
      19.87628117913832,
      20.387120181405894,
      20.897959183673468,
      21.408798185941045,
      21.942857142857143,
      22.430476190476192,
      22.96453514739229,
      23.475374149659864,
      24.009433106575965,
      24.49705215419501,
      25.031111111111112,
      25.541950113378686,
      26.076009070294784,
      26.586848072562358,
      27.09768707482993,
      27.608526077097505,
      28.142585034013607
    ],
    "onset_times": [
      0.16253968253968254,
      0.2089795918367347,
      0.3250793650793651,
      0.44117913832199546,
      0.6965986394557823,
      0.9520181405895691,
      1.207437641723356,
      1.486077097505669,
      1.7182766439909296,
      1.9736961451247166,
      2.136235827664399,
      2.36843537414966,
      2.48453514739229,
      2.7399546485260773,
      2.972154195011338,
      3.250793650793651,
      3.5294331065759637,
      3.9706122448979593,
      4.040272108843538,
      4.295691609977324,
      4.574331065759637,
      4.806530612244898,
      5.108390022675737,
      5.340589569160998,
      5.410249433106576,
      5.61922902494331,
      5.804988662131519,
      6.03718820861678,
      6.3854875283446715,
      6.664126984126984,
      6.896326530612245,
      7.174965986394557,
      7.4071655328798185,
      7.685804988662132,
      7.848344671201814,
      8.010884353741497,
      8.243083900226758,
      8.452063492063493,
      8.730702947845804,
      8.962902494331066,
      9.241541950113378,
      9.496961451247165,
      9.752380952380953,
      9.798820861678005,
      9.93814058956916,
      10.054240362811791,
      10.263219954648527,
      10.541859410430838,
      10.797278911564625,
      11.052698412698414,
      11.3081179138322,
      11.563537414965987,
      11.842176870748299,
      12.027936507936507,
      12.097596371882085,
      12.353015873015874,
      12.60843537414966,
      12.887074829931972,
      13.119274376417234,
      13.397913832199546,
      13.653333333333334,
      13.839092970521541,
      13.931972789115646,
      14.419591836734694,
      14.698231292517006,
      14.953650793650795,
      15.209070294784581,
      15.464489795918368,
      15.719909297052155,
      16.021768707482995,
      16.788027210884355,
      17.29886621315193,
      17.832925170068027,
      18.134784580498867,
      18.3437641723356,
      18.599183673469387,
      18.877823129251702,
      19.11002267573696,
      19.388662131519276,
      19.71374149659864,
      19.87628117913832,
      20.36390022675737,
      20.619319727891156,
      20.758639455782312,
      20.897959183673468,
      21.13015873015873,
      21.408798185941045,
      21.66421768707483,
      21.91963718820862,
      22.175056689342405,
      22.430476190476192,
      22.68589569160998,
      22.825215419501134,
      22.96453514739229,
      23.010975056689343,
      23.219954648526077,
      23.475374149659864,
      24.009433106575965,
      24.49705215419501,
      24.752471655328797,
      24.891791383219953,
      25.031111111111112,
      25.2865306122449,
      25.541950113378686,
      25.797369614512473,
      26.076009070294784,
      26.308208616780046,
      26.563628117913833,
      26.81904761904762,
      26.9815873015873,
      27.09768707482993,
      27.353106575963718,
      27.608526077097505,
      27.77106575963719,
      27.88716553287982,
      28.142585034013607,
      28.65342403628118,
      28.908843537414967,
      29.164263038548754
    ],
    "rhythm_regularity": 0.9653452564788934,
    "syncopation_index": 0.5546218487394958,
    "beat_count": 53,
    "onset_count": 119
  },
  "harmony": {
    "chroma_mean": [
      0.33315613865852356,
      0.31945809721946716,
      0.34740781784057617,
      0.5058427453041077,
      0.26487886905670166,
      0.34296655654907227,
      0.2886853516101837,
      0.4255886375904083,
      0.3983398973941803,
      0.3671187162399292,
      0.6601727604866028,
      0.3081321716308594
    ],
    "chroma_std": [
      0.23531721532344818,
      0.2021198868751526,
      0.21227040886878967,
      0.3355488181114197,
      0.1562070995569229,
      0.2455427348613739,
      0.20433612167835236,
      0.29345834255218506,
      0.24724608659744263,
      0.22191883623600006,
      0.323566198348999,
      0.17952999472618103
    ],
    "key_estimation": {
      "key": "C_minor",
      "confidence": 0.2737836671729347
    },
    "tonal_complexity": 0.10486624389886856
  },
  "quality": {
    "snr_db": 35.61250542888338,
    "dynamic_range_db": 18.26389999679655,
    "rms_energy": 0.16447094082832336,
    "zero_crossing_rate": 0.08705439078406421
  },
  "lyrics": {
    "word_count": 97,
    "unique_word_count": 60,
    "sentence_count": 9,
    "avg_words_per_sentence": 10.777777777777779,
    "readability": null,
    "sentiment_analysis": null,