{
  "chroma_mean": [
    0.22191573679447174,
    0.27907323837280273,
    0.7729957699775696,
    0.2649213373661041,
    0.36292368173599243,
    0.25530511140823364,
    0.32821545004844666,
    0.5338231325149536,
    0.2515959143638611,
    0.4480937421321869,
    0.24035046994686127,
    0.2375217080116272
  ],
  "chroma_std": [
    0.1355019360780716,
    0.15930764377117157,
    0.24846549332141876,
    0.16096024215221405,
    0.2589941620826721,
    0.16919724643230438,
    0.19500216841697693,
    0.37583914399147034,
    0.14057430624961853,
    0.2543277144432068,
    0.15052460134029388,
    0.14268112182617188
  ],
  "key_estimation": {
    "key": "C_major",
    "confidence": 0.18132186412816415
  },
  "tonal_complexity": 0.15678511559963226
}