{
  "snr_db": 41.93574272901195,
  "dynamic_range_db": 25.307171342624205,
  "rms_energy": 0.08772207796573639,
  "zero_crossing_rate": 0.19791358845547674
}