{
  "mfcc_mean": [
    -61.398841857910156,
    49.827484130859375,
    -8.435154914855957,
    21.48932647705078,
    4.612286567687988,
    2.8420112133026123,
    11.388455390930176,
    5.300851821899414,
    2.1749277114868164,
    13.650243759155273,
    1.222611665725708,
    8.590408325195312,
    3.931628465652466
  ],
  "mfcc_std": [
    62.44459533691406,
    31.0180721282959,
    25.572961807250977,
    20.167850494384766,
    18.42273712158203,
    15.883790016174316,
    14.028335571289062,
    11.122347831726074,
    11.933788299560547,
    10.332225799560547,
    10.926424026489258,
    9.933464050292969,
    9.020859718322754
  ],
  "spectral_centroid_mean": 3193.0528893813525,
  "spectral_centroid_std": 969.0676127444601,
  "spectral_bandwidth_mean": 2817.2098170687814,
  "spectral_bandwidth_std": 423.4174449434333,
  "spectral_rolloff_mean": 6465.298369723083,
  "spectral_rolloff_std": 1648.0400557175808,
  "spectral_flux_mean": 10055.8642578125,
  "spectral_flux_std": 12669.6357421875,
  "spectral_flatness_mean": 0.05102742835879326,
  "spectral_flatness_std": 0.06596571952104568,
  "spectral_slope_mean": -0.00026691908717171875,
  "spectral_spread_mean": 2817.2098157492696,
  "spectral_skewness_mean": 0.9287797223583688,
  "spectral_kurtosis_mean": 3.2333284841648067
}