{
  "tempo_bpm": 129.19921875,
  "tempo_confidence": 0.9784113103724131,
  "beat_positions": [
    0.5340589569160997,
    0.9984580498866213,
    1.4628571428571429,
    1.9272562358276644,
    2.391655328798186,
    2.8328344671201813,
    3.297233560090703,
    3.7616326530612243,
    4.249251700680272,
    4.73687074829932,
    5.201269841269841,
    5.642448979591837,
    6.106848072562358,
    6.524807256235827,
    6.919546485260771,
    7.360725623582766,
    7.801904761904762,
    8.289523809523809,
    8.70748299319728,
    9.125442176870749,
    9.543401360544218,
    10.00780045351474,
    10.47219954648526,
    10.936598639455783,
    11.400997732426303,
    11.865396825396825,
    12.353015873015874,
    12.817414965986394,
    13.281814058956916,
    13.699773242630386,
    14.117732426303855,
    14.512471655328799,
    14.97687074829932,
    15.464489795918368,
    15.905668934240364,
    16.39328798185941,
    16.857687074829933,
    17.322086167800453,
    17.809705215419502,
    18.250884353741498,
    18.738503401360543,
    19.202902494331067,
    19.667301587301587,
    20.131700680272107,
    20.59609977324263,
    21.060498866213152,
    21.524897959183672,
    21.989297052154196,
    22.453696145124717,
    22.918095238095237,
    23.38249433106576,
    23.870113378684806,
    24.3112925170068,
    24.79891156462585,
    25.26331065759637,
    25.727709750566895,
    26.192108843537415,
    26.656507936507936,
    27.12090702947846,
    27.58530612244898,
    28.0497052154195,
    28.53732426303855,
    29.00172335600907,
    29.466122448979593
  ],
  "onset_times": [
    0.16253968253968254,
    0.2089795918367347,
    0.5108390022675737,
    0.6733786848072563,
    0.8126984126984127,
    1.1377777777777778,
    1.3003174603174603,
    1.4396371882086167,
    1.9272562358276644,
    2.066575963718821,
    2.2291156462585033,
    2.391655328798186,
    2.809614512471655,
    2.995374149659864,
    3.1579138321995464,
    3.274013605442177,
    3.320453514739229,
    3.4597732426303853,
    3.599092970521542,
    3.645532879818594,
    3.7616326530612243,
    3.924172335600907,
    4.1099319727891155,
    4.249251700680272,
    4.4117913832199545,
    4.551111111111111,
    4.713650793650793,
    4.85297052154195,
    5.015510204081632,
    5.178049886621316,
    5.479909297052155,
    5.642448979591837,
    5.7817687074829935,
    5.9675283446712015,
    6.0836281179138325,
    6.292607709750567,
    6.431927437641724,
    6.664126984126984,
    6.896326530612245,
    7.035646258503402,
    7.198185941043084,
    7.337505668934241,
    7.685804988662132,
    7.75546485260771,
    7.825124716553288,
    7.987664399092971,
    8.126984126984127,
    8.289523809523809,
    8.428843537414966,
    8.614603174603175,
    8.916462585034013,
    9.102222222222222,
    9.218321995464853,
    9.380861678004536,
    9.520181405895691,
    9.682721088435374,
    9.868480725623582,
    9.984580498866213,
    10.170340136054422,
    10.309659863945578,
    10.47219954648526,
    10.611519274376418,
    10.7740589569161,
    10.913378684807256,
    11.075918367346938,
    11.284897959183674,
    11.400997732426303,
    11.72607709750567,
    11.865396825396825,
    12.027936507936507,
    12.167256235827665,
    12.353015873015874,
    12.538775510204081,
    12.654875283446712,
    12.794195011337868,
    12.956734693877552,
    13.096054421768708,
    13.25859410430839,
    13.421133786848072,
    13.606893424036281,
    13.699773242630386,
    13.885532879818594,
    14.048072562358277,
    14.164172335600908,
    14.32671201814059,
    14.373151927437641,
    14.512471655328799,
    14.651791383219955,
    14.837551020408164,
    14.97687074829932,
    15.116190476190477,
    15.301950113378684,
    15.441269841269841,
    15.557369614512472,
    15.62702947845805,
    15.766349206349206,
    15.882448979591837,
    16.068208616780044,
    16.207528344671204,
    16.39328798185941,
    16.69514739229025,
    16.857687074829933,
    16.99700680272109,
    17.159546485260773,
    17.29886621315193,
    17.484625850340137,
    17.623945578231293,
    17.786485260770974,
    17.925804988662133,
    18.11156462585034,
    18.250884353741498,
    18.36698412698413,
    18.413424036281178,
    18.552743764172334,
    18.715283446712018,
    18.877823129251702,
    19.17968253968254,
    19.342222222222222,
    19.504761904761907,
    19.551201814058956,
    19.644081632653062,
    19.9459410430839,
    20.108480725623583,
    20.503219954648525,
    20.59609977324263,
    20.735419501133787,
    20.874739229024943,
    21.060498866213152,
    21.31591836734694,
    21.36235827664399,
    21.687437641723356,
    21.849977324263037,
    21.989297052154196,
    22.151836734693877,
    22.291156462585032,
    22.453696145124717,
    22.77877551020408,
    22.918095238095237,
    23.034195011337868,
    23.219954648526077,
    23.38249433106576,
    23.54503401360544,
    23.661133786848072,
    23.84689342403628,
    24.03265306122449,
    24.14875283446712,
    24.3112925170068,
    24.473832199546486,
    24.636371882086166,
    24.775691609977326,
    24.938231292517006,
    25.10077097505669,
    25.240090702947846,
    25.402630385487527,
    25.56517006802721,
    25.704489795918366,
    25.86702947845805,
    26.02956916099773,
    26.33142857142857,
    26.493968253968255,
    26.656507936507936,
    26.81904761904762,
    26.958367346938775,
    27.09768707482993,
    27.260226757369615,
    27.422766439909296,
    27.58530612244898,
    27.74784580498866,
    27.88716553287982,
    28.0497052154195,
    28.189024943310656,
    28.35156462585034,
    28.53732426303855,
    28.676643990929705,
    28.792743764172336,
    28.83918367346939,
    28.955283446712016,
    29.141043083900225,
    29.280362811791385,
    29.442902494331065,
    29.60544217687075,
    29.76798185941043,
    29.930521541950114
  ],
  "rhythm_regularity": 0.9519530351618115,
  "syncopation_index": 0.6284153005464481,
  "beat_count": 64,
  "onset_count": 183
}