{
  "chroma_mean": [
    0.5277758836746216,
    0.47393736243247986,
    0.5562455058097839,
    0.5767121911048889,
    0.43056851625442505,
    0.6161917448043823,
    0.43814370036125183,
    0.6050723791122437,
    0.5612081289291382,
    0.5190495252609253,
    0.6126364469528198,
    0.3614157736301422
  ],
  "chroma_std": [
    0.24804848432540894,
    0.2380809336900711,
    0.2556329667568207,
    0.2568660080432892,
    0.16232122480869293,
    0.2528776526451111,
    0.17921042442321777,
    0.2576083838939667,
    0.228525772690773,
    0.2114691287279129,
    0.2556900680065155,
    0.17075487971305847
  ],
  "key_estimation": {
    "key": "C_minor",
    "confidence": 0.44834644610853924
  },
  "tonal_complexity": 0.07810455560684204
}