{
  "mfcc_mean": [
    -270.1253662109375,
    15.992036819458008,
    -13.109997749328613,
    12.44168472290039,
    -15.778044700622559,
    -15.172572135925293,
    2.0875580310821533,
    -4.85615873336792,
    -9.248180389404297,
    1.9626243114471436,
    -18.515989303588867,
    -6.314576148986816,
    -15.42455768585205
  ],
  "mfcc_std": [
    108.1248779296875,
    38.29212188720703,
    31.192232131958008,
    28.885650634765625,
    17.02693748474121,
    20.28117561340332,
    14.117650032043457,
    16.27340316772461,
    15.914813041687012,
    10.161016464233398,
    14.10387134552002,
    9.530376434326172,
    12.639095306396484
  ],
  "spectral_centroid_mean": 3181.1970825653198,
  "spectral_centroid_std": 1202.3431269299365,
  "spectral_bandwidth_mean": 2611.224919180423,
  "spectral_bandwidth_std": 428.4165165220891,
  "spectral_rolloff_mean": 6100.11881627049,
  "spectral_rolloff_std": 1768.4416016985313,
  "spectral_flux_mean": 1967.4395751953125,
  "spectral_flux_std": 3583.86181640625,
  "spectral_flatness_mean": 0.05434507131576538,
  "spectral_flatness_std": 0.08933907002210617,
  "spectral_slope_mean": -0.00020142954770268506,
  "spectral_spread_mean": 2611.224919580487,
  "spectral_skewness_mean": 1.058212503859738,
  "spectral_kurtosis_mean": 3.9384712002197344
}