{
  "meta": {
    "path": "../../data/raw/MIREX-like_mood/dataset/Audio/768.mp3",
    "file_hash": "262434d041949923f1ac20ab6f22aa48f9f80851",
    "duration_sec": 29.95374149659864,
    "sample_rate": 22050,
    "analysis_timestamp": "2025-10-24T20:18:26.841526",
    "config": {
      "sr": 22050,
      "n_fft": 2048,
      "hop_length": 512,
      "n_mels": 128,
      "n_mfcc": 13,
      "n_chroma": 12,
      "frame_length": 2048,
      "workers": 4,
      "use_crepe": false,
      "save_matrices": false,
      "save_plots": true,
      "force": true,
      "quick": false,
      "verbose": false
    },
    "processing_time_sec": 3.2505786418914795
  },
  "acoustic": {
    "mfcc_mean": [
      -85.58406066894531,
      61.21042251586914,
      7.194488048553467,
      22.23113441467285,
      17.198827743530273,
      7.58579683303833,
      -0.006209417246282101,
      -2.5832464694976807,
      5.15727424621582,
      3.8650190830230713,
      -2.065112829208374,
      -0.512604832649231,
      -0.58851158618927
    ],
    "mfcc_std": [
      67.22036743164062,
      20.42228126525879,
      19.734033584594727,
      7.524118900299072,
      12.376490592956543,
      6.050630569458008,
      6.656821250915527,
      5.891785144805908,
      6.882739543914795,
      7.211928844451904,
      6.199820518493652,
      5.975281238555908,
      6.220065116882324
    ],
    "spectral_centroid_mean": 3127.0355607564106,
    "spectral_centroid_std": 610.3591680529465,
    "spectral_bandwidth_mean": 3025.751009449573,
    "spectral_bandwidth_std": 436.8699082986174,
    "spectral_rolloff_mean": 7059.896659112364,
    "spectral_rolloff_std": 1521.6403503321706,
    "spectral_flux_mean": 3491.486083984375,
    "spectral_flux_std": 3375.032958984375,
    "spectral_flatness_mean": 0.03678413853049278,
    "spectral_flatness_std": 0.04073232039809227,
    "spectral_slope_mean": -0.0002683067290441272,
    "spectral_spread_mean": 3025.7510128627423,
    "spectral_skewness_mean": 0.9656277517305647,
    "spectral_kurtosis_mean": 2.956037527120298
  },
  "rhythm": {
    "tempo_bpm": 92.28515625,
    "tempo_confidence": 0.9761087797740743,
    "beat_positions": [
      0.25541950113378686,
      0.905578231292517,
      1.555736961451247,
      2.182675736961451,
      2.8560544217687074,
      3.5062131519274375,
      4.156371882086168,
      4.85297052154195,
      5.479909297052155,
      6.106848072562358,
      6.757006802721088,
      7.383945578231293,
      8.034104308390022,
      8.684263038548753,
      9.357641723356009,
      10.00780045351474,
      10.681179138321996,
      11.3081179138322,
      11.935056689342403,
      12.561995464852608,
      13.212154195011339,
      13.862312925170068,
      14.489251700680272,
      15.139410430839002,
      15.789569160997733,
      16.439727891156462,
      17.066666666666666,
      17.716825396825396,
      18.36698412698413,
      19.017142857142858,
      19.667301587301587,
      20.317460317460316,
      20.94439909297052,
      21.571337868480725,
      22.19827664399093,
      22.825215419501134,
      23.475374149659864,
      24.079092970521543,
      24.636371882086166,
      25.2865306122449,
      25.93668934240363,
      26.540408163265305,
      27.16734693877551,
      27.794285714285714,
      28.444444444444443,
      29.164263038548754
    ],
    "onset_times": [
      0.25541950113378686,
      0.4876190476190476,
      0.603718820861678,
      0.8359183673469388,
      1.0913378684807256,
      1.3467573696145125,
      1.5325170068027212,
      2.182675736961451,
      2.391655328798186,
      2.7631746031746034,
      2.8560544217687074,
      3.0882539682539685,
      3.7151927437641725,
      3.924172335600907,
      4.156371882086168,
      4.388571428571429,
      4.6439909297052155,
      4.85297052154195,
      5.015510204081632,
      5.2477097505668935,
      5.456689342403628,
      5.688888888888889,
      5.828208616780046,
      6.222947845804988,
      6.362267573696145,
      6.524807256235827,
      6.733786848072563,
      6.826666666666667,
      6.942766439909297,
      7.592925170068027,
      7.825124716553288,
      8.034104308390022,
      8.266303854875284,
      8.684263038548753,
      8.823582766439909,
      8.916462585034013,
      9.148662131519274,
      9.357641723356009,
      9.566621315192744,
      9.775600907029478,
      9.984580498866213,
      10.24,
      10.565079365079365,
      10.65795918367347,
      11.3081179138322,
      11.42421768707483,
      11.517097505668934,
      11.935056689342403,
      12.770975056689343,
      13.212154195011339,
      13.444353741496599,
      13.769433106575963,
      14.466031746031746,
      15.348390022675737,
      15.580589569160997,
      15.789569160997733,
      15.998548752834466,
      16.69514739229025,
      16.834467120181404,
      17.066666666666666,
      17.29886621315193,
      17.925804988662133,
      18.36698412698413,
      18.575963718820862,
      18.99392290249433,
      19.22612244897959,
      19.458321995464853,
      19.667301587301587,
      20.29424036281179,
      20.503219954648525,
      20.94439909297052,
      21.153378684807254,
      21.757097505668934,
      22.0821768707483,
      22.175056689342405,
      22.523356009070294,
      22.801995464852606,
      23.034195011337868,
      23.173514739229024,
      23.475374149659864,
      23.800453514739228,
      23.870113378684806,
      23.962993197278912,
      24.055873015873015,
      24.264852607709752,
      24.636371882086166,
      24.98467120181406,
      25.10077097505669,
      25.2865306122449,
      25.495510204081633,
      25.727709750566895,
      25.913469387755104,
      26.145668934240362,
      26.23854875283447,
      26.354648526077096,
      26.540408163265305,
      26.772607709750567,
      26.865487528344673,
      26.958367346938775,
      27.144126984126984,
      27.190566893424037,
      27.353106575963718,
      27.58530612244898,
      27.794285714285714,
      28.003265306122447,
      28.212244897959184,
      28.421224489795918,
      28.65342403628118,
      28.955283446712016,
      29.024943310657598,
      29.141043083900225,
      29.23392290249433,
      29.326802721088434,
      29.442902494331065,
      29.698321995464852,
      29.860861678004536
    ],
    "rhythm_regularity": 0.9619002691545974,
    "syncopation_index": 0.6379310344827587,
    "beat_count": 46,
    "onset_count": 116
  },
  "harmony": {
    "chroma_mean": [
      0.4686763286590576,
      0.644230306148529,
      0.6079404354095459,
      0.5093889832496643,
      0.43720677495002747,
      0.5488803386688232,
      0.5225102305412292,
      0.6212422847747803,
      0.5505681037902832,
      0.549115777015686,
      0.4752892851829529,
      0.3690289855003357
    ],
    "chroma_std": [
      0.22306957840919495,
      0.23290559649467468,
      0.2519632875919342,
      0.20864449441432953,
      0.21853908896446228,
      0.2872006595134735,
      0.23877327144145966,
      0.25772005319595337,
      0.21142232418060303,
      0.2258870005607605,
      0.22596044838428497,
      0.1872333139181137
    ],
    "key_estimation": {
      "key": "C_minor",
      "confidence": -0.029381501563980717
    },
    "tonal_complexity": 0.0764252170920372
  },
  "quality": {
    "snr_db": 37.045943405455866,
    "dynamic_range_db": 20.27173935864228,
    "rms_energy": 0.1348903626203537,
    "zero_crossing_rate": 0.15013835265782338
  },
  "lyrics": {}
}