{
  "chroma_mean": [
    0.31187930703163147,
    0.4988718330860138,
    0.5137349367141724,
    0.4502524733543396,
    0.7205101251602173,
    0.28955376148223877,
    0.2792021334171295,
    0.2580837607383728,
    0.348468542098999,
    0.5129707455635071,
    0.29124489426612854,
    0.42423996329307556
  ],
  "chroma_std": [
    0.1651860475540161,
    0.21891061961650848,
    0.28852078318595886,
    0.18247760832309723,
    0.28459328413009644,
    0.1507733166217804,
    0.18315458297729492,
    0.15187837183475494,
    0.18848177790641785,
    0.33441928029060364,
    0.17017462849617004,
    0.2359585464000702
  ],
  "key_estimation": {
    "key": "C_major",
    "confidence": -0.0742552642198462
  },
  "tonal_complexity": 0.13218531012535095
}