{
  "mfcc_mean": [
    -55.3801383972168,
    92.9542007446289,
    -6.302748680114746,
    19.496103286743164,
    3.48195481300354,
    5.416787147521973,
    0.7173412442207336,
    9.802143096923828,
    1.2369093894958496,
    3.3730199337005615,
    -0.09430930018424988,
    1.2733590602874756,
    -3.0722076892852783
  ],
  "mfcc_std": [
    56.10052490234375,
    18.93739128112793,
    15.055737495422363,
    8.786088943481445,
    8.205726623535156,
    7.9856133460998535,
    8.021614074707031,
    8.929313659667969,
    8.369677543640137,
    7.5003557205200195,
    6.956348896026611,
    6.910729885101318,
    7.321617603302002
  ],
  "spectral_centroid_mean": 2331.2108987625506,
  "spectral_centroid_std": 510.6192665768591,
  "spectral_bandwidth_mean": 2518.020926856869,
  "spectral_bandwidth_std": 359.50013783970667,
  "spectral_rolloff_mean": 5068.033671360622,
  "spectral_rolloff_std": 1267.6495339454855,
  "spectral_flux_mean": 4864.65673828125,
  "spectral_flux_std": 4136.26953125,
  "spectral_flatness_mean": 0.02130310982465744,
  "spectral_flatness_std": 0.04985249787569046,
  "spectral_slope_mean": -0.00039118787643808604,
  "spectral_spread_mean": 2518.0209269500997,
  "spectral_skewness_mean": 1.45713263770211,
  "spectral_kurtosis_mean": 4.546262591408221
}