{
  "meta": {
    "path": "../../data/raw/MIREX-like_mood/dataset/Audio/373.mp3",
    "file_hash": "a9dc155c81bfb36a751bfea9834961c78a7b819b",
    "duration_sec": 29.95374149659864,
    "sample_rate": 22050,
    "analysis_timestamp": "2025-10-24T20:12:21.783781",
    "config": {
      "sr": 22050,
      "n_fft": 2048,
      "hop_length": 512,
      "n_mels": 128,
      "n_mfcc": 13,
      "n_chroma": 12,
      "frame_length": 2048,
      "workers": 4,
      "use_crepe": false,
      "save_matrices": false,
      "save_plots": true,
      "force": true,
      "quick": false,
      "verbose": false
    },
    "processing_time_sec": 2.951807975769043
  },
  "acoustic": {
    "mfcc_mean": [
      -55.3801383972168,
      92.9542007446289,
      -6.302748680114746,
      19.496103286743164,
      3.48195481300354,
      5.416787147521973,
      0.7173412442207336,
      9.802143096923828,
      1.2369093894958496,
      3.3730199337005615,
      -0.09430930018424988,
      1.2733590602874756,
      -3.0722076892852783
    ],
    "mfcc_std": [
      56.10052490234375,
      18.93739128112793,
      15.055737495422363,
      8.786088943481445,
      8.205726623535156,
      7.9856133460998535,
      8.021614074707031,
      8.929313659667969,
      8.369677543640137,
      7.5003557205200195,
      6.956348896026611,
      6.910729885101318,
      7.321617603302002
    ],
    "spectral_centroid_mean": 2331.2108987625506,
    "spectral_centroid_std": 510.6192665768591,
    "spectral_bandwidth_mean": 2518.020926856869,
    "spectral_bandwidth_std": 359.50013783970667,
    "spectral_rolloff_mean": 5068.033671360622,
    "spectral_rolloff_std": 1267.6495339454855,
    "spectral_flux_mean": 4864.65673828125,
    "spectral_flux_std": 4136.26953125,
    "spectral_flatness_mean": 0.02130310982465744,
    "spectral_flatness_std": 0.04985249787569046,
    "spectral_slope_mean": -0.00039118787643808604,
    "spectral_spread_mean": 2518.0209269500997,
    "spectral_skewness_mean": 1.45713263770211,
    "spectral_kurtosis_mean": 4.546262591408221
  },
  "rhythm": {
    "tempo_bpm": 123.046875,
    "tempo_confidence": 0.9912940487647844,
    "beat_positions": [
      0.46439909297052157,
      0.9520181405895691,
      1.4396371882086167,
      1.9272562358276644,
      2.414875283446712,
      2.9024943310657596,
      3.3901133786848074,
      3.877732426303855,
      4.365351473922902,
      4.876190476190477,
      5.363809523809524,
      5.851428571428571,
      6.339047619047619,
      6.826666666666667,
      7.314285714285714,
      7.801904761904762,
      8.289523809523809,
      8.777142857142858,
      9.264761904761905,
      9.752380952380953,
      10.24,
      10.727619047619047,
      11.215238095238096,
      11.72607709750567,
      12.213696145124716,
      12.701315192743763,
      13.188934240362812,
      13.676553287981859,
      14.164172335600908,
      14.651791383219955,
      15.139410430839002,
      15.62702947845805,
      16.114648526077097,
      16.602267573696146,
      17.08988662131519,
      17.57750566893424,
      18.06512471655329,
      18.575963718820862,
      19.06358276643991,
      19.551201814058956,
      20.038820861678005,
      20.526439909297054,
      21.0140589569161,
      21.501678004535147,
      21.989297052154196,
      22.47691609977324,
      22.96453514739229,
      23.45215419501134,
      23.962993197278912,
      24.450612244897957,
      24.91501133786848,
      25.425850340136055,
      25.913469387755104,
      26.40108843537415,
      26.888707482993198,
      27.376326530612246,
      27.86394557823129,
      28.374784580498865,
      28.83918367346939,
      29.326802721088434,
      29.837641723356008
    ],
    "onset_times": [
      0.13931972789115646,
      0.44117913832199546,
      0.6965986394557823,
      0.9287981859410431,
      1.18421768707483,
      1.4396371882086167,
      1.6718367346938776,
      1.9272562358276644,
      2.414875283446712,
      2.670294784580499,
      2.9024943310657596,
      3.1579138321995464,
      3.3901133786848074,
      3.645532879818594,
      3.877732426303855,
      4.133151927437642,
      4.365351473922902,
      4.597551020408163,
      4.85297052154195,
      5.108390022675737,
      5.340589569160998,
      5.596009070294785,
      5.828208616780046,
      6.315827664399093,
      6.5712471655328795,
      6.8034467120181406,
      7.058866213151927,
      7.291065759637188,
      7.546485260770975,
      7.778684807256236,
      8.034104308390022,
      8.289523809523809,
      8.52172335600907,
      8.777142857142858,
      9.009342403628118,
      9.241541950113378,
      9.47374149659864,
      9.752380952380953,
      10.24,
      10.47219954648526,
      10.727619047619047,
      10.983038548752834,
      11.215238095238096,
      11.470657596371883,
      11.702857142857143,
      11.95827664399093,
      12.19047619047619,
      12.445895691609977,
      12.678095238095239,
      12.933514739229025,
      13.165714285714285,
      13.421133786848072,
      13.676553287981859,
      13.908752834467121,
      14.048072562358277,
      14.140952380952381,
      14.396371882086168,
      14.651791383219955,
      14.907210884353741,
      15.139410430839002,
      15.394829931972788,
      15.62702947845805,
      15.85922902494331,
      16.091428571428573,
      16.34684807256236,
      16.602267573696146,
      16.741587301587302,
      16.834467120181404,
      17.08988662131519,
      17.322086167800453,
      17.57750566893424,
      18.06512471655329,
      18.320544217687075,
      18.552743764172334,
      18.808163265306124,
      19.040362811791383,
      19.29578231292517,
      19.52798185941043,
      19.71374149659864,
      19.922721088435374,
      20.038820861678005,
      20.271020408163267,
      20.503219954648525,
      20.758639455782312,
      21.0140589569161,
      21.199818594104308,
      21.24625850340136,
      21.501678004535147,
      21.873197278911565,
      21.989297052154196,
      22.221496598639455,
      22.47691609977324,
      22.732335600907028,
      22.96453514739229,
      23.219954648526077,
      23.45215419501134,
      23.707573696145126,
      23.939773242630384,
      24.171972789115646,
      24.450612244897957,
      24.68281179138322,
      24.91501133786848,
      25.193650793650793,
      25.402630385487527,
      25.774149659863944,
      25.890249433106575,
      26.145668934240362,
      26.40108843537415,
      26.656507936507936,
      26.865487528344673,
      27.12090702947846,
      27.376326530612246,
      27.654965986394558,
      27.86394557823129,
      28.11936507936508,
      28.35156462585034,
      28.606984126984127,
      28.83918367346939,
      29.094603174603176,
      29.326802721088434,
      29.698321995464852,
      29.814421768707483
    ],
    "rhythm_regularity": 0.9820603862167432,
    "syncopation_index": 0.5,
    "beat_count": 61,
    "onset_count": 122
  },
  "harmony": {
    "chroma_mean": [
      0.5089939832687378,
      0.5710238814353943,
      0.4965282380580902,
      0.3854278028011322,
      0.6187732219696045,
      0.43420782685279846,
      0.5632985830307007,
      0.5977409482002258,
      0.6222938895225525,
      0.6479701399803162,
      0.4053165018558502,
      0.5640738606452942
    ],
    "chroma_std": [
      0.19067350029945374,
      0.2421041578054428,
      0.21119511127471924,
      0.14188875257968903,
      0.28396308422088623,
      0.16190087795257568,
      0.20359110832214355,
      0.23070630431175232,
      0.22519873082637787,
      0.25377798080444336,
      0.18095003068447113,
      0.23681285977363586
    ],
    "key_estimation": {
      "key": "C_major",
      "confidence": 0.1626495479640319
    },
    "tonal_complexity": 0.08454988896846771
  },
  "quality": {
    "snr_db": 33.20411447090887,
    "dynamic_range_db": 17.698010068013957,
    "rms_energy": 0.16904671490192413,