{
  "snr_db": 37.00324391925931,
  "dynamic_range_db": 21.112582488310018,
  "rms_energy": 0.12598919868469238,
  "zero_crossing_rate": 0.09826000575078309
}