{
  "chroma_mean": [
    0.4309861660003662,
    0.4683910310268402,
    0.5356788039207458,
    0.5054718852043152,
    0.4271635413169861,
    0.5536317229270935,
    0.5652927160263062,
    0.6703270673751831,
    0.6992801427841187,
    0.8533672094345093,
    0.7215489149093628,
    0.5264250636100769
  ],
  "chroma_std": [
    0.1775771975517273,
    0.13521623611450195,
    0.1950312852859497,
    0.28349044919013977,
    0.2084248960018158,
    0.1606312096118927,
    0.1674729883670807,
    0.1702347993850708,
    0.17456510663032532,
    0.21407322585582733,
    0.2213851809501648,
    0.1763133853673935
  ],
  "key_estimation": {
    "key": "C_major",
    "confidence": -0.2141354593076735
  },
  "tonal_complexity": 0.1246572956442833
}