{
  "tempo_bpm": 107.666015625,
  "tempo_confidence": 0.9611084812086584,
  "beat_positions": [
    0.25541950113378686,
    0.8359183673469388,
    1.5789569160997732,
    2.159455782312925,
    2.716734693877551,
    3.297233560090703,
    3.8545124716553287,
    4.435011337868481,
    4.992290249433107,
    5.5495691609977325,
    6.130068027210885,
    6.664126984126984,
    7.151746031746032,
    7.63936507936508,
    8.196643990929704,
    8.777142857142858,
    9.357641723356009,
    9.891700680272109,
    10.518639455782314,
    11.075918367346938,
    11.633197278911565,
    12.19047619047619,
    12.770975056689343,
    13.351473922902494,
    13.931972789115646,
    14.466031746031746,
    15.023310657596372,
    15.62702947845805,
    16.184308390022675,
    16.764807256235827,
    17.322086167800453,
    17.87936507936508,
    18.413424036281178,
    18.901043083900227,
    19.388662131519276,
    19.9459410430839,
    20.503219954648525,
    21.037278911564627,
    21.59455782312925,
    22.0821768707483,
    22.593015873015872,
    23.127074829931974,
    23.684353741496597,
    24.241632653061224,
    24.822131519274375,
    25.402630385487527,
    25.959909297052153,
    26.540408163265305,
    27.09768707482993,
    27.654965986394558,
    28.16580498866213,
    28.676643990929705,
    29.18748299319728
  ],
  "onset_times": [
    0.23219954648526078,
    0.46439909297052157,
    0.6501587301587302,
    0.8126984126984127,
    1.0216780045351475,
    1.230657596371882,
    1.5789569160997732,
    1.787936507936508,
    1.9736961451247166,
    2.159455782312925,
    2.391655328798186,
    2.5541950113378684,
    2.693514739229025,
    3.111473922902494,
    3.274013605442177,
    3.4829931972789114,
    3.6687528344671203,
    3.8545124716553287,
    4.063492063492063,
    4.249251700680272,
    4.4117913832199545,
    4.620770975056689,
    4.829750566893424,
    4.96907029478458,
    5.526349206349207,
    5.735328798185941,
    5.944308390022676,
    6.130068027210885,
    6.292607709750567,
    6.501587301587302,
    6.664126984126984,
    6.849886621315193,
    7.035646258503402,
    7.616145124716553,
    7.801904761904762,
    7.987664399092971,
    8.17342403628118,
    8.359183673469389,
    8.568163265306122,
    8.777142857142858,
    9.334421768707482,
    9.543401360544218,
    9.891700680272109,
    10.332879818594105,
    10.518639455782314,
    10.89015873015873,
    11.052698412698414,
    11.261678004535147,
    11.609977324263038,
    11.818956916099774,
    12.19047619047619,
    12.399455782312925,
    12.515555555555556,
    12.60843537414966,
    12.770975056689343,
    12.979954648526077,
    13.165714285714285,
    13.328253968253968,
    13.722993197278912,
    13.908752834467121,
    14.094512471655328,
    14.303492063492063,
    14.44281179138322,
    14.651791383219955,
    14.86077097505669,
    15.023310657596372,
    15.232290249433106,
    15.418049886621315,
    15.603809523809524,
    15.975328798185942,
    16.16108843537415,
    16.370068027210884,
    16.50938775510204,
    16.741587301587302,
    16.950566893424035,
    17.136326530612244,
    17.322086167800453,
    17.531065759637187,
    17.69360544217687,
    17.856145124716555,
    18.204444444444444,
    18.413424036281178,
    18.64562358276644,
    18.854603174603174,
    18.99392290249433,
    19.17968253968254,
    19.388662131519276,
    19.760181405895693,
    19.922721088435374,
    20.108480725623583,
    20.317460317460316,
    20.48,
    20.66575963718821,
    20.851519274376418,
    21.037278911564627,
    21.223038548752836,
    21.43201814058957,
    21.59455782312925,
    21.942857142857143,
    22.0821768707483,
    22.19827664399093,
    22.54657596371882,
    22.593015873015872,
    22.77877551020408,
    22.96453514739229,
    23.103854875283446,
    23.336054421768708,
    23.661133786848072,
    23.893333333333334,
    24.2184126984127,
    24.450612244897957,
    24.589931972789117,
    25.402630385487527,
    25.797369614512473,
    25.93668934240363,
    26.16888888888889,
    26.354648526077096,
    26.51718820861678,
    26.726167800453513,
    26.911927437641722,
    27.28344671201814,
    27.631746031746033,
    27.86394557823129,
    28.026485260770976,
    28.398004535147393,
    28.583764172335602,
    28.792743764172336,
    28.978503401360545,
    29.18748299319728,
    29.350022675736962,
    29.53578231292517
  ],
  "rhythm_regularity": 0.9272711989777903,
  "syncopation_index": 0.6106870229007634,
  "beat_count": 53,
  "onset_count": 131
}