{
  "snr_db": 37.605262366361174,
  "dynamic_range_db": 18.80628014903341,
  "rms_energy": 0.1617315411567688,
  "zero_crossing_rate": 0.11274402591523101
}