{
  "chroma_mean": [
    0.2887759506702423,
    0.14683999121189117,
    0.14378157258033752,
    0.1293029636144638,
    0.16334612667560577,
    0.22320616245269775,
    0.17969970405101776,
    0.3289260268211365,
    0.24231749773025513,
    0.40733668208122253,
    0.28834229707717896,
    0.18445506691932678
  ],
  "chroma_std": [
    0.3794517517089844,
    0.2452242076396942,
    0.24390757083892822,
    0.23444756865501404,
    0.23931138217449188,
    0.33654212951660156,
    0.26301372051239014,
    0.37805691361427307,
    0.3096370995044708,
    0.41804373264312744,
    0.37154099345207214,
    0.27280193567276
  ],
  "key_estimation": {
    "key": "C_major",
    "confidence": 0.41427411943770553
  },
  "tonal_complexity": 0.08252918720245361
}