{
  "meta": {
    "path": "../../data/raw/MIREX-like_mood/dataset/Audio/886.mp3",
    "file_hash": "04f6a15e78b96eadcd6d698172b87346cb92bce0",
    "duration_sec": 29.95374149659864,
    "sample_rate": 22050,
    "analysis_timestamp": "2025-10-24T20:18:01.759586",
    "config": {
      "sr": 22050,
      "n_fft": 2048,
      "hop_length": 512,
      "n_mels": 128,
      "n_mfcc": 13,
      "n_chroma": 12,
      "frame_length": 2048,
      "workers": 4,
      "use_crepe": false,
      "save_matrices": false,
      "save_plots": true,
      "force": true,
      "quick": false,
      "verbose": false
    },
    "processing_time_sec": 3.2572474479675293
  },
  "acoustic": {
    "mfcc_mean": [
      -30.7293643951416,
      57.6890983581543,
      -9.890573501586914,
      34.124229431152344,
      -1.994781732559204,
      4.370860576629639,
      -0.8380386829376221,
      0.8971174359321594,
      0.006170365959405899,
      1.8698718547821045,
      -2.08453369140625,
      2.9221067428588867,
      -6.029393672943115
    ],
    "mfcc_std": [
      66.54302978515625,
      19.114757537841797,
      15.11791706085205,
      13.413434982299805,
      9.377755165100098,
      9.789985656738281,
      9.121904373168945,
      7.718609809875488,
      7.9748382568359375,
      7.690866947174072,
      7.119124889373779,
      6.620364189147949,
      6.0237507820129395
    ],
    "spectral_centroid_mean": 3185.921097227798,
    "spectral_centroid_std": 588.5659753312966,
    "spectral_bandwidth_mean": 2687.080409057003,
    "spectral_bandwidth_std": 313.54610600748526,
    "spectral_rolloff_mean": 6260.174177599729,
    "spectral_rolloff_std": 1182.33815512504,
    "spectral_flux_mean": 4217.25927734375,
    "spectral_flux_std": 2662.0458984375,
    "spectral_flatness_mean": 0.06498159468173981,
    "spectral_flatness_std": 0.05422896519303322,
    "spectral_slope_mean": -0.0003505665359757381,
    "spectral_spread_mean": 2687.0804058717235,
    "spectral_skewness_mean": 0.8290827021732347,
    "spectral_kurtosis_mean": 2.95825045031106
  },
  "rhythm": {
    "tempo_bpm": 86.1328125,
    "tempo_confidence": 0.959971997082763,
    "beat_positions": [
      0.16253968253968254,
      0.7662585034013606,
      1.3699773242630386,
      2.043356009070295,
      2.7399546485260773,
      3.4133333333333336,
      4.1099319727891155,
      4.806530612244898,
      5.50312925170068,
      6.176507936507937,
      6.896326530612245,
      7.569705215419501,
      8.266303854875284,
      8.962902494331066,
      9.659501133786849,
      10.332879818594105,
      11.029478458049887,
      11.702857142857143,
      12.422675736961452,
      13.119274376417234,
      13.79265306122449,
      14.466031746031746,
      15.139410430839002,
      15.85922902494331,
      16.532607709750568,
      17.22920634920635,
      17.925804988662133,
      18.622403628117915,
      19.29578231292517,
      19.969160997732427,
      20.66575963718821,
      21.339138321995463,
      22.035736961451246,
      22.709115646258503,
      23.42893424036281,
      24.102312925170068,
      24.79891156462585,
      25.472290249433108,
      26.145668934240362,
      26.865487528344673,
      27.538866213151927,
      28.23546485260771,
      28.908843537414967,
      29.396462585034012,
      29.95374149659864
    ],
    "onset_times": [
      0.13931972789115646,
      0.34829931972789113,
      0.6733786848072563,
      0.8591383219954648,
      0.9984580498866213,
      1.207437641723356,
      1.3467573696145125,
      1.8808163265306121,
      2.020136054421769,
      2.2058956916099772,
      2.36843537414966,
      2.5774149659863945,
      2.693514739229025,
      2.7631746031746034,
      3.0650340136054424,
      3.1811337868480725,
      3.3901133786848074,
      3.622312925170068,
      3.7616326530612243,
      4.1099319727891155,
      4.435011337868481,
      4.667210884353741,
      4.783310657596372,
      4.992290249433107,
      5.131609977324263,
      5.456689342403628,
      5.50312925170068,
      5.828208616780046,
      6.013968253968254,
      6.873106575963718,
      7.383945578231293,
      7.918004535147392,
      8.243083900226758,
      8.962902494331066,
      9.636281179138322,
      9.914920634920636,
      10.634739229024943,
      10.797278911564625,
      11.029478458049887,
      11.23845804988662,
      11.354557823129252,
      12.422675736961452,
      13.02639455782313,
      13.79265306122449,
      14.117732426303855,
      14.280272108843537,
      14.466031746031746,
      14.79111111111111,
      14.953650793650795,
      15.139410430839002,
      15.487709750566893,
      15.673469387755102,
      15.836009070294784,
      16.184308390022675,
      16.370068027210884,
      16.50938775510204,
      16.880907029478458,
      17.04344671201814,
      17.902585034013605,
      18.134784580498867,
      18.622403628117915,
      18.94748299319728,
      19.29578231292517,
      19.969160997732427,
      20.64253968253968,
      20.921179138321996,
      21.13015873015873,
      21.339138321995463,
      21.61777777777778,
      22.035736961451246,
      22.337596371882086,
      22.523356009070294,
      22.68589569160998,
      23.42893424036281,
      24.427392290249433,
      24.775691609977326,
      25.10077097505669,
      25.2865306122449,
      25.44907029478458,
      25.658049886621317,
      25.797369614512473,
      25.959909297052153,
      26.122448979591837,
      26.493968253968255,
      26.679727891156464,
      26.842267573696144,
      27.213786848072562,
      27.376326530612246,
      27.538866213151927,
      27.74784580498866,
      27.88716553287982,
      28.583764172335602,
      28.746303854875283,
      28.908843537414967,
      29.280362811791385,
      29.396462585034012,
      29.559002267573696,
      29.814421768707483,
      29.930521541950114
    ],
    "rhythm_regularity": 0.9384156997553449,
    "syncopation_index": 0.5858585858585859,
    "beat_count": 45,
    "onset_count": 99
  },
  "harmony": {
    "chroma_mean": [
      0.5999582409858704,
      0.5050819516181946,
      0.5284038782119751,
      0.5388786196708679,
      0.7707424759864807,
      0.6197746396064758,
      0.65159010887146,
      0.6586931347846985,
      0.6574557423591614,
      0.5678901672363281,
      0.5178468823432922,
      0.8023176789283752
    ],
    "chroma_std": [
      0.16106078028678894,
      0.17093607783317566,
      0.17380686104297638,
      0.1594167798757553,
      0.2202278971672058,
      0.16855552792549133,
      0.18094690144062042,
      0.21039487421512604,
      0.19784456491470337,
      0.1873476803302765,
      0.1663765013217926,
      0.19459590315818787
    ],
    "key_estimation": {
      "key": "C_major",
      "confidence": 0.22433035419167058
    },
    "tonal_complexity": 0.0919928029179573
  },
  "quality": {
    "snr_db": 34.11198457597582,
    "dynamic_range_db": 18.839599863182826,
    "rms_energy": 0.14883913099765778,
    "zero_crossing_rate": 0.18954011546281951
  },
  "lyrics": {
    "word_count": 195,
    "unique_word_count": 98,
    "sentence_count": 1,
    "avg_words_per_sentence": 195.0,
    "readability": null,
    "sentiment_analysis": null,
    "topic_keywords": [
      "you",
      "it's",
      "It's",
      "it,",
      "You",
      "but",
      "can't",
      "your",
      "want",
      "all"
    ],
    "repetition_analysis": {
      "repetition_ratio": 0.49743589743589745,
      "most_common_words": [
        [
          "you",
          13
        ],
        [
          "it's",
          10
        ],
        [
          "It's",
          10
        ],
        [
          "it,",
          5
        ],
        [
          "You",
          5
        ]
      ]
    }
  }
}