{
  "mfcc_mean": [
    -74.79207611083984,
    92.1188735961914,
    -23.886672973632812,
    13.79220962524414,
    10.52214241027832,
    11.291086196899414,
    -5.3070454597473145,
    6.696427822113037,
    2.4326040744781494,
    5.480933666229248,
    -2.8786933422088623,
    -2.425462007522583,
    -6.678272724151611
  ],
  "mfcc_std": [
    65.58562469482422,
    21.71798324584961,
    18.341140747070312,
    13.079815864562988,
    10.210164070129395,
    7.740175247192383,
    9.265202522277832,
    6.994009494781494,
    7.263827800750732,
    7.453958511352539,
    6.638951778411865,
    6.900949478149414,
    6.080095291137695
  ],
  "spectral_centroid_mean": 2340.7680328563506,
  "spectral_centroid_std": 543.8785398119536,
  "spectral_bandwidth_mean": 2339.641297409644,
  "spectral_bandwidth_std": 337.329572648447,
  "spectral_rolloff_mean": 4709.491668295544,
  "spectral_rolloff_std": 1238.7972405489418,
  "spectral_flux_mean": 3366.0830078125,
  "spectral_flux_std": 2899.091796875,
  "spectral_flatness_mean": 0.022433796897530556,
  "spectral_flatness_std": 0.037431616336107254,
  "spectral_slope_mean": -0.00042698475261883595,
  "spectral_spread_mean": 2339.6412985537845,
  "spectral_skewness_mean": 1.548457917345344,
  "spectral_kurtosis_mean": 5.1219380426375825
}