{
  "tempo_bpm": 123.046875,
  "tempo_confidence": 0.9868586219930683,
  "beat_positions": [
    0.16253968253968254,
    0.626938775510204,
    1.0913378684807256,
    1.5789569160997732,
    2.066575963718821,
    2.5541950113378684,
    3.01859410430839,
    3.5062131519274375,
    3.9706122448979593,
    4.458231292517007,
    4.9458503401360545,
    5.433469387755102,
    5.921088435374149,
    6.431927437641724,
    6.896326530612245,
    7.383945578231293,
    7.87156462585034,
    8.382403628117913,
    8.846802721088435,
    9.334421768707482,
    9.822040816326531,
    10.309659863945578,
    10.797278911564625,
    11.261678004535147,
    11.72607709750567,
    12.236916099773243,
    12.701315192743763,
    13.188934240362812,
    13.676553287981859,
    14.164172335600908,
    14.628571428571428,
    15.116190476190477,
    15.603809523809524,
    16.091428571428573,
    16.579047619047618,
    17.066666666666666,
    17.554285714285715,
    18.04190476190476,
    18.52952380952381,
    18.99392290249433,
    19.481541950113378,
    19.969160997732427,
    20.433560090702947,
    20.921179138321996,
    21.408798185941045,
    21.873197278911565,
    22.337596371882086,
    22.801995464852606,
    23.312834467120183,
    23.777233560090703,
    24.264852607709752,
    24.729251700680273,
    25.21687074829932,
    25.704489795918366,
    26.16888888888889,
    26.656507936507936,
    27.144126984126984,
    27.631746031746033,
    28.096145124716553,
    28.560544217687074,
    29.048163265306123
  ],
  "onset_times": [
    0.13931972789115646,
    0.603718820861678,
    0.8359183673469388,
    1.0913378684807256,
    1.5789569160997732,
    1.6718367346938776,
    1.811156462585034,
    2.1130158730158732,
    2.2987755102040817,
    2.5541950113378684,
    2.786394557823129,
    2.995374149659864,
    3.250793650793651,
    3.4829931972789114,
    3.622312925170068,
    4.458231292517007,
    4.690430839002268,
    5.433469387755102,
    5.6656689342403626,
    6.176507936507937,
    6.431927437641724,
    6.896326530612245,
    7.128526077097506,
    7.360725623582766,
    8.057324263038549,
    8.359183673469389,
    8.846802721088435,
    9.079002267573696,
    9.311201814058958,
    9.543401360544218,
    9.798820861678005,
    10.309659863945578,
    10.541859410430838,
    11.00625850340136,
    11.261678004535147,
    11.633197278911565,
    11.72607709750567,
    12.213696145124716,
    12.445895691609977,
    12.585215419501134,
    12.701315192743763,
    12.933514739229025,
    13.188934240362812,
    13.374693877551021,
    14.140952380952381,
    14.373151927437641,
    14.605351473922903,
    14.814331065759637,
    15.116190476190477,
    15.580589569160997,
    16.300408163265306,
    16.555827664399093,
    16.788027210884355,
    17.04344671201814,
    17.29886621315193,
    17.531065759637187,
    17.716825396825396,
    17.786485260770974,
    18.018684807256236,
    18.274104308390022,
    18.52952380952381,
    18.738503401360543,
    18.99392290249433,
    19.202902494331067,
    19.435102040816325,
    19.481541950113378,
    19.71374149659864,
    19.9459410430839,
    20.108480725623583,
    20.410340136054423,
    20.66575963718821,
    20.921179138321996,
    21.61777777777778,
    21.873197278911565,
    22.221496598639455,
    22.337596371882086,
    22.569795918367348,
    22.77877551020408,
    23.289614512471655,
    24.055873015873015,
    24.49705215419501,
    24.729251700680273,
    25.21687074829932,
    25.93668934240363,
    26.424308390022677,
    26.63328798185941,
    26.911927437641722,
    27.12090702947846,
    27.86394557823129,
    28.328344671201815,
    28.560544217687074,
    29.024943310657598
  ],
  "rhythm_regularity": 0.9723397901381259,
  "syncopation_index": 0.45652173913043476,
  "beat_count": 61,
  "onset_count": 92
}