{
  "mfcc_mean": [
    -122.91098022460938,
    87.90462493896484,
    9.349007606506348,
    35.57206344604492,
    9.466958999633789,
    10.418210983276367,
    -4.45291805267334,
    -1.5138055086135864,
    4.069667816162109,
    2.4522130489349365,
    -3.137474536895752,
    1.4260648488998413,
    0.11544692516326904
  ],
  "mfcc_std": [
    81.71290588378906,
    38.38164520263672,
    19.451515197753906,
    16.334497451782227,
    12.494975090026855,
    8.772095680236816,
    8.539676666259766,
    8.71037769317627,
    8.042827606201172,
    7.556114196777344,
    8.068068504333496,
    8.031742095947266,
    6.961691856384277
  ],
  "spectral_centroid_mean": 2361.864099060035,
  "spectral_centroid_std": 894.2888793988901,
  "spectral_bandwidth_mean": 2535.14773910849,
  "spectral_bandwidth_std": 506.3922857640617,
  "spectral_rolloff_mean": 5150.349909444634,
  "spectral_rolloff_std": 1764.5220165630226,
  "spectral_flux_mean": 3631.484375,
  "spectral_flux_std": 5126.04736328125,
  "spectral_flatness_mean": 0.026369459927082062,
  "spectral_flatness_std": 0.04528023302555084,
  "spectral_slope_mean": -0.0003787941864578449,
  "spectral_spread_mean": 2535.1477374813603,
  "spectral_skewness_mean": 1.4250965053361293,
  "spectral_kurtosis_mean": 4.910355879249329
}