{
  "meta": {
    "path": "../../data/raw/CSD/english/wav/en042b.wav",
    "file_hash": "622741637981ba344aa811ce3cd06f091b433a5e",
    "duration_sec": 84.70589569160998,
    "sample_rate": 22050,
    "analysis_timestamp": "2025-10-24T19:11:31.318533",
    "config": {
      "sr": 22050,
      "n_fft": 2048,
      "hop_length": 512,
      "n_mels": 128,
      "n_mfcc": 13,
      "n_chroma": 12,
      "frame_length": 2048,
      "workers": 4,
      "use_crepe": false,
      "save_matrices": false,
      "save_plots": true,
      "force": true,
      "quick": false,
      "verbose": false
    },
    "processing_time_sec": 8.518950700759888
  },
  "acoustic": {
    "mfcc_mean": [
      -278.171142578125,
      49.81288146972656,
      -27.37019920349121,
      3.860161542892456,
      -12.98081111907959,
      -8.958941459655762,
      11.252180099487305,
      -6.419878005981445,
      3.91009259223938,
      11.680032730102539,
      -9.999794006347656,
      0.9995525479316711,
      -0.15511047840118408
    ],
    "mfcc_std": [
      102.41404724121094,
      37.14493942260742,
      29.748029708862305,
      22.8382568359375,
      17.045442581176758,
      18.289588928222656,
      13.83741283416748,
      14.448244094848633,
      12.744634628295898,
      13.751517295837402,
      12.389507293701172,
      9.471999168395996,
      12.47099494934082
    ],
    "spectral_centroid_mean": 2483.212659965653,
    "spectral_centroid_std": 1436.0417957774741,
    "spectral_bandwidth_mean": 2141.99611567697,
    "spectral_bandwidth_std": 543.1469049650985,
    "spectral_rolloff_mean": 4333.734211168791,
    "spectral_rolloff_std": 2441.5721975252522,
    "spectral_flux_mean": 4170.85791015625,
    "spectral_flux_std": 7696.43310546875,
    "spectral_flatness_mean": 0.08047475665807724,
    "spectral_flatness_std": 0.16451133787631989,
    "spectral_slope_mean": -0.0002973807887616576,
    "spectral_spread_mean": 2141.996117146059,
    "spectral_skewness_mean": 1.8937790105339822,
    "spectral_kurtosis_mean": 8.150153806114364
  },
  "rhythm": {
    "tempo_bpm": 86.1328125,
    "tempo_confidence": 0.9659058529872351,
    "beat_positions": [
      2.089795918367347,
      2.8328344671201813,
      3.5062131519274375,
      4.2260317460317465,
      4.9458503401360545,
      5.6656689342403626,
      6.362267573696145,
      7.058866213151927,
      7.732244897959184,
      8.428843537414966,
      9.218321995464853,
      9.93814058956916,
      10.634739229024943,
      11.331337868480725,
      11.95827664399093,
      12.770975056689343,
      13.49079365079365,
      14.210612244897959,
      14.883990929705215,
      15.534149659863946,
      16.300408163265306,
      16.92734693877551,
      17.531065759637187,
      18.250884353741498,
      18.99392290249433,
      19.736961451247165,
      20.503219954648525,
      21.199818594104308,
      21.89641723356009,
      22.6162358276644,
      23.336054421768708,
      24.03265306122449,
      24.729251700680273,
      25.425850340136055,
      26.122448979591837,
      26.842267573696144,
      27.538866213151927,
      28.258684807256238,
      28.93206349206349,
      29.628662131519274,
      30.34848072562358,
      31.045079365079363,
      31.7881179138322,
      32.507936507936506,
      33.20453514739229,
      33.94757369614513,
      34.5512925170068,
      35.31755102040816,
      36.03736961451247,
      36.75718820861678,
      37.477006802721085,
      38.196825396825396,
      38.91664399092971,
      39.63646258503401,
      40.333061224489796,
      41.029659863945575,
      41.72625850340136,
      42.42285714285714,
      43.119455782312926,
      43.816054421768705,
      44.51265306122449,
      45.20925170068027,
      45.905850340136055,
      46.602448979591834,
      47.29904761904762,
      47.94920634920635,
      48.692244897959185,
      49.412063492063496,
      50.108662131519274,
      50.85170068027211,
      51.50185941043084,
      52.22167800453515,
      52.94149659863945,
      53.661315192743764,
      54.4043537414966,
      55.10095238095238,
      55.77433106575964,
      56.447709750566894,
      57.09786848072562,
      57.79446712018141,
      58.56072562358277,
      59.32698412698413,
      59.97714285714286,
      60.67374149659864,
      61.44,
      62.15981859410431,
      62.85641723356009,
      63.55301587301587,
      64.24961451247165,
      64.99265306122449,
      65.73569160997732,
      66.38585034013606,
      67.08244897959183,
      67.82548752834467,
      68.49886621315193,
      69.17224489795919,
      69.86884353741496,
      70.56544217687075,
      71.26204081632653,
      71.95863945578232,
      72.67845804988661,
      73.39827664399093,
      74.09487528344671,
      74.76825396825397,
      75.48807256235828,
      76.2311111111111,
      76.97414965986394,
      77.71718820861678,
      78.39056689342404,
      79.08716553287982,
      79.71410430839002
    ],