{
  "mfcc_mean": [
    -53.476287841796875,
    97.9906234741211,
    -21.88517951965332,
    34.702171325683594,
    -2.292391061782837,
    13.376480102539062,
    5.07126522064209,
    5.4218854904174805,
    0.17742758989334106,
    8.594330787658691,
    4.7244439125061035,
    8.698846817016602,
    0.9603865146636963
  ],
  "mfcc_std": [
    55.76328659057617,
    22.304868698120117,
    16.49580955505371,
    11.353791236877441,
    7.880970001220703,
    5.978671073913574,
    6.714802265167236,
    5.173181056976318,
    5.405182361602783,
    5.284956455230713,
    5.896027088165283,
    5.424059867858887,
    5.622140407562256
  ],
  "spectral_centroid_mean": 2173.5555680353036,
  "spectral_centroid_std": 502.88545616122053,
  "spectral_bandwidth_mean": 2261.751358592595,
  "spectral_bandwidth_std": 379.4466581622452,
  "spectral_rolloff_mean": 4579.135975430697,
  "spectral_rolloff_std": 1060.7716122660943,
  "spectral_flux_mean": 3658.149658203125,
  "spectral_flux_std": 3164.595947265625,
  "spectral_flatness_mean": 0.019157638773322105,
  "spectral_flatness_std": 0.0370035246014595,
  "spectral_slope_mean": -0.0004889526774404572,
  "spectral_spread_mean": 2261.7513557162224,
  "spectral_skewness_mean": 1.3574623748175283,
  "spectral_kurtosis_mean": 4.5682017285037695
}