{
  "mfcc_mean": [
    -142.03672790527344,
    144.5143280029297,
    -41.97846984863281,
    52.32479476928711,
    8.596343040466309,
    1.8957008123397827,
    3.4844565391540527,
    -4.59136962890625,
    -9.312980651855469,
    -2.8084216117858887,
    -14.87278938293457,
    -3.5246400833129883,
    -5.8730549812316895
  ],
  "mfcc_std": [
    70.21920013427734,
    41.81467819213867,
    22.219989776611328,
    16.15768051147461,
    12.233880996704102,
    14.415579795837402,
    10.663566589355469,
    10.373882293701172,
    9.474902153015137,
    7.9770121574401855,
    9.308349609375,
    9.613186836242676,
    10.462458610534668
  ],
  "spectral_centroid_mean": 1585.8891290623524,
  "spectral_centroid_std": 712.2878692354358,
  "spectral_bandwidth_mean": 1602.6644657942747,
  "spectral_bandwidth_std": 473.30292055928265,
  "spectral_rolloff_mean": 3164.3822423945344,
  "spectral_rolloff_std": 1247.7271392306138,
  "spectral_flux_mean": 2484.3974609375,
  "spectral_flux_std": 2645.630615234375,
  "spectral_flatness_mean": 0.00563720753416419,
  "spectral_flatness_std": 0.031098462641239166,
  "spectral_slope_mean": -0.0006860483600458936,
  "spectral_spread_mean": 1602.6644651215527,
  "spectral_skewness_mean": 1.8097564912442727,
  "spectral_kurtosis_mean": 8.123920167940557
}