{
  "tempo_bpm": 103.359375,
  "tempo_confidence": 0.9635350501675465,
  "beat_positions": [
    0.25541950113378686,
    0.905578231292517,
    1.4396371882086167,
    2.020136054421769,
    2.6006349206349206,
    3.2043537414965986,
    3.7848526077097504,
    4.388571428571429,
    4.96907029478458,
    5.5495691609977325,
    6.15328798185941,
    6.733786848072563,
    7.314285714285714,
    7.894784580498866,
    8.452063492063493,
    9.032562358276644,
    9.613061224489796,
    10.170340136054422,
    10.727619047619047,
    11.3081179138322,
    11.911836734693878,
    12.469115646258503,
    13.072834467120181,
    13.653333333333334,
    14.233832199546486,
    14.814331065759637,
    15.418049886621315,
    16.021768707482995,
    16.579047619047618,
    17.182766439909297,
    17.786485260770974,
    18.36698412698413,
    18.92426303854875,
    19.458321995464853,
    20.131700680272107,
    20.712199546485262,
    21.269478458049885,
    21.849977324263037,
    22.407256235827663,
    23.010975056689343,
    23.54503401360544,
    24.079092970521543,
    24.636371882086166,
    25.193650793650793,
    25.704489795918366,
    26.23854875283447,
    26.842267573696144,
    27.28344671201814,
    27.93360544217687,
    28.583764172335602,
    29.210702947845807
  ],
  "onset_times": [
    0.13931972789115646,
    0.2786394557823129,
    0.3947392290249433,
    0.905578231292517,
    1.0681179138321995,
    1.18421768707483,
    1.4164172335600906,
    2.020136054421769,
    2.3219954648526078,
    2.5774149659863945,
    2.9024943310657596,
    3.1811337868480725,
    3.4597732426303853,
    3.5294331065759637,
    4.063492063492063,
    4.365351473922902,
    4.96907029478458,
    5.038730158730159,
    5.340589569160998,
    5.433469387755102,
    5.874648526077097,
    6.455147392290249,
    6.757006802721088,
    7.314285714285714,
    7.592925170068027,
    7.87156462585034,
    7.918004535147392,
    8.150204081632653,
    8.219863945578231,
    8.428843537414966,
    8.730702947845804,
    9.032562358276644,
    9.311201814058958,
    9.58984126984127,
    9.891700680272109,
    10.170340136054422,
    10.332879818594105,
    10.448979591836734,
    10.518639455782314,
    10.704399092970522,
    11.029478458049887,
    11.3081179138322,
    11.586757369614512,
    11.888616780045352,
    12.19047619047619,
    12.469115646258503,
    12.770975056689343,
    13.072834467120181,
    13.351473922902494,
    13.630113378684808,
    13.955192743764172,
    14.233832199546486,
    14.535691609977324,
    14.79111111111111,
    15.116190476190477,
    15.441269841269841,
    15.998548752834466,
    16.32362811791383,
    16.579047619047618,
    16.904126984126986,
    17.182766439909297,
    17.484625850340137,
    17.786485260770974,
    18.088344671201813,
    18.36698412698413,
    18.668843537414965,
    18.901043083900227,
    18.970702947845805,
    19.249342403628116,
    19.4118820861678,
    19.82984126984127,
    19.969160997732427,
    20.108480725623583,
    20.410340136054423,
    20.712199546485262,
    20.96761904761905,
    21.269478458049885,
    21.571337868480725,
    21.826757369614512,
    22.105396825396827,
    22.38403628117914,
    22.732335600907028,
    23.103854875283446,
    23.336054421768708,
    23.54503401360544,
    23.61469387755102,
    24.055873015873015,
    24.241632653061224,
    24.68281179138322,
    24.938231292517006,
    25.170430839002268,
    25.2865306122449,
    25.495510204081633,
    25.68126984126984,
    25.93668934240363,
    26.09922902494331,
    26.21532879818594,
    26.40108843537415,
    26.63328798185941,
    26.81904761904762,
    27.051247165532878,
    27.09768707482993,
    27.260226757369615,
    27.39954648526077,
    27.538866213151927,
    27.724625850340136,
    27.77106575963719,
    27.910385487528345,
    28.374784580498865,
    28.560544217687074,
    28.792743764172336,
    29.00172335600907,
    29.18748299319728,
    29.41968253968254,
    29.675102040816327
  ],
  "rhythm_regularity": 0.9346492935625362,
  "syncopation_index": 0.5391304347826087,
  "beat_count": 51,
  "onset_count": 115
}