{
  "chroma_mean": [
    0.3450313210487366,
    0.4375864565372467,
    0.631332516670227,
    0.5276201963424683,
    0.5634807348251343,
    0.575897216796875,
    0.7716191411018372,
    0.8067736029624939,
    0.6018614768981934,
    0.5775389671325684,
    0.4075324535369873,
    0.35762035846710205
  ],
  "chroma_std": [
    0.11525257676839828,
    0.1401049792766571,
    0.2444111704826355,
    0.19711315631866455,
    0.19227947294712067,
    0.17255078256130219,
    0.2055497020483017,
    0.19208599627017975,
    0.17457224428653717,
    0.23735973238945007,
    0.1288381814956665,
    0.10471419245004654
  ],
  "key_estimation": {
    "key": "C_major",
    "confidence": 0.03071994211609111
  },
  "tonal_complexity": 0.1409546583890915
}