{
  "chroma_mean": [
    0.4073675572872162,
    0.34012407064437866,
    0.5716047883033752,
    0.4107481837272644,
    0.6084122657775879,
    0.3436463177204132,
    0.27674710750579834,
    0.40931031107902527,
    0.31329283118247986,
    0.44701245427131653,
    0.3063236474990845,
    0.3445146381855011
  ],
  "chroma_std": [
    0.28952717781066895,
    0.19190263748168945,
    0.339900404214859,
    0.20599757134914398,
    0.3158746361732483,
    0.17658889293670654,
    0.13952936232089996,
    0.278898686170578,
    0.1848970651626587,
    0.3008718490600586,
    0.17667032778263092,
    0.1829327940940857
  ],
  "key_estimation": {
    "key": "C_major",
    "confidence": 0.4141234839645449
  },
  "tonal_complexity": 0.09858934581279755
}