{
  "chroma_mean": [
    0.5399609208106995,
    0.3250204026699066,
    0.35007378458976746,
    0.4236133396625519,
    0.3647369146347046,
    0.512385904788971,
    0.3024488091468811,
    0.41488024592399597,
    0.2991909384727478,
    0.344877153635025,
    0.49552205204963684,
    0.3910316526889801
  ],
  "chroma_std": [
    0.33394649624824524,
    0.23001813888549805,
    0.19506509602069855,
    0.26944562792778015,
    0.19415076076984406,
    0.31497201323509216,
    0.18105678260326385,
    0.24760957062244415,
    0.17429976165294647,
    0.2100817710161209,
    0.31321150064468384,
    0.21451301872730255
  ],
  "key_estimation": {
    "key": "C_minor",
    "confidence": 0.5872287397431444
  },
  "tonal_complexity": 0.07861790060997009
}