{
  "chroma_mean": [
    0.20099413394927979,
    0.302464097738266,
    0.1531631201505661,
    0.2751755714416504,
    0.3904246687889099,
    0.2277367264032364,
    0.5620073676109314,
    0.22067005932331085,
    0.2487448900938034,
    0.16240805387496948,
    0.26178431510925293,
    0.6457398533821106
  ],
  "chroma_std": [
    0.13781307637691498,
    0.26356416940689087,
    0.12142911553382874,
    0.23838907480239868,
    0.35967788100242615,
    0.16424447298049927,
    0.342570424079895,
    0.17456644773483276,
    0.20945759117603302,
    0.11433833092451096,
    0.2001459002494812,
    0.3446325957775116
  ],
  "key_estimation": {
    "key": "C_major",
    "confidence": -0.329784087097927
  },
  "tonal_complexity": 0.14794732630252838
}