{
  "chroma_mean": [
    0.24301113188266754,
    0.29751425981521606,
    0.4255432188510895,
    0.2745521664619446,
    0.3506816029548645,
    0.25977712869644165,
    0.4249286949634552,
    0.31603530049324036,
    0.2638489902019501,
    0.38127371668815613,
    0.26605671644210815,
    0.24763169884681702
  ],
  "chroma_std": [
    0.31297168135643005,
    0.32611969113349915,
    0.40347999334335327,
    0.3036547005176544,
    0.3731326162815094,
    0.2960817813873291,
    0.41347774863243103,
    0.3454330563545227,
    0.3032321333885193,
    0.36634281277656555,
    0.3134337365627289,
    0.2957395911216736
  ],
  "key_estimation": {
    "key": "C_major",
    "confidence": -0.07914896435411373
  },
  "tonal_complexity": 0.06430648267269135
}