{
  "mfcc_mean": [
    -51.55075454711914,
    69.46961975097656,
    -8.184066772460938,
    29.96508026123047,
    -2.314073085784912,
    13.889102935791016,
    3.6948018074035645,
    7.738194942474365,
    -3.1412360668182373,
    6.993793964385986,
    0.5459935665130615,
    3.793222188949585,
    -2.7273402214050293
  ],
  "mfcc_std": [
    66.1495361328125,
    18.730552673339844,
    14.239294052124023,
    9.857269287109375,
    8.901379585266113,
    7.504900932312012,
    10.35747241973877,
    6.8395867347717285,
    6.200214862823486,
    7.141577243804932,
    7.313946723937988,
    5.965476989746094,
    5.30177116394043
  ],
  "spectral_centroid_mean": 2850.7553031092175,
  "spectral_centroid_std": 596.0051573749855,
  "spectral_bandwidth_mean": 2590.6383419657864,
  "spectral_bandwidth_std": 242.5552690628107,
  "spectral_rolloff_mean": 5767.145555468145,
  "spectral_rolloff_std": 945.0637911187572,
  "spectral_flux_mean": 3710.0263671875,
  "spectral_flux_std": 3860.07763671875,
  "spectral_flatness_mean": 0.03978271409869194,
  "spectral_flatness_std": 0.042271073907613754,
  "spectral_slope_mean": -0.00037119069839564907,
  "spectral_spread_mean": 2590.6383429124467,
  "spectral_skewness_mean": 0.9674321722856717,
  "spectral_kurtosis_mean": 3.2393679483727693
}