{
  "meta": {
    "path": "../../data/raw/MIREX-like_mood/dataset/Audio/431.mp3",
    "file_hash": "7123d83d8ed69744134c0bf1b7ba57ae289b390a",
    "duration_sec": 29.72154195011338,
    "sample_rate": 22050,
    "analysis_timestamp": "2025-10-24T20:15:29.340620",
    "config": {
      "sr": 22050,
      "n_fft": 2048,
      "hop_length": 512,
      "n_mels": 128,
      "n_mfcc": 13,
      "n_chroma": 12,
      "frame_length": 2048,
      "workers": 4,
      "use_crepe": false,
      "save_matrices": false,
      "save_plots": true,
      "force": true,
      "quick": false,
      "verbose": false
    },
    "processing_time_sec": 2.611717700958252
  },
  "acoustic": {
    "mfcc_mean": [
      -60.82648468017578,
      91.49909210205078,
      -0.16757157444953918,
      40.71240234375,
      5.389871597290039,
      9.818647384643555,
      1.2456037998199463,
      11.178739547729492,
      -2.201233386993408,
      4.717589378356934,
      3.382155418395996,
      8.459600448608398,
      -0.2790556848049164
    ],
    "mfcc_std": [
      106.99090576171875,
      30.371206283569336,
      22.95075225830078,
      15.895339012145996,
      11.339006423950195,
      11.308732986450195,
      9.18884563446045,
      6.956613063812256,
      7.296029567718506,
      8.520317077636719,
      7.341715335845947,
      7.8410115242004395,
      6.7308526039123535
    ],
    "spectral_centroid_mean": 2205.7476238463864,
    "spectral_centroid_std": 783.8063048037138,
    "spectral_bandwidth_mean": 2311.1173236119266,
    "spectral_bandwidth_std": 452.0582223967085,
    "spectral_rolloff_mean": 4596.447954021516,
    "spectral_rolloff_std": 1569.2892133118835,
    "spectral_flux_mean": 6933.49755859375,
    "spectral_flux_std": 6101.71435546875,
    "spectral_flatness_mean": 0.018915461376309395,
    "spectral_flatness_std": 0.03979318216443062,
    "spectral_slope_mean": -0.00045059115735663756,
    "spectral_spread_mean": 2311.1173248229256,
    "spectral_skewness_mean": 1.4759505377004603,
    "spectral_kurtosis_mean": 5.525995838037669
  },
  "rhythm": {
    "tempo_bpm": 89.10290948275862,
    "tempo_confidence": 0.9671155852565498,
    "beat_positions": [
      2.066575963718821,
      2.7631746031746034,
      3.4133333333333336,
      4.08671201814059,
      4.760090702947846,
      5.433469387755102,
      6.106848072562358,
      6.780226757369615,
      7.453605442176871,
      8.126984126984127,
      8.777142857142858,
      9.450521541950113,
      10.100680272108843,
      10.797278911564625,
      11.470657596371883,
      12.144036281179138,
      12.794195011337868,
      13.467573696145125,
      14.140952380952381,
      14.814331065759637,
      15.487709750566893,
      16.184308390022675,
      16.834467120181404,
      17.531065759637187,
      18.204444444444444,
      18.854603174603174,
      19.52798185941043,
      20.224580498866214,
      20.851519274376418,
      21.524897959183672,
      22.0821768707483,
      22.66267573696145,
      23.312834467120183,
      23.893333333333334,
      24.450612244897957,
      25.123990929705215,
      25.774149659863944,
      26.447528344671202,
      27.12090702947846,
      27.794285714285714,
      28.46766439909297
    ],
    "onset_times": [
      1.8808163265306121,
      2.043356009070295,
      2.7631746031746034,
      3.6687528344671203,
      5.6656689342403626,
      8.777142857142858,
      9.009342403628118,
      9.218321995464853,
      9.659501133786849,
      10.100680272108843,
      10.797278911564625,
      11.470657596371883,
      11.702857142857143,
      13.467573696145125,
      14.373151927437641,
      15.255510204081633,
      16.184308390022675,
      16.39328798185941,
      17.066666666666666,
      17.2756462585034,
      17.507845804988662,
      17.949024943310658,
      18.390204081632653,
      18.599183673469387,
      18.854603174603174,
      19.06358276643991,
      19.52798185941043,
      19.736961451247165,
      19.9459410430839,
      20.619319727891156,
      20.851519274376418,
      21.083718820861677,
      21.292698412698414,
      21.501678004535147,
      21.942857142857143,
      22.058956916099774,
      22.19827664399093,
      22.38403628117914,
      22.593015873015872,
      22.639455782312925,
      23.103854875283446,
      23.312834467120183,
      23.521814058956917,
      23.800453514739228,
      23.939773242630384,
      24.2184126984127,
      24.427392290249433,
      24.68281179138322,
      24.891791383219953,
      25.10077097505669,
      25.541950113378686,
      25.658049886621317,
      25.774149659863944,
      26.006349206349206,
      26.21532879818594,
      26.749387755102042,
      26.888707482993198,
      27.12090702947846,
      27.39954648526077,
      27.794285714285714,
      28.003265306122447,
      28.444444444444443,
      28.676643990929705,
      29.1178231292517,
      29.58222222222222
    ],
    "rhythm_regularity": 0.9484830795229284,
    "syncopation_index": 0.6153846153846154,
    "beat_count": 41,
    "onset_count": 65
  },
  "harmony": {
    "chroma_mean": [
      0.4189859628677368,
      0.3313901424407959,
      0.5846551060676575,
      0.3301084041595459,
      0.6267872452735901,
      0.32326123118400574,
      0.3565886914730072,
      0.3726445138454437,
      0.3153144121170044,
      0.33065593242645264,
      0.31868302822113037,
      0.4799971580505371
    ],
    "chroma_std": [
      0.32138752937316895,
      0.2006845474243164,
      0.3335322439670563,
      0.16506172716617584,
      0.3641412556171417,
      0.17831099033355713,
      0.19951552152633667,
      0.237412691116333,
      0.1843985766172409,
      0.1824723482131958,
      0.1827431470155716,
      0.2622949182987213
    ],
    "key_estimation": {
      "key": "C_major",
      "confidence": 0.31908650315843756
    },
    "tonal_complexity": 0.10367681086063385
  },
  "quality": {
    "snr_db": 34.92541830281006,
    "dynamic_range_db": 15.688470127939443,
    "rms_energy": 0.2128009796142578,
    "zero_crossing_rate": 0.10197492803473848
  },
  "lyrics": {
    "word_count": 238,
    "unique_word_count": 83,
    "sentence_count": 1,
    "avg_words_per_sentence": 238.0,
    "readability": null,
    "sentiment_analysis": null,
    "topic_keywords": [
      "don't",
      "think",
      "your",
      "zen",
      "There's",
      "sex",
      "violence",
      "Everything",
      "zen,",
      "everything"
    ],
    "repetition_analysis": {
      "repetition_ratio": 0.6512605042016807,
      "most_common_words": [
        [
          "don't",
          13
        ],
        [
          "think",
          9
        ],
        [
          "your",
          9
        ],
        [
          "zen",
          8
        ],
        [
          "There's",
          8
        ]
      ]
    }
  }
}