{
  "meta": {
    "path": "../../data/raw/MIREX-like_mood/dataset/Audio/580.mp3",
    "file_hash": "2fbabd9c8555ed6c72315d38ceff62dd09743b16",
    "duration_sec": 29.860861678004536,
    "sample_rate": 22050,
    "analysis_timestamp": "2025-10-24T20:12:08.189013",
    "config": {
      "sr": 22050,
      "n_fft": 2048,
      "hop_length": 512,
      "n_mels": 128,
      "n_mfcc": 13,
      "n_chroma": 12,
      "frame_length": 2048,
      "workers": 4,
      "use_crepe": false,
      "save_matrices": false,
      "save_plots": true,
      "force": true,
      "quick": false,
      "verbose": false
    },
    "processing_time_sec": 2.920734167098999
  },
  "acoustic": {
    "mfcc_mean": [
      -169.21168518066406,
      111.73008728027344,
      -9.37302303314209,
      62.84444808959961,
      -12.579099655151367,
      17.93394660949707,
      2.867607831954956,
      7.092737197875977,
      -4.738612174987793,
      8.67061710357666,
      0.4143981635570526,
      5.346972465515137,
      1.6553305387496948
    ],
    "mfcc_std": [
      81.39594268798828,
      24.57443618774414,
      24.756587982177734,
      21.499296188354492,
      13.974784851074219,
      16.99018096923828,
      12.290026664733887,
      12.113134384155273,
      9.139323234558105,
      8.422361373901367,
      9.387824058532715,
      7.380481719970703,
      7.588161945343018
    ],
    "spectral_centroid_mean": 1759.0138086656,
    "spectral_centroid_std": 571.3162216703649,
    "spectral_bandwidth_mean": 1944.0545981854157,
    "spectral_bandwidth_std": 386.5288324838616,
    "spectral_rolloff_mean": 3948.3311366368007,
    "spectral_rolloff_std": 1156.0583721198807,
    "spectral_flux_mean": 3037.009765625,
    "spectral_flux_std": 4083.4111328125,
    "spectral_flatness_mean": 0.004413029178977013,
    "spectral_flatness_std": 0.02944880910217762,
    "spectral_slope_mean": -0.0006954368589493858,
    "spectral_spread_mean": 1944.05459769451,
    "spectral_skewness_mean": 1.4740050719625926,
    "spectral_kurtosis_mean": 5.271698530367744
  },
  "rhythm": {
    "tempo_bpm": 83.35433467741936,
    "tempo_confidence": 0.987236684670922,
    "beat_positions": [
      0.16253968253968254,
      0.8823582766439909,
      1.6021768707482993,
      2.3219954648526078,
      3.0418140589569163,
      3.7848526077097504,
      4.504671201814059,
      5.224489795918367,
      5.9675283446712015,
      6.6873469387755105,
      7.4071655328798185,
      8.150204081632653,
      8.870022675736962,
      9.58984126984127,
      10.309659863945578,
      11.029478458049887,
      11.77251700680272,
      12.49233560090703,
      13.212154195011339,
      13.931972789115646,
      14.675011337868481,
      15.394829931972788,
      16.114648526077097,
      16.834467120181404,
      17.57750566893424,
      18.297324263038547,
      19.040362811791383,
      19.783401360544218,
      20.526439909297054,
      21.292698412698414,
      22.01251700680272,
      22.732335600907028,
      23.45215419501134,
      24.19519274376417,
      24.91501133786848,
      25.63482993197279,
      26.354648526077096,
      27.09768707482993,
      27.794285714285714,
      28.514104308390024,
      29.23392290249433
    ],
    "onset_times": [
      0.16253968253968254,
      0.5108390022675737,
      0.8591383219954648,
      1.0913378684807256,
      1.230657596371882,
      1.509297052154195,
      1.6021768707482993,
      1.9272562358276644,
      2.2987755102040817,
      2.507755102040816,
      2.670294784580499,
      2.9024943310657596,
      3.0418140589569163,
      3.250793650793651,
      3.3901133786848074,
      3.645532879818594,
      3.7616326530612243,
      3.9706122448979593,
      4.133151927437642,
      4.342131519274377,
      4.481451247165533,
      4.85297052154195,
      5.224489795918367,
      5.456689342403628,
      5.7817687074829935,
      5.944308390022676,
      6.315827664399093,
      6.501587301587302,
      6.664126984126984,
      7.4071655328798185,
      7.7090249433106575,
      8.126984126984127,
      8.335963718820862,
      8.52172335600907,
      8.70748299319728,
      8.846802721088435,
      9.079002267573696,
      9.218321995464853,
      9.47374149659864,
      9.566621315192744,
      9.798820861678005,
      9.961360544217687,
      10.216780045351474,
      10.309659863945578,
      10.518639455782314,
      10.634739229024943,
      11.00625850340136,
      11.23845804988662,
      11.586757369614512,
      11.77251700680272,
      11.981496598639456,
      12.120816326530612,
      12.469115646258503,
      12.678095238095239,
      13.02639455782313,
      13.212154195011339,
      13.397913832199546,
      13.56045351473923,
      13.769433106575963,
      13.908752834467121,
      13.955192743764172,
      14.140952380952381,
      14.32671201814059,
      14.489251700680272,
      14.675011337868481,
      14.883990929705215,
      15.023310657596372,
      15.371609977324264,
      15.580589569160997,
      15.952108843537415,
      16.114648526077097,
      16.32362811791383,
      16.46294784580499,
      16.671927437641724,
      16.81124716553288,
      17.04344671201814,
      17.205986394557822,
      17.41496598639456,
      17.554285714285715,
      17.76326530612245,
      17.902585034013605,
      18.297324263038547,
      18.668843537414965,
      18.877823129251702,
      19.388662131519276,
      19.574421768707484,
      20.131700680272107,
      20.36390022675737,
      20.874739229024943,
      21.269478458049885,
      21.640997732426303,
      22.01251700680272,
      22.360816326530614,
      22.709115646258503,
      22.941315192743765,
      23.08063492063492,
      23.45215419501134,
      23.661133786848072,
      23.823673469387757,
      24.171972789115646,
      24.38095238095238,
      24.56671201814059,
      24.891791383219953,
      25.10077097505669,
      25.26331065759637,
      25.611609977324264,
      25.843809523809522,
      26.006349206349206,
      26.354648526077096,
      26.586848072562358,
      26.726167800453513,
      27.09768707482993,
      27.28344671201814,
      27.794285714285714,
      28.189024943310656,
      28.490884353741496,
      28.69986394557823,
      28.908843537414967,
      29.23392290249433,
      29.442902494331065,
      29.60544217687075
    ],
    "rhythm_regularity": 0.9822116154542171,
    "syncopation_index": 0.6611570247933884,
    "beat_count": 41,
    "onset_count": 121
  },
  "harmony": {
    "chroma_mean": [
      0.3266424238681793,
      0.31936803460121155,
      0.3682917654514313,
      0.4907236099243164,
      0.699255645275116,
      0.4626743197441101,
      0.3200545012950897,
      0.3860834538936615,
      0.34368541836738586,
      0.3877447545528412,
      0.3623857796192169,
      0.48610827326774597
    ],
    "chroma_std": [
      0.23064206540584564,
      0.19573235511779785,
      0.21864071488380432,
      0.2588873505592346,
      0.31244975328445435,
      0.23730041086673737,
      0.21369268000125885,
      0.27744051814079285,
      0.19133815169334412,
      0.30547159910202026,
      0.22744229435920715,
      0.24514839053153992
    ],
    "key_estimation": {
      "key": "C_major",
      "confidence": 0.12504286524373667
    },
    "tonal_complexity": 0.10463658720254898
  },
  "quality": {
    "snr_db": 37.92267537970362,
    "dynamic_range_db": 20.470699025030484,
    "rms_energy": 0.1363961398601532,
    "zero_crossing_rate": 0.08093707507770008
  },
  "lyrics": {
    "word_count": 187,
    "unique_word_count": 90,
    "sentence_count": 1,
    "avg_words_per_sentence": 187.0,
    "readability": null,
    "sentiment_analysis": null,
    "topic_keywords": [
      "you",
      "these",
      "keep",
      "boots",
      "are",
      "You",
      "for",
      "all",
      "just",
      "what"
    ],
    "repetition_analysis": {
      "repetition_ratio": 0.518716577540107,