{
  "meta": {
    "path": "../../data/raw/MIREX-like_mood/dataset/Audio/761.mp3",
    "file_hash": "22d00581b0a09531b484b868a03c596a0be550af",
    "duration_sec": 29.628662131519274,
    "sample_rate": 22050,
    "analysis_timestamp": "2025-10-24T20:25:16.324445",
    "config": {
      "sr": 22050,
      "n_fft": 2048,
      "hop_length": 512,
      "n_mels": 128,
      "n_mfcc": 13,
      "n_chroma": 12,
      "frame_length": 2048,
      "workers": 4,
      "use_crepe": false,
      "save_matrices": false,
      "save_plots": true,
      "force": true,
      "quick": false,
      "verbose": false
    },
    "processing_time_sec": 3.3738863468170166
  },
  "acoustic": {
    "mfcc_mean": [
      -74.62432861328125,
      66.96009826660156,
      -11.053647994995117,
      31.358898162841797,
      5.105276107788086,
      9.129502296447754,
      -2.8970513343811035,
      6.312683582305908,
      3.08210825920105,
      5.186226844787598,
      -6.826834201812744,
      0.706792950630188,
      -6.529034614562988
    ],
    "mfcc_std": [
      59.420997619628906,
      26.632036209106445,
      26.00424575805664,
      9.37546157836914,
      8.13824462890625,
      9.34073543548584,
      6.575369358062744,
      9.781837463378906,
      8.821344375610352,
      6.559769630432129,
      8.150443077087402,
      7.111355781555176,
      8.289205551147461
    ],
    "spectral_centroid_mean": 2692.1962359146437,
    "spectral_centroid_std": 606.9002996076804,
    "spectral_bandwidth_mean": 2515.273442837806,
    "spectral_bandwidth_std": 390.2888141099329,
    "spectral_rolloff_mean": 5355.688705982038,
    "spectral_rolloff_std": 1296.7329745872164,
    "spectral_flux_mean": 4684.48095703125,
    "spectral_flux_std": 5370.58935546875,
    "spectral_flatness_mean": 0.02362610213458538,
    "spectral_flatness_std": 0.03458408638834953,
    "spectral_slope_mean": -0.00036528788635328845,
    "spectral_spread_mean": 2515.2734443431677,
    "spectral_skewness_mean": 1.164120438202858,
    "spectral_kurtosis_mean": 3.896452347141872
  },
  "rhythm": {
    "tempo_bpm": 103.359375,
    "tempo_confidence": 0.9698759329133821,
    "beat_positions": [
      0.16253968253968254,
      0.6965986394557823,
      1.230657596371882,
      1.787936507936508,
      2.345215419501134,
      2.9024943310657596,
      3.4829931972789114,
      4.063492063492063,
      4.6439909297052155,
      5.224489795918367,
      5.804988662131519,
      6.3854875283446715,
      6.989206349206349,
      7.592925170068027,
      8.150204081632653,
      8.70748299319728,
      9.241541950113378,
      9.798820861678005,
      10.379319727891156,
      10.95981859410431,
      11.586757369614512,
      12.213696145124716,
      12.910294784580499,
      13.514013605442177,
      14.048072562358277,
      14.628571428571428,
      15.255510204081633,
      15.836009070294784,
      16.439727891156462,
      17.020226757369613,
      17.600725623582765,
      18.15800453514739,
      18.668843537414965,
      19.319002267573698,
      19.89950113378685,
      20.48,
      21.060498866213152,
      21.640997732426303,
      22.244716553287983,
      22.84843537414966,
      23.42893424036281,
      24.009433106575965,
      24.589931972789117,
      25.193650793650793,
      25.797369614512473,
      26.377868480725624,
      26.958367346938775,
      27.562086167800455,
      28.142585034013607,
      28.69986394557823
    ],
    "onset_times": [
      0.13931972789115646,
      0.25541950113378686,
      0.626938775510204,
      1.207437641723356,
      1.509297052154195,
      1.6486167800453515,
      1.7647165532879818,
      1.9504761904761905,
      2.066575963718821,
      2.2058956916099772,
      2.461315192743764,
      2.716734693877551,
      2.786394557823129,
      2.9024943310657596,
      3.1811337868480725,
      3.3668934240362813,
      3.4829931972789114,
      3.645532879818594,
      3.7616326530612243,
      3.924172335600907,
      4.040272108843538,
      4.2260317460317465,
      4.342131519274377,
      4.481451247165533,
      4.829750566893424,
      4.876190476190477,
      5.804988662131519,
      6.362267573696145,
      6.617687074829932,
      6.849886621315193,
      6.965986394557823,
      7.012426303854875,
      7.244625850340136,
      7.337505668934241,
      7.4071655328798185,
      7.592925170068027,
      7.778684807256236,
      8.010884353741497,
      8.312743764172335,
      8.544943310657596,
      8.870022675736962,
      8.916462585034013,
      9.241541950113378,
      9.427301587301587,
      9.961360544217687,
      10.193560090702947,
      10.309659863945578,
      10.936598639455783,
      11.3081179138322,
      11.447437641723356,
      11.563537414965987,
      11.795736961451247,
      11.935056689342403,
      12.120816326530612,
      12.19047619047619,
      12.399455782312925,
      12.585215419501134,
      12.701315192743763,
      12.910294784580499,
      12.979954648526077,
      13.165714285714285,
      13.514013605442177,
      13.722993197278912,
      14.048072562358277,
      14.140952380952381,
      14.466031746031746,
      14.605351473922903,
      14.744671201814059,
      14.953650793650795,
      15.27873015873016,
      15.394829931972788,
      15.557369614512472,
      15.81278911564626,
      16.04498866213152,
      16.137868480725622,
      16.32362811791383,
      16.416507936507937,
      16.741587301587302,
      17.22920634920635,
      17.29886621315193,
      17.484625850340137,
      17.600725623582765,
      17.716825396825396,
      17.902585034013605,
      17.99546485260771,
      18.15800453514739,
      18.320544217687075,
      18.483083900226756,
      18.64562358276644,
      18.877823129251702,
      19.040362811791383,
      19.17968253968254,
      19.319002267573698,
      19.551201814058956,
      19.71374149659864,
      19.87628117913832,
      20.01560090702948,
      20.201360544217685,
      20.317460317460316,
      20.48,
      20.619319727891156,
      20.78185941043084,
      20.921179138321996,
      21.060498866213152,
      21.199818594104308,
      21.36235827664399,
      21.524897959183672,
      21.640997732426303,
      21.803537414965987,
      21.942857142857143,
      22.105396825396827,
      22.221496598639455,
      22.360816326530614,
      22.54657596371882,
      22.66267573696145,
      22.709115646258503,
      22.825215419501134,
      22.96453514739229,
      23.1502947845805,
      23.405714285714286,
      23.54503401360544,
      23.707573696145126,
      23.84689342403628,
      23.986213151927437,
      24.125532879818593,
      24.3112925170068,
      24.450612244897957,
      24.589931972789117,
      24.729251700680273,
      24.891791383219953,
      25.007891156462584,
      25.170430839002268,
      25.33297052154195,
      25.495510204081633,
      25.63482993197279,
      25.774149659863944,
      25.959909297052153,
      26.122448979591837,
      26.261768707482993,
      26.377868480725624,
      26.51718820861678,
      26.656507936507936,
      26.81904761904762,
      26.958367346938775,
      27.12090702947846,
      27.260226757369615,
      27.39954648526077,
      27.562086167800455,
      27.74784580498866,
      27.86394557823129,
      27.980045351473922,
      28.142585034013607,
      28.281904761904762,
      28.444444444444443,
      28.583764172335602,
      28.69986394557823,
      29.00172335600907
    ],
    "rhythm_regularity": 0.9466689353680259,
    "syncopation_index": 0.6942675159235668,
    "beat_count": 50,
    "onset_count": 157
  },
  "harmony": {
    "chroma_mean": [
      0.47489485144615173,
      0.5759736895561218,
      0.47121137380599976,
      0.5196582674980164,
      0.4010714888572693,
      0.40626153349876404,
      0.5196124315261841,
      0.38903623819351196,
      0.5097712874412537,
      0.3361137807369232,
      0.35064223408699036,
      0.419807493686676
    ],