{
  "snr_db": 36.70941112303838,
  "dynamic_range_db": 19.3496055165003,
  "rms_energy": 0.15000024437904358,
  "zero_crossing_rate": 0.05630619624706802
}