{
  "meta": {
    "path": "../../data/raw/MIREX-like_mood/dataset/Audio/873.mp3",
    "file_hash": "4c2e443f5063616e60ec25756f945234378a8270",
    "duration_sec": 29.58222222222222,
    "sample_rate": 22050,
    "analysis_timestamp": "2025-10-24T20:08:47.371390",
    "config": {
      "sr": 22050,
      "n_fft": 2048,
      "hop_length": 512,
      "n_mels": 128,
      "n_mfcc": 13,
      "n_chroma": 12,
      "frame_length": 2048,
      "workers": 4,
      "use_crepe": false,
      "save_matrices": false,
      "save_plots": true,
      "force": true,
      "quick": false,
      "verbose": false
    },
    "processing_time_sec": 2.8529789447784424
  },
  "acoustic": {
    "mfcc_mean": [
      -78.9684829711914,
      91.60270690917969,
      -27.46563720703125,
      32.441368103027344,
      17.716764450073242,
      7.6608357429504395,
      -1.2103233337402344,
      8.08257007598877,
      -1.922104001045227,
      5.413183212280273,
      -6.617528915405273,
      3.441084146499634,
      1.418541431427002
    ],
    "mfcc_std": [
      97.18016052246094,
      31.937685012817383,
      22.092273712158203,
      16.79355812072754,
      12.741567611694336,
      12.052250862121582,
      10.146015167236328,
      9.270074844360352,
      11.933976173400879,
      11.266371726989746,
      8.99091625213623,
      6.679312229156494,
      7.078514575958252
    ],
    "spectral_centroid_mean": 2369.112023973725,
    "spectral_centroid_std": 725.2173885094887,
    "spectral_bandwidth_mean": 2257.342724002102,
    "spectral_bandwidth_std": 521.7656788957099,
    "spectral_rolloff_mean": 4619.074735753677,
    "spectral_rolloff_std": 1573.5115424358057,
    "spectral_flux_mean": 4966.0439453125,
    "spectral_flux_std": 6046.4501953125,
    "spectral_flatness_mean": 0.025105692446231842,
    "spectral_flatness_std": 0.041210900992155075,
    "spectral_slope_mean": -0.00048433529773600254,
    "spectral_spread_mean": 2257.3427224428256,
    "spectral_skewness_mean": 1.3871528473805017,
    "spectral_kurtosis_mean": 5.126856571790084
  },
  "rhythm": {
    "tempo_bpm": 143.5546875,
    "tempo_confidence": 0.985944730264883,
    "beat_positions": [
      0.3250793650793651,
      0.7662585034013606,
      1.18421768707483,
      1.6253968253968254,
      2.043356009070295,
      2.461315192743764,
      2.8792743764172335,
      3.320453514739229,
      3.7384126984126986,
      4.179591836734694,
      4.620770975056689,
      5.038730158730159,
      5.479909297052155,
      5.921088435374149,
      6.339047619047619,
      6.780226757369615,
      7.198185941043084,
      7.616145124716553,
      8.057324263038549,
      8.498503401360544,
      8.93968253968254,
      9.380861678004536,
      9.798820861678005,
      10.24,
      10.65795918367347,
      11.075918367346938,
      11.54031746031746,
      11.981496598639456,
      12.399455782312925,
      12.817414965986394,
      13.25859410430839,
      13.699773242630386,
      14.117732426303855,
      14.55891156462585,
      14.97687074829932,
      15.418049886621315,
      15.836009070294784,
      16.253968253968253,
      16.69514739229025,
      17.11310657596372,
      17.531065759637187,
      17.972244897959182,
      18.413424036281178,
      18.83138321995465,
      19.249342403628116,
      19.667301587301587,
      20.085260770975058,
      20.503219954648525,
      20.921179138321996,
      21.36235827664399,
      21.803537414965987,
      22.244716553287983,
      22.709115646258503,
      23.173514739229024,
      23.61469387755102,
      24.055873015873015,
      24.450612244897957,
      24.86857142857143,
      25.2865306122449,
      25.704489795918366,
      26.122448979591837,
      26.540408163265305,
      26.958367346938775,
      27.39954648526077
    ],
    "onset_times": [
      0.13931972789115646,
      0.3250793650793651,
      0.5340589569160997,
      0.7662585034013606,
      1.1609977324263039,
      1.3931972789115645,
      1.6021768707482993,
      1.787936507936508,
      2.020136054421769,
      2.461315192743764,
      2.8560544217687074,
      3.320453514739229,
      3.622312925170068,
      3.7384126984126986,
      4.156371882086168,
      4.597551020408163,
      4.829750566893424,
      5.2477097505668935,
      5.479909297052155,
      5.688888888888889,
      5.897868480725624,
      6.315827664399093,
      6.548027210884354,
      6.757006802721088,
      6.965986394557823,
      7.174965986394557,
      7.616145124716553,
      8.057324263038549,
      8.266303854875284,
      8.498503401360544,
      8.70748299319728,
      8.93968253968254,
      9.148662131519274,
      9.357641723356009,
      9.496961451247165,
      9.798820861678005,
      10.00780045351474,
      10.24,
      10.425759637188209,
      10.65795918367347,
      11.075918367346938,
      11.517097505668934,
      11.749297052154194,
      11.981496598639456,
      12.120816326530612,
      12.376235827664399,
      12.585215419501134,
      12.794195011337868,
      13.235374149659863,
      13.467573696145125,
      13.676553287981859,
      13.885532879818594,
      14.094512471655328,
      14.535691609977324,
      14.953650793650795,
      15.185850340136055,
      15.394829931972788,
      15.603809523809524,
      15.81278911564626,
      16.04498866213152,
      16.253968253968253,
      16.671927437641724,
      17.08988662131519,
      17.322086167800453,
      17.531065759637187,
      17.972244897959182,
      18.599183673469387,
      19.435102040816325,
      19.644081632653062,
      20.29424036281179,
      20.688979591836734,
      20.851519274376418,
      20.990839002267574,
      21.339138321995463,
      21.455238095238094,
      21.61777777777778,
      22.035736961451246,
      22.31437641723356,
      22.430476190476192,
      22.84843537414966,
      23.173514739229024,
      23.521814058956917,
      23.637913832199548,
      24.055873015873015,
      24.288072562358277,
      24.427392290249433,
      24.68281179138322,
      24.91501133786848,
      25.26331065759637,
      25.518730158730158,
      25.797369614512473,
      26.122448979591837,
      26.51718820861678,
      26.93514739229025,
      27.58530612244898,
      27.817505668934242,
      28.0497052154195,
      28.212244897959184,
      28.65342403628118,
      29.071383219954647,
      29.53578231292517
    ],
    "rhythm_regularity": 0.9668283368682441,
    "syncopation_index": 0.42574257425742573,
    "beat_count": 64,
    "onset_count": 101
  },
  "harmony": {
    "chroma_mean": [
      0.3768269419670105,
      0.4495985209941864,
      0.7441079020500183,
      0.3794752061367035,
      0.541069507598877,
      0.38860592246055603,
      0.47670555114746094,
      0.510276734828949,
      0.41237184405326843,
      0.6455992460250854,
      0.4096997082233429,
      0.4579424560070038
    ],
    "chroma_std": [
      0.1980152428150177,
      0.22692513465881348,
      0.24733565747737885,
      0.20184703171253204,
      0.2934022545814514,
      0.22961722314357758,
      0.26199671626091003,
      0.28363490104675293,
      0.22680144011974335,
      0.2602361738681793,
      0.22404499351978302,
      0.2578434944152832
    ],
    "key_estimation": {
      "key": "C_major",
      "confidence": 0.06796730181541762
    },
    "tonal_complexity": 0.1086951196193695
  },
  "quality": {
    "snr_db": 37.671943368136134,
    "dynamic_range_db": 18.779184829114957,
    "rms_energy": 0.16306108236312866,
    "zero_crossing_rate": 0.13394492953431372
  },
  "lyrics": {
    "word_count": 167,
    "unique_word_count": 106,
    "sentence_count": 1,
    "avg_words_per_sentence": 167.0,
    "readability": null,
    "sentiment_analysis": null,
    "topic_keywords": [
      "where",
      "these",
      "we're",
      "you",
      "can",
      "way",
      "out",
      "don't",
      "ever",
      "want"
    ],
    "repetition_analysis": {
      "repetition_ratio": 0.3652694610778443,