{
  "track_id": "Ich_kann_dich_nicht_vergessen_-_Wingenbach_Frank",
  "provenance": {
    "original_audio_path": "../../jamando_processed/transcoded/Ich_kann_dich_nicht_vergessen_-_Wingenbach_Frank.wav",
    "original_lyrics_path": "../../data/raw/jam-alt/lyrics/Ich_kann_dich_nicht_vergessen_-_Wingenbach_Frank.txt",
    "processing_date": "2025-10-24T22:01:53.674416+00:00",
    "script_version": "1.0.0"
  },
  "audio_properties": {
    "original_sr": 22050,
    "target_sr": 44100,
    "channels": 1
  },
  "audio_features": {
    "duration_seconds": 258.0,
    "integrated_loudness_lufs": -12.25197507197705,
    "snr_percentile_db": 9.008627329734516,
    "clipping_percentage": 0.0,
    "rms_energy_mean": 0.06864956021308899,
    "rms_energy_std": 0.017635487020015717,
    "zcr_mean": 0.0873676501400576,
    "zcr_std": 0.03504171942432916,
    "spectral_centroid_mean": 3038.1833928593182,
    "spectral_bandwidth_mean": 2640.031219218074,
    "mfcc_0_mean": -205.89362923970458,
    "mfcc_0_std": 35.46020243507979,
    "mfcc_1_mean": 155.42158548488007,
    "mfcc_1_std": 18.940439170961056,
    "mfcc_2_mean": -90.54513389294496,
    "mfcc_2_std": 11.27635604639236,
    "mfcc_3_mean": 74.25972461123445,
    "mfcc_3_std": 19.15789770646043,
    "mfcc_4_mean": -0.5704383864425752,
    "mfcc_4_std": 17.556856530114707,
    "mfcc_5_mean": 29.224935805708064,
    "mfcc_5_std": 10.249002694874957,
    "mfcc_6_mean": 14.515718765706785,
    "mfcc_6_std": 6.784670443638087,
    "mfcc_7_mean": -7.162081805345069,
    "mfcc_7_std": 9.878515618193193,
    "mfcc_8_mean": 26.578263448127796,
    "mfcc_8_std": 8.711800357470805,
    "mfcc_9_mean": -9.582451751472005,
    "mfcc_9_std": 8.666672250386041,
    "mfcc_10_mean": 16.860747811546887,
    "mfcc_10_std": 6.728821625196203,
    "mfcc_11_mean": -2.8290743912214253,
    "mfcc_11_std": 6.131464505693158,
    "mfcc_12_mean": 0.6587959601896053,
    "mfcc_12_std": 5.750058469369913,
    "vocal_dominance_score_hpss": 0.8265976802536434
  },
  "lyrics_features": {
    "cleaned_text": "Ich werd' nicht aufh\u00f6ren Dich zu lieben In meinem Kopf sind all deine Bilder Und die Erinnerung Heilt nicht meine Wunden Ich will dich sehen f\u00fcr 'n paar Stunden Ich kann dich nicht vergessen Es gelingt mir nicht Ich warte, bis das Eis zusammenbricht Ich halt' es nicht mehr aus Es tut so weh Der Schmerz wird st\u00e4rker Wenn ich dich seh' Mit deinen blauen Augen Hast du mich verzaubert Du hast mein Herz Im Sturm erobert Du bist in meinem Herzen drin So ergibt mein Leben einen Sinn Dein L\u00e4cheln kann so sch\u00f6n sein Mein Traum brach ein Ich halt' es nicht mehr aus Es tut so weh Der Schmerz wird st\u00e4rker Wenn ich dich seh' Ich kann dich nicht vergessen Es gelingt mir nicht Ich warte, bis das Eis zusammenbricht Ich halt' es nicht mehr aus Es tut so weh Der Schmerz wird st\u00e4rker Wenn ich dich seh' Ich kann dich nicht vergessen Es gelingt mir nicht Ich warte, bis das Eis zusammenbricht Ich halt' es nicht mehr aus Es tut so weh Der Schmerz wird st\u00e4rker Wenn ich dich seh' Ich kann dich nicht vergessen Es gelingt mir nicht Ich warte, bis das Eis zusammenbricht",
    "language_code": "de",
    "completeness_heuristic": 1.0,
    "word_count": 198,
    "char_count": 1058,
    "sentence_count": 1,
    "type_token_ratio": 0.41919191919191917
  },
  "is_high_quality": false,
  "normalized_audio_path": "processed_dataset/jam-alt/audio_rejected/Ich_kann_dich_nicht_vergessen_-_Wingenbach_Frank.wav"
}