{
  "track_id": "Intentando_Destacar_-_Sundayers_",
  "provenance": {
    "original_audio_path": "../../jamando_processed/transcoded/Intentando_Destacar_-_Sundayers_.wav",
    "original_lyrics_path": "../../data/raw/jam-alt/lyrics/Intentando_Destacar_-_Sundayers_.txt",
    "processing_date": "2025-10-24T21:58:52.240271+00:00",
    "script_version": "1.0.0"
  },
  "audio_properties": {
    "original_sr": 22050,
    "target_sr": 44100,
    "channels": 1
  },
  "audio_features": {
    "duration_seconds": 220.02344671201814,
    "integrated_loudness_lufs": -13.342861348653418,
    "snr_percentile_db": 9.943398913856305,
    "clipping_percentage": 0.0,
    "rms_energy_mean": 0.07239270955324173,
    "rms_energy_std": 0.024993393570184708,
    "zcr_mean": 0.04874745759847246,
    "zcr_std": 0.052351203040442974,
    "spectral_centroid_mean": 2106.3677658843526,
    "spectral_bandwidth_mean": 2447.6900529754057,
    "mfcc_0_mean": -255.83525367150327,
    "mfcc_0_std": 79.1320002911434,
    "mfcc_1_mean": 165.8440556472487,
    "mfcc_1_std": 32.98594817960427,
    "mfcc_2_mean": -38.03554478153214,
    "mfcc_2_std": 31.688155758798878,
    "mfcc_3_mean": 68.0378020226415,
    "mfcc_3_std": 23.398442830426617,
    "mfcc_4_mean": -4.000165763426922,
    "mfcc_4_std": 15.903178136404938,
    "mfcc_5_mean": 14.259040775836215,
    "mfcc_5_std": 12.790584204747299,
    "mfcc_6_mean": 7.366199489269372,
    "mfcc_6_std": 10.765386513891084,
    "mfcc_7_mean": -9.482904291359855,
    "mfcc_7_std": 10.81269940069464,
    "mfcc_8_mean": 16.66414817323333,
    "mfcc_8_std": 11.67851740848094,
    "mfcc_9_mean": -16.258525196514917,
    "mfcc_9_std": 10.27394033275703,
    "mfcc_10_mean": 8.405228170715162,
    "mfcc_10_std": 10.068306192193079,
    "mfcc_11_mean": 2.8594944568960026,
    "mfcc_11_std": 8.388718799375152,
    "mfcc_12_mean": -5.080628976797923,
    "mfcc_12_std": 8.43281696152554,
    "vocal_dominance_score_hpss": 0.7835903750723819
  },
  "lyrics_features": {
    "cleaned_text": "Mira, se van, corre, \u00bfd\u00f3nde van? No pierdas ni un segundo que lo vas a alcanzar Y cuando llegues, si es que llegas, ya te has ido y has venido P\u00e1rate a descansar Mira, se van, corre, \u00bfd\u00f3nde van? Tus sue\u00f1os huyeron Mientras corr\u00edas sin dudar a toda prisa Intentando destacar Intentando Destacar Intentando Destacar Mira, se van, corre, \u00bfd\u00f3nde van? No pierdas ni un segundo que lo vas a alcanzar Y cuando llegues, si es que llegas, no te olvides Pararte a descansar Mira, se van, corre, \u00bfd\u00f3nde van? Tus sue\u00f1os huyeron, los dejaste escapar Mientras corr\u00edas sin dudar a toda prisa Intentando destacar Intentando Destacar Intentando Busca un hueco en la agenda y sonr\u00ede otra ve' (Uh-uh-uh, uh-uh-uh, uh-uh-uh-uh) Que no te hunda el ritmo que lleva ese tren (Uh-uh-uh, uh-uh-uh, uh-uh-uh-uh) \u00bfDe qu\u00e9 sirve vivir ahogado y con estr\u00e9s? (Uh-uh-uh, uh-uh-uh, uh-uh-uh-uh) Esclavo de tu tiempo, hazlo al rev\u00e9s (Uh-uh-uh, uh) Mira, se van, corre, \u00bfd\u00f3nde van? No pierdas ni un segundo que lo vas a alcanzar Y cuando llegues, si es que llegas, no te olvides Pararte a descansar Mira, se van, corre, \u00bfd\u00f3nde van? Tus sue\u00f1os huyeron Mientras corr\u00edas sin dudar a toda prisa Intentando destacar",
    "language_code": "es",
    "completeness_heuristic": 1.0,
    "word_count": 201,
    "char_count": 1175,
    "sentence_count": 8,
    "type_token_ratio": 0.4079601990049751
  },
  "is_high_quality": false,
  "normalized_audio_path": "processed_dataset/jam-alt/audio_rejected/Intentando_Destacar_-_Sundayers_.wav"
}