{
  "track_id": "Intro_[Pulsschlag]_-_Zeugen_der_Leere_(2)",
  "provenance": {
    "original_audio_path": "../../jamando_processed/transcoded/Intro_[Pulsschlag]_-_Zeugen_der_Leere_(2).wav",
    "original_lyrics_path": "../../data/raw/jam-alt/lyrics/Intro_[Pulsschlag]_-_Zeugen_der_Leere_(2).txt",
    "processing_date": "2025-10-24T21:58:20.382489+00:00",
    "script_version": "1.0.0"
  },
  "audio_properties": {
    "original_sr": 22050,
    "target_sr": 44100,
    "channels": 1
  },
  "audio_features": {
    "duration_seconds": 157.37142857142857,
    "integrated_loudness_lufs": -11.857524950507802,
    "snr_percentile_db": 9.523342831328263,
    "clipping_percentage": 0.0,
    "rms_energy_mean": 0.06689799576997757,
    "rms_energy_std": 0.02379920706152916,
    "zcr_mean": 0.06265612031999263,
    "zcr_std": 0.026317758124810395,
    "spectral_centroid_mean": 2215.5788578066954,
    "spectral_bandwidth_mean": 2179.073371784538,
    "mfcc_0_mean": -232.52137236224934,
    "mfcc_0_std": 98.44980899254993,
    "mfcc_1_mean": 185.06091578257806,
    "mfcc_1_std": 36.43365356256184,
    "mfcc_2_mean": -64.44367603873339,
    "mfcc_2_std": 39.12161758528302,
    "mfcc_3_mean": 46.67305113542118,
    "mfcc_3_std": 32.81018925408622,
    "mfcc_4_mean": -15.580680692590656,
    "mfcc_4_std": 11.840728515544932,
    "mfcc_5_mean": 13.39016778714221,
    "mfcc_5_std": 15.817917167875917,
    "mfcc_6_mean": 10.932980456791553,
    "mfcc_6_std": 9.848735205319562,
    "mfcc_7_mean": -9.825829954031185,
    "mfcc_7_std": 8.684313850562589,
    "mfcc_8_mean": 18.852776569965773,
    "mfcc_8_std": 12.948830576891288,
    "mfcc_9_mean": -9.228109140477923,
    "mfcc_9_std": 7.730088652573003,
    "mfcc_10_mean": 8.271909545717035,
    "mfcc_10_std": 9.585165860083912,
    "mfcc_11_mean": -1.4001539804047514,
    "mfcc_11_std": 7.259818065862333,
    "mfcc_12_mean": 0.574220733683861,
    "mfcc_12_std": 6.3487307359824685,
    "vocal_dominance_score_hpss": 0.8046592864251665
  },
  "lyrics_features": {
    "cleaned_text": "Durch diese W\u00e4nde dringt ein dumpfer Klang Und er f\u00fchrt uns im Kreis Was jetzt noch bleibt, ist keine Zeit zu verlieren Sind gefangen im Labyrinth Der Wille ist stark und es verlangt nach mehr Die wunde Kehle erhebt ihre Stimme Selbst wenn sich der Geist vom K\u00f6rper trennt Erf\u00fcllt uns kein Frieden dieser Welt Der Puls schl\u00e4gt schneller und der Hass nimmt die Luft Ein Feuer w\u00e4chst in unserer Brust Entflammte Gedanken trocknen die Tr\u00e4nen Das Blut verbrennt in den Venen",
    "language_code": "de",
    "completeness_heuristic": 1.0,
    "word_count": 82,
    "char_count": 470,
    "sentence_count": 1,
    "type_token_ratio": 0.9024390243902439
  },
  "is_high_quality": false,
  "normalized_audio_path": "processed_dataset/jam-alt/audio_rejected/Intro_[Pulsschlag]_-_Zeugen_der_Leere_(2).wav"
}