{
  "track_id": "Kinematic_-_Peyote",
  "provenance": {
    "original_audio_path": "../../jamando_processed/transcoded/Kinematic_-_Peyote.wav",
    "original_lyrics_path": "../../data/raw/jam-alt/lyrics/Kinematic_-_Peyote.txt",
    "processing_date": "2025-10-24T22:00:27.478240+00:00",
    "script_version": "1.0.0"
  },
  "audio_properties": {
    "original_sr": 22050,
    "target_sr": 44100,
    "channels": 1
  },
  "audio_features": {
    "duration_seconds": 183.37333333333333,
    "integrated_loudness_lufs": -10.800885671950903,
    "snr_percentile_db": 8.655478481618795,
    "clipping_percentage": 0.0,
    "rms_energy_mean": 0.07482215017080307,
    "rms_energy_std": 0.022237509489059448,
    "zcr_mean": 0.04589485151551124,
    "zcr_std": 0.028885029892038876,
    "spectral_centroid_mean": 2216.888321450158,
    "spectral_bandwidth_mean": 2535.017168636363,
    "mfcc_0_mean": -241.4045007411923,
    "mfcc_0_std": 81.09793546006165,
    "mfcc_1_mean": 165.02815154442234,
    "mfcc_1_std": 33.83616885912997,
    "mfcc_2_mean": -50.53396421780666,
    "mfcc_2_std": 32.05932335659496,
    "mfcc_3_mean": 64.28956675187773,
    "mfcc_3_std": 18.874778280926552,
    "mfcc_4_mean": -8.773352304354791,
    "mfcc_4_std": 13.953442429394174,
    "mfcc_5_mean": 21.529266490399937,
    "mfcc_5_std": 10.156271496056226,
    "mfcc_6_mean": 15.883538708132804,
    "mfcc_6_std": 11.296315389928997,
    "mfcc_7_mean": -3.8683069175803353,
    "mfcc_7_std": 11.935797141930621,
    "mfcc_8_mean": 27.97856258776895,
    "mfcc_8_std": 7.696834398728143,
    "mfcc_9_mean": -4.3446767899824446,
    "mfcc_9_std": 7.536707749895324,
    "mfcc_10_mean": 13.568885478470127,
    "mfcc_10_std": 6.681020930930607,
    "mfcc_11_mean": 0.6767038857803162,
    "mfcc_11_std": 7.455471487480553,
    "mfcc_12_mean": -1.5763755152539947,
    "mfcc_12_std": 7.079233232096542,
    "vocal_dominance_score_hpss": 0.8843238761889786
  },
  "lyrics_features": {
    "cleaned_text": "I'm asleep at the wheel and there's a curve in the highway Yet we tear through the night like a peyote migraine How much further is it, aching, so exquisite I hope we can stop in time Now you don't want to dance, 'cause we're looking right through you Oh-oh-oh-oh-oh, and the clothes that you wear, we don't mean to stare Now the sky is on fire and the desert is freezing Wonder how I'm alive, when I'm not even breathing How much further is it, aching, so exquisite I hope we can stop in time Now you don't want to dance, 'cause we're looking right through you Oh-oh-oh-oh-oh, and the clothes that you wear, we don't mean to stare Oh-oh-oh-oh-oh, but the people you know, they say what they want to Oh-oh-oh-oh-oh, 'cause the truth of it is, we don't really care",
    "language_code": "en",
    "completeness_heuristic": 1.0,
    "word_count": 143,
    "char_count": 763,
    "sentence_count": 1,
    "type_token_ratio": 0.5034965034965035
  },
  "is_high_quality": false,
  "normalized_audio_path": "processed_dataset/jam-alt/audio_rejected/Kinematic_-_Peyote.wav"
}