{
  "track_id": "Les_files_d'attente_-_Law'",
  "provenance": {
    "original_audio_path": "../../jamando_processed/transcoded/Les_files_d'attente_-_Law'.wav",
    "original_lyrics_path": "../../data/raw/jam-alt/lyrics/Les_files_d'attente_-_Law'.txt",
    "processing_date": "2025-10-24T21:59:52.560304+00:00",
    "script_version": "1.0.0"
  },
  "audio_properties": {
    "original_sr": 22050,
    "target_sr": 44100,
    "channels": 1
  },
  "audio_features": {
    "duration_seconds": 195.5952380952381,
    "integrated_loudness_lufs": -12.35121288540694,
    "snr_percentile_db": 8.243549752947725,
    "clipping_percentage": 0.0,
    "rms_energy_mean": 0.0774444192647934,
    "rms_energy_std": 0.026576893404126167,
    "zcr_mean": 0.026817329022732667,
    "zcr_std": 0.03066609180791551,
    "spectral_centroid_mean": 1603.584796584238,
    "spectral_bandwidth_mean": 2235.4388234180965,
    "mfcc_0_mean": -287.26421592182646,
    "mfcc_0_std": 73.69878270359003,
    "mfcc_1_mean": 176.41010846317073,
    "mfcc_1_std": 29.003802075190062,
    "mfcc_2_mean": -25.611090250702585,
    "mfcc_2_std": 26.83258514120735,
    "mfcc_3_mean": 55.5187726539495,
    "mfcc_3_std": 20.33465402138181,
    "mfcc_4_mean": -4.582839126942134,
    "mfcc_4_std": 18.199289143284595,
    "mfcc_5_mean": 20.76114866438655,
    "mfcc_5_std": 10.633542173396172,
    "mfcc_6_mean": 14.569954359060194,
    "mfcc_6_std": 11.216959854438775,
    "mfcc_7_mean": 5.207156513966468,
    "mfcc_7_std": 10.340954956543207,
    "mfcc_8_mean": 20.92223498696542,
    "mfcc_8_std": 10.83443062813371,
    "mfcc_9_mean": -10.850086457522078,
    "mfcc_9_std": 10.786518546460233,
    "mfcc_10_mean": 15.936796137053927,
    "mfcc_10_std": 9.812420339332007,
    "mfcc_11_mean": -1.5013063426515134,
    "mfcc_11_std": 8.483684398277445,
    "mfcc_12_mean": -7.826565530374945,
    "mfcc_12_std": 8.160596484817873,
    "vocal_dominance_score_hpss": 0.8770753212961332
  },
  "lyrics_features": {
    "cleaned_text": "Je me faufile en filature Le long de longues files en attente Non, je n'aime pas trop quand \u00e7a dure Alors je passe, je fraude, je tente Premi\u00e8re de ma promo, j'pr\u00e9f\u00e8re Derri\u00e8re moi, \u00e7a grogne et \u00e7a gronde La haine, moi, j'en ai rien \u00e0 faire Ils veulent juste que je leur r\u00e9ponde Allez, offrez-vous un peu d'r\u00eave (un peu d'r\u00eave) \u00c0 tous ceux qui n'font plus de tr\u00eave Allez, allez, jetez-vous dans l'ar\u00e8ne (dans l'ar\u00e8ne) Le roi est mort, vive la reine (Ouh) chacun est pour l'autre le suivant Personne ne bouge, tout l'monde attend (ouh-ouh-ouh-ouh) Marchez-vous dessus, montrez les dents Crachez-vous dessus, l'est encore temps Allez Allez, allez Allez, allez, allez Ils s'entassent tous en silence Comme des tas de vers de terre Ils ne veulent plus croire en la science Ils ont toujours peur de l'enfer Ils ne connaissent pas leur chance D'\u00eatre si \u00e0 sens unique Jamais ils ne disent ce qu'ils pensent Ils \u00e9coutent bien trop la politique Allez, offrez-vous un peu d'r\u00eave (un peu d'r\u00eave) \u00c0 tous ceux qui n'font plus de tr\u00eave Allez, allez, jetez-vous dans l'ar\u00e8ne (dans l'ar\u00e8ne) Le roi est mort, vive la reine (Ouh) chacun est pour l'autre le suivant Personne ne bouge, tout l'monde attend (ouh-ouh-ouh-ouh) Marchez-vous dessus, montrez les dents Crachez-vous dessus, l'est encore temps Allez, allez Allez, allez Allez, allez ! Allez ! Ouh-ouh, ouh-ouh-ouh-ouh Ouh-ouh, ouh-ouh-ouh-ouh Ouh-ouh, ouh-ouh-ouh-ouh Ouh-ouh, ouh-ouh-ouh-ouh (wou-ouh) Ouh-ouh, ouh-ouh-ouh-ouh Ouh-ouh, ouh-ouh-ouh-ouh Ouh-ouh, ouh-ouh-ouh-ouh Ouh-ouh, ouh-ouh-ouh-ouh (Ouh) chacun est pour l'autre le suivant Personne ne bouge, tout l'monde attend (ouh-ouh-ouh-ouh) Marchez-vous dessus, montrez les dents Crachez-vous dessus, l'est encore temps",
    "language_code": "fr",
    "completeness_heuristic": 1.0,
    "word_count": 268,
    "char_count": 1718,
    "sentence_count": 3,
    "type_token_ratio": 0.47388059701492535
  },
  "is_high_quality": false,
  "normalized_audio_path": "processed_dataset/jam-alt/audio_rejected/Les_files_d'attente_-_Law'.wav"
}