{
  "track_id": "kr013b",
  "provenance": {
    "original_audio_path": "../../data/raw/CSD/korean/wav/kr013b.wav",
    "original_lyrics_path": "../../data/raw/CSD/korean/lyric/kr013b.txt",
    "processing_date": "2025-10-24T22:19:49.545057+00:00",
    "script_version": "1.0.0"
  },
  "audio_properties": {
    "original_sr": 44100,
    "target_sr": 44100,
    "channels": 2
  },
  "audio_features": {
    "duration_seconds": 4.5351473922902495e-05,
    "integrated_loudness_lufs": -Infinity,
    "snr_percentile_db": 0.6652562618255615,
    "clipping_percentage": 0.0,
    "rms_energy_mean": 2.0133772427044505e-09,
    "rms_energy_std": 0.0,
    "zcr_mean": 0.0,
    "zcr_std": 0.0,
    "spectral_centroid_mean": 8041.076464473411,
    "spectral_bandwidth_mean": 5317.081472063097,
    "mfcc_0_mean": -1131.370849609375,
    "mfcc_0_std": 0.0,
    "mfcc_1_mean": 0.0,
    "mfcc_1_std": 0.0,
    "mfcc_2_mean": 0.0,
    "mfcc_2_std": 0.0,
    "mfcc_3_mean": 0.0,
    "mfcc_3_std": 0.0,
    "mfcc_4_mean": 0.0,
    "mfcc_4_std": 0.0,
    "mfcc_5_mean": 0.0,
    "mfcc_5_std": 0.0,
    "mfcc_6_mean": 0.0,
    "mfcc_6_std": 0.0,
    "mfcc_7_mean": 0.0,
    "mfcc_7_std": 0.0,
    "mfcc_8_mean": 0.0,
    "mfcc_8_std": 0.0,
    "mfcc_9_mean": 0.0,
    "mfcc_9_std": 0.0,
    "mfcc_10_mean": 0.0,
    "mfcc_10_std": 0.0,
    "mfcc_11_mean": 0.0,
    "mfcc_11_std": 0.0,
    "mfcc_12_mean": 0.0,
    "mfcc_12_std": 0.0,
    "vocal_dominance_score_hpss": 0.4999999403953552
  },
  "lyrics_features": {
    "cleaned_text": "\ub77c\ucfe0\uce74\ub77c\ucc28 \ub77c\ucfe0\uce74\ub77c\ucc28 \uc544\ub984\ub2e4\uc6b4 \uadf8 \uc5bc\uad74 \ub77c\ucfe0\uce74\ub77c\ucc28 \ub77c\ucfe0\uce74\ub77c\ucc28 \ud76c\ud55c\ud558\ub2e4 \uadf8 \ubaa8\uc2b5 \ub77c\ucfe0\uce74\ub77c\ucc28 \ub77c\ucfe0\uce74\ub77c\ucc28 \ub2ec\uc774 \ub5a0\uc62c\ub77c \uc624\uba74 \ub77c\ucfe0\uce74\ub77c\ucc28 \ub77c\ucfe0\uce74\ub77c\ucc28 \uadf8\uc73c\ub9bd\ub2e4 \uadf8 \uc5bc\uad74 \ubcd1\uc815\ub4e4\uc774 \uc804\uc9c4\ud55c\ub2e4 \uc774 \ub9c8\uc744 \uc800 \ub9c8\uc744 \uc9c0\ub098 \uc18c\uafc9\ub180\uc774 \uc5b4\ub9b0\uc774\ub4e4 \ub6f0\uc5b4\uc640\uc11c \uccd0\ub2e4\ubcf4\uba70 \uc2f1\uae00\ubc99\uae00 \uc6c3\ub294 \uc5bc\uad74 \ubcd1\uc815\ub4e4\ub3c4 \uc2f1\uae00\ubc99\uae00 \ube68\ub798\ud130\uc758 \uc544\ub099\ub124\ub3c4 \uc6b0\ubb3c\uac00\uc758 \ucc98\ub140\ub3c4 \ub77c\ucfe0\uce74\ub77c\ucc28 \ub77c\ucfe0\uce74\ub77c\ucc28 \uc544\ub984\ub2e4\uc6b4 \uadf8 \uc5bc\uad74 \ub77c\ucfe0\uce74\ub77c\ucc28 \ub77c\ucfe0\uce74\ub77c\ucc28 \ud76c\ud55c\ud558\ub2e4 \uadf8 \ubaa8\uc2b5 \ub77c\ucfe0\uce74\ub77c\ucc28 \ub77c\ucfe0\uce74\ub77c\ucc28 \ub2ec\uc774 \ub5a0\uc62c\ub77c \uc624\uba74 \ub77c\ucfe0\uce74\ub77c\ucc28 \ub77c\ucfe0\uce74\ub77c\ucc28 \uadf8\uc73c\ub9bd\ub2e4 \uadf8 \uc5bc\uad74 \ubcd1\uc815\ub4e4\uc774 \uc804\uc9c4\ud55c\ub2e4 \uc774 \ub9c8\uc744 \uc800 \ub9c8\uc744 \uc9c0\ub098 \uc18c\uafc9\ub180\uc774 \uc5b4\ub9b0\uc774\ub4e4 \ub6f0\uc5b4\uc640\uc11c \uccd0\ub2e4\ubcf4\uba70 \uc2f1\uae00\ubc99\uae00 \uc6c3\ub294 \uc5bc\uad74 \ubcd1\uc815\ub4e4\ub3c4 \uc2f1\uae00\ubc99\uae00 \ube68\ub798\ud130\uc758 \uc544\ub099\ub124\ub3c4 \uc6b0\ubb3c\uac00\uc758 \ucc98\ub140\ub3c4 \ub77c\ucfe0\uce74\ub77c\ucc28 \ub77c\ucfe0\uce74\ub77c\ucc28 \uc544\ub984\ub2e4\uc6b4 \uadf8 \uc5bc\uad74 \ub77c\ucfe0\uce74\ub77c\ucc28 \ub77c\ucfe0\uce74\ub77c\ucc28 \ud76c\ud55c\ud558\ub2e4 \uadf8 \ubaa8\uc2b5 \ub77c\ucfe0\uce74\ub77c\ucc28 \ub77c\ucfe0\uce74\ub77c\ucc28 \ub2ec\uc774 \ub5a0\uc62c\ub77c \uc624\uba74 \ub77c\ucfe0\uce74\ub77c\ucc28 \ub77c\ucfe0\uce74\ub77c\ucc28 \uadf8\uc73c\ub9bd\ub2e4 \uadf8 \uc5bc\uad74",
    "language_code": "ko",
    "completeness_heuristic": 1.0,
    "word_count": 100,
    "char_count": 429,
    "sentence_count": 1,
    "type_token_ratio": 0.27
  },
  "is_high_quality": false,
  "normalized_audio_path": "processed_dataset/CSD/korean/audio_rejected/kr013b.wav"
}