{
  "track_id": "kr016a",
  "provenance": {
    "original_audio_path": "../../data/raw/CSD/korean/wav/kr016a.wav",
    "original_lyrics_path": "../../data/raw/CSD/korean/lyric/kr016a.txt",
    "processing_date": "2025-10-24T22:19:49.801878+00:00",
    "script_version": "1.0.0"
  },
  "audio_properties": {
    "original_sr": 44100,
    "target_sr": 44100,
    "channels": 2
  },
  "audio_features": {
    "duration_seconds": 4.5351473922902495e-05,
    "integrated_loudness_lufs": -Infinity,
    "snr_percentile_db": 0.10177861899137497,
    "clipping_percentage": 0.0,
    "rms_energy_mean": 2.730841330844669e-08,
    "rms_energy_std": 0.0,
    "zcr_mean": 0.0,
    "zcr_std": 0.0,
    "spectral_centroid_mean": 8007.705843683568,
    "spectral_bandwidth_mean": 5286.09073413607,
    "mfcc_0_mean": -1131.370849609375,
    "mfcc_0_std": 0.0,
    "mfcc_1_mean": 0.0,
    "mfcc_1_std": 0.0,
    "mfcc_2_mean": 0.0,
    "mfcc_2_std": 0.0,
    "mfcc_3_mean": 0.0,
    "mfcc_3_std": 0.0,
    "mfcc_4_mean": 0.0,
    "mfcc_4_std": 0.0,
    "mfcc_5_mean": 0.0,
    "mfcc_5_std": 0.0,
    "mfcc_6_mean": 0.0,
    "mfcc_6_std": 0.0,
    "mfcc_7_mean": 0.0,
    "mfcc_7_std": 0.0,
    "mfcc_8_mean": 0.0,
    "mfcc_8_std": 0.0,
    "mfcc_9_mean": 0.0,
    "mfcc_9_std": 0.0,
    "mfcc_10_mean": 0.0,
    "mfcc_10_std": 0.0,
    "mfcc_11_mean": 0.0,
    "mfcc_11_std": 0.0,
    "mfcc_12_mean": 0.0,
    "mfcc_12_std": 0.0,
    "vocal_dominance_score_hpss": 0.5000002980232239
  },
  "lyrics_features": {
    "cleaned_text": "\uc544\ubb34\ub9ac \uc6b0\uaca8\ubd10\ub3c4 \uc5b4\uca54 \uc218 \uc5c6\ub124 \uc800\uae30 \uac1c\ub625 \ubb34\ub364\uc774 \ub0b4 \uc9d1\uc778\uac78 \uac00\uc2b4\uc744 \ub0b4\ubc00\uc5b4\ub3c4 \uce5c\uad6c\uac00 \uc5c6\ub124 \ub178\ub798\ud558\ub358 \uc0c8\ub4e4\ub3c4 \uba40\ub9ac \ub0a0\uc544\uac00\ub124 \uac00\uc9c0\ub9c8\ub77c \uac00\uc9c0\ub9c8\ub77c \uac00\uc9c0\ub9d0\uc544\ub77c \ub098\ub97c \uc704\ud574 \ud55c\ubc88\ub9cc \ub178\ub798\ub97c \ud574\uc8fc\ub834 \ub098\ub098 \ub098\ub098\ub098\ub098 \uc4f0\ub77c\ub9b0 \uac00\uc2b4\uc548\uace0 \uc624\ub298 \ubc24\ub3c4 \uadf8\ub807\uac8c \uc6b8\ub2e4 \uc7a0\uc774 \ub4e0\ub2e4 \ub9c8\uc74c\uc744 \ub2e4 \uc8fc\uc5b4\ub3c4 \uce5c\uad6c\uac00 \uc5c6\ub124 \uc0ac\ub791\ud558\uace0 \uc2f6\uc9c0\ub9cc \ub9c8\uc74c\ubfd0\uc778\uac78 \ub098\ub294 \uac1c\ub625\ubc8c\ub808 \uc5b4\uca54 \uc218 \uc5c6\ub124 \uc190\uc744 \uc7a1\uace0 \uc2f6\uc9c0\ub9cc \ubaa8\ub450 \ub5a0\ub098\uac00\ub124 \uac00\uc9c0\ub9c8\ub77c \uac00\uc9c0\ub9c8\ub77c \uac00\uc9c0\ub9d0\uc544\ub77c \ub098\ub97c \uc704\ud574 \ud55c\ubc88\ub9cc \uc190\uc744 \uc7a1\uc544\uc8fc\ub834 \uc544\uc544 \uc678\ub85c\uc6b4 \ubc24 \uc4f0\ub77c\ub9b0 \uac00\uc2b4\uc548\uace0 \uc624\ub298 \ubc24\ub3c4 \uadf8\ub807\uac8c \uc6b8\ub2e4 \uc7a0\uc774\ub4e0\ub2e4",
    "language_code": "ko",
    "completeness_heuristic": 1.0,
    "word_count": 72,
    "char_count": 271,
    "sentence_count": 1,
    "type_token_ratio": 0.7083333333333334
  },
  "is_high_quality": false,
  "normalized_audio_path": "processed_dataset/CSD/korean/audio_rejected/kr016a.wav"
}