{
  "track_id": "kr029a",
  "provenance": {
    "original_audio_path": "../../data/raw/CSD/korean/wav/kr029a.wav",
    "original_lyrics_path": "../../data/raw/CSD/korean/lyric/kr029a.txt",
    "processing_date": "2025-10-24T22:19:50.751323+00:00",
    "script_version": "1.0.0"
  },
  "audio_properties": {
    "original_sr": 44100,
    "target_sr": 44100,
    "channels": 2
  },
  "audio_features": {
    "duration_seconds": 4.5351473922902495e-05,
    "integrated_loudness_lufs": -Infinity,
    "snr_percentile_db": 0.734939694404602,
    "clipping_percentage": 0.0,
    "rms_energy_mean": 3.766804645977118e-09,
    "rms_energy_std": 0.0,
    "zcr_mean": 0.0,
    "zcr_std": 0.0,
    "spectral_centroid_mean": 8047.430419745149,
    "spectral_bandwidth_mean": 5322.7469787651735,
    "mfcc_0_mean": -1131.370849609375,
    "mfcc_0_std": 0.0,
    "mfcc_1_mean": 0.0,
    "mfcc_1_std": 0.0,
    "mfcc_2_mean": 0.0,
    "mfcc_2_std": 0.0,
    "mfcc_3_mean": 0.0,
    "mfcc_3_std": 0.0,
    "mfcc_4_mean": 0.0,
    "mfcc_4_std": 0.0,
    "mfcc_5_mean": 0.0,
    "mfcc_5_std": 0.0,
    "mfcc_6_mean": 0.0,
    "mfcc_6_std": 0.0,
    "mfcc_7_mean": 0.0,
    "mfcc_7_std": 0.0,
    "mfcc_8_mean": 0.0,
    "mfcc_8_std": 0.0,
    "mfcc_9_mean": 0.0,
    "mfcc_9_std": 0.0,
    "mfcc_10_mean": 0.0,
    "mfcc_10_std": 0.0,
    "mfcc_11_mean": 0.0,
    "mfcc_11_std": 0.0,
    "mfcc_12_mean": 0.0,
    "mfcc_12_std": 0.0,
    "vocal_dominance_score_hpss": 0.5000000596046448
  },
  "lyrics_features": {
    "cleaned_text": "\ud770\ub208 \uc0ac\uc774\ub85c \uc370\ub9e4\ub97c \ud0c0\uace0 \ub2ec\ub9ac\ub294 \uae30\ubd84 \uc0c1\ucf8c\ub3c4 \ud558\ub2e4\uc544 \uc885\uc774 \uc6b8\ub824\uc11c \uc7a5\ub2e8 \ub9de\ucd94\ub2c8 \ud765\uaca8\uc6cc\uc11c \uc18c\ub9ac\ub192\uc5ec \ub178\ub798 \ubd80\ub978\ub2e4 \uc885\uc18c\ub9ac \uc6b8\ub824\ub77c \uc885\uc18c\ub9ac \uc6b8\ub824 \uc6b0\ub9ac \uc370\ub9e4 \ube68\ub9ac \ub2ec\ub824 \uc885\uc18c\ub9ac \uc6b8\ub824\ub77c \uc885\uc18c\ub9ac \uc6b8\ub824\ub77c \uc885\uc18c\ub9ac \uc6b8\ub824 \uae30\uc05c \ub178\ub798 \ubd80\ub974\uba74\uc11c \ube68\ub9ac \ub2ec\ub9b0\ub2e4 \ud770\ub208 \uc0ac\uc774\ub85c \uc370\ub9e4\ub97c \ud0c0\uace0 \ub2ec\ub9ac\ub294 \uae30\ubd84 \uc0c1\ucf8c\ub3c4 \ud558\ub2e4\uc544 \uc885\uc774 \uc6b8\ub824\uc11c \uc7a5\ub2e8 \ub9de\ucd94\ub2c8 \ud765\uaca8\uc6cc\uc11c \uc18c\ub9ac\ub192\uc5ec \ub178\ub798 \ubd80\ub978\ub2e4 \uc885\uc18c\ub9ac \uc6b8\ub824\ub77c \uc885\uc18c\ub9ac \uc6b8\ub824 \uc6b0\ub9ac \uc370\ub9e4 \ube68\ub9ac \ub2ec\ub824 \uc885\uc18c\ub9ac \uc6b8\ub824\ub77c \uc885\uc18c\ub9ac \uc6b8\ub824\ub77c \uc885\uc18c\ub9ac \uc6b8\ub824 \uae30\uc05c \ub178\ub798 \ubd80\ub974\uba74\uc11c \ube68\ub9ac \ub2ec\ub9b0\ub2e4",
    "language_code": "ko",
    "completeness_heuristic": 1.0,
    "word_count": 70,
    "char_count": 255,
    "sentence_count": 1,
    "type_token_ratio": 0.37142857142857144
  },
  "is_high_quality": false,
  "normalized_audio_path": "processed_dataset/CSD/korean/audio_rejected/kr029a.wav"
}