{
  "track_id": "kr031b",
  "provenance": {
    "original_audio_path": "../../data/raw/CSD/korean/wav/kr031b.wav",
    "original_lyrics_path": "../../data/raw/CSD/korean/lyric/kr031b.txt",
    "processing_date": "2025-10-24T22:19:50.096323+00:00",
    "script_version": "1.0.0"
  },
  "audio_properties": {
    "original_sr": 44100,
    "target_sr": 44100,
    "channels": 2
  },
  "audio_features": {
    "duration_seconds": 4.5351473922902495e-05,
    "integrated_loudness_lufs": -Infinity,
    "snr_percentile_db": 17.05348777770996,
    "clipping_percentage": 0.0,
    "rms_energy_mean": 1.405446314883818e-10,
    "rms_energy_std": 0.0,
    "zcr_mean": 0.00048828125,
    "zcr_std": 0.0,
    "spectral_centroid_mean": 11648.730720835754,
    "spectral_bandwidth_mean": 6331.377798380066,
    "mfcc_0_mean": -1131.370849609375,
    "mfcc_0_std": 0.0,
    "mfcc_1_mean": 0.0,
    "mfcc_1_std": 0.0,
    "mfcc_2_mean": 0.0,
    "mfcc_2_std": 0.0,
    "mfcc_3_mean": 0.0,
    "mfcc_3_std": 0.0,
    "mfcc_4_mean": 0.0,
    "mfcc_4_std": 0.0,
    "mfcc_5_mean": 0.0,
    "mfcc_5_std": 0.0,
    "mfcc_6_mean": 0.0,
    "mfcc_6_std": 0.0,
    "mfcc_7_mean": 0.0,
    "mfcc_7_std": 0.0,
    "mfcc_8_mean": 0.0,
    "mfcc_8_std": 0.0,
    "mfcc_9_mean": 0.0,
    "mfcc_9_std": 0.0,
    "mfcc_10_mean": 0.0,
    "mfcc_10_std": 0.0,
    "mfcc_11_mean": 0.0,
    "mfcc_11_std": 0.0,
    "mfcc_12_mean": 0.0,
    "mfcc_12_std": 0.0,
    "vocal_dominance_score_hpss": 0.5
  },
  "lyrics_features": {
    "cleaned_text": "\ud30c\ub780 \ud558\ub298 \ud30c\ub780 \ud558\ub298 \uafc8\uc774 \ub4dc\ub9ac\uc6b4 \ud478\ub978 \uc5b8\ub355\uc5d0 \uc544\uae30 \uc5fc\uc18c \uc5ec\ub7ff\uc774 \ud480\uc744 \ub72f\uace0 \ub180\uc544\uc694 \ud574\ucc98\ub7fc \ubc1d\uc740 \uc5bc\uad74\ub85c \ube57\ubc29\uc6b8\uc774 \ub69d\ub69d\ub69d\ub69d \ub5a8\uc5b4\uc9c0\ub294 \ub0a0\uc5d0\ub294 \uc794\ub729 \ucc21\uadf8\ub9b0 \uc5bc\uad74\ub85c \uc5c4\ub9c8 \ucc3e\uc544 \uc73c\uc74c\ub9e4 \uc544\ube60 \ucc3e\uc544 \uc73c\uc74c\ub9e4 \uc6b8\uc0c1\uc744 \uc9d3\ub2e4\uac00 \ud574\uac00 \ubc18\uc9dd \uacf1\uac8c \ud53c\uc5b4\ub098\uba74 \ub108\ubb34\ub098 \uae30\ub2e4\ub838\ub098 \ubd10 \ud3f4\uc9dd\ud3f4\uc9dd \ucf69\ucf69\ucf69 \ud754\ub4e4\ud754\ub4e4 \ucf69\ucf69\ucf69 \uc2e0\ub098\ub294 \uc544\uae30 \uc5fc\uc18c\ub4e4 \ud30c\ub780 \ud558\ub298 \ud30c\ub780 \ud558\ub298 \uafc8\uc774 \ub4dc\ub9ac\uc6b4 \ud478\ub978 \uc5b8\ub355\uc5d0 \uc544\uae30 \uc5fc\uc18c \uc5ec\ub7ff\uc774 \ud480\uc744 \ub72f\uace0 \ub180\uc544\uc694 \ud574\ucc98\ub7fc \ubc1d\uc740 \uc5bc\uad74\ub85c \ube57\ubc29\uc6b8\uc774 \ub69d\ub69d\ub69d\ub69d \ub5a8\uc5b4\uc9c0\ub294 \ub0a0\uc5d0\ub294 \uc794\ub729 \ucc21\uadf8\ub9b0 \uc5bc\uad74\ub85c \uc5c4\ub9c8 \ucc3e\uc544 \uc73c\uc74c\ub9e4 \uc544\ube60 \ucc3e\uc544 \uc73c\uc74c\ub9e4 \uc6b8\uc0c1\uc744 \uc9d3\ub2e4\uac00 \ud574\uac00 \ubc18\uc9dd \uacf1\uac8c \ud53c\uc5b4\ub098\uba74 \ub108\ubb34\ub098 \uae30\ub2e4\ub838\ub098 \ubd10 \ud3f4\uc9dd\ud3f4\uc9dd \ucf69\ucf69\ucf69 \ud754\ub4e4\ud754\ub4e4 \ucf69\ucf69\ucf69 \uc2e0\ub098\ub294 \uc544\uae30 \uc5fc\uc18c\ub4e4",
    "language_code": "ko",
    "completeness_heuristic": 1.0,
    "word_count": 92,
    "char_count": 337,
    "sentence_count": 1,
    "type_token_ratio": 0.42391304347826086
  },
  "is_high_quality": true,
  "normalized_audio_path": "processed_dataset/CSD/korean/audio_normalized/kr031b.wav"
}