{
  "track_id": "kr038a",
  "provenance": {
    "original_audio_path": "../../data/raw/CSD/korean/wav/kr038a.wav",
    "original_lyrics_path": "../../data/raw/CSD/korean/lyric/kr038a.txt",
    "processing_date": "2025-10-24T22:19:49.764979+00:00",
    "script_version": "1.0.0"
  },
  "audio_properties": {
    "original_sr": 44100,
    "target_sr": 44100,
    "channels": 2
  },
  "audio_features": {
    "duration_seconds": 4.5351473922902495e-05,
    "integrated_loudness_lufs": -Infinity,
    "snr_percentile_db": 0.3456073999404907,
    "clipping_percentage": 0.0,
    "rms_energy_mean": 2.523728337422426e-09,
    "rms_energy_std": 0.0,
    "zcr_mean": 0.0,
    "zcr_std": 0.0,
    "spectral_centroid_mean": 8017.661017542069,
    "spectral_bandwidth_mean": 5295.645602421934,
    "mfcc_0_mean": -1131.370849609375,
    "mfcc_0_std": 0.0,
    "mfcc_1_mean": 0.0,
    "mfcc_1_std": 0.0,
    "mfcc_2_mean": 0.0,
    "mfcc_2_std": 0.0,
    "mfcc_3_mean": 0.0,
    "mfcc_3_std": 0.0,
    "mfcc_4_mean": 0.0,
    "mfcc_4_std": 0.0,
    "mfcc_5_mean": 0.0,
    "mfcc_5_std": 0.0,
    "mfcc_6_mean": 0.0,
    "mfcc_6_std": 0.0,
    "mfcc_7_mean": 0.0,
    "mfcc_7_std": 0.0,
    "mfcc_8_mean": 0.0,
    "mfcc_8_std": 0.0,
    "mfcc_9_mean": 0.0,
    "mfcc_9_std": 0.0,
    "mfcc_10_mean": 0.0,
    "mfcc_10_std": 0.0,
    "mfcc_11_mean": 0.0,
    "mfcc_11_std": 0.0,
    "mfcc_12_mean": 0.0,
    "mfcc_12_std": 0.0,
    "vocal_dominance_score_hpss": 0.5000000596046448
  },
  "lyrics_features": {
    "cleaned_text": "\ucd08\ub85d\ube5b \ubc14\ub2f7\ubb3c\uc5d0 \ub450 \uc190\uc744 \ub2f4\uadf8\uc73c\uba74 \ucd08\ub85d\ube5b \ubc14\ub2f7\ubb3c\uc5d0 \ub450 \uc190\uc744 \ub2f4\uadf8\uba74 \ud30c\uc544\ub780 \ud558\ub298\ube5b \ubb34\uc6b8\uc774 \ub4e4\uc9c0\uc694 \uc5b4\uc5ec\uc05c \ucd08\ub85d\ube5b \uc18c\uc628\uc774 \ub418\uc9c0\uc694 \ucd08\ub85d\ube5b \uc5ec\uc6b8\ubb3c\uc5d0 \ub450\uc6b0\ubc1c\uc744 \ub2f4\uadf8\uba74 \ubb3c\uacb0\uc774 \uc0ac\uc54c\ub791 \uc5b4\ub8e8\ub9cc\uc838\uc5b4\uc694 \ubb3c\uacb0\uc774 \uc0ac\uc54c\ub791 \uc5b4\ub8e8\ub9cc\uc838\uc694 \ucd08\ub85d\ube5b \ubc14\ub2f7\ubb3c\uc5d0 \ub450 \uc190\uc744 \ub2f4\uadf8\uc73c\uba74 \ucd08\ub85d\ube5b \ubc14\ub2f7\ubb3c\uc5d0 \ub450 \uc190\uc744 \ub2f4\uadf8\uba74 \ud30c\uc544\ub780 \ud558\ub298\ube5b \ubb34\uc6b8\uc774 \ub4e4\uc9c0\uc694 \uc5b4\uc5ec\uc05c \ucd08\ub85d\ube5b \uc18c\uc628\uc774 \ub418\uc9c0\uc694 \ucd08\ub85d\ube5b \uc5ec\uc6b8\ubb3c\uc5d0 \ub450\uc6b0\ubc1c\uc744 \ub2f4\uadf8\uba74 \ubb3c\uacb0\uc774 \uc0ac\uc54c\ub791 \uc5b4\ub8e8\ub9cc\uc838\uc5b4\uc694 \ubb3c\uacb0\uc774 \uc0ac\uc54c\ub791 \uc5b4\ub8e8\ub9cc\uc838\uc694",
    "language_code": "ko",
    "completeness_heuristic": 1.0,
    "word_count": 56,
    "char_count": 231,
    "sentence_count": 1,
    "type_token_ratio": 0.3392857142857143
  },
  "is_high_quality": false,
  "normalized_audio_path": "processed_dataset/CSD/korean/audio_rejected/kr038a.wav"
}