{
  "mfcc_mean": [
    -91.17387390136719,
    57.53513717651367,
    11.049639701843262,
    22.446062088012695,
    8.380023002624512,
    11.286741256713867,
    10.011561393737793,
    8.545599937438965,
    -4.739838123321533,
    10.300625801086426,
    1.7416744232177734,
    6.9242706298828125,
    0.35360026359558105
  ],
  "mfcc_std": [
    86.6712646484375,
    33.76195526123047,
    27.407564163208008,
    24.11056137084961,
    16.9584903717041,
    15.605427742004395,
    13.78789234161377,
    13.071406364440918,
    12.96701717376709,
    11.490254402160645,
    9.659350395202637,
    10.273690223693848,
    10.674699783325195
  ],
  "spectral_centroid_mean": 2835.540647975896,
  "spectral_centroid_std": 1109.8259629027937,
  "spectral_bandwidth_mean": 2840.3802143255084,
  "spectral_bandwidth_std": 461.8702302573783,
  "spectral_rolloff_mean": 6184.473388510938,
  "spectral_rolloff_std": 1900.3591477788766,
  "spectral_flux_mean": 16492.03125,
  "spectral_flux_std": 18713.685546875,
  "spectral_flatness_mean": 0.03411920741200447,
  "spectral_flatness_std": 0.06000221520662308,
  "spectral_slope_mean": -0.0001782483741140789,
  "spectral_spread_mean": 2840.3802149711196,
  "spectral_skewness_mean": 1.1221408986412078,
  "spectral_kurtosis_mean": 3.7137322333425633
}