{
  "chroma_mean": [
    0.21453489363193512,
    0.5093404054641724,
    0.20707900822162628,
    0.22817280888557434,
    0.3468993306159973,
    0.21480563282966614,
    0.4650629162788391,
    0.1932549774646759,
    0.32539817690849304,
    0.2783733308315277,
    0.24558119475841522,
    0.36457812786102295
  ],
  "chroma_std": [
    0.17955639958381653,
    0.3521830141544342,
    0.16242507100105286,
    0.18736585974693298,
    0.34510326385498047,
    0.15391063690185547,
    0.3655197024345398,
    0.14221149682998657,
    0.23899289965629578,
    0.25456222891807556,
    0.21695487201213837,
    0.35543546080589294
  ],
  "key_estimation": {
    "key": "C_major",
    "confidence": -0.512345235553869
  },
  "tonal_complexity": 0.100523442029953
}