{
  "tempo_bpm": 80.74951171875,
  "tempo_confidence": 0.969964751293976,
  "beat_positions": [
    1.230657596371882,
    1.9272562358276644,
    2.693514739229025,
    3.4133333333333336,
    4.08671201814059,
    4.922630385487528,
    5.642448979591837,
    6.3854875283446715,
    7.151746031746032,
    7.894784580498866,
    8.6378231292517,
    9.380861678004536,
    10.12390022675737,
    10.843718820861678,
    11.586757369614512,
    12.353015873015874,
    13.072834467120181,
    13.815873015873017,
    14.55891156462585,
    15.301950113378684,
    16.021768707482995,
    16.741587301587302,
    17.484625850340137,
    18.250884353741498,
    18.99392290249433,
    19.736961451247165,
    20.503219954648525,
    21.223038548752836,
    21.989297052154196,
    22.709115646258503,
    23.45215419501134,
    24.102312925170068,
    24.891791383219953,
    25.611609977324264,
    26.40108843537415,
    27.144126984126984,
    27.88716553287982,
    28.63020408163265,
    29.373242630385487
  ],
  "onset_times": [
    0.16253968253968254,
    0.4179591836734694,
    0.4876190476190476,
    0.7894784580498866,
    0.8591383219954648,
    1.207437641723356,
    1.555736961451247,
    1.6021768707482993,
    1.9272562358276644,
    2.3219954648526078,
    2.670294784580499,
    3.0418140589569163,
    3.320453514739229,
    3.4133333333333336,
    3.7848526077097504,
    3.8312925170068026,
    4.040272108843538,
    4.179591836734694,
    4.272471655328798,
    4.435011337868481,
    4.504671201814059,
    4.574331065759637,
    4.713650793650793,
    4.783310657596372,
    4.922630385487528,
    5.061950113378685,
    5.131609977324263,
    5.317369614512471,
    5.456689342403628,
    5.642448979591837,
    6.03718820861678,
    6.15328798185941,
    6.246167800453515,
    6.3854875283446715,
    6.431927437641724,
    6.5712471655328795,
    6.780226757369615,
    6.873106575963718,
    7.012426303854875,
    7.151746031746032,
    7.337505668934241,
    7.523265306122449,
    7.685804988662132,
    7.87156462585034,
    8.17342403628118,
    8.266303854875284,
    8.452063492063493,
    8.568163265306122,
    8.6378231292517,
    9.009342403628118,
    9.05578231292517,
    9.125442176870749,
    9.195102040816327,
    9.311201814058958,
    9.404081632653062,
    9.520181405895691,
    9.775600907029478,
    10.100680272108843,
    10.147120181405896,
    10.309659863945578,
    10.47219954648526,
    10.565079365079365,
    10.704399092970522,
    11.075918367346938,
    11.23845804988662,
    11.563537414965987,
    12.167256235827665,
    12.353015873015874,
    12.49233560090703,
    12.72453514739229,
    12.770975056689343,
    12.933514739229025,
    13.049614512471654,
    13.235374149659863,
    13.421133786848072,
    13.583673469387755,
    13.815873015873017,
    13.955192743764172,
    14.187392290249432,
    14.32671201814059,
    14.55891156462585,
    14.814331065759637,
    15.023310657596372,
    15.069750566893424,
    15.27873015873016,
    15.441269841269841,
    15.673469387755102,
    15.998548752834466,
    16.370068027210884,
    16.555827664399093,
    16.741587301587302,
    16.880907029478458,
    17.136326530612244,
    17.29886621315193,
    17.484625850340137,
    17.76326530612245,
    17.832925170068027,
    17.99546485260771,
    18.297324263038547,
    18.622403628117915,
    18.668843537414965,
    18.784943310657596,
    18.99392290249433,
    19.319002267573698,
    19.388662131519276,
    19.574421768707484,
    19.736961451247165,
    19.922721088435374,
    20.108480725623583,
    20.317460317460316,
    20.433560090702947,
    20.503219954648525,
    20.688979591836734,
    20.851519274376418,
    20.990839002267574,
    21.199818594104308,
    21.31591836734694,
    21.455238095238094,
    21.640997732426303,
    21.78031746031746,
    21.966077097505668,
    22.267936507936508,
    22.54657596371882,
    22.68589569160998,
    23.103854875283446,
    23.2431746031746,
    23.336054421768708,
    23.42893424036281,
    23.637913832199548,
    23.800453514739228,
    23.870113378684806,
    24.03265306122449,
    24.102312925170068,
    24.38095238095238,
    24.56671201814059,
    24.706031746031748,
    24.86857142857143,
    25.26331065759637,
    25.402630385487527,
    25.588390022675735,
    25.658049886621317,
    26.02956916099773,
    26.40108843537415,
    26.540408163265305,
    26.772607709750567,
    26.911927437641722,
    27.422766439909296,
    27.538866213151927,
    27.86394557823129,
    28.026485260770976,
    28.305124716553287,
    28.490884353741496,
    28.63020408163265,
    28.908843537414967,
    29.024943310657598,
    29.350022675736962
  ],
  "rhythm_regularity": 0.9581885826425087,
  "syncopation_index": 0.6987179487179487,
  "beat_count": 39,
  "onset_count": 156
}