{
  "mfcc_mean": [
    -177.1033477783203,
    104.00108337402344,
    11.976639747619629,
    29.14048957824707,
    17.678512573242188,
    10.832179069519043,
    6.113255023956299,
    11.59285831451416,
    0.5893328189849854,
    3.9256999492645264,
    -1.813210368156433,
    0.668776273727417,
    0.16823168098926544
  ],
  "mfcc_std": [
    67.001708984375,
    37.18846893310547,
    29.58578872680664,
    14.835933685302734,
    13.771941184997559,
    12.614357948303223,
    10.869729042053223,
    8.987403869628906,
    11.521448135375977,
    10.53311824798584,
    8.473043441772461,
    7.682473182678223,
    8.28376293182373
  ],
  "spectral_centroid_mean": 1835.8778069253517,
  "spectral_centroid_std": 851.24056054935,
  "spectral_bandwidth_mean": 2350.7128199717363,
  "spectral_bandwidth_std": 608.558558099941,
  "spectral_rolloff_mean": 4077.7509642883447,
  "spectral_rolloff_std": 2032.587555243255,
  "spectral_flux_mean": 2220.22607421875,
  "spectral_flux_std": 2798.914794921875,
  "spectral_flatness_mean": 0.00908593274652958,
  "spectral_flatness_std": 0.03585202246904373,
  "spectral_slope_mean": -0.0003660604757789502,
  "spectral_spread_mean": 2350.7128227941785,
  "spectral_skewness_mean": 1.9845054238777164,
  "spectral_kurtosis_mean": 7.441176659944505
}