{
  "meta": {
    "path": "../../data/raw/MIREX-like_mood/dataset/Audio/217.mp3",
    "file_hash": "04613c058d18f20720fb4f248fd8d69d66d3297a",
    "duration_sec": 28.978503401360545,
    "sample_rate": 22050,
    "analysis_timestamp": "2025-10-24T20:16:02.701092",
    "config": {
      "sr": 22050,
      "n_fft": 2048,
      "hop_length": 512,
      "n_mels": 128,
      "n_mfcc": 13,
      "n_chroma": 12,
      "frame_length": 2048,
      "workers": 4,
      "use_crepe": false,
      "save_matrices": false,
      "save_plots": true,
      "force": true,
      "quick": false,
      "verbose": false
    },
    "processing_time_sec": 2.3588759899139404
  },
  "acoustic": {
    "mfcc_mean": [
      -241.2429962158203,
      125.12806701660156,
      20.172151565551758,
      31.363618850708008,
      10.380788803100586,
      7.279040336608887,
      -2.2773988246917725,
      8.732434272766113,
      -5.618042945861816,
      3.924527168273926,
      -0.22771574556827545,
      -1.1213818788528442,
      -0.8948696255683899
    ],
    "mfcc_std": [
      80.97727966308594,
      39.34397888183594,
      28.055200576782227,
      16.103219985961914,
      14.929604530334473,
      10.679593086242676,
      11.69144058227539,
      10.592018127441406,
      11.980202674865723,
      10.338783264160156,
      8.082348823547363,
      7.002173900604248,
      8.397822380065918
    ],
    "spectral_centroid_mean": 1451.3703759209227,
    "spectral_centroid_std": 900.1562642120166,
    "spectral_bandwidth_mean": 1988.3179894472055,
    "spectral_bandwidth_std": 590.3774920976879,
    "spectral_rolloff_mean": 2909.5512347377903,
    "spectral_rolloff_std": 2130.383754948389,
    "spectral_flux_mean": 1970.654052734375,
    "spectral_flux_std": 3501.85986328125,
    "spectral_flatness_mean": 0.006402336061000824,
    "spectral_flatness_std": 0.033982545137405396,
    "spectral_slope_mean": -0.00044049802399370215,
    "spectral_spread_mean": 1988.317989479494,
    "spectral_skewness_mean": 2.5985363920031292,
    "spectral_kurtosis_mean": 11.270199222204715
  },
  "rhythm": {
    "tempo_bpm": 78.30255681818181,
    "tempo_confidence": 0.9851170022883271,
    "beat_positions": [
      0.9287981859410431,
      1.6950566893424037,
      2.461315192743764,
      3.250793650793651,
      4.017052154195011,
      4.783310657596372,
      5.5495691609977325,
      6.339047619047619,
      7.1053061224489795,
      7.87156462585034,
      8.6378231292517,
      9.404081632653062,
      10.170340136054422,
      10.936598639455783,
      11.702857142857143,
      12.469115646258503,
      13.235374149659863,
      13.978412698412699,
      14.767891156462586,
      15.51092970521542,
      16.300408163265306,
      17.066666666666666,
      17.87936507936508,
      18.622403628117915,
      19.388662131519276,
      20.154920634920636,
      20.921179138321996,
      21.71065759637188,
      22.47691609977324,
      23.2431746031746,
      23.986213151927437
    ],
    "onset_times": [
      0.13931972789115646,
      0.5340589569160997,
      0.8126984126984127,
      0.9287981859410431,
      1.207437641723356,
      1.6950566893424037,
      2.066575963718821,
      2.461315192743764,
      2.8560544217687074,
      3.2275736961451247,
      3.4829931972789114,
      3.9938321995464854,
      4.4117913832199545,
      4.783310657596372,
      5.178049886621316,
      5.526349206349207,
      5.572789115646258,
      5.944308390022676,
      6.15328798185941,
      6.199727891156463,
      6.315827664399093,
      6.501587301587302,
      6.733786848072563,
      6.780226757369615,
      7.1053061224489795,
      7.476825396825397,
      7.848344671201814,
      8.243083900226758,
      8.498503401360544,
      8.6378231292517,
      9.032562358276644,
      9.404081632653062,
      9.729160997732427,
      9.798820861678005,
      10.147120181405896,
      10.565079365079365,
      10.936598639455783,
      11.215238095238096,
      11.331337868480725,
      11.586757369614512,
      11.702857142857143,
      12.07437641723356,
      12.236916099773243,
      12.445895691609977,
      12.72453514739229,
      12.84063492063492,
      13.096054421768708,
      13.212154195011339,
      13.444353741496599,
      13.583673469387755,
      13.722993197278912,
      13.955192743764172,
      14.164172335600908,
      14.280272108843537,
      14.396371882086168,
      14.582131519274377,
      14.744671201814059,
      14.907210884353741,
      15.046530612244897,
      15.27873015873016,
      15.487709750566893,
      16.27718820861678,
      16.671927437641724,
      16.950566893424035,
      17.066666666666666,
      17.2756462585034,
      17.322086167800453,
      17.46140589569161,
      17.902585034013605,
      18.06512471655329,
      18.250884353741498,
      18.622403628117915,
      19.388662131519276,
      19.783401360544218,
      20.154920634920636,
      20.340680272108845,
      20.54965986394558,
      20.851519274376418,
      20.921179138321996,
      21.339138321995463,
      21.687437641723356,
      21.942857142857143,
      22.453696145124717,
      23.219954648526077,
      23.521814058956917,
      23.591473922902495,
      23.962993197278912,
      24.357732426303855,
      24.729251700680273,
      25.123990929705215,
      25.495510204081633,
      25.704489795918366,
      25.913469387755104,
      26.192108843537415,
      26.261768707482993,
      26.40108843537415,
      26.540408163265305,
      26.679727891156464,
      26.958367346938775,
      27.09768707482993,
      27.445986394557824,
      27.678185941043083,
      27.794285714285714,
      28.189024943310656,
      28.53732426303855
    ],
    "rhythm_regularity": 0.9803431809708529,
    "syncopation_index": 0.6857142857142857,
    "beat_count": 31,
    "onset_count": 105
  },
  "harmony": {
    "chroma_mean": [
      0.429006427526474,
      0.36991357803344727,
      0.4766010046005249,
      0.2623884379863739,
      0.2819206416606903,
      0.43418729305267334,
      0.4479461908340454,
      0.42418432235717773,
      0.28229278326034546,
      0.2740992307662964,
      0.30888304114341736,
      0.29643514752388
    ],
    "chroma_std": [
      0.3270280063152313,
      0.2710123360157013,
      0.3412197530269623,
      0.21612860262393951,
      0.22392438352108002,
      0.31446340680122375,
      0.2692369222640991,
      0.2925296127796173,
      0.2230364978313446,
      0.2207147479057312,
      0.26855674386024475,
      0.2412874400615692
    ],
    "key_estimation": {
      "key": "C_major",
      "confidence": 0.39893052480665536
    },
    "tonal_complexity": 0.07714865356683731
  },
  "quality": {
    "snr_db": 37.80460880411437,
    "dynamic_range_db": 22.03368768355652,
    "rms_energy": 0.1141311377286911,
    "zero_crossing_rate": 0.04364429043234588
  },
  "lyrics": {
    "word_count": 140,
    "unique_word_count": 70,
    "sentence_count": 68,
    "avg_words_per_sentence": 2.0588235294117645,
    "readability": null,
    "sentiment_analysis": null,
    "topic_keywords": [
      "still",
      "hello,",
      "dolly",
      "you",
      "back",
      "Youre",
      "never",
      "said",
      "her",
      "Dollyll"
    ],
    "repetition_analysis": {
      "repetition_ratio": 0.5,
      "most_common_words": [
        [
          "still",
          6
        ],
        [
          "hello,",
          4
        ],
        [
          "dolly",
          4
        ],
        [
          "you",
          4
        ],
        [
          "back",
          4
        ]
      ]
    }
  }
}