{
  "snr_db": 35.623111666889145,
  "dynamic_range_db": 14.599071586418075,
  "rms_energy": 0.2413913607597351,
  "zero_crossing_rate": 0.14390655398832686
}