{
  "snr_db": 32.141851480490935,
  "dynamic_range_db": 16.34277059605246,
  "rms_energy": 0.1929132491350174,
  "zero_crossing_rate": 0.16114541084343237
}