{
  "tempo_bpm": 135.99917763157896,
  "tempo_confidence": 0.983849889895662,
  "beat_positions": [
    0.4876190476190476,
    0.9287981859410431,
    1.3699773242630386,
    1.811156462585034,
    2.2523356009070294,
    2.670294784580499,
    3.111473922902494,
    3.5526530612244898,
    3.9706122448979593,
    4.388571428571429,
    4.85297052154195,
    5.317369614512471,
    5.735328798185941,
    6.15328798185941,
    6.5712471655328795,
    7.012426303854875,
    7.430385487528345,
    7.87156462585034,
    8.312743764172335,
    8.777142857142858,
    9.195102040816327,
    9.636281179138322,
    10.077460317460318,
    10.518639455782314,
    10.95981859410431,
    11.377777777777778,
    11.818956916099774,
    12.283356009070294,
    12.747755102040816,
    13.165714285714285,
    13.606893424036281,
    14.048072562358277,
    14.489251700680272,
    14.930430839002268,
    15.348390022675737,
    15.789569160997733,
    16.23074829931973,
    16.718367346938777,
    17.159546485260773,
    17.600725623582765,
    18.04190476190476,
    18.483083900226756,
    18.92426303854875,
    19.365442176870747,
    19.806621315192743,
    20.29424036281179,
    20.735419501133787,
    21.176598639455783,
    21.61777777777778,
    22.0821768707483,
    22.50013605442177,
    22.941315192743765,
    23.405714285714286,
    23.84689342403628,
    24.3112925170068,
    24.752471655328797,
    25.193650793650793,
    25.63482993197279,
    26.05278911564626,
    26.493968253968255,
    26.9815873015873,
    27.422766439909296,
    27.86394557823129,
    28.305124716553287,
    28.746303854875283,
    29.18748299319728,
    29.628662131519274
  ],
  "onset_times": [
    0.16253968253968254,
    0.2786394557823129,
    0.4876190476190476,
    0.6965986394557823,
    0.905578231292517,
    1.1145578231292517,
    1.1609977324263039,
    1.3699773242630386,
    1.555736961451247,
    1.811156462585034,
    2.020136054421769,
    2.2291156462585033,
    2.461315192743764,
    2.647074829931973,
    2.8792743764172335,
    3.111473922902494,
    3.297233560090703,
    3.5526530612244898,
    3.7616326530612243,
    3.9706122448979593,
    4.20281179138322,
    4.365351473922902,
    4.6439909297052155,
    4.829750566893424,
    5.085170068027211,
    5.294149659863946,
    5.526349206349207,
    5.735328798185941,
    5.921088435374149,
    6.130068027210885,
    6.339047619047619,
    6.5712471655328795,
    6.733786848072563,
    6.780226757369615,
    6.989206349206349,
    7.198185941043084,
    7.430385487528345,
    7.87156462585034,
    8.080544217687075,
    8.289523809523809,
    8.52172335600907,
    8.753922902494331,
    8.916462585034013,
    8.962902494331066,
    9.195102040816327,
    9.404081632653062,
    9.613061224489796,
    9.822040816326531,
    10.031020408163265,
    10.077460317460318,
    10.286439909297052,
    10.518639455782314,
    10.727619047619047,
    10.936598639455783,
    11.354557823129252,
    11.586757369614512,
    11.77251700680272,
    12.027936507936507,
    12.283356009070294,
    12.49233560090703,
    12.747755102040816,
    12.933514739229025,
    13.142494331065759,
    13.374693877551021,
    13.606893424036281,
    13.815873015873017,
    14.048072562358277,
    14.233832199546486,
    14.466031746031746,
    14.953650793650795,
    15.32517006802721,
    15.789569160997733,
    16.23074829931973,
    16.718367346938777,
    16.92734693877551,
    17.182766439909297,
    17.39174603174603,
    17.600725623582765,
    17.809705215419502,
    18.06512471655329,
    18.274104308390022,
    18.483083900226756,
    18.715283446712018,
    18.92426303854875,
    19.342222222222222,
    19.783401360544218,
    20.271020408163267,
    20.503219954648525,
    20.758639455782312,
    20.94439909297052,
    21.176598639455783,
    21.385578231292516,
    21.61777777777778,
    21.849977324263037,
    22.058956916099774,
    22.291156462585032,
    22.47691609977324,
    22.941315192743765,
    23.38249433106576,
    23.84689342403628,
    24.079092970521543,
    24.125532879818593,
    24.33451247165533,
    24.52027210884354,
    24.752471655328797,
    24.98467120181406,
    25.193650793650793,
    25.425850340136055,
    25.63482993197279,
    25.86702947845805,
    26.02956916099773,
    26.470748299319727,
    26.9815873015873,
    28.723083900226758,
    28.955283446712016,
    29.60544217687075
  ],
  "rhythm_regularity": 0.9628220457456953,
  "syncopation_index": 0.4482758620689655,
  "beat_count": 67,
  "onset_count": 116
}