{
  "snr_db": 36.20213011615619,
  "dynamic_range_db": 18.456423521530517,
  "rms_energy": 0.16431625187397003,
  "zero_crossing_rate": 0.14940719067630961
}