{
  "chroma_mean": [
    0.5092763900756836,
    0.3847886323928833,
    0.4172913730144501,
    0.5829229950904846,
    0.2698163390159607,
    0.35244157910346985,
    0.4676961302757263,
    0.39561009407043457,
    0.4514971375465393,
    0.402700811624527,
    0.4676412343978882,
    0.3114401698112488
  ],
  "chroma_std": [
    0.27597278356552124,
    0.22338952124118805,
    0.22932176291942596,
    0.3154526948928833,
    0.1509615033864975,
    0.21389509737491608,
    0.26874011754989624,
    0.2392934113740921,
    0.27711740136146545,
    0.23689566552639008,
    0.28463733196258545,
    0.18461793661117554
  ],
  "key_estimation": {
    "key": "C_minor",
    "confidence": 0.6212719448665156
  },
  "tonal_complexity": 0.08217687904834747
}