{
  "chroma_mean": [
    0.520213782787323,
    0.2838331162929535,
    0.36901718378067017,
    0.2770611047744751,
    0.24177972972393036,
    0.530387282371521,
    0.22086487710475922,
    0.3886885643005371,
    0.2004566788673401,
    0.31581762433052063,
    0.5261212587356567,
    0.2709657847881317
  ],
  "chroma_std": [
    0.31512248516082764,
    0.18883225321769714,
    0.26139068603515625,
    0.20725427567958832,
    0.15925396978855133,
    0.3489423096179962,
    0.17942756414413452,
    0.2769874334335327,
    0.16323868930339813,
    0.2234542965888977,
    0.3240462839603424,
    0.17933973670005798
  ],
  "key_estimation": {
    "key": "C_major",
    "confidence": 0.4841589208939611
  },
  "tonal_complexity": 0.11619056016206741
}