{
  "meta": {
    "path": "../../data/raw/MIREX-like_mood/dataset/Audio/668.mp3",
    "file_hash": "cf474a408e982b17069e480d26a9060b1353441c",
    "duration_sec": 29.58222222222222,
    "sample_rate": 22050,
    "analysis_timestamp": "2025-10-24T20:10:55.245653",
    "config": {
      "sr": 22050,
      "n_fft": 2048,
      "hop_length": 512,
      "n_mels": 128,
      "n_mfcc": 13,
      "n_chroma": 12,
      "frame_length": 2048,
      "workers": 4,
      "use_crepe": false,
      "save_matrices": false,
      "save_plots": true,
      "force": true,
      "quick": false,
      "verbose": false
    },
    "processing_time_sec": 2.878040075302124
  },
  "acoustic": {
    "mfcc_mean": [
      -98.60900115966797,
      98.59815979003906,
      6.071933746337891,
      20.835784912109375,
      10.752642631530762,
      18.093154907226562,
      -1.3024191856384277,
      0.8625990152359009,
      0.8776360750198364,
      4.735119342803955,
      -6.6140594482421875,
      1.4040850400924683,
      -0.9801250100135803
    ],
    "mfcc_std": [
      87.8898696899414,
      36.014381408691406,
      20.199867248535156,
      16.4722957611084,
      13.713258743286133,
      10.735062599182129,
      10.676115036010742,
      8.958882331848145,
      7.937951564788818,
      8.6751070022583,
      8.284971237182617,
      7.614250183105469,
      8.118631362915039
    ],
    "spectral_centroid_mean": 2184.334074157727,
    "spectral_centroid_std": 892.1710976991662,
    "spectral_bandwidth_mean": 2423.08949917405,
    "spectral_bandwidth_std": 531.2459901668145,
    "spectral_rolloff_mean": 4646.856789981618,
    "spectral_rolloff_std": 2053.2476289967826,
    "spectral_flux_mean": 4898.5771484375,
    "spectral_flux_std": 5628.07080078125,
    "spectral_flatness_mean": 0.02440963312983513,
    "spectral_flatness_std": 0.04636101424694061,
    "spectral_slope_mean": -0.0003629122741361703,
    "spectral_spread_mean": 2423.0894963274814,
    "spectral_skewness_mean": 1.70840939179551,
    "spectral_kurtosis_mean": 6.277041548445668
  },
  "rhythm": {
    "tempo_bpm": 129.19921875,
    "tempo_confidence": 0.9859545180537462,
    "beat_positions": [
      0.4179591836734694,
      0.905578231292517,
      1.3931972789115645,
      1.8808163265306121,
      2.345215419501134,
      2.809614512471655,
      3.297233560090703,
      3.7848526077097504,
      4.249251700680272,
      4.73687074829932,
      5.224489795918367,
      5.688888888888889,
      6.15328798185941,
      6.617687074829932,
      7.082086167800454,
      7.569705215419501,
      8.034104308390022,
      8.52172335600907,
      8.986122448979591,
      9.450521541950113,
      9.891700680272109,
      10.379319727891156,
      10.866938775510205,
      11.354557823129252,
      11.818956916099774,
      12.30657596371882,
      12.770975056689343,
      13.235374149659863,
      13.699773242630386,
      14.187392290249432,
      14.651791383219955,
      15.139410430839002,
      15.603809523809524,
      16.068208616780044,
      16.532607709750568,
      17.020226757369613,
      17.507845804988662,
      17.99546485260771,
      18.483083900226756,
      18.94748299319728,
      19.4118820861678,
      19.89950113378685,
      20.36390022675737,
      20.851519274376418,
      21.31591836734694,
      21.803537414965987,
      22.267936507936508,
      22.755555555555556,
      23.219954648526077,
      23.637913832199548,
      24.125532879818593,
      24.61315192743764,
      25.077551020408162,
      25.56517006802721,
      26.02956916099773,
      26.493968253968255,
      26.958367346938775,
      27.445986394557824,
      27.93360544217687,
      28.398004535147393,
      28.862403628117914
    ],
    "onset_times": [
      0.25541950113378686,
      0.4179591836734694,
      0.6965986394557823,
      0.8823582766439909,
      1.1377777777777778,
      1.3699773242630386,
      1.6253968253968254,
      1.8575963718820863,
      2.345215419501134,
      2.809614512471655,
      3.0650340136054424,
      3.297233560090703,
      3.5526530612244898,
      3.7616326530612243,
      4.063492063492063,
      4.249251700680272,
      4.551111111111111,
      4.73687074829932,
      4.96907029478458,
      5.201269841269841,
      5.456689342403628,
      5.6656689342403626,
      6.15328798185941,
      6.617687074829932,
      6.873106575963718,
      7.082086167800454,
      7.337505668934241,
      7.569705215419501,
      8.010884353741497,
      8.52172335600907,
      8.870022675736962,
      9.241541950113378,
      9.47374149659864,
      9.891700680272109,
      10.379319727891156,
      10.611519274376418,
      10.843718820861678,
      11.099138321995465,
      11.331337868480725,
      11.609977324263038,
      11.795736961451247,
      12.051156462585034,
      12.283356009070294,
      12.538775510204081,
      12.747755102040816,
      13.02639455782313,
      13.235374149659863,
      13.49079365079365,
      13.699773242630386,
      13.955192743764172,
      14.187392290249432,
      14.419591836734694,
      14.628571428571428,
      14.907210884353741,
      15.139410430839002,
      15.371609977324264,
      15.580589569160997,
      15.836009070294784,
      16.068208616780044,
      16.32362811791383,
      16.532607709750568,
      17.020226757369613,
      17.484625850340137,
      17.972244897959182,
      18.22766439909297,
      18.45986394557823,
      18.715283446712018,
      18.94748299319728,
      19.202902494331067,
      19.4118820861678,
      19.667301587301587,
      19.87628117913832,
      20.131700680272107,
      20.340680272108845,
      20.851519274376418,
      21.31591836734694,
      21.78031746031746,
      22.035736961451246,
      22.244716553287983,
      22.50013605442177,
      22.732335600907028,
      23.08063492063492,
      23.219954648526077,
      23.42893424036281,
      23.637913832199548,
      24.009433106575965,
      24.357732426303855,
      25.054331065759637,
      25.541950113378686,
      25.797369614512473,
      26.006349206349206,
      26.23854875283447,
      26.470748299319727,
      26.958367346938775,
      27.445986394557824,
      27.70140589569161,
      27.910385487528345,
      28.16580498866213,
      28.398004535147393,
      28.862403628117914,
      29.350022675736962
    ],
    "rhythm_regularity": 0.9699507553970518,
    "syncopation_index": 0.42574257425742573,
    "beat_count": 61,
    "onset_count": 101
  },
  "harmony": {
    "chroma_mean": [
      0.49952924251556396,
      0.3284755349159241,
      0.5881421566009521,
      0.5269172191619873,
      0.5035756230354309,
      0.37096625566482544,
      0.5205582976341248,
      0.7497044205665588,
      0.3034055829048157,
      0.3506992757320404,
      0.35138481855392456,
      0.44746074080467224
    ],
    "chroma_std": [
      0.3327775299549103,
      0.151824951171875,
      0.2597934305667877,
      0.20494870841503143,
      0.23224256932735443,
      0.18569767475128174,
      0.22684535384178162,
      0.2613670825958252,
      0.15275263786315918,
      0.20512941479682922,
      0.22193121910095215,
      0.2174520641565323
    ],
    "key_estimation": {
      "key": "C_major",
      "confidence": 0.4832047047392445
    },
    "tonal_complexity": 0.12435439974069595
  },
  "quality": {
    "snr_db": 35.56505406560567,
    "dynamic_range_db": 18.169095410640058,
    "rms_energy": 0.16874323785305023,
    "zero_crossing_rate": 0.09971545649509804
  },
  "lyrics": {
    "word_count": 78,
    "unique_word_count": 55,
    "sentence_count": 1,
    "avg_words_per_sentence": 78.0,
    "readability": null,
    "sentiment_analysis": null,
    "topic_keywords": [
      "You",
      "you",
      "Winchester",
      "Cathedral",
      "You're",
      "bringing",
      "down",
      "stood",
      "and",
      "watched"
    ],
    "repetition_analysis": {
      "repetition_ratio": 0.2948717948717948,