,precision,recall,f1-score,support
Cluster 1,0.35294117647058826,0.17647058823529413,0.23529411764705882,34.0
Cluster 2,0.6,0.18181818181818182,0.27906976744186046,33.0
Cluster 3,0.4166666666666667,0.6976744186046512,0.5217391304347826,43.0
Cluster 4,0.2978723404255319,0.3684210526315789,0.32941176470588235,38.0
Cluster 5,0.5428571428571428,0.5757575757575758,0.5588235294117647,33.0
accuracy,0.4143646408839779,0.4143646408839779,0.4143646408839779,0.4143646408839779
macro avg,0.44206746528398594,0.4000283634094564,0.38486766192826977,181.0
weighted avg,0.43618840506697565,0.4143646408839779,0.3900713174789437,181.0
