{
  "meta": {
    "path": "../../data/raw/MIREX-like_mood/dataset/Audio/216.mp3",
    "file_hash": "6d0f505c0ab24ab4e5e7a19a3a1cbb60945782c7",
    "duration_sec": 29.071383219954647,
    "sample_rate": 22050,
    "analysis_timestamp": "2025-10-24T20:25:08.247367",
    "config": {
      "sr": 22050,
      "n_fft": 2048,
      "hop_length": 512,
      "n_mels": 128,
      "n_mfcc": 13,
      "n_chroma": 12,
      "frame_length": 2048,
      "workers": 4,
      "use_crepe": false,
      "save_matrices": false,
      "save_plots": true,
      "force": true,
      "quick": false,
      "verbose": false
    },
    "processing_time_sec": 3.874253749847412
  },
  "acoustic": {
    "mfcc_mean": [
      -7.07077693939209,
      48.66971206665039,
      -5.567404270172119,
      18.26416015625,
      1.8171601295471191,
      3.550408363342285,
      5.040578365325928,
      6.0631561279296875,
      -2.775695323944092,
      2.099839687347412,
      0.5410701632499695,
      -1.9163180589675903,
      -7.554327487945557
    ],
    "mfcc_std": [
      55.94162368774414,
      18.793546676635742,
      16.964614868164062,
      12.74519157409668,
      9.001277923583984,
      7.771745204925537,
      8.3068208694458,
      7.684460163116455,
      7.448972702026367,
      7.101276397705078,
      7.659585952758789,
      6.6040825843811035,
      6.839779376983643
    ],
    "spectral_centroid_mean": 3491.3779283245267,
    "spectral_centroid_std": 681.7852674418492,
    "spectral_bandwidth_mean": 2899.0544703887304,
    "spectral_bandwidth_std": 307.45277749256144,
    "spectral_rolloff_mean": 7081.046913189595,
    "spectral_rolloff_std": 1274.5722775676522,
    "spectral_flux_mean": 6272.43212890625,
    "spectral_flux_std": 3272.159423828125,
    "spectral_flatness_mean": 0.07704290747642517,
    "spectral_flatness_std": 0.06738390028476715,
    "spectral_slope_mean": -0.000265337004289545,
    "spectral_spread_mean": 2899.054469954754,
    "spectral_skewness_mean": 0.7849170202145491,
    "spectral_kurtosis_mean": 2.713869861816962
  },
  "rhythm": {
    "tempo_bpm": 95.703125,
    "tempo_confidence": 0.9704383191512298,
    "beat_positions": [
      0.16253968253968254,
      0.7662585034013606,
      1.2770975056689342,
      1.787936507936508,
      2.414875283446712,
      3.0418140589569163,
      3.6919727891156464,
      4.342131519274377,
      4.992290249433107,
      5.61922902494331,
      6.2693877551020405,
      6.896326530612245,
      7.546485260770975,
      8.196643990929704,
      8.846802721088435,
      9.496961451247165,
      10.100680272108843,
      10.727619047619047,
      11.377777777777778,
      12.004716553287983,
      12.631655328798185,
      13.25859410430839,
      13.908752834467121,
      14.535691609977324,
      15.162630385487528,
      15.789569160997733,
      16.46294784580499,
      17.08988662131519,
      17.69360544217687,
      18.3437641723356,
      18.99392290249433,
      19.620861678004534,
      20.271020408163267,
      20.921179138321996,
      21.5481179138322,
      22.19827664399093,
      22.825215419501134,
      23.475374149659864,
      24.125532879818593,
      24.752471655328797,
      25.379410430839002,
      26.02956916099773,
      26.679727891156464,
      27.329886621315193,
      27.980045351473922
    ],
    "onset_times": [
      0.13931972789115646,
      0.44117913832199546,
      0.7662585034013606,
      1.0913378684807256,
      1.4164172335600906,
      1.7414965986394557,
      2.391655328798186,
      2.693514739229025,
      3.01859410430839,
      3.3668934240362813,
      3.6687528344671203,
      3.9938321995464854,
      4.31891156462585,
      4.504671201814059,
      4.6439909297052155,
      4.829750566893424,
      4.96907029478458,
      5.154829931972789,
      5.294149659863946,
      5.596009070294785,
      5.921088435374149,
      6.246167800453515,
      6.896326530612245,
      7.523265306122449,
      7.87156462585034,
      8.057324263038549,
      8.17342403628118,
      8.823582766439909,
      9.148662131519274,
      9.47374149659864,
      9.659501133786849,
      9.798820861678005,
      10.100680272108843,
      10.379319727891156,
      10.727619047619047,
      11.075918367346938,
      11.354557823129252,
      11.563537414965987,
      11.679637188208616,
      11.981496598639456,
      12.19047619047619,
      12.515555555555556,
      12.60843537414966,
      12.887074829931972,
      13.235374149659863,
      13.56045351473923,
      13.885532879818594,
      14.233832199546486,
      14.512471655328799,
      14.675011337868481,
      15.162630385487528,
      15.789569160997733,
      15.952108843537415,
      16.114648526077097,
      16.439727891156462,
      16.764807256235827,
      17.066666666666666,
      17.252426303854875,
      17.57750566893424,
      17.69360544217687,
      17.902585034013605,
      17.949024943310658,
      18.320544217687075,
      18.64562358276644,
      18.808163265306124,
      18.99392290249433,
      19.272562358276645,
      19.620861678004534,
      20.085260770975058,
      20.24780045351474,
      20.433560090702947,
      20.572879818594103,
      20.921179138321996,
      21.223038548752836,
      21.385578231292516,
      21.524897959183672,
      21.571337868480725,
      21.849977324263037,
      22.058956916099774,
      22.175056689342405,
      22.337596371882086,
      22.50013605442177,
      22.825215419501134,
      23.010975056689343,
      23.1502947845805,
      23.475374149659864,
      23.637913832199548,
      23.777233560090703,
      24.079092970521543,
      24.125532879818593,
      24.404172335600908,
      24.729251700680273,
      24.938231292517006,
      25.356190476190477,
      25.588390022675735,
      26.02956916099773,
      26.377868480725624,
      26.540408163265305,
      26.679727891156464,
      27.00480725623583,
      27.329886621315193,
      27.654965986394558,
      27.956825396825398,
      28.305124716553287,
      28.606984126984127,
      28.955283446712016
    ],
    "rhythm_regularity": 0.9518167956939505,
    "syncopation_index": 0.5660377358490566,
    "beat_count": 45,
    "onset_count": 106
  },
  "harmony": {
    "chroma_mean": [
      0.39049866795539856,
      0.5156623721122742,
      0.5726187825202942,
      0.44335171580314636,
      0.5727473497390747,
      0.4128001034259796,
      0.5011438727378845,
      0.47428739070892334,
      0.5913305282592773,
      0.6465179324150085,
      0.4831717014312744,
      0.5297645330429077
    ],
    "chroma_std": [
      0.1416945904493332,
      0.19874224066734314,
      0.2785174548625946,
      0.1587398499250412,
      0.23863568902015686,
      0.1420281082391739,
      0.21035949885845184,
      0.178497776389122,
      0.23944830894470215,
      0.2276105433702469,
      0.15728718042373657,
      0.2655118703842163
    ],
    "key_estimation": {
      "key": "C_major",
      "confidence": -0.3374388831170192
    },
    "tonal_complexity": 0.07289302349090576
  },
  "quality": {
    "snr_db": 32.910294222708984,
    "dynamic_range_db": 16.7431775420848,
    "rms_energy": 0.1869743913412094,
    "zero_crossing_rate": 0.21166310230446927
  },
  "lyrics": {
    "word_count": 125,
    "unique_word_count": 95,
    "sentence_count": 12,
    "avg_words_per_sentence": 10.416666666666666,
    "readability": null,
    "sentiment_analysis": null,
    "topic_keywords": [
      "got",
      "Friday",
      "the",
      "Monday",
      "looks",
      "I've",
      "have",
      "She",
      "Tonight...I",
      "that"
    ],
    "repetition_analysis": {
      "repetition_ratio": 0.24,
      "most_common_words": [
        [
          "got",
          3
        ],
        [
          "Friday",
          3
        ],
        [
          "the",
          3
        ],
        [
          "Monday",
          2
        ],
        [
          "looks",
          2
        ]
      ]
    }
  }
}