{
  "mfcc_mean": [
    -257.4884033203125,
    57.76960372924805,
    -13.713558197021484,
    17.418184280395508,
    -9.180367469787598,
    -8.996838569641113,
    6.489088535308838,
    -4.884337902069092,
    0.3262332081794739,
    4.729647636413574,
    -10.381168365478516,
    1.033249855041504,
    -4.030113220214844
  ],
  "mfcc_std": [
    117.67662811279297,
    40.46744155883789,
    27.361448287963867,
    28.26909828186035,
    16.145339965820312,
    18.30100440979004,
    12.747956275939941,
    14.64289665222168,
    12.463971138000488,
    11.02405834197998,
    12.641587257385254,
    8.506160736083984,
    9.123162269592285
  ],
  "spectral_centroid_mean": 2545.996766287642,
  "spectral_centroid_std": 1425.6993422229561,
  "spectral_bandwidth_mean": 2314.184694585921,
  "spectral_bandwidth_std": 506.95308151899314,
  "spectral_rolloff_mean": 4707.2804935642935,
  "spectral_rolloff_std": 2335.1669043375255,
  "spectral_flux_mean": 3083.8056640625,
  "spectral_flux_std": 5037.46630859375,
  "spectral_flatness_mean": 0.0733252763748169,
  "spectral_flatness_std": 0.15204015374183655,
  "spectral_slope_mean": -0.00029473725839979504,
  "spectral_spread_mean": 2314.184695692666,
  "spectral_skewness_mean": 1.6248059415148515,
  "spectral_kurtosis_mean": 6.5378669192262935
}