{
  "meta": {
    "path": "../../data/raw/MIREX-like_mood/dataset/Audio/841.mp3",
    "file_hash": "464910a49a15a2f0516d0f5f0941c7e16402a559",
    "duration_sec": 29.675102040816327,
    "sample_rate": 22050,
    "analysis_timestamp": "2025-10-24T20:16:14.467403",
    "config": {
      "sr": 22050,
      "n_fft": 2048,
      "hop_length": 512,
      "n_mels": 128,
      "n_mfcc": 13,
      "n_chroma": 12,
      "frame_length": 2048,
      "workers": 4,
      "use_crepe": false,
      "save_matrices": false,
      "save_plots": true,
      "force": true,
      "quick": false,
      "verbose": false
    },
    "processing_time_sec": 3.207284688949585
  },
  "acoustic": {
    "mfcc_mean": [
      -18.647174835205078,
      56.54343032836914,
      -33.566471099853516,
      31.632953643798828,
      15.819896697998047,
      16.123504638671875,
      0.42552217841148376,
      2.8350372314453125,
      -8.260791778564453,
      5.872384071350098,
      -4.381612300872803,
      0.5017350316047668,
      -5.055375576019287
    ],
    "mfcc_std": [
      56.52878189086914,
      17.64678382873535,
      13.829469680786133,
      10.084352493286133,
      8.296899795532227,
      12.4634428024292,
      7.3385090827941895,
      6.4481096267700195,
      6.107250213623047,
      5.86582088470459,
      5.417874813079834,
      6.047129154205322,
      5.313969135284424
    ],
    "spectral_centroid_mean": 2908.238056863453,
    "spectral_centroid_std": 445.32006733823664,
    "spectral_bandwidth_mean": 2417.1067128584555,
    "spectral_bandwidth_std": 284.6796660223353,
    "spectral_rolloff_mean": 5476.252160806783,
    "spectral_rolloff_std": 1074.8268851144971,
    "spectral_flux_mean": 6642.669921875,
    "spectral_flux_std": 4423.10986328125,
    "spectral_flatness_mean": 0.04154158756136894,
    "spectral_flatness_std": 0.039702676236629486,
    "spectral_slope_mean": -0.00041298990256773214,
    "spectral_spread_mean": 2417.1067127621195,
    "spectral_skewness_mean": 1.0976593262437424,
    "spectral_kurtosis_mean": 3.802340171956219
  },
  "rhythm": {
    "tempo_bpm": 151.99908088235293,
    "tempo_confidence": 0.9880572534874954,
    "beat_positions": [
      0.3947392290249433,
      0.7894784580498866,
      1.18421768707483,
      1.5789569160997732,
      1.9969160997732427,
      2.391655328798186,
      2.786394557823129,
      3.2043537414965986,
      3.599092970521542,
      3.9938321995464854,
      4.388571428571429,
      4.783310657596372,
      5.178049886621316,
      5.596009070294785,
      5.9675283446712015,
      6.362267573696145,
      6.757006802721088,
      7.174965986394557,
      7.569705215419501,
      7.964444444444444,
      8.382403628117913,
      8.777142857142858,
      9.1718820861678,
      9.543401360544218,
      9.93814058956916,
      10.356099773242631,
      10.750839002267574,
      11.145578231292516,
      11.563537414965987,
      11.95827664399093,
      12.353015873015874,
      12.747755102040816,
      13.142494331065759,
      13.56045351473923,
      13.955192743764172,
      14.349931972789115,
      14.744671201814059,
      15.139410430839002,
      15.557369614512472,
      15.952108843537415,
      16.34684807256236,
      16.741587301587302,
      17.136326530612244,
      17.531065759637187,
      17.925804988662133,
      18.320544217687075,
      18.715283446712018,
      19.11002267573696,
      19.481541950113378,
      19.87628117913832,
      20.29424036281179,
      20.688979591836734,
      21.083718820861677,
      21.478458049886623,
      21.873197278911565,
      22.267936507936508,
      22.66267573696145,
      23.057414965986396,
      23.45215419501134,
      23.84689342403628,
      24.241632653061224,
      24.636371882086166,
      25.054331065759637,
      25.44907029478458,
      25.843809523809522,
      26.21532879818594,
      26.63328798185941,
      27.028027210884353,
      27.422766439909296,
      27.817505668934242,
      28.189024943310656,
      28.560544217687074,
      28.93206349206349,
      29.30358276643991
    ],
    "onset_times": [
      0.13931972789115646,
      0.37151927437641724,
      0.5340589569160997,
      0.5804988662131519,
      0.7662585034013606,
      0.9520181405895691,
      1.18421768707483,
      1.3699773242630386,
      1.5789569160997732,
      1.7647165532879818,
      1.9736961451247166,
      2.182675736961451,
      2.391655328798186,
      2.6006349206349206,
      2.972154195011338,
      3.1811337868480725,
      3.3901133786848074,
      3.575873015873016,
      3.9938321995464854,
      4.20281179138322,
      4.388571428571429,
      4.783310657596372,
      4.992290249433107,
      5.178049886621316,
      5.294149659863946,
      5.38702947845805,
      5.572789115646258,
      5.7817687074829935,
      5.9675283446712015,
      6.15328798185941,
      6.362267573696145,
      6.548027210884354,
      6.757006802721088,
      7.151746031746032,
      7.383945578231293,
      7.569705215419501,
      7.964444444444444,
      8.266303854875284,
      8.359183673469389,
      8.568163265306122,
      8.753922902494331,
      8.962902494331066,
      9.1718820861678,
      9.334421768707482,
      9.543401360544218,
      9.752380952380953,
      9.93814058956916,
      10.216780045351474,
      10.332879818594105,
      10.518639455782314,
      10.727619047619047,
      10.936598639455783,
      11.029478458049887,
      11.145578231292516,
      11.54031746031746,
      11.656417233560092,
      11.749297052154194,
      11.935056689342403,
      12.144036281179138,
      12.353015873015874,
      12.538775510204081,
      12.747755102040816,
      12.933514739229025,
      13.142494331065759,
      13.328253968253968,
      13.421133786848072,
      13.537233560090703,
      13.746213151927437,
      13.839092970521541,
      13.955192743764172,
      14.140952380952381,
      14.32671201814059,
      14.744671201814059,
      14.86077097505669,
      14.953650793650795,
      15.139410430839002,
      15.348390022675737,
      15.557369614512472,
      15.74312925170068,
      15.928888888888888,
      16.137868480725622,
      16.34684807256236,
      16.718367346938777,
      17.136326530612244,
      17.507845804988662,
      17.925804988662133,
      18.297324263038547,
      18.52952380952381,
      18.901043083900227,
      19.11002267573696,
      19.87628117913832,
      20.085260770975058,
      20.29424036281179,
      20.48,
      20.66575963718821,
      20.874739229024943,
      21.083718820861677,
      21.36235827664399,
      21.478458049886623,
      21.66421768707483,
      21.989297052154196,
      22.267936507936508,
      22.66267573696145,
      22.755555555555556,
      22.84843537414966,
      22.941315192743765,
      23.034195011337868,
      23.45215419501134,
      23.591473922902495,
      23.661133786848072,
      23.84689342403628,
      24.055873015873015,
      24.241632653061224,
      24.357732426303855,
      24.450612244897957,
      24.636371882086166,
      24.845351473922904,
      25.054331065759637,
      25.14721088435374,
      25.240090702947846,
      25.425850340136055,
      25.843809523809522,
      26.21532879818594,
      26.424308390022677,
      26.63328798185941,
      26.749387755102042,
      26.81904761904762,
      27.028027210884353,
      27.237006802721087,
      27.422766439909296,
      27.631746031746033,
      27.817505668934242,
      28.026485260770976,
      28.23546485260771,
      28.328344671201815,
      28.421224489795918,
      28.63020408163265,
      29.024943310657598,
      29.1178231292517,
      29.396462585034012
    ],
    "rhythm_regularity": 0.9694779116465857,
    "syncopation_index": 0.4785714285714286,
    "beat_count": 74,
    "onset_count": 140
  },