{
  "mfcc_mean": [
    -73.80068969726562,
    96.4395751953125,
    -11.920492172241211,
    22.93279457092285,
    -2.770491600036621,
    16.709787368774414,
    -12.925684928894043,
    12.122178077697754,
    -9.38296890258789,
    8.085962295532227,
    -2.406012535095215,
    11.489360809326172,
    -6.304126262664795
  ],
  "mfcc_std": [
    63.41621398925781,
    23.82478141784668,
    14.284201622009277,
    11.75471019744873,
    11.518030166625977,
    8.824316024780273,
    11.053197860717773,
    8.049178123474121,
    10.19403076171875,
    7.5992045402526855,
    6.965599060058594,
    6.725508213043213,
    6.802974700927734
  ],
  "spectral_centroid_mean": 2243.3629328842467,
  "spectral_centroid_std": 570.5272477346002,
  "spectral_bandwidth_mean": 2364.3095081972206,
  "spectral_bandwidth_std": 283.07480902519455,
  "spectral_rolloff_mean": 4913.880320318608,
  "spectral_rolloff_std": 1226.6649097764398,
  "spectral_flux_mean": 4123.95458984375,
  "spectral_flux_std": 3677.210693359375,
  "spectral_flatness_mean": 0.014279118739068508,
  "spectral_flatness_std": 0.033608388155698776,
  "spectral_slope_mean": -0.0004995171363085985,
  "spectral_spread_mean": 2364.3095099412094,
  "spectral_skewness_mean": 1.3871499932443612,
  "spectral_kurtosis_mean": 4.334220043516455
}