{
  "meta": {
    "path": "../../data/raw/MIREX-like_mood/dataset/Audio/014.mp3",
    "file_hash": "7f5a9588f80aaff3c6100e3a955d74260aa6fc14",
    "duration_sec": 27.074467120181406,
    "sample_rate": 22050,
    "analysis_timestamp": "2025-10-24T20:19:54.487644",
    "config": {
      "sr": 22050,
      "n_fft": 2048,
      "hop_length": 512,
      "n_mels": 128,
      "n_mfcc": 13,
      "n_chroma": 12,
      "frame_length": 2048,
      "workers": 4,
      "use_crepe": false,
      "save_matrices": false,
      "save_plots": true,
      "force": true,
      "quick": false,
      "verbose": false
    },
    "processing_time_sec": 3.3343639373779297
  },
  "acoustic": {
    "mfcc_mean": [
      -56.53807830810547,
      63.78264236450195,
      -8.262293815612793,
      25.02454376220703,
      0.47006532549858093,
      9.407360076904297,
      -6.522507190704346,
      1.642288327217102,
      -2.285100221633911,
      3.531080484390259,
      -3.357224941253662,
      -0.26229920983314514,
      -7.547671794891357
    ],
    "mfcc_std": [
      77.32430267333984,
      21.28773307800293,
      23.123920440673828,
      14.104477882385254,
      8.895627975463867,
      9.692361831665039,
      8.151698112487793,
      7.302508354187012,
      6.719346523284912,
      7.421597480773926,
      6.18824577331543,
      5.627969264984131,
      5.306281089782715
    ],
    "spectral_centroid_mean": 3011.175381358272,
    "spectral_centroid_std": 585.6160536494258,
    "spectral_bandwidth_mean": 2682.1145050860478,
    "spectral_bandwidth_std": 300.1283141067068,
    "spectral_rolloff_mean": 6168.450817902474,
    "spectral_rolloff_std": 1090.4958488482546,
    "spectral_flux_mean": 3047.885498046875,
    "spectral_flux_std": 2777.39111328125,
    "spectral_flatness_mean": 0.05369748920202255,
    "spectral_flatness_std": 0.04903796315193176,
    "spectral_slope_mean": -0.00033544758292498633,
    "spectral_spread_mean": 2682.114506349587,
    "spectral_skewness_mean": 0.9563361573361001,
    "spectral_kurtosis_mean": 3.1391442317233063
  },
  "rhythm": {
    "tempo_bpm": 161.4990234375,
    "tempo_confidence": 0.9889281189257627,
    "beat_positions": [
      0.8359183673469388,
      1.207437641723356,
      1.5789569160997732,
      1.9504761904761905,
      2.3219954648526078,
      2.716734693877551,
      3.0882539682539685,
      3.4597732426303853,
      3.8312925170068026,
      4.20281179138322,
      4.574331065759637,
      4.9458503401360545,
      5.340589569160998,
      5.712108843537415,
      6.106848072562358,
      6.478367346938776,
      6.826666666666667,
      7.22140589569161,
      7.592925170068027,
      7.987664399092971,
      8.359183673469389,
      8.753922902494331,
      9.125442176870749,
      9.47374149659864,
      9.845260770975056,
      10.216780045351474,
      10.588299319727891,
      10.983038548752834,
      11.354557823129252,
      11.72607709750567,
      12.097596371882085,
      12.469115646258503,
      12.84063492063492,
      13.235374149659863,
      13.606893424036281,
      13.978412698412699,
      14.349931972789115,
      14.698231292517006,
      15.069750566893424,
      15.441269841269841,
      15.836009070294784,
      16.207528344671204,
      16.579047619047618,
      16.950566893424035,
      17.322086167800453,
      17.69360544217687,
      18.06512471655329,
      18.436643990929706,
      18.83138321995465,
      19.202902494331067,
      19.574421768707484,
      19.969160997732427,
      20.340680272108845,
      20.712199546485262,
      21.083718820861677,
      21.455238095238094,
      21.849977324263037,
      22.221496598639455,
      22.593015873015872,
      22.987755102040815,
      23.359274376417233,
      23.707573696145126,
      24.079092970521543,
      24.450612244897957,
      24.822131519274375,
      25.193650793650793,
      25.56517006802721,
      25.93668934240363,
      26.308208616780046
    ],
    "onset_times": [
      0.13931972789115646,
      0.2786394557823129,
      0.44117913832199546,
      0.6501587301587302,
      0.8126984126984127,
      1.207437641723356,
      1.4164172335600906,
      1.5789569160997732,
      1.9504761904761905,
      2.136235827664399,
      2.2987755102040817,
      2.507755102040816,
      2.716734693877551,
      2.8560544217687074,
      3.0882539682539685,
      3.250793650793651,
      3.436553287981859,
      3.7848526077097504,
      4.179591836734694,
      4.388571428571429,
      4.551111111111111,
      4.9458503401360545,
      5.154829931972789,
      5.340589569160998,
      5.688888888888889,
      6.106848072562358,
      6.292607709750567,
      6.478367346938776,
      6.640907029478458,
      6.826666666666667,
      7.1053061224489795,
      7.22140589569161,
      7.4071655328798185,
      7.500045351473923,
      7.7090249433106575,
      7.801904761904762,
      7.987664399092971,
      8.17342403628118,
      8.359183673469389,
      8.730702947845804,
      9.102222222222222,
      9.311201814058958,
      9.47374149659864,
      9.682721088435374,
      9.845260770975056,
      10.054240362811791,
      10.216780045351474,
      10.402539682539683,
      10.588299319727891,
      10.797278911564625,
      10.95981859410431,
      11.168798185941043,
      11.331337868480725,
      11.54031746031746,
      11.702857142857143,
      11.911836734693878,
      12.07437641723356,
      12.283356009070294,
      12.469115646258503,
      12.654875283446712,
      12.84063492063492,
      13.049614512471654,
      13.212154195011339,
      13.421133786848072,
      13.583673469387755,
      13.815873015873017,
      13.978412698412699,
      14.233832199546486,
      15.069750566893424,
      15.441269841269841,
      15.650249433106575,
      15.81278911564626,
      16.021768707482995,
      16.207528344671204,
      16.39328798185941,
      16.579047619047618,
      16.788027210884355,
      16.973786848072564,
      17.22920634920635,
      17.322086167800453,
      17.69360544217687,
      18.06512471655329,
      18.436643990929706,
      18.64562358276644,
      18.808163265306124,
      19.017142857142858,
      19.202902494331067,
      19.388662131519276,
      19.574421768707484,
      19.783401360544218,
      19.87628117913832,
      19.969160997732427,
      20.131700680272107,
      20.317460317460316,
      20.688979591836734,
      21.083718820861677,
      21.455238095238094,
      21.66421768707483,
      21.826757369614512,
      22.035736961451246,
      22.221496598639455,
      22.430476190476192,
      22.569795918367348,
      22.801995464852606,
      22.894875283446712,
      23.2431746031746,
      23.359274376417233,
      24.079092970521543,
      24.264852607709752,
      24.427392290249433,
      24.659591836734695,
      24.822131519274375,
      25.031111111111112,
      25.193650793650793,
      25.425850340136055,
      25.541950113378686,
      25.93668934240363,
      26.122448979591837,
      26.308208616780046,
      26.679727891156464,
      27.074467120181406
    ],
    "rhythm_regularity": 0.9701119483851329,
    "syncopation_index": 0.4380165289256198,
    "beat_count": 69,
    "onset_count": 121
  },
  "harmony": {
    "chroma_mean": [
      0.3170449733734131,
      0.3484911024570465,
      0.3191888630390167,
      0.3675566017627716,
      0.42454347014427185,
      0.3237565755844116,
      0.43719449639320374,
      0.35999688506126404,
      0.4721360206604004,
      0.5274340510368347,
      0.4028192460536957,
      0.6045132875442505
    ],
    "chroma_std": [
      0.1369866132736206,
      0.22653090953826904,
      0.18668438494205475,
      0.20915250480175018,
      0.22640565037727356,
      0.1680961400270462,
      0.23204804956912994,
      0.17248095571994781,
      0.28021350502967834,
      0.2997609078884125,
      0.18404874205589294,
      0.34977033734321594
    ],
    "key_estimation": {
      "key": "C_major",