{
  "tempo_bpm": 99.38401442307692,
  "tempo_confidence": 0.9630087995383397,
  "beat_positions": [
    1.0681179138321995,
    1.6718367346938776,
    2.2987755102040817,
    2.9024943310657596,
    3.4597732426303853,
    4.1099319727891155,
    4.713650793650793,
    5.340589569160998,
    5.921088435374149,
    6.548027210884354,
    7.174965986394557,
    7.778684807256236,
    8.382403628117913,
    8.986122448979591,
    9.58984126984127,
    10.147120181405896,
    10.797278911564625,
    11.42421768707483,
    12.051156462585034,
    12.678095238095239,
    13.305034013605443,
    13.978412698412699,
    14.535691609977324,
    15.09297052154195,
    15.766349206349206,
    16.486167800453515,
    17.08988662131519,
    17.623945578231293,
    18.15800453514739,
    18.76172335600907,
    19.365442176870747,
    19.922721088435374,
    20.572879818594103,
    21.176598639455783,
    21.803537414965987,
    22.38403628117914,
    23.010975056689343,
    23.61469387755102,
    24.2184126984127,
    24.775691609977326,
    25.44907029478458,
    26.05278911564626,
    26.679727891156464,
    27.260226757369615
  ],
  "onset_times": [
    0.16253968253968254,
    0.3947392290249433,
    0.8126984126984127,
    0.9520181405895691,
    1.0681179138321995,
    1.3699773242630386,
    1.6718367346938776,
    1.9969160997732427,
    2.2987755102040817,
    2.5774149659863945,
    2.8792743764172335,
    3.2275736961451247,
    3.436553287981859,
    3.5062131519274375,
    3.924172335600907,
    4.1099319727891155,
    4.4117913832199545,
    4.713650793650793,
    5.015510204081632,
    5.340589569160998,
    5.38702947845805,
    5.642448979591837,
    5.758548752834467,
    5.921088435374149,
    6.222947845804988,
    6.548027210884354,
    6.826666666666667,
    7.174965986394557,
    7.453605442176871,
    7.75546485260771,
    8.080544217687075,
    8.382403628117913,
    8.684263038548753,
    8.986122448979591,
    9.125442176870749,
    9.264761904761905,
    9.58984126984127,
    9.891700680272109,
    10.12390022675737,
    10.495419501133787,
    10.797278911564625,
    11.099138321995465,
    11.400997732426303,
    11.72607709750567,
    12.051156462585034,
    12.353015873015874,
    12.654875283446712,
    12.979954648526077,
    13.096054421768708,
    13.165714285714285,
    13.281814058956916,
    13.978412698412699,
    14.210612244897959,
    14.349931972789115,
    14.535691609977324,
    14.837551020408164,
    15.046530612244897,
    15.441269841269841,
    15.719909297052155,
    16.04498866213152,
    16.207528344671204,
    16.46294784580499,
    16.950566893424035,
    17.08988662131519,
    17.252426303854875,
    17.41496598639456,
    17.531065759637187,
    17.786485260770974,
    17.972244897959182,
    18.11156462585034,
    19.040362811791383,
    19.644081632653062,
    19.89950113378685,
    20.201360544217685,
    20.317460317460316,
    20.54965986394558,
    20.874739229024943,
    21.153378684807254,
    21.478458049886623,
    21.803537414965987,
    22.0821768707483,
    22.360816326530614,
    22.54657596371882,
    22.732335600907028,
    22.918095238095237,
    23.010975056689343,
    23.38249433106576,
    23.707573696145126,
    23.91655328798186,
    24.2184126984127,
    24.52027210884354,
    24.775691609977326,
    24.822131519274375,
    25.10077097505669,
    25.425850340136055,
    25.727709750566895,
    26.02956916099773,
    26.354648526077096,
    26.656507936507936,
    26.958367346938775,
    27.237006802721087,
    27.562086167800455,
    27.86394557823129,
    28.07292517006803,
    28.189024943310656,
    28.46766439909297,
    28.583764172335602,
    28.792743764172336,
    29.094603174603176,
    29.396462585034012
  ],
  "rhythm_regularity": 0.9369382296319906,
  "syncopation_index": 0.5818181818181818,
  "beat_count": 44,
  "onset_count": 110
}