{
  "chroma_mean": [
    0.18326199054718018,
    0.2799094319343567,
    0.376626193523407,
    0.2267802208662033,
    0.4903581738471985,
    0.29154419898986816,
    0.2604210078716278,
    0.2931112051010132,
    0.275424987077713,
    0.7881518602371216,
    0.1769602745771408,
    0.3236343562602997
  ],
  "chroma_std": [
    0.16837729513645172,
    0.24223437905311584,
    0.30616724491119385,
    0.18615929782390594,
    0.2993834912776947,
    0.22082047164440155,
    0.17315824329853058,
    0.2148829698562622,
    0.2214895337820053,
    0.2881294786930084,
    0.12195224314928055,
    0.24740922451019287
  ],
  "key_estimation": {
    "key": "C_major",
    "confidence": 0.08776076097813372
  },
  "tonal_complexity": 0.1598450094461441
}