{
  "meta": {
    "path": "../../data/raw/MIREX-like_mood/dataset/Audio/500.mp3",
    "file_hash": "a46b00547f8380e571b1dcc8d10a3721d8248f25",
    "duration_sec": 29.675102040816327,
    "sample_rate": 22050,
    "analysis_timestamp": "2025-10-24T20:06:45.460255",
    "config": {
      "sr": 22050,
      "n_fft": 2048,
      "hop_length": 512,
      "n_mels": 128,
      "n_mfcc": 13,
      "n_chroma": 12,
      "frame_length": 2048,
      "workers": 4,
      "use_crepe": false,
      "save_matrices": false,
      "save_plots": true,
      "force": true,
      "quick": false,
      "verbose": false
    },
    "processing_time_sec": 2.9700355529785156
  },
  "acoustic": {
    "mfcc_mean": [
      -296.72161865234375,
      145.97889709472656,
      9.292054176330566,
      23.572927474975586,
      12.595678329467773,
      0.388115793466568,
      -1.4665520191192627,
      4.60325288772583,
      -2.8302805423736572,
      -4.158995151519775,
      -1.3069418668746948,
      0.24045608937740326,
      1.3250062465667725
    ],
    "mfcc_std": [
      69.27124786376953,
      31.276762008666992,
      29.67775535583496,
      21.212186813354492,
      13.906429290771484,
      13.025364875793457,
      11.103612899780273,
      10.339587211608887,
      10.39319896697998,
      9.991585731506348,
      9.361480712890625,
      8.56344985961914,
      8.865823745727539
    ],
    "spectral_centroid_mean": 966.4072147389201,
    "spectral_centroid_std": 467.50102903311785,
    "spectral_bandwidth_mean": 1321.7207631614244,
    "spectral_bandwidth_std": 332.95860235376347,
    "spectral_rolloff_mean": 1721.3598804608093,
    "spectral_rolloff_std": 1040.7821525016109,
    "spectral_flux_mean": 1052.116943359375,
    "spectral_flux_std": 2933.67626953125,
    "spectral_flatness_mean": 0.002067337278276682,
    "spectral_flatness_std": 0.032480452209711075,
    "spectral_slope_mean": -0.0005921830499360777,
    "spectral_spread_mean": 1321.7207638551906,
    "spectral_skewness_mean": 3.4656887427001317,
    "spectral_kurtosis_mean": 19.39341501242044
  },
  "rhythm": {
    "tempo_bpm": 86.1328125,
    "tempo_confidence": 0.9449061489506286,
    "beat_positions": [
      3.5294331065759637,
      4.249251700680272,
      4.96907029478458,
      5.712108843537415,
      6.478367346938776,
      7.174965986394557,
      7.87156462585034,
      8.544943310657596,
      9.195102040816327,
      9.868480725623582,
      10.588299319727891,
      11.284897959183674,
      11.981496598639456,
      12.49233560090703,
      13.119274376417234,
      13.885532879818594,
      14.698231292517006,
      15.394829931972788,
      16.091428571428573,
      16.950566893424035,
      17.670385487528346,
      18.390204081632653,
      19.156462585034014,
      19.922721088435374,
      20.735419501133787,
      21.43201814058957,
      22.105396825396827,
      22.801995464852606,
      23.49859410430839,
      24.19519274376417,
      24.845351473922904,
      25.541950113378686,
      26.261768707482993,
      26.958367346938775,
      27.631746031746033,
      28.35156462585034
    ],
    "onset_times": [
      0.16253968253968254,
      0.34829931972789113,
      0.7430385487528345,
      1.0216780045351475,
      1.5325170068027212,
      1.6950566893424037,
      2.159455782312925,
      2.36843537414966,
      2.8792743764172335,
      3.0882539682539685,
      3.2275736961451247,
      3.3668934240362813,
      3.5062131519274375,
      3.7616326530612243,
      4.040272108843538,
      4.458231292517007,
      4.96907029478458,
      5.108390022675737,
      5.154829931972789,
      5.61922902494331,
      5.804988662131519,
      6.176507936507937,
      6.408707482993197,
      6.478367346938776,
      6.757006802721088,
      7.151746031746032,
      7.383945578231293,
      7.63936507936508,
      7.848344671201814,
      7.987664399092971,
      8.312743764172335,
      8.475283446712018,
      8.544943310657596,
      8.684263038548753,
      8.916462585034013,
      9.195102040816327,
      9.659501133786849,
      9.868480725623582,
      9.93814058956916,
      10.147120181405896,
      10.356099773242631,
      10.565079365079365,
      10.820498866213152,
      11.029478458049887,
      11.261678004535147,
      11.470657596371883,
      11.981496598639456,
      12.120816326530612,
      12.469115646258503,
      12.654875283446712,
      12.701315192743763,
      13.096054421768708,
      13.235374149659863,
      13.351473922902494,
      13.862312925170068,
      14.140952380952381,
      14.698231292517006,
      15.185850340136055,
      15.394829931972788,
      16.04498866213152,
      16.091428571428573,
      16.602267573696146,
      16.764807256235827,
      16.950566893424035,
      17.41496598639456,
      17.670385487528346,
      17.925804988662133,
      18.088344671201813,
      18.18122448979592,
      18.36698412698413,
      18.76172335600907,
      19.13324263038549,
      19.342222222222222,
      19.458321995464853,
      19.690521541950112,
      19.89950113378685,
      20.06204081632653,
      20.433560090702947,
      20.735419501133787,
      20.897959183673468,
      20.990839002267574,
      21.13015873015873,
      21.43201814058957,
      21.849977324263037,
      22.105396825396827,
      22.31437641723356,
      22.523356009070294,
      22.801995464852606,
      23.475374149659864,
      23.893333333333334,
      24.171972789115646,
      24.357732426303855,
      24.845351473922904,
      25.33297052154195,
      25.541950113378686,
      25.93668934240363,
      26.23854875283447,
      26.93514739229025,
      27.631746031746033,
      28.026485260770976,
      28.328344671201815,
      28.606984126984127,
      28.723083900226758,
      29.024943310657598,
      29.30358276643991,
      29.512562358276643
    ],
    "rhythm_regularity": 0.9177864451161095,
    "syncopation_index": 0.6226415094339622,
    "beat_count": 36,
    "onset_count": 106
  },
  "harmony": {
    "chroma_mean": [
      0.36883071064949036,
      0.24315989017486572,
      0.375906378030777,
      0.3201510012149811,
      0.4228072762489319,
      0.2618054151535034,
      0.36483243107795715,
      0.580234169960022,
      0.33609145879745483,
      0.34471189975738525,
      0.2644675374031067,
      0.40910351276397705
    ],
    "chroma_std": [
      0.24235251545906067,
      0.17258216440677643,
      0.3369371294975281,
      0.2546853721141815,
      0.3375069499015808,
      0.18035684525966644,
      0.25023555755615234,
      0.3277333676815033,
      0.20624011754989624,
      0.32954543828964233,
      0.22792673110961914,
      0.2855878472328186
    ],
    "key_estimation": {
      "key": "C_major",
      "confidence": 0.5283462453139176
    },
    "tonal_complexity": 0.08658425509929657
  },
  "quality": {
    "snr_db": 39.47242769578182,
    "dynamic_range_db": 25.107185266762126,
    "rms_energy": 0.0876273363828659,
    "zero_crossing_rate": 0.04251330079652072
  },
  "lyrics": {
    "word_count": 178,
    "unique_word_count": 75,
    "sentence_count": 3,
    "avg_words_per_sentence": 59.333333333333336,
    "readability": null,
    "sentiment_analysis": null,
    "topic_keywords": [
      "the",
      "it's",
      "one",
      "sweet",
      "When",
      "will",
      "Just",
      "that",
      "her",
      "Ev'rything"
    ],
    "repetition_analysis": {
      "repetition_ratio": 0.5786516853932584,
      "most_common_words": [
        [
          "the",
          10
        ],
        [
          "it's",
          6
        ],
        [
          "one",
          4
        ],
        [
          "sweet",
          4
        ],
        [
          "When",
          4
        ]
      ]
    }
  }
}