{
  "mfcc_mean": [
    -42.10893249511719,
    62.05437088012695,
    -9.101618766784668,
    46.495121002197266,
    11.596590042114258,
    16.527698516845703,
    -0.7875134944915771,
    9.852221488952637,
    3.3878045082092285,
    9.165460586547852,
    -2.8275976181030273,
    3.024644374847412,
    -2.24678897857666
  ],
  "mfcc_std": [
    69.71363830566406,
    23.36016845703125,
    16.34680938720703,
    16.242753982543945,
    8.93040943145752,
    7.495185375213623,
    7.313840389251709,
    6.088129043579102,
    5.835603713989258,
    6.88555383682251,
    6.9690961837768555,
    5.576286792755127,
    5.658753871917725
  ],
  "spectral_centroid_mean": 2872.712617765468,
  "spectral_centroid_std": 631.6362994192808,
  "spectral_bandwidth_mean": 2584.9768256074117,
  "spectral_bandwidth_std": 304.20771140257233,
  "spectral_rolloff_mean": 5854.948201212849,
  "spectral_rolloff_std": 1119.9832471707014,
  "spectral_flux_mean": 5359.8349609375,
  "spectral_flux_std": 5061.50439453125,
  "spectral_flatness_mean": 0.04242229834198952,
  "spectral_flatness_std": 0.04273754730820656,
  "spectral_slope_mean": -0.00040639765648088963,
  "spectral_spread_mean": 2584.9768255004833,
  "spectral_skewness_mean": 0.896821132023542,
  "spectral_kurtosis_mean": 3.099161510554498
}