{
  "snr_db": 34.57510556009309,
  "dynamic_range_db": 17.71359774474073,
  "rms_energy": 0.1718430072069168,
  "zero_crossing_rate": 0.1470580201048951
}