{
  "tempo_bpm": 123.046875,
  "tempo_confidence": 0.9698485872456237,
  "beat_positions": [
    1.3699773242630386,
    1.8808163265306121,
    2.345215419501134,
    2.809614512471655,
    3.3436734693877552,
    3.8080725623582765,
    4.272471655328798,
    4.713650793650793,
    5.178049886621316,
    5.642448979591837,
    6.0836281179138325,
    6.548027210884354,
    7.035646258503402,
    7.500045351473923,
    7.987664399092971,
    8.475283446712018,
    8.962902494331066,
    9.427301587301587,
    9.914920634920636,
    10.356099773242631,
    10.820498866213152,
    11.261678004535147,
    11.77251700680272,
    12.213696145124716,
    12.701315192743763,
    13.165714285714285,
    13.676553287981859,
    14.117732426303855,
    14.582131519274377,
    15.069750566893424,
    15.534149659863946,
    15.998548752834466,
    16.46294784580499,
    16.92734693877551,
    17.41496598639456,
    17.856145124716555,
    18.320544217687075,
    18.76172335600907,
    19.22612244897959,
    19.71374149659864,
    20.201360544217685,
    20.66575963718821,
    21.106938775510205,
    21.59455782312925,
    22.058956916099774,
    22.569795918367348,
    23.034195011337868,
    23.49859410430839,
    23.962993197278912,
    24.427392290249433,
    24.86857142857143,
    25.309750566893424,
    25.774149659863944,
    26.284988662131518,
    26.749387755102042,
    27.213786848072562,
    27.678185941043083,
    28.142585034013607,
    28.65342403628118,
    29.1178231292517,
    29.559002267573696,
    30.046621315192745,
    30.511020408163265,
    30.975419501133786,
    31.463038548752834,
    31.880997732426305,
    32.345396825396826,
    32.80979591836735,
    33.274195011337866,
    33.761814058956915,
    34.249433106575964,
    34.71383219954649,
    35.178231292517005,
    35.64263038548753,
    36.10702947845805,
    36.548208616780045,
    37.03582766439909,
    37.477006802721085,
    37.964625850340134,
    38.42902494331066,
    38.91664399092971,
    39.404263038548756,
    39.8918820861678,
    40.35628117913832,
    40.820680272108845,
    41.26185941043084,
    41.77269841269841,
    42.21387755102041,
    42.74793650793651,
    43.30521541950113,
    43.86249433106576,
    44.32689342403628,
    44.7912925170068,
    45.302131519274376,
    45.81297052154195,
    46.32380952380952,
    46.81142857142857,
    47.34548752834467,
    47.87954648526077,
    48.29750566893424,
    48.76190476190476,
    49.27274376417233,
    49.76036281179138,
    50.24798185941043,
    50.80526077097505,
    51.36253968253968,
    51.803718820861675,
    52.31455782312925,
    52.82539682539682,
    53.336235827664396,
    53.8702947845805,
    54.381133786848075,
    54.84553287981859,
    55.28671201814059,
    55.797551020408164,
    56.30839002267574,
    56.77278911564626,
    57.2604081632653,
    57.67836734693878,
    58.16598639455783,
    58.6768253968254,
    59.11800453514739,
    59.559183673469384,
    60.04680272108843,
    60.53442176870748,
    61.02204081632653,
    61.486439909297054,
    61.92761904761905,
    62.368798185941046,
    62.83319727891156,
    63.297596371882086,
    63.76199546485261,
    64.22639455782313,
    64.69079365079365,
    65.20163265306122,
    65.68925170068027,
    66.13043083900227,
    66.59482993197278,
    67.0592290249433,
    67.5004081632653,
    67.98802721088435,
    68.4756462585034,
    68.96326530612245,
    69.40444444444445,
    69.86884353741496,
    70.35646258503401,
    70.82086167800453,
    71.28526077097506,
    71.74965986394558,
    72.2140589569161,
    72.70167800453515,
    73.16607709750566,
    73.65369614512471,
    74.11809523809524,
    74.58249433106576,
    75.04689342403628,
    75.51129251700681,
    75.97569160997732,
    76.44009070294784,
    76.90448979591837,
    77.36888888888889,
    77.83328798185941,
    78.32090702947846,
    78.80852607709751,
    79.27292517006802,
    79.76054421768707,
    80.34104308390023,
    80.8518820861678,
    81.33950113378685,
    81.8271201814059,
    82.31473922902494,
    82.84879818594105,
    83.35963718820862,
    83.89369614512472,
    84.42775510204082,
    84.91537414965987,
    85.35655328798185,
    85.79773242630385,
    86.23891156462585,
    86.77297052154195,
    87.30702947845805,
    87.86430839002267,
    88.35192743764172,
    88.8627664399093,
    89.32716553287982,
    89.79156462585034,
    90.27918367346939,
    90.79002267573696,
    91.30086167800454,
    91.81170068027211,
    92.39219954648526,
    92.87981859410431,
    93.3209977324263,
    93.73895691609977,
    94.18013605442177,
    94.62131519274377,
    95.06249433106576,
    95.50367346938775,
    95.94485260770975,
    96.38603174603175,
    96.80399092970522,
    97.3148299319728,
    97.8488888888889,
    98.35972789115647,
    98.87056689342404,
    99.38140589569161,
    99.86902494331066,
    100.28698412698412,
    100.77460317460317,
    101.26222222222222,
    101.74984126984127,
    102.2142403628118,
    102.67863945578232,
    103.18947845804989,
    103.67709750566894,
    104.11827664399092,
    104.55945578231292,
    105.04707482993197
  ],