{
  "chroma_mean": [
    0.396460622549057,
    0.6323111653327942,
    0.41249772906303406,
    0.5253821015357971,
    0.365246057510376,
    0.4008733630180359,
    0.4614344537258148,
    0.4234170913696289,
    0.5074231624603271,
    0.383501797914505,
    0.4291619062423706,
    0.30806922912597656
  ],
  "chroma_std": [
    0.17140406370162964,
    0.2897055745124817,
    0.1945897489786148,
    0.28837600350379944,
    0.20736436545848846,
    0.17432764172554016,
    0.2674340307712555,
    0.21502821147441864,
    0.29693475365638733,
    0.24581706523895264,
    0.2797129452228546,
    0.15616580843925476
  ],
  "key_estimation": {
    "key": "C_minor",
    "confidence": 0.03042001154395282
  },
  "tonal_complexity": 0.08162043988704681
}