{
  "mfcc_mean": [
    -122.98767852783203,
    127.79206085205078,
    19.949960708618164,
    22.115739822387695,
    1.4716616868972778,
    13.481192588806152,
    -3.8870186805725098,
    1.9331070184707642,
    -9.626008033752441,
    -2.9394099712371826,
    -11.74532699584961,
    -7.0063395500183105,
    -12.36030387878418
  ],
  "mfcc_std": [
    60.51773452758789,
    34.565338134765625,
    20.564714431762695,
    9.9585542678833,
    10.07328987121582,
    7.9749932289123535,
    7.298971176147461,
    6.692176342010498,
    6.783102512359619,
    7.564978122711182,
    6.899943828582764,
    6.723960876464844,
    7.826950550079346
  ],
  "spectral_centroid_mean": 1556.2932816313066,
  "spectral_centroid_std": 715.7957887036036,
  "spectral_bandwidth_mean": 2115.6011531235054,
  "spectral_bandwidth_std": 645.9900405548923,
  "spectral_rolloff_mean": 3433.5838138137187,
  "spectral_rolloff_std": 2151.9242287214524,
  "spectral_flux_mean": 3727.526123046875,
  "spectral_flux_std": 3675.15869140625,
  "spectral_flatness_mean": 0.005244083236902952,
  "spectral_flatness_std": 0.02961437590420246,
  "spectral_slope_mean": -0.00044218644900942064,
  "spectral_spread_mean": 2115.601151286825,
  "spectral_skewness_mean": 2.3954858835345627,
  "spectral_kurtosis_mean": 9.829799415352962
}