{
  "tempo_bpm": 129.19921875,
  "tempo_confidence": 0.9872314896503269,
  "beat_positions": [
    1.9736961451247166,
    2.461315192743764,
    2.9257142857142857,
    3.4133333333333336,
    3.877732426303855,
    4.365351473922902,
    4.806530612244898,
    5.270929705215419,
    5.735328798185941,
    6.222947845804988,
    6.6873469387755105,
    7.151746031746032,
    7.616145124716553,
    8.080544217687075,
    8.544943310657596,
    9.009342403628118,
    9.496961451247165,
    9.961360544217687,
    10.448979591836734,
    10.89015873015873,
    11.354557823129252,
    11.842176870748299,
    12.30657596371882,
    12.770975056689343,
    13.25859410430839,
    13.722993197278912,
    14.187392290249432,
    14.651791383219955,
    15.116190476190477,
    15.603809523809524,
    16.068208616780044,
    16.532607709750568,
    16.99700680272109,
    17.46140589569161,
    17.902585034013605,
    18.390204081632653,
    18.854603174603174,
    19.342222222222222,
    19.806621315192743,
    20.271020408163267,
    20.735419501133787,
    21.199818594104308,
    21.687437641723356,
    22.151836734693877,
    22.639455782312925,
    23.103854875283446,
    23.56825396825397,
    24.03265306122449,
    24.49705215419501,
    24.961451247165535,
    25.425850340136055,
    25.890249433106575,
    26.377868480725624,
    26.81904761904762,
    27.28344671201814,
    27.74784580498866,
    28.23546485260771,
    28.676643990929705,
    29.141043083900225,
    29.60544217687075
  ],
  "onset_times": [
    0.18575963718820862,
    0.2786394557823129,
    0.46439909297052157,
    0.6733786848072563,
    0.9520181405895691,
    0.9984580498866213,
    1.18421768707483,
    1.4628571428571429,
    1.6253968253968254,
    1.9272562358276644,
    1.9736961451247166,
    2.182675736961451,
    2.3219954648526078,
    2.461315192743764,
    2.647074829931973,
    2.9024943310657596,
    3.1579138321995464,
    3.4133333333333336,
    3.599092970521542,
    3.877732426303855,
    4.1099319727891155,
    4.272471655328798,
    4.365351473922902,
    4.527891156462585,
    4.806530612244898,
    4.96907029478458,
    5.270929705215419,
    5.410249433106576,
    5.479909297052155,
    5.712108843537415,
    5.874648526077097,
    6.199727891156463,
    6.362267573696145,
    6.455147392290249,
    6.664126984126984,
    6.826666666666667,
    6.919546485260771,
    7.128526077097506,
    7.383945578231293,
    7.616145124716553,
    7.75546485260771,
    7.987664399092971,
    8.289523809523809,
    8.52172335600907,
    8.70748299319728,
    8.777142857142858,
    9.009342403628118,
    9.148662131519274,
    9.241541950113378,
    9.47374149659864,
    9.636281179138322,
    9.93814058956916,
    10.100680272108843,
    10.193560090702947,
    10.425759637188209,
    10.65795918367347,
    10.89015873015873,
    11.029478458049887,
    11.145578231292516,
    11.331337868480725,
    11.586757369614512,
    11.818956916099774,
    12.07437641723356,
    12.283356009070294,
    12.538775510204081,
    12.770975056689343,
    13.02639455782313,
    13.165714285714285,
    13.25859410430839,
    13.444353741496599,
    13.606893424036281,
    13.722993197278912,
    13.931972789115646,
    14.071292517006803,
    14.187392290249432,
    14.396371882086168,
    14.605351473922903,
    14.651791383219955,
    14.86077097505669,
    14.907210884353741,
    15.116190476190477,
    15.301950113378684,
    15.580589569160997,
    15.74312925170068,
    15.836009070294784,
    16.04498866213152,
    16.207528344671204,
    16.300408163265306,
    16.50938775510204,
    16.671927437641724,
    16.973786848072564,
    17.22920634920635,
    17.345306122448978,
    17.46140589569161,
    17.647165532879818,
    17.87936507936508,
    18.06512471655329,
    18.134784580498867,
    18.36698412698413,
    18.52952380952381,
    18.622403628117915,
    18.83138321995465,
    18.970702947845805,
    19.086802721088436,
    19.319002267573698,
    19.458321995464853,
    19.574421768707484,
    19.783401360544218,
    20.038820861678005,
    20.271020408163267,
    20.410340136054423,
    20.503219954648525,
    20.54965986394558,
    20.735419501133787,
    20.874739229024943,
    20.96761904761905,
    21.176598639455783,
    21.223038548752836,
    21.501678004535147,
    21.66421768707483,
    21.826757369614512,
    21.91963718820862,
    22.128616780045352,
    22.31437641723356,
    22.407256235827663,
    22.6162358276644,
    22.825215419501134,
    23.034195011337868,
    23.2431746031746,
    23.336054421768708,
    23.54503401360544,
    23.707573696145126,
    23.800453514739228,
    23.939773242630384,
    24.03265306122449,
    24.171972789115646,
    24.473832199546486,
    24.729251700680273,
    24.938231292517006,
    25.10077097505669,
    25.193650793650793,
    25.356190476190477,
    25.425850340136055,
    25.56517006802721,
    25.68126984126984,
    25.86702947845805,
    26.076009070294784,
    26.354648526077096,
    26.563628117913833,
    26.81904761904762,
    27.028027210884353,
    27.260226757369615,
    27.422766439909296,
    27.515646258503402,
    27.74784580498866,
    27.88716553287982,
    28.003265306122447,
    28.212244897959184,
    28.35156462585034,
    28.46766439909297,
    28.676643990929705,
    28.81596371882086,
    29.071383219954647,
    29.141043083900225,
    29.373242630385487,
    29.60544217687075
  ],
  "rhythm_regularity": 0.9723837365963781,
  "syncopation_index": 0.5903614457831325,
  "beat_count": 60,
  "onset_count": 166
}