{
  "meta": {
    "path": "../../data/raw/MIREX-like_mood/dataset/Audio/034.mp3",
    "file_hash": "bb92cfb754e70ef5b3f61b95cbe0bb0ef67b5526",
    "duration_sec": 29.675102040816327,
    "sample_rate": 22050,
    "analysis_timestamp": "2025-10-24T20:02:29.284406",
    "config": {
      "sr": 22050,
      "n_fft": 2048,
      "hop_length": 512,
      "n_mels": 128,
      "n_mfcc": 13,
      "n_chroma": 12,
      "frame_length": 2048,
      "workers": 4,
      "use_crepe": false,
      "save_matrices": false,
      "save_plots": true,
      "force": true,
      "quick": false,
      "verbose": false
    },
    "processing_time_sec": 3.080249547958374
  },
  "acoustic": {
    "mfcc_mean": [
      -96.66876983642578,
      66.66481018066406,
      0.061330646276474,
      24.0377254486084,
      4.649911403656006,
      8.513494491577148,
      5.163617134094238,
      12.513184547424316,
      0.7413529753684998,
      8.03894329071045,
      -3.8101460933685303,
      2.9851086139678955,
      1.701123595237732
    ],
    "mfcc_std": [
      83.34021759033203,
      19.197996139526367,
      24.254085540771484,
      12.152214050292969,
      12.69553279876709,
      10.32776927947998,
      10.680474281311035,
      8.913556098937988,
      7.796219825744629,
      7.568037509918213,
      8.196386337280273,
      6.272769927978516,
      7.8325395584106445
    ],
    "spectral_centroid_mean": 2951.6993051418413,
    "spectral_centroid_std": 569.2523171439213,
    "spectral_bandwidth_mean": 2787.936758324733,
    "spectral_bandwidth_std": 349.75168083850554,
    "spectral_rolloff_mean": 6296.904587018667,
    "spectral_rolloff_std": 1181.8063702167503,
    "spectral_flux_mean": 2983.899169921875,
    "spectral_flux_std": 4076.22900390625,
    "spectral_flatness_mean": 0.046757183969020844,
    "spectral_flatness_std": 0.048448629677295685,
    "spectral_slope_mean": -0.00032852947418124,
    "spectral_spread_mean": 2787.936759059726,
    "spectral_skewness_mean": 0.9786857713280128,
    "spectral_kurtosis_mean": 3.122911421541581
  },
  "rhythm": {
    "tempo_bpm": 112.34714673913044,
    "tempo_confidence": 0.9881812482159633,
    "beat_positions": [
      0.16253968253968254,
      0.6965986394557823,
      1.230657596371882,
      1.7647165532879818,
      2.2755555555555556,
      2.809614512471655,
      3.320453514739229,
      3.8545124716553287,
      4.365351473922902,
      4.899410430839002,
      5.433469387755102,
      5.944308390022676,
      6.478367346938776,
      7.012426303854875,
      7.523265306122449,
      8.057324263038549,
      8.591383219954649,
      9.102222222222222,
      9.636281179138322,
      10.170340136054422,
      10.681179138321996,
      11.215238095238096,
      11.72607709750567,
      12.26013605442177,
      12.794195011337868,
      13.305034013605443,
      13.839092970521541,
      14.373151927437641,
      14.883990929705215,
      15.418049886621315,
      15.952108843537415,
      16.46294784580499,
      16.99700680272109,
      17.531065759637187,
      18.04190476190476,
      18.575963718820862,
      19.086802721088436,
      19.620861678004534,
      20.154920634920636,
      20.688979591836734,
      21.199818594104308,
      21.71065759637188,
      22.244716553287983,
      22.77877551020408,
      23.289614512471655,
      23.84689342403628,
      24.357732426303855,
      24.86857142857143,
      25.402630385487527,
      25.913469387755104,
      26.447528344671202,
      26.9815873015873,
      27.515646258503402,
      28.0497052154195,
      28.560544217687074,
      29.094603174603176,
      29.60544217687075
    ],
    "onset_times": [
      0.16253968253968254,
      0.44117913832199546,
      0.5572789115646258,
      0.6965986394557823,
      0.9287981859410431,
      1.0913378684807256,
      1.230657596371882,
      1.6021768707482993,
      1.7414965986394557,
      1.8808163265306121,
      2.020136054421769,
      2.136235827664399,
      2.2755555555555556,
      2.5309750566893423,
      2.670294784580499,
      2.786394557823129,
      3.0650340136054424,
      3.2043537414965986,
      3.320453514739229,
      3.7151927437641725,
      3.8545124716553287,
      4.133151927437642,
      4.249251700680272,
      4.365351473922902,
      4.6439909297052155,
      4.899410430839002,
      5.433469387755102,
      5.944308390022676,
      6.478367346938776,
      6.733786848072563,
      6.989206349206349,
      7.523265306122449,
      7.778684807256236,
      7.918004535147392,
      8.057324263038549,
      8.335963718820862,
      8.568163265306122,
      8.846802721088435,
      9.102222222222222,
      9.380861678004536,
      9.613061224489796,
      10.147120181405896,
      10.681179138321996,
      10.936598639455783,
      11.19201814058957,
      11.72607709750567,
      12.120816326530612,
      12.26013605442177,
      12.515555555555556,
      12.794195011337868,
      13.049614512471654,
      13.305034013605443,
      13.839092970521541,
      14.117732426303855,
      14.349931972789115,
      14.883990929705215,
      15.116190476190477,
      15.162630385487528,
      15.418049886621315,
      15.928888888888888,
      16.32362811791383,
      16.46294784580499,
      16.880907029478458,
      16.99700680272109,
      17.252426303854875,
      17.39174603174603,
      17.531065759637187,
      17.786485260770974,
      18.04190476190476,
      18.436643990929706,
      18.575963718820862,
      18.692063492063493,
      18.83138321995465,
      19.086802721088436,
      19.365442176870747,
      19.481541950113378,
      19.59764172335601,
      19.87628117913832,
      20.131700680272107,
      20.503219954648525,
      20.66575963718821,
      20.805079365079365,
      20.921179138321996,
      21.060498866213152,
      21.176598639455783,
      21.455238095238094,
      21.71065759637188,
      21.873197278911565,
      21.989297052154196,
      22.128616780045352,
      22.244716553287983,
      22.523356009070294,
      22.639455782312925,
      22.755555555555556,
      22.918095238095237,
      23.034195011337868,
      23.173514739229024,
      23.289614512471655,
      23.45215419501134,
      23.54503401360544,
      23.707573696145126,
      23.84689342403628,
      23.962993197278912,
      24.079092970521543,
      24.2184126984127,
      24.33451247165533,
      24.49705215419501,
      24.61315192743764,
      24.729251700680273,
      24.86857142857143,
      25.007891156462584,
      25.14721088435374,
      25.26331065759637,
      25.402630385487527,
      25.541950113378686,
      25.658049886621317,
      25.797369614512473,
      25.913469387755104,
      26.076009070294784,
      26.192108843537415,
      26.33142857142857,
      26.447528344671202,
      26.586848072562358,
      26.726167800453513,
      26.842267573696144,
      26.9815873015873,
      27.12090702947846,
      27.237006802721087,
      27.376326530612246,
      27.492426303854874,
      27.654965986394558,
      27.74784580498866,
      27.910385487528345,
      28.0497052154195,
      28.16580498866213,
      28.281904761904762,
      28.421224489795918,
      28.53732426303855,
      28.69986394557823,
      28.81596371882086,
      28.955283446712016,
      29.071383219954647,
      29.210702947845807,
      29.326802721088434,
      29.489342403628118,
      29.60544217687075
    ],
    "rhythm_regularity": 0.9772520424260949,
    "syncopation_index": 0.6095890410958904,
    "beat_count": 57,
    "onset_count": 146
  },
  "harmony": {
    "chroma_mean": [
      0.5453504323959351,
      0.6443383097648621,
      0.6002581715583801,
      0.679474949836731,
      0.6151202917098999,
      0.5462974905967712,
      0.4963087737560272,
      0.5488258600234985,
      0.5183709859848022,
      0.5820571184158325,
      0.6306321024894714,
      0.4257502257823944
    ],