{
  "chroma_mean": [
    0.5187556147575378,
    0.2788879871368408,
    0.3602042496204376,
    0.25040438771247864,
    0.2395288199186325,
    0.34044480323791504,
    0.2856351435184479,
    0.44837090373039246,
    0.26458364725112915,
    0.26258718967437744,
    0.27742066979408264,
    0.23535723984241486
  ],
  "chroma_std": [
    0.37037739157676697,
    0.18422478437423706,
    0.28772473335266113,
    0.12942861020565033,
    0.11257429420948029,
    0.27015694975852966,
    0.17204183340072632,
    0.3507867157459259,
    0.1852613240480423,
    0.1590304970741272,
    0.21220450103282928,
    0.18537890911102295
  ],
  "key_estimation": {
    "key": "C_major",
    "confidence": 0.8103332035439456
  },
  "tonal_complexity": 0.08517017215490341
}