{
  "mfcc_mean": [
    -48.15174102783203,
    71.08650970458984,
    -15.011853218078613,
    44.65939712524414,
    3.524552583694458,
    2.9321882724761963,
    -4.772169589996338,
    6.80923318862915,
    -2.329312324523926,
    4.232733726501465,
    -4.282595157623291,
    -0.07369586825370789,
    -2.8074491024017334
  ],
  "mfcc_std": [
    66.67450714111328,
    19.007366180419922,
    17.238887786865234,
    10.011275291442871,
    9.146163940429688,
    7.294697284698486,
    7.436601161956787,
    6.455119609832764,
    6.112081050872803,
    6.435046672821045,
    6.061345100402832,
    7.048288345336914,
    5.992798805236816
  ],
  "spectral_centroid_mean": 2688.3472571910747,
  "spectral_centroid_std": 483.15449983212943,
  "spectral_bandwidth_mean": 2461.207597623638,
  "spectral_bandwidth_std": 329.3319710471603,
  "spectral_rolloff_mean": 5393.536219227192,
  "spectral_rolloff_std": 1029.735344071577,
  "spectral_flux_mean": 4202.94677734375,
  "spectral_flux_std": 4454.05078125,
  "spectral_flatness_mean": 0.03457928076386452,
  "spectral_flatness_std": 0.05572563782334328,
  "spectral_slope_mean": -0.00041946448607587105,
  "spectral_spread_mean": 2461.2076003867273,
  "spectral_skewness_mean": 1.052273386338436,
  "spectral_kurtosis_mean": 3.6047513092915513
}