{
  "mfcc_mean": [
    -102.59143829345703,
    78.18103790283203,
    -15.876461029052734,
    27.673080444335938,
    -6.515298843383789,
    2.2657933235168457,
    -0.38390234112739563,
    -0.38946548104286194,
    -8.281411170959473,
    5.475005149841309,
    -2.6070122718811035,
    -0.1729488968849182,
    -4.620759963989258
  ],
  "mfcc_std": [
    69.17743682861328,
    19.66675567626953,
    14.476250648498535,
    13.649930953979492,
    8.867835998535156,
    11.176420211791992,
    8.030010223388672,
    8.833307266235352,
    7.655620574951172,
    7.064638137817383,
    7.489298343658447,
    6.412009239196777,
    6.621161937713623
  ],
  "spectral_centroid_mean": 2594.451683365726,
  "spectral_centroid_std": 522.8577075109523,
  "spectral_bandwidth_mean": 2435.216319508011,
  "spectral_bandwidth_std": 301.76874104150914,
  "spectral_rolloff_mean": 5176.8368324934745,
  "spectral_rolloff_std": 1087.297675745319,
  "spectral_flux_mean": 2015.7410888671875,
  "spectral_flux_std": 2267.5986328125,
  "spectral_flatness_mean": 0.02918059378862381,
  "spectral_flatness_std": 0.03862018138170242,
  "spectral_slope_mean": -0.0004010718847232454,
  "spectral_spread_mean": 2435.2163179325175,
  "spectral_skewness_mean": 1.2174615121579944,
  "spectral_kurtosis_mean": 4.028781210547168
}