{
  "chroma_mean": [
    0.44494011998176575,
    0.3752257227897644,
    0.4804144501686096,
    0.4376775324344635,
    0.7742536067962646,
    0.5129643082618713,
    0.4999660551548004,
    0.571402907371521,
    0.47893786430358887,
    0.5540736317634583,
    0.45043426752090454,
    0.5841471552848816
  ],
  "chroma_std": [
    0.20847511291503906,
    0.19001442193984985,
    0.23191076517105103,
    0.1822751760482788,
    0.2561740577220917,
    0.22734788060188293,
    0.23800592124462128,
    0.2494230568408966,
    0.19095617532730103,
    0.24028466641902924,
    0.18153105676174164,
    0.222405806183815
  ],
  "key_estimation": {
    "key": "C_major",
    "confidence": 0.3298103472403697
  },
  "tonal_complexity": 0.09746843576431274
}