{
  "snr_db": 36.37787722525863,
  "dynamic_range_db": 22.597088766706396,
  "rms_energy": 0.1031542420387268,
  "zero_crossing_rate": 0.13837694255123742
}