{
  "mfcc_mean": [
    -134.42007446289062,
    76.12953186035156,
    30.796306610107422,
    42.82963943481445,
    0.6281841993331909,
    19.368562698364258,
    0.9918495416641235,
    8.608924865722656,
    0.9017593264579773,
    12.12243366241455,
    1.8532369136810303,
    7.7444868087768555,
    1.001570224761963
  ],
  "mfcc_std": [
    115.87080383300781,
    33.62007141113281,
    37.81853485107422,
    19.013872146606445,
    11.242570877075195,
    14.630844116210938,
    10.298601150512695,
    8.96472454071045,
    7.501181125640869,
    9.723048210144043,
    6.974609375,
    6.9121317863464355,
    6.856048583984375
  ],
  "spectral_centroid_mean": 2358.7068068888207,
  "spectral_centroid_std": 1027.6177098563496,
  "spectral_bandwidth_mean": 2560.700427683743,
  "spectral_bandwidth_std": 517.2054605693116,
  "spectral_rolloff_mean": 5117.1875113258775,
  "spectral_rolloff_std": 2044.155136908918,
  "spectral_flux_mean": 2700.227294921875,
  "spectral_flux_std": 3535.736328125,
  "spectral_flatness_mean": 0.025536825880408287,
  "spectral_flatness_std": 0.0719631016254425,
  "spectral_slope_mean": -0.00023804069276182213,
  "spectral_spread_mean": 2560.700428023267,
  "spectral_skewness_mean": 1.3711702672434274,
  "spectral_kurtosis_mean": 5.002170836182154
}