{
  "tempo_bpm": 151.99908088235293,
  "tempo_confidence": 0.9896265136009812,
  "beat_positions": [
    0.13931972789115646,
    0.5108390022675737,
    0.8823582766439909,
    1.2770975056689342,
    1.6718367346938776,
    2.043356009070295,
    2.461315192743764,
    2.8560544217687074,
    3.250793650793651,
    3.645532879818594,
    4.040272108843538,
    4.435011337868481,
    4.85297052154195,
    5.2477097505668935,
    5.6656689342403626,
    6.060408163265306,
    6.455147392290249,
    6.849886621315193,
    7.244625850340136,
    7.63936507936508,
    8.057324263038549,
    8.452063492063493,
    8.846802721088435,
    9.241541950113378,
    9.636281179138322,
    10.031020408163265,
    10.425759637188209,
    10.820498866213152,
    11.19201814058957,
    11.586757369614512,
    11.981496598639456,
    12.376235827664399,
    12.770975056689343,
    13.165714285714285,
    13.56045351473923,
    13.955192743764172,
    14.349931972789115,
    14.721451247165533,
    15.116190476190477,
    15.51092970521542,
    15.905668934240364,
    16.300408163265306,
    16.69514739229025,
    17.066666666666666,
    17.438185941043084,
    17.832925170068027,
    18.204444444444444,
    18.599183673469387,
    18.99392290249433,
    19.388662131519276,
    19.783401360544218,
    20.17814058956916,
    20.572879818594103,
    20.96761904761905,
    21.36235827664399,
    21.757097505668934,
    22.151836734693877,
    22.54657596371882,
    22.941315192743765,
    23.359274376417233,
    23.73079365079365,
    24.125532879818593,
    24.52027210884354,
    24.938231292517006,
    25.33297052154195,
    25.727709750566895,
    26.122448979591837,
    26.51718820861678,
    26.911927437641722,
    27.30666666666667,
    27.70140589569161,
    28.096145124716553,
    28.490884353741496,
    28.88562358276644
  ],
  "onset_times": [
    0.13931972789115646,
    0.2786394557823129,
    0.6733786848072563,
    0.8823582766439909,
    1.0681179138321995,
    1.253877551020408,
    1.4628571428571429,
    1.6486167800453515,
    1.8575963718820863,
    2.020136054421769,
    2.2523356009070294,
    2.4380952380952383,
    2.647074829931973,
    2.8560544217687074,
    3.0650340136054424,
    3.250793650793651,
    3.4597732426303853,
    3.645532879818594,
    3.8545124716553287,
    4.040272108843538,
    4.249251700680272,
    4.295691609977324,
    4.435011337868481,
    4.667210884353741,
    4.85297052154195,
    5.061950113378685,
    5.224489795918367,
    5.456689342403628,
    5.642448979591837,
    5.851428571428571,
    6.03718820861678,
    6.246167800453515,
    6.431927437641724,
    6.640907029478458,
    6.826666666666667,
    7.22140589569161,
    7.476825396825397,
    7.63936507936508,
    7.848344671201814,
    7.918004535147392,
    8.057324263038549,
    8.335963718820862,
    8.475283446712018,
    8.661043083900227,
    8.823582766439909,
    9.05578231292517,
    9.241541950113378,
    9.287981859410431,
    9.450521541950113,
    9.613061224489796,
    9.822040816326531,
    10.24,
    10.402539682539683,
    10.611519274376418,
    10.797278911564625,
    11.00625850340136,
    11.19201814058957,
    11.400997732426303,
    11.586757369614512,
    11.795736961451247,
    11.981496598639456,
    12.19047619047619,
    12.26013605442177,
    12.376235827664399,
    12.585215419501134,
    12.747755102040816,
    12.979954648526077,
    13.165714285714285,
    13.56045351473923,
    13.769433106575963,
    13.931972789115646,
    14.140952380952381,
    14.210612244897959,
    14.349931972789115,
    14.55891156462585,
    14.930430839002268,
    15.116190476190477,
    15.51092970521542,
    15.74312925170068,
    15.905668934240364,
    16.114648526077097,
    16.300408163265306,
    16.69514739229025,
    16.880907029478458,
    17.182766439909297,
    17.2756462585034,
    17.438185941043084,
    17.623945578231293,
    17.832925170068027,
    17.925804988662133,
    18.04190476190476,
    18.204444444444444,
    18.413424036281178,
    18.599183673469387,
    18.808163265306124,
    18.877823129251702,
    18.970702947845805,
    19.156462585034014,
    19.388662131519276,
    19.574421768707484,
    19.760181405895693,
    19.969160997732427,
    20.154920634920636,
    20.36390022675737,
    20.54965986394558,
    20.758639455782312,
    20.96761904761905,
    21.13015873015873,
    21.199818594104308,
    21.339138321995463,
    21.61777777777778,
    21.757097505668934,
    21.966077097505668,
    22.128616780045352,
    22.360816326530614,
    22.54657596371882,
    22.755555555555556,
    22.941315192743765,
    23.103854875283446,
    23.173514739229024,
    23.336054421768708,
    23.54503401360544,
    23.73079365079365,
    23.939773242630384,
    24.125532879818593,
    24.33451247165533,
    24.52027210884354,
    24.729251700680273,
    24.938231292517006,
    25.123990929705215,
    25.309750566893424,
    25.518730158730158,
    25.704489795918366,
    25.913469387755104,
    26.09922902494331,
    26.33142857142857,
    26.51718820861678,
    26.70294784580499,
    26.888707482993198,
    27.30666666666667,
    27.492426303854874,
    27.678185941043083,
    27.956825396825398,
    28.096145124716553,
    28.305124716553287,
    28.490884353741496,
    28.676643990929705,
    28.88562358276644,
    29.094603174603176,
    29.280362811791385,
    29.512562358276643,
    29.675102040816327
  ],
  "rhythm_regularity": 0.9733808448250668,
  "syncopation_index": 0.5263157894736842,
  "beat_count": 74,
  "onset_count": 152
}