{
  "meta": {
    "path": "../../data/raw/MIREX-like_mood/dataset/Audio/623.mp3",
    "file_hash": "f9ed77359a8b731fed21b2214d8418096abbc360",
    "duration_sec": 29.675102040816327,
    "sample_rate": 22050,
    "analysis_timestamp": "2025-10-24T20:21:50.135524",
    "config": {
      "sr": 22050,
      "n_fft": 2048,
      "hop_length": 512,
      "n_mels": 128,
      "n_mfcc": 13,
      "n_chroma": 12,
      "frame_length": 2048,
      "workers": 4,
      "use_crepe": false,
      "save_matrices": false,
      "save_plots": true,
      "force": true,
      "quick": false,
      "verbose": false
    },
    "processing_time_sec": 2.906519889831543
  },
  "acoustic": {
    "mfcc_mean": [
      -148.14857482910156,
      118.71161651611328,
      -32.5576057434082,
      11.14342212677002,
      9.891075134277344,
      -20.485197067260742,
      4.525707721710205,
      -2.029942750930786,
      -15.593077659606934,
      13.818659782409668,
      -10.662371635437012,
      -0.1009526252746582,
      -2.6202378273010254
    ],
    "mfcc_std": [
      92.72702026367188,
      35.01832962036133,
      32.43680191040039,
      21.059213638305664,
      19.651493072509766,
      23.41415023803711,
      13.480380058288574,
      12.102453231811523,
      14.76305103302002,
      14.236949920654297,
      12.130352020263672,
      11.106878280639648,
      10.69991683959961
    ],
    "spectral_centroid_mean": 1999.9634711602223,
    "spectral_centroid_std": 770.0172505501002,
    "spectral_bandwidth_mean": 2000.56770504621,
    "spectral_bandwidth_std": 579.447132064208,
    "spectral_rolloff_mean": 3744.9758951695662,
    "spectral_rolloff_std": 1720.392434407232,
    "spectral_flux_mean": 5963.95166015625,
    "spectral_flux_std": 7729.3046875,
    "spectral_flatness_mean": 0.010864421725273132,
    "spectral_flatness_std": 0.03586583212018013,
    "spectral_slope_mean": -0.0005136670797692811,
    "spectral_spread_mean": 2000.5677053990287,
    "spectral_skewness_mean": 2.0257494470303383,
    "spectral_kurtosis_mean": 8.511438017507663
  },
  "rhythm": {
    "tempo_bpm": 123.046875,
    "tempo_confidence": 0.9717501038910347,
    "beat_positions": [
      0.6501587301587302,
      1.0913378684807256,
      1.6021768707482993,
      2.136235827664399,
      2.647074829931973,
      3.1346938775510202,
      3.599092970521542,
      4.08671201814059,
      4.597551020408163,
      5.061950113378685,
      5.526349206349207,
      5.944308390022676,
      6.431927437641724,
      6.919546485260771,
      7.4071655328798185,
      7.918004535147392,
      8.428843537414966,
      8.870022675736962,
      9.311201814058958,
      9.798820861678005,
      10.263219954648527,
      10.750839002267574,
      11.261678004535147,
      11.702857142857143,
      12.30657596371882,
      12.770975056689343,
      13.235374149659863,
      13.769433106575963,
      14.257052154195012,
      14.721451247165533,
      15.209070294784581,
      15.696689342403628,
      16.184308390022675,
      16.648707482993196,
      17.159546485260773,
      17.647165532879818,
      18.11156462585034,
      18.599183673469387,
      19.13324263038549,
      19.644081632653062,
      20.131700680272107,
      20.619319727891156,
      21.13015873015873,
      21.61777777777778,
      22.128616780045352,
      22.66267573696145,
      23.173514739229024,
      23.661133786848072,
      24.171972789115646,
      24.68281179138322,
      25.170430839002268,
      25.68126984126984,
      26.192108843537415,
      26.679727891156464,
      27.16734693877551,
      27.678185941043083,
      28.189024943310656,
      28.69986394557823,
      29.18748299319728
    ],
    "onset_times": [
      0.16253968253968254,
      0.301859410430839,
      0.44117913832199546,
      0.626938775510204,
      0.7662585034013606,
      0.8823582766439909,
      1.0913378684807256,
      1.5789569160997732,
      2.2523356009070294,
      2.6238548752834467,
      2.995374149659864,
      3.1811337868480725,
      3.3668934240362813,
      3.599092970521542,
      3.900952380952381,
      4.063492063492063,
      4.272471655328798,
      4.365351473922902,
      4.597551020408163,
      4.876190476190477,
      5.526349206349207,
      5.758548752834467,
      5.921088435374149,
      6.130068027210885,
      6.199727891156463,
      6.246167800453515,
      6.594467120181406,
      7.012426303854875,
      7.151746031746032,
      7.4071655328798185,
      7.616145124716553,
      7.825124716553288,
      8.010884353741497,
      8.428843537414966,
      8.614603174603175,
      8.730702947845804,
      8.870022675736962,
      8.986122448979591,
      9.287981859410431,
      10.077460317460318,
      10.263219954648527,
      10.495419501133787,
      10.750839002267574,
      10.95981859410431,
      11.099138321995465,
      11.23845804988662,
      11.679637188208616,
      12.027936507936507,
      12.167256235827665,
      12.30657596371882,
      12.538775510204081,
      12.701315192743763,
      12.956734693877552,
      13.235374149659863,
      13.467573696145125,
      13.746213151927437,
      13.978412698412699,
      14.257052154195012,
      14.396371882086168,
      14.698231292517006,
      14.837551020408164,
      15.069750566893424,
      15.209070294784581,
      16.184308390022675,
      16.486167800453515,
      16.62548752834467,
      17.159546485260773,
      17.647165532879818,
      17.87936507936508,
      18.11156462585034,
      18.436643990929706,
      18.575963718820862,
      19.156462585034014,
      19.365442176870747,
      19.481541950113378,
      19.87628117913832,
      20.131700680272107,
      20.36390022675737,
      20.619319727891156,
      20.851519274376418,
      21.13015873015873,
      21.339138321995463,
      21.59455782312925,
      21.91963718820862,
      22.105396825396827,
      22.337596371882086,
      22.639455782312925,
      22.871655328798187,
      23.1502947845805,
      23.405714285714286,
      23.637913832199548,
      23.91655328798186,
      24.14875283446712,
      24.404172335600908,
      24.636371882086166,
      24.91501133786848,
      25.14721088435374,
      25.541950113378686,
      25.658049886621317,
      25.913469387755104,
      26.16888888888889,
      26.33142857142857,
      26.447528344671202,
      26.563628117913833,
      26.679727891156464,
      26.911927437641722,
      27.144126984126984,
      27.445986394557824,
      27.58530612244898,
      27.93360544217687,
      28.16580498866213,
      28.444444444444443,
      28.583764172335602,
      28.676643990929705,
      28.908843537414967,
      29.164263038548754,
      29.41968253968254,
      29.58222222222222
    ],
    "rhythm_regularity": 0.9409150322550623,
    "syncopation_index": 0.5423728813559322,
    "beat_count": 59,
    "onset_count": 118
  },
  "harmony": {
    "chroma_mean": [
      0.5227262377738953,
      0.4685084819793701,
      0.4739599823951721,
      0.4512791037559509,
      0.47432881593704224,
      0.5530655384063721,
      0.4916877746582031,
      0.5897189378738403,
      0.44795334339141846,
      0.43308600783348083,
      0.4154827296733856,
      0.4580759108066559
    ],
    "chroma_std": [
      0.2862358093261719,
      0.27267342805862427,
      0.25199776887893677,
      0.25917765498161316,
      0.26357752084732056,
      0.29377835988998413,
      0.25851088762283325,
      0.29760977625846863,
      0.25989222526550293,
      0.254346638917923,
      0.26250478625297546,
      0.2696590721607208
    ],
    "key_estimation": {
      "key": "C_major",
      "confidence": 0.683490728427018
    },
    "tonal_complexity": 0.0484791100025177
  },
  "quality": {
    "snr_db": 44.67425886711779,
    "dynamic_range_db": 20.3590585938649,
    "rms_energy": 0.15211239457130432,
    "zero_crossing_rate": 0.1126299538213448
  },
  "lyrics": {
    "word_count": 593,
    "unique_word_count": 241,