{
  "mfcc_mean": [
    -264.57037353515625,
    135.7725372314453,
    -11.778156280517578,
    17.706758499145508,
    -6.3143086433410645,
    -12.969669342041016,
    -6.58803653717041,
    -7.833828449249268,
    -8.203702926635742,
    -9.595775604248047,
    -6.695131778717041,
    -5.49081563949585,
    -8.993764877319336
  ],
  "mfcc_std": [
    110.33035278320312,
    43.540802001953125,
    32.08613967895508,
    21.718915939331055,
    19.97235870361328,
    15.26061725616455,
    13.174331665039062,
    11.064220428466797,
    11.674469947814941,
    10.656926155090332,
    11.013858795166016,
    9.481138229370117,
    9.214254379272461
  ],
  "spectral_centroid_mean": 1527.7155958572273,
  "spectral_centroid_std": 789.6148800711943,
  "spectral_bandwidth_mean": 1764.2833139185514,
  "spectral_bandwidth_std": 595.3230234336365,
  "spectral_rolloff_mean": 2840.1540840831713,
  "spectral_rolloff_std": 1789.23921695738,
  "spectral_flux_mean": 2682.72509765625,
  "spectral_flux_std": 5940.85107421875,
  "spectral_flatness_mean": 0.011158374138176441,
  "spectral_flatness_std": 0.053359583020210266,
  "spectral_slope_mean": -0.0004997229958210502,
  "spectral_spread_mean": 1764.283315229721,
  "spectral_skewness_mean": 2.668081487483648,
  "spectral_kurtosis_mean": 12.820510359270923
}