{
  "chroma_mean": [
    0.37079688906669617,
    0.31773287057876587,
    0.6275122761726379,
    0.404548317193985,
    0.4195927679538727,
    0.40157222747802734,
    0.3877742886543274,
    0.660015344619751,
    0.685619592666626,
    0.6600565910339355,
    0.46632546186447144,
    0.3112469017505646
  ],
  "chroma_std": [
    0.2032659649848938,
    0.13313619792461395,
    0.3013957440853119,
    0.2276342809200287,
    0.1971236616373062,
    0.19732293486595154,
    0.16803528368473053,
    0.27994921803474426,
    0.3171345293521881,
    0.2718980312347412,
    0.2071838527917862,
    0.13397648930549622
  ],
  "key_estimation": {
    "key": "C_major",
    "confidence": 0.0957204958044397
  },
  "tonal_complexity": 0.13527703285217285
}