{
  "mfcc_mean": [
    -85.08501434326172,
    105.67189025878906,
    -14.91776180267334,
    27.9482479095459,
    0.6397117376327515,
    4.3771653175354,
    -2.924745559692383,
    10.464841842651367,
    -5.710039138793945,
    7.319980144500732,
    -9.111588478088379,
    -0.22026415169239044,
    1.506182074546814
  ],
  "mfcc_std": [
    59.280452728271484,
    25.491987228393555,
    18.64798927307129,
    12.346367835998535,
    9.897194862365723,
    10.67461109161377,
    10.103301048278809,
    8.271862983703613,
    12.354660987854004,
    8.089515686035156,
    7.2343058586120605,
    7.604007720947266,
    8.745063781738281
  ],
  "spectral_centroid_mean": 2047.0636021432674,
  "spectral_centroid_std": 643.8356750445474,
  "spectral_bandwidth_mean": 2151.9981977755942,
  "spectral_bandwidth_std": 350.8856526254037,
  "spectral_rolloff_mean": 4084.9499655330883,
  "spectral_rolloff_std": 1223.7836752884875,
  "spectral_flux_mean": 3490.87841796875,
  "spectral_flux_std": 3163.6083984375,
  "spectral_flatness_mean": 0.009667755104601383,
  "spectral_flatness_std": 0.03171388432383537,
  "spectral_slope_mean": -0.0005150815375361382,
  "spectral_spread_mean": 2151.9981981288947,
  "spectral_skewness_mean": 1.6425193829930533,
  "spectral_kurtosis_mean": 5.822894236083634
}