{
  "snr_db": 33.325081102709575,
  "dynamic_range_db": 17.358457883157715,
  "rms_energy": 0.17607809603214264,
  "zero_crossing_rate": 0.16488165346832398
}