{
  "mfcc_mean": [
    -32.64934539794922,
    85.44935607910156,
    -10.736299514770508,
    30.78360366821289,
    0.8476851582527161,
    9.151871681213379,
    2.4178035259246826,
    4.124847888946533,
    -0.05388448014855385,
    4.712433338165283,
    -2.891030788421631,
    2.665130138397217,
    -0.1305566132068634
  ],
  "mfcc_std": [
    90.05265045166016,
    33.03716278076172,
    26.928041458129883,
    17.97491455078125,
    14.716548919677734,
    14.629695892333984,
    11.736753463745117,
    12.11370849609375,
    10.322458267211914,
    9.443309783935547,
    9.571086883544922,
    10.483190536499023,
    10.560120582580566
  ],
  "spectral_centroid_mean": 2378.0376092985166,
  "spectral_centroid_std": 765.994439137733,
  "spectral_bandwidth_mean": 2386.756171161077,
  "spectral_bandwidth_std": 518.4858130158682,
  "spectral_rolloff_mean": 4980.8959661451945,
  "spectral_rolloff_std": 1550.3852956306155,
  "spectral_flux_mean": 13803.36328125,
  "spectral_flux_std": 12128.19140625,
  "spectral_flatness_mean": 0.028276707977056503,
  "spectral_flatness_std": 0.04153522476553917,
  "spectral_slope_mean": -0.000311007825131337,
  "spectral_spread_mean": 2386.756171572322,
  "spectral_skewness_mean": 1.3535061974724036,
  "spectral_kurtosis_mean": 4.864999227636444
}