{
  "tempo_bpm": 117.45383522727273,
  "tempo_confidence": 0.97859754278706,
  "beat_positions": [
    0.7662585034013606,
    1.2770975056689342,
    1.7647165532879818,
    2.2755555555555556,
    2.786394557823129,
    3.274013605442177,
    3.7616326530612243,
    4.249251700680272,
    4.760090702947846,
    5.270929705215419,
    5.735328798185941,
    6.222947845804988,
    6.710566893424036,
    7.244625850340136,
    7.732244897959184,
    8.266303854875284,
    8.777142857142858,
    9.264761904761905,
    9.798820861678005,
    10.286439909297052,
    10.843718820861678,
    11.331337868480725,
    11.818956916099774,
    12.30657596371882,
    12.84063492063492,
    13.305034013605443,
    13.79265306122449,
    14.303492063492063,
    14.79111111111111,
    15.301950113378684,
    15.81278911564626,
    16.32362811791383,
    16.834467120181404,
    17.322086167800453,
    17.786485260770974,
    18.250884353741498,
    18.76172335600907,
    19.29578231292517,
    19.783401360544218,
    20.29424036281179,
    20.805079365079365,
    21.292698412698414,
    21.803537414965987,
    22.267936507936508,
    22.825215419501134,
    23.312834467120183,
    23.800453514739228,
    24.288072562358277,
    24.79891156462585,
    25.2865306122449,
    25.797369614512473,
    26.33142857142857,
    26.81904761904762,
    27.30666666666667
  ],
  "onset_times": [
    0.13931972789115646,
    0.46439909297052157,
    0.7430385487528345,
    1.0913378684807256,
    1.2770975056689342,
    1.5789569160997732,
    1.7414965986394557,
    2.1130158730158732,
    2.2755555555555556,
    2.693514739229025,
    3.1579138321995464,
    3.622312925170068,
    3.6687528344671203,
    4.2260317460317465,
    4.481451247165533,
    4.73687074829932,
    4.922630385487528,
    5.201269841269841,
    5.270929705215419,
    5.712108843537415,
    6.199727891156463,
    6.8034467120181406,
    7.22140589569161,
    7.7090249433106575,
    7.918004535147392,
    8.057324263038549,
    8.196643990929704,
    8.753922902494331,
    8.93968253968254,
    9.241541950113378,
    9.520181405895691,
    9.566621315192744,
    9.7059410430839,
    9.845260770975056,
    10.286439909297052,
    10.820498866213152,
    11.075918367346938,
    11.400997732426303,
    11.54031746031746,
    11.795736961451247,
    12.30657596371882,
    12.794195011337868,
    12.84063492063492,
    14.303492063492063,
    14.44281179138322,
    14.628571428571428,
    14.79111111111111,
    15.000090702947846,
    15.116190476190477,
    15.162630385487528,
    15.32517006802721,
    15.51092970521542,
    15.557369614512472,
    16.32362811791383,
    16.532607709750568,
    16.81124716553288,
    16.99700680272109,
    17.159546485260773,
    17.22920634920635,
    17.39174603174603,
    17.438185941043084,
    17.786485260770974,
    18.22766439909297,
    18.436643990929706,
    18.622403628117915,
    18.715283446712018,
    19.249342403628116,
    19.783401360544218,
    20.24780045351474,
    20.387120181405894,
    20.78185941043084,
    20.94439909297052,
    21.24625850340136,
    21.687437641723356,
    21.803537414965987,
    22.244716553287983,
    22.68589569160998,
    22.801995464852606,
    23.196734693877552,
    23.777233560090703,
    24.264852607709752,
    24.52027210884354,
    24.845351473922904,
    24.961451247165535,
    25.26331065759637,
    25.63482993197279,
    25.774149659863944,
    26.02956916099773,
    26.192108843537415,
    26.33142857142857,
    26.679727891156464,
    27.30666666666667,
    27.654965986394558,
    28.81596371882086
  ],
  "rhythm_regularity": 0.9563255154003547,
  "syncopation_index": 0.43617021276595747,
  "beat_count": 54,
  "onset_count": 94
}