{
  "snr_db": 38.433829596990485,
  "dynamic_range_db": 20.822150428455977,
  "rms_energy": 0.1328602284193039,
  "zero_crossing_rate": 0.13590090822658127
}