{
  "mfcc_mean": [
    -66.84465026855469,
    75.74008178710938,
    8.612207412719727,
    22.94664764404297,
    -5.265283584594727,
    -2.072981357574463,
    -0.3472684621810913,
    2.7703609466552734,
    0.337078332901001,
    6.673415660858154,
    -7.860896110534668,
    2.1892874240875244,
    -7.596689701080322
  ],
  "mfcc_std": [
    61.70272445678711,
    20.63495635986328,
    18.307016372680664,
    13.54880142211914,
    11.308165550231934,
    10.980043411254883,
    10.532523155212402,
    9.358427047729492,
    8.255908012390137,
    8.700888633728027,
    9.732272148132324,
    7.418207168579102,
    8.929128646850586
  ],
  "spectral_centroid_mean": 2826.6000346072838,
  "spectral_centroid_std": 581.3775952373605,
  "spectral_bandwidth_mean": 2792.9927903991243,
  "spectral_bandwidth_std": 281.8521954652863,
  "spectral_rolloff_mean": 6194.525065358679,
  "spectral_rolloff_std": 1145.3399417010328,
  "spectral_flux_mean": 3924.710205078125,
  "spectral_flux_std": 4508.529296875,
  "spectral_flatness_mean": 0.03718739375472069,
  "spectral_flatness_std": 0.04688011482357979,
  "spectral_slope_mean": -0.0003543861681735367,
  "spectral_spread_mean": 2792.992792791636,
  "spectral_skewness_mean": 1.0594846802019948,
  "spectral_kurtosis_mean": 3.2133683065949876
}