{
  "mfcc_mean": [
    -169.98526000976562,
    94.61258697509766,
    -3.78255033493042,
    51.745731353759766,
    -5.7693023681640625,
    8.170002937316895,
    2.3735060691833496,
    1.467732310295105,
    -18.073822021484375,
    11.111574172973633,
    -10.856348037719727,
    0.6300423741340637,
    -0.45991212129592896
  ],
  "mfcc_std": [
    84.83818817138672,
    28.259172439575195,
    21.058670043945312,
    14.395742416381836,
    13.348825454711914,
    12.795259475708008,
    11.589502334594727,
    8.862198829650879,
    9.994626998901367,
    10.290095329284668,
    8.717866897583008,
    7.037738800048828,
    6.566915512084961
  ],
  "spectral_centroid_mean": 2148.195673436755,
  "spectral_centroid_std": 643.963825306856,
  "spectral_bandwidth_mean": 2156.1598836195426,
  "spectral_bandwidth_std": 250.23843681044212,
  "spectral_rolloff_mean": 4168.526761172058,
  "spectral_rolloff_std": 957.7761322200529,
  "spectral_flux_mean": 2239.962158203125,
  "spectral_flux_std": 3409.65869140625,
  "spectral_flatness_mean": 0.009466787800192833,
  "spectral_flatness_std": 0.030737897381186485,
  "spectral_slope_mean": -0.0004524906160505885,
  "spectral_spread_mean": 2156.1598851488175,
  "spectral_skewness_mean": 1.3706035029011392,
  "spectral_kurtosis_mean": 4.849274491708136
}