{
  "tempo_bpm": 83.35433467741936,
  "tempo_confidence": 0.9777118197778333,
  "beat_positions": [
    0.16253968253968254,
    0.7662585034013606,
    1.509297052154195,
    2.2523356009070294,
    2.972154195011338,
    3.7151927437641725,
    4.458231292517007,
    5.201269841269841,
    5.944308390022676,
    6.6873469387755105,
    7.430385487528345,
    8.17342403628118,
    8.893242630385487,
    9.636281179138322,
    10.356099773242631,
    11.075918367346938,
    11.795736961451247,
    12.515555555555556,
    13.25859410430839,
    13.978412698412699,
    14.698231292517006,
    15.418049886621315,
    16.137868480725622,
    16.857687074829933,
    17.57750566893424,
    18.297324263038547,
    19.017142857142858,
    19.736961451247165,
    20.456780045351476,
    21.176598639455783,
    21.89641723356009,
    22.6162358276644,
    23.336054421768708,
    24.055873015873015,
    24.752471655328797,
    25.44907029478458,
    26.16888888888889,
    26.888707482993198,
    27.608526077097505,
    28.328344671201815
  ],
  "onset_times": [
    0.13931972789115646,
    0.3947392290249433,
    0.7662585034013606,
    1.0216780045351475,
    1.1609977324263039,
    1.3467573696145125,
    1.486077097505669,
    1.7182766439909296,
    1.8575963718820863,
    2.2291156462585033,
    2.461315192743764,
    2.6006349206349206,
    2.809614512471655,
    2.948934240362812,
    3.3436734693877552,
    3.7151927437641725,
    3.9706122448979593,
    4.08671201814059,
    4.272471655328798,
    4.458231292517007,
    4.667210884353741,
    4.829750566893424,
    5.038730158730159,
    5.178049886621316,
    5.363809523809524,
    5.5495691609977325,
    5.758548752834467,
    5.921088435374149,
    6.292607709750567,
    6.524807256235827,
    6.664126984126984,
    6.896326530612245,
    7.035646258503402,
    7.4071655328798185,
    7.616145124716553,
    7.778684807256236,
    8.010884353741497,
    8.150204081632653,
    8.52172335600907,
    8.70748299319728,
    8.893242630385487,
    9.264761904761905,
    9.450521541950113,
    9.613061224489796,
    9.822040816326531,
    9.984580498866213,
    10.193560090702947,
    10.332879818594105,
    10.565079365079365,
    10.727619047619047,
    10.913378684807256,
    11.075918367346938,
    11.284897959183674,
    11.447437641723356,
    11.633197278911565,
    11.795736961451247,
    12.004716553287983,
    12.167256235827665,
    12.353015873015874,
    12.515555555555556,
    12.887074829931972,
    13.072834467120181,
    13.235374149659863,
    13.606893424036281,
    13.79265306122449,
    13.955192743764172,
    14.32671201814059,
    14.675011337868481,
    15.069750566893424,
    15.232290249433106,
    15.418049886621315,
    15.580589569160997,
    15.789569160997733,
    15.975328798185942,
    16.137868480725622,
    16.532607709750568,
    16.718367346938777,
    16.834467120181404,
    17.066666666666666,
    17.22920634920635,
    17.57750566893424,
    17.76326530612245,
    17.925804988662133,
    18.134784580498867,
    18.297324263038547,
    18.483083900226756,
    18.668843537414965,
    18.83138321995465,
    19.017142857142858,
    19.388662131519276,
    19.551201814058956,
    19.736961451247165,
    19.922721088435374,
    20.108480725623583,
    20.456780045351476,
    20.82829931972789,
    21.176598639455783,
    21.36235827664399,
    21.571337868480725,
    21.71065759637188,
    21.89641723356009,
    22.267936507936508,
    22.453696145124717,
    22.6162358276644,
    22.801995464852606,
    23.312834467120183,
    23.684353741496597,
    24.03265306122449,
    24.404172335600908,
    24.752471655328797,
    25.14721088435374,
    25.44907029478458,
    26.006349206349206,
    26.16888888888889,
    26.354648526077096,
    26.51718820861678,
    26.726167800453513,
    26.888707482993198,
    27.051247165532878,
    27.237006802721087,
    27.608526077097505,
    27.794285714285714,
    27.980045351473922,
    28.328344671201815,
    28.490884353741496,
    28.862403628117914,
    29.048163265306123,
    29.280362811791385,
    29.41968253968254,
    29.628662131519274
  ],
  "rhythm_regularity": 0.968434971609107,
  "syncopation_index": 0.6923076923076923,
  "beat_count": 40,
  "onset_count": 130
}