{
  "snr_db": 33.396183155258896,
  "dynamic_range_db": 19.477947019888877,
  "rms_energy": 0.1388247162103653,
  "zero_crossing_rate": 0.16818058070673453
}