{
  "mfcc_mean": [
    -186.8565673828125,
    153.522216796875,
    -9.615961074829102,
    17.73461151123047,
    3.2195827960968018,
    -7.259666442871094,
    7.069199085235596,
    -8.415833473205566,
    -5.051664352416992,
    5.5649309158325195,
    -9.016392707824707,
    -1.8713436126708984,
    -13.203950881958008
  ],
  "mfcc_std": [
    99.86804962158203,
    44.893768310546875,
    28.312808990478516,
    14.398722648620605,
    18.275239944458008,
    18.412811279296875,
    12.97817611694336,
    11.797269821166992,
    10.852325439453125,
    11.153185844421387,
    13.160760879516602,
    10.138582229614258,
    10.328352928161621
  ],
  "spectral_centroid_mean": 1355.454105442152,
  "spectral_centroid_std": 727.84449340726,
  "spectral_bandwidth_mean": 1603.127432480795,
  "spectral_bandwidth_std": 607.0096459859788,
  "spectral_rolloff_mean": 2548.7167991691954,
  "spectral_rolloff_std": 1577.6360460584617,
  "spectral_flux_mean": 2587.924072265625,
  "spectral_flux_std": 3827.49951171875,
  "spectral_flatness_mean": 0.005012680776417255,
  "spectral_flatness_std": 0.03842274472117424,
  "spectral_slope_mean": -0.0006164176330708528,
  "spectral_spread_mean": 1603.1274329537619,
  "spectral_skewness_mean": 2.9561287684593935,
  "spectral_kurtosis_mean": 16.381134581061783
}