{
  "tempo_bpm": 112.34714673913044,
  "tempo_confidence": 0.9829551803584545,
  "beat_positions": [
    0.18575963718820862,
    0.8126984126984127,
    1.3699773242630386,
    1.9272562358276644,
    2.461315192743764,
    2.995374149659864,
    3.5294331065759637,
    4.063492063492063,
    4.620770975056689,
    5.154829931972789,
    5.688888888888889,
    6.246167800453515,
    6.8034467120181406,
    7.337505668934241,
    7.894784580498866,
    8.428843537414966,
    8.986122448979591,
    9.543401360544218,
    10.077460317460318,
    10.611519274376418,
    11.168798185941043,
    11.702857142857143,
    12.236916099773243,
    12.794195011337868,
    13.328253968253968,
    13.862312925170068,
    14.419591836734694,
    14.97687074829932,
    15.51092970521542,
    16.068208616780044,
    16.602267573696146,
    17.159546485260773,
    17.716825396825396,
    18.274104308390022,
    18.808163265306124,
    19.365442176870747,
    19.89950113378685,
    20.456780045351476,
    21.0140589569161,
    21.524897959183672,
    22.0821768707483,
    22.6162358276644,
    23.1502947845805,
    23.707573696145126,
    24.241632653061224,
    24.775691609977326,
    25.33297052154195,
    25.890249433106575,
    26.40108843537415,
    26.958367346938775,
    27.492426303854874,
    28.026485260770976,
    28.560544217687074
  ],
  "onset_times": [
    0.13931972789115646,
    0.2786394557823129,
    0.5804988662131519,
    0.8126984126984127,
    0.8591383219954648,
    1.0913378684807256,
    1.3235374149659864,
    1.3699773242630386,
    1.6253968253968254,
    1.9040362811791383,
    2.182675736961451,
    2.4380952380952383,
    2.716734693877551,
    2.995374149659864,
    3.250793650793651,
    3.320453514739229,
    3.5294331065759637,
    4.063492063492063,
    4.295691609977324,
    4.342131519274377,
    4.597551020408163,
    4.85297052154195,
    5.131609977324263,
    5.410249433106576,
    5.6656689342403626,
    5.9675283446712015,
    6.246167800453515,
    6.501587301587302,
    6.780226757369615,
    7.058866213151927,
    7.314285714285714,
    7.592925170068027,
    7.87156462585034,
    8.126984126984127,
    8.40562358276644,
    8.684263038548753,
    8.962902494331066,
    9.241541950113378,
    9.543401360544218,
    9.775600907029478,
    10.054240362811791,
    10.332879818594105,
    10.588299319727891,
    10.89015873015873,
    11.029478458049887,
    11.168798185941043,
    11.3081179138322,
    11.42421768707483,
    11.679637188208616,
    11.95827664399093,
    12.236916099773243,
    12.49233560090703,
    12.794195011337868,
    12.979954648526077,
    13.305034013605443,
    13.583673469387755,
    13.862312925170068,
    14.140952380952381,
    14.419591836734694,
    14.675011337868481,
    14.97687074829932,
    15.51092970521542,
    15.766349206349206,
    16.04498866213152,
    16.32362811791383,
    16.602267573696146,
    16.880907029478458,
    17.136326530612244,
    17.41496598639456,
    17.716825396825396,
    17.972244897959182,
    18.250884353741498,
    18.52952380952381,
    18.784943310657596,
    19.086802721088436,
    19.365442176870747,
    19.620861678004534,
    19.87628117913832,
    20.17814058956916,
    20.433560090702947,
    20.712199546485262,
    20.990839002267574,
    21.24625850340136,
    21.501678004535147,
    21.803537414965987,
    22.0821768707483,
    22.360816326530614,
    22.709115646258503,
    22.894875283446712,
    23.1502947845805,
    23.405714285714286,
    23.684353741496597,
    23.939773242630384,
    24.2184126984127,
    24.404172335600908,
    24.49705215419501,
    24.752471655328797,
    25.031111111111112,
    25.309750566893424,
    25.611609977324264,
    25.86702947845805,
    25.93668934240363,
    26.145668934240362,
    26.377868480725624,
    26.679727891156464,
    26.93514739229025,
    27.190566893424037,
    27.237006802721087,
    27.46920634920635,
    27.515646258503402,
    27.74784580498866,
    28.026485260770976,
    28.281904761904762,
    28.53732426303855,
    28.83918367346939,
    29.00172335600907,
    29.164263038548754,
    29.373242630385487,
    29.6518820861678
  ],
  "rhythm_regularity": 0.9682217874976312,
  "syncopation_index": 0.5126050420168067,
  "beat_count": 53,
  "onset_count": 119
}