{
  "mfcc_mean": [
    -292.8023681640625,
    46.09673309326172,
    -4.370022296905518,
    21.32636833190918,
    -7.871037006378174,
    -9.629020690917969,
    5.518548965454102,
    -7.010260581970215,
    4.937958717346191,
    5.357330322265625,
    -16.440473556518555,
    1.7003097534179688,
    -4.717133522033691
  ],
  "mfcc_std": [
    141.6973419189453,
    41.70634841918945,
    23.78428077697754,
    25.628555297851562,
    16.45956039428711,
    21.355775833129883,
    14.108233451843262,
    14.300596237182617,
    11.54056167602539,
    10.887652397155762,
    15.070464134216309,
    8.643250465393066,
    10.771247863769531
  ],
  "spectral_centroid_mean": 2846.5110526214,
  "spectral_centroid_std": 1609.7622662229896,
  "spectral_bandwidth_mean": 2432.747052434572,
  "spectral_bandwidth_std": 513.4951621210588,
  "spectral_rolloff_mean": 5088.35271427688,
  "spectral_rolloff_std": 2662.7610728848445,
  "spectral_flux_mean": 2700.489501953125,
  "spectral_flux_std": 4914.09326171875,
  "spectral_flatness_mean": 0.11437779664993286,
  "spectral_flatness_std": 0.18886274099349976,
  "spectral_slope_mean": -0.0002534380191750439,
  "spectral_spread_mean": 2432.74704940007,
  "spectral_skewness_mean": 1.4158484349379858,
  "spectral_kurtosis_mean": 5.833062416946832
}