{
  "chroma_mean": [
    0.4395206570625305,
    0.32280853390693665,
    0.27906933426856995,
    0.34130534529685974,
    0.2588370144367218,
    0.2800711691379547,
    0.29601800441741943,
    0.3912515938282013,
    0.39975038170814514,
    0.2929516136646271,
    0.37906330823898315,
    0.27027860283851624
  ],
  "chroma_std": [
    0.4086895287036896,
    0.3738313317298889,
    0.3175593614578247,
    0.35690027475357056,
    0.2957778573036194,
    0.3294464945793152,
    0.34151631593704224,
    0.34786298871040344,
    0.3740135729312897,
    0.30861467123031616,
    0.3650064766407013,
    0.3059966564178467
  ],
  "key_estimation": {
    "key": "C_minor",
    "confidence": 0.7363646176927807
  },
  "tonal_complexity": 0.05732692778110504
}