{
  "mfcc_mean": [
    -60.55470657348633,
    70.64027404785156,
    7.2459821701049805,
    30.50029945373535,
    0.0007130471640266478,
    16.29846954345703,
    -3.729724407196045,
    6.82969331741333,
    -1.8381675481796265,
    6.554414749145508,
    -0.8933541774749756,
    4.171663284301758,
    -5.221802711486816
  ],
  "mfcc_std": [
    83.77062225341797,
    20.687728881835938,
    15.724322319030762,
    13.30044174194336,
    11.480433464050293,
    8.87831974029541,
    10.654401779174805,
    7.223174571990967,
    7.5068745613098145,
    8.376686096191406,
    6.919679164886475,
    6.08925724029541,
    6.577605724334717
  ],
  "spectral_centroid_mean": 2802.7406840531276,
  "spectral_centroid_std": 734.5558663747055,
  "spectral_bandwidth_mean": 2688.1763620668135,
  "spectral_bandwidth_std": 292.9459689605571,
  "spectral_rolloff_mean": 5972.997397869429,
  "spectral_rolloff_std": 1143.874678685734,
  "spectral_flux_mean": 4271.26904296875,
  "spectral_flux_std": 4093.00732421875,
  "spectral_flatness_mean": 0.035760071128606796,
  "spectral_flatness_std": 0.05102717876434326,
  "spectral_slope_mean": -0.0003456158830241865,
  "spectral_spread_mean": 2688.176365757146,
  "spectral_skewness_mean": 0.9827483401298555,
  "spectral_kurtosis_mean": 3.250204054326025
}