{
  "chroma_mean": [
    0.3656875789165497,
    0.3056943416595459,
    0.31833556294441223,
    0.6137738823890686,
    0.3424758017063141,
    0.393463671207428,
    0.34206271171569824,
    0.34620562195777893,
    0.3317413628101349,
    0.28096359968185425,
    0.5649275779724121,
    0.37699395418167114
  ],
  "chroma_std": [
    0.23145708441734314,
    0.1888214349746704,
    0.21072234213352203,
    0.3456742763519287,
    0.19803699851036072,
    0.2727125287055969,
    0.2439589947462082,
    0.2227337807416916,
    0.27276793122291565,
    0.163178950548172,
    0.31387898325920105,
    0.20100407302379608
  ],
  "key_estimation": {
    "key": "C_minor",
    "confidence": 0.37707563763731977
  },
  "tonal_complexity": 0.09774642437696457
}