{
  "chroma_mean": [
    0.38112199306488037,
    0.44215527176856995,
    0.6776113510131836,
    0.4647093117237091,
    0.7651565670967102,
    0.4203713536262512,
    0.41084232926368713,
    0.3584819734096527,
    0.42557600140571594,
    0.5455566644668579,
    0.360665887594223,
    0.469880610704422
  ],
  "chroma_std": [
    0.16139480471611023,
    0.17097866535186768,
    0.29495978355407715,
    0.15601198375225067,
    0.27056950330734253,
    0.17844434082508087,
    0.14880041778087616,
    0.1425214409828186,
    0.1547912210226059,
    0.25352582335472107,
    0.1447233259677887,
    0.19277961552143097
  ],
  "key_estimation": {
    "key": "C_major",
    "confidence": 0.04313412967622921
  },
  "tonal_complexity": 0.12124203145503998
}