{
  "snr_db": 41.27617427524001,
  "dynamic_range_db": 19.636773108927436,
  "rms_energy": 0.15173673629760742,
  "zero_crossing_rate": 0.09230271757720876
}