{
  "meta": {
    "path": "../../data/raw/MIREX-like_mood/dataset/Audio/020.mp3",
    "file_hash": "38cf953c44ce9fdeff04c1d052e9628aadca3776",
    "duration_sec": 29.675102040816327,
    "sample_rate": 22050,
    "analysis_timestamp": "2025-10-24T20:14:09.275945",
    "config": {
      "sr": 22050,
      "n_fft": 2048,
      "hop_length": 512,
      "n_mels": 128,
      "n_mfcc": 13,
      "n_chroma": 12,
      "frame_length": 2048,
      "workers": 4,
      "use_crepe": false,
      "save_matrices": false,
      "save_plots": true,
      "force": true,
      "quick": false,
      "verbose": false
    },
    "processing_time_sec": 2.611834764480591
  },
  "acoustic": {
    "mfcc_mean": [
      -68.07850646972656,
      68.33583068847656,
      -30.93116569519043,
      32.843475341796875,
      -2.9189035892486572,
      12.308279991149902,
      -6.7418599128723145,
      -0.17788192629814148,
      -7.434198379516602,
      4.3561811447143555,
      -5.424925327301025,
      1.1249581575393677,
      -6.395004749298096
    ],
    "mfcc_std": [
      81.48770904541016,
      27.92843246459961,
      18.83498191833496,
      14.205277442932129,
      11.23592472076416,
      9.16878604888916,
      9.526103019714355,
      9.09127140045166,
      7.090742588043213,
      6.919112682342529,
      6.822160243988037,
      8.47863483428955,
      9.043709754943848
    ],
    "spectral_centroid_mean": 2674.8808349006968,
    "spectral_centroid_std": 544.3986925894823,
    "spectral_bandwidth_mean": 2302.507227737534,
    "spectral_bandwidth_std": 218.6321665056698,
    "spectral_rolloff_mean": 5117.157798450939,
    "spectral_rolloff_std": 861.5381403559742,
    "spectral_flux_mean": 5932.1064453125,
    "spectral_flux_std": 5511.888671875,
    "spectral_flatness_mean": 0.02747044898569584,
    "spectral_flatness_std": 0.03846920654177666,
    "spectral_slope_mean": -0.0004337007567480665,
    "spectral_spread_mean": 2302.5072308798053,
    "spectral_skewness_mean": 1.1495222646283776,
    "spectral_kurtosis_mean": 3.901145876809436
  },
  "rhythm": {
    "tempo_bpm": 143.5546875,
    "tempo_confidence": 0.9837348170768915,
    "beat_positions": [
      0.5108390022675737,
      0.9287981859410431,
      1.3699773242630386,
      1.787936507936508,
      2.2058956916099772,
      2.647074829931973,
      3.0650340136054424,
      3.5062131519274375,
      3.924172335600907,
      4.342131519274377,
      4.73687074829932,
      5.131609977324263,
      5.5495691609977325,
      5.9675283446712015,
      6.3854875283446715,
      6.8034467120181406,
      7.22140589569161,
      7.63936507936508,
      8.057324263038549,
      8.475283446712018,
      8.893242630385487,
      9.311201814058958,
      9.729160997732427,
      10.147120181405896,
      10.565079365079365,
      10.983038548752834,
      11.400997732426303,
      11.842176870748299,
      12.26013605442177,
      12.678095238095239,
      13.096054421768708,
      13.514013605442177,
      13.955192743764172,
      14.373151927437641,
      14.767891156462586,
      15.209070294784581,
      15.62702947845805,
      16.04498866213152,
      16.46294784580499,
      16.857687074829933,
      17.252426303854875,
      17.670385487528346,
      18.06512471655329,
      18.483083900226756,
      18.901043083900227,
      19.319002267573698,
      19.71374149659864,
      20.131700680272107,
      20.54965986394558,
      20.990839002267574,
      21.385578231292516,
      21.826757369614512,
      22.244716553287983,
      22.66267573696145,
      23.08063492063492,
      23.521814058956917,
      23.939773242630384,
      24.357732426303855,
      24.775691609977326,
      25.193650793650793,
      25.611609977324264,
      26.05278911564626,
      26.470748299319727,
      26.888707482993198,
      27.30666666666667,
      27.724625850340136,
      28.142585034013607,
      28.583764172335602,
      29.00172335600907,
      29.326802721088434
    ],
    "onset_times": [
      0.2786394557823129,
      0.905578231292517,
      1.1145578231292517,
      1.3699773242630386,
      1.555736961451247,
      1.7647165532879818,
      1.9504761904761905,
      2.2058956916099772,
      2.345215419501134,
      2.5541950113378684,
      2.972154195011338,
      3.1346938775510202,
      3.320453514739229,
      3.5062131519274375,
      3.924172335600907,
      4.31891156462585,
      4.527891156462585,
      4.667210884353741,
      4.9458503401360545,
      5.131609977324263,
      5.340589569160998,
      5.526349206349207,
      5.758548752834467,
      5.944308390022676,
      6.15328798185941,
      6.3854875283446715,
      6.501587301587302,
      6.780226757369615,
      7.012426303854875,
      7.198185941043084,
      7.453605442176871,
      7.616145124716553,
      8.034104308390022,
      8.289523809523809,
      8.475283446712018,
      8.684263038548753,
      8.870022675736962,
      9.102222222222222,
      9.311201814058958,
      9.520181405895691,
      9.7059410430839,
      9.961360544217687,
      10.147120181405896,
      10.356099773242631,
      10.797278911564625,
      10.983038548752834,
      11.215238095238096,
      11.377777777777778,
      11.656417233560092,
      11.818956916099774,
      12.26013605442177,
      12.469115646258503,
      12.678095238095239,
      12.910294784580499,
      13.072834467120181,
      13.514013605442177,
      13.931972789115646,
      14.140952380952381,
      14.349931972789115,
      14.55891156462585,
      14.767891156462586,
      15.000090702947846,
      15.185850340136055,
      15.371609977324264,
      16.253968253968253,
      16.439727891156462,
      16.648707482993196,
      16.834467120181404,
      17.04344671201814,
      18.06512471655329,
      18.877823129251702,
      19.11002267573696,
      19.319002267573698,
      19.504761904761907,
      19.71374149659864,
      19.9459410430839,
      20.131700680272107,
      20.340680272108845,
      20.54965986394558,
      20.758639455782312,
      20.96761904761905,
      21.199818594104308,
      21.385578231292516,
      21.61777777777778,
      21.803537414965987,
      22.035736961451246,
      22.221496598639455,
      22.50013605442177,
      22.66267573696145,
      23.08063492063492,
      23.312834467120183,
      23.49859410430839,
      23.707573696145126,
      23.939773242630384,
      24.171972789115646,
      24.288072562358277,
      24.56671201814059,
      24.775691609977326,
      25.193650793650793,
      25.402630385487527,
      25.611609977324264,
      25.820589569160997,
      26.02956916099773,
      26.23854875283447,
      26.447528344671202,
      26.70294784580499,
      26.888707482993198,
      27.09768707482993,
      27.30666666666667,
      27.538866213151927,
      27.724625850340136,
      27.93360544217687,
      28.142585034013607,
      28.398004535147393,
      28.560544217687074,
      28.792743764172336,
      29.00172335600907,
      29.23392290249433,
      29.41968253968254,
      29.628662131519274
    ],
    "rhythm_regularity": 0.9604089653616814,
    "syncopation_index": 0.4583333333333333,
    "beat_count": 70,
    "onset_count": 120
  },
  "harmony": {
    "chroma_mean": [
      0.45524582266807556,
      0.5877538323402405,
      0.5245710611343384,
      0.6067046523094177,
      0.631028413772583,
      0.7059597969055176,
      0.5335726141929626,
      0.5281118154525757,
      0.5183729529380798,
      0.41892966628074646,
      0.5080222487449646,
      0.5403735637664795
    ],
    "chroma_std": [
      0.2022419422864914,
      0.2388247549533844,
      0.20255587995052338,
      0.21955539286136627,
      0.23473554849624634,
      0.22869344055652618,
      0.22014902532100677,
      0.2188442498445511,
      0.2447192221879959,
      0.1726827472448349,
      0.23652683198451996,
      0.2705828845500946
    ],
    "key_estimation": {
      "key": "C_major",
      "confidence": -0.1525604093733106
    },