{
  "mfcc_mean": [
    -166.27391052246094,
    163.87838745117188,
    -63.59286117553711,
    47.74018096923828,
    -12.203460693359375,
    -22.026639938354492,
    0.5468180179595947,
    -14.818812370300293,
    -7.993843078613281,
    -1.597661018371582,
    -7.392063617706299,
    -3.0361380577087402,
    -4.9222822189331055
  ],
  "mfcc_std": [
    61.85646057128906,
    36.13777542114258,
    26.06753921508789,
    17.407472610473633,
    20.811925888061523,
    15.566755294799805,
    15.249665260314941,
    11.301544189453125,
    9.323147773742676,
    10.09313678741455,
    8.289349555969238,
    9.459397315979004,
    9.107398986816406
  ],
  "spectral_centroid_mean": 1443.2011999618312,
  "spectral_centroid_std": 362.8867983254811,
  "spectral_bandwidth_mean": 1277.102734041871,
  "spectral_bandwidth_std": 227.25317053350832,
  "spectral_rolloff_mean": 2888.97925204918,
  "spectral_rolloff_std": 678.9872308769449,
  "spectral_flux_mean": 4363.1787109375,
  "spectral_flux_std": 4590.51513671875,
  "spectral_flatness_mean": 0.0020038399379700422,
  "spectral_flatness_std": 0.03732307255268097,
  "spectral_slope_mean": -0.0009252674126442001,
  "spectral_spread_mean": 1277.1027323792298,
  "spectral_skewness_mean": 1.49397387230228,
  "spectral_kurtosis_mean": 6.450067779562082
}