{
  "tempo_bpm": 75.99954044117646,
  "tempo_confidence": 0.9480417031284636,
  "beat_positions": [
    0.2089795918367347,
    0.9984580498866213,
    1.787936507936508,
    2.6006349206349206,
    3.4133333333333336,
    4.179591836734694,
    5.015510204081632,
    5.735328798185941,
    6.501587301587302,
    7.291065759637188,
    8.080544217687075,
    8.70748299319728,
    9.543401360544218,
    10.356099773242631,
    11.168798185941043,
    11.888616780045352,
    12.747755102040816,
    13.537233560090703,
    14.396371882086168,
    15.301950113378684,
    16.04498866213152,
    16.788027210884355,
    17.554285714285715,
    18.3437641723356,
    19.13324263038549,
    19.89950113378685,
    20.526439909297054,
    21.292698412698414,
    22.01251700680272,
    22.755555555555556,
    23.49859410430839,
    24.3112925170068,
    25.123990929705215,
    25.890249433106575,
    26.70294784580499,
    27.515646258503402,
    28.305124716553287
  ],
  "onset_times": [
    0.18575963718820862,
    0.7198185941043084,
    0.9752380952380952,
    1.253877551020408,
    2.5774149659863945,
    2.716734693877551,
    3.1579138321995464,
    3.4133333333333336,
    3.924172335600907,
    4.574331065759637,
    4.713650793650793,
    5.015510204081632,
    5.712108843537415,
    5.921088435374149,
    6.060408163265306,
    6.8034467120181406,
    7.058866213151927,
    7.546485260770975,
    7.732244897959184,
    8.080544217687075,
    8.243083900226758,
    8.428843537414966,
    8.568163265306122,
    8.684263038548753,
    8.962902494331066,
    10.866938775510205,
    11.168798185941043,
    11.633197278911565,
    11.842176870748299,
    11.888616780045352,
    12.747755102040816,
    12.979954648526077,
    13.514013605442177,
    13.955192743764172,
    14.164172335600908,
    14.396371882086168,
    15.27873015873016,
    16.39328798185941,
    16.648707482993196,
    17.136326530612244,
    17.182766439909297,
    17.29886621315193,
    17.531065759637187,
    19.87628117913832,
    20.108480725623583,
    20.340680272108845,
    20.503219954648525,
    21.106938775510205,
    21.501678004535147,
    21.640997732426303,
    22.709115646258503,
    23.49859410430839,
    24.3112925170068,
    25.10077097505669,
    25.63482993197279,
    25.890249433106575,
    26.447528344671202,
    27.515646258503402,
    28.026485260770976,
    28.305124716553287,
    28.83918367346939,
    29.094603174603176
  ],
  "rhythm_regularity": 0.9297763775661224,
  "syncopation_index": 0.5967741935483871,
  "beat_count": 37,
  "onset_count": 62
}