{
  "meta": {
    "path": "../../data/raw/MIREX-like_mood/dataset/Audio/630.mp3",
    "file_hash": "9dae72fda19c806d45e3bdff73a8ab24efad6b52",
    "duration_sec": 29.675102040816327,
    "sample_rate": 22050,
    "analysis_timestamp": "2025-10-24T20:13:41.022575",
    "config": {
      "sr": 22050,
      "n_fft": 2048,
      "hop_length": 512,
      "n_mels": 128,
      "n_mfcc": 13,
      "n_chroma": 12,
      "frame_length": 2048,
      "workers": 4,
      "use_crepe": false,
      "save_matrices": false,
      "save_plots": true,
      "force": true,
      "quick": false,
      "verbose": false
    },
    "processing_time_sec": 3.4826085567474365
  },
  "acoustic": {
    "mfcc_mean": [
      -185.74856567382812,
      153.32403564453125,
      -29.69365119934082,
      45.722904205322266,
      -10.682561874389648,
      -11.86524486541748,
      -7.865212440490723,
      -13.519244194030762,
      -10.274706840515137,
      -8.807668685913086,
      -2.6467015743255615,
      -0.39970067143440247,
      -7.594324111938477
    ],
    "mfcc_std": [
      105.284423828125,
      46.44636917114258,
      38.493431091308594,
      19.781593322753906,
      21.10919761657715,
      17.818132400512695,
      13.817853927612305,
      13.123560905456543,
      10.048595428466797,
      10.839922904968262,
      9.344697952270508,
      9.326774597167969,
      8.034350395202637
    ],
    "spectral_centroid_mean": 1328.207492314771,
    "spectral_centroid_std": 686.9062912544839,
    "spectral_bandwidth_mean": 1297.386050344144,
    "spectral_bandwidth_std": 320.7287131393415,
    "spectral_rolloff_mean": 2402.5010574973126,
    "spectral_rolloff_std": 1172.6572839348205,
    "spectral_flux_mean": 6760.54443359375,
    "spectral_flux_std": 6564.26611328125,
    "spectral_flatness_mean": 0.002181531162932515,
    "spectral_flatness_std": 0.034736234694719315,
    "spectral_slope_mean": -0.0007753753539578809,
    "spectral_spread_mean": 1297.3860491631522,
    "spectral_skewness_mean": 2.288347190125281,
    "spectral_kurtosis_mean": 11.640499708404057
  },
  "rhythm": {
    "tempo_bpm": 103.359375,
    "tempo_confidence": 0.9541478771775058,
    "beat_positions": [
      2.995374149659864,
      3.622312925170068,
      4.249251700680272,
      4.806530612244898,
      5.363809523809524,
      5.897868480725624,
      6.5712471655328795,
      7.198185941043084,
      7.825124716553288,
      8.475283446712018,
      9.05578231292517,
      9.636281179138322,
      10.193560090702947,
      10.7740589569161,
      11.331337868480725,
      12.027936507936507,
      12.654875283446712,
      13.212154195011339,
      13.839092970521541,
      14.373151927437641,
      14.907210884353741,
      15.487709750566893,
      16.068208616780044,
      16.81124716553288,
      17.39174603174603,
      17.949024943310658,
      18.483083900226756,
      18.99392290249433,
      19.504761904761907,
      20.038820861678005,
      20.64253968253968,
      21.176598639455783,
      21.73387755102041,
      22.31437641723356,
      22.894875283446712,
      23.475374149659864,
      24.03265306122449,
      24.61315192743764,
      25.193650793650793,
      25.75092970521542,
      26.308208616780046,
      26.888707482993198
    ],
    "onset_times": [
      0.8591383219954648,
      0.9984580498866213,
      1.486077097505669,
      1.6486167800453515,
      1.8575963718820863,
      2.391655328798186,
      2.647074829931973,
      2.7399546485260773,
      2.995374149659864,
      3.1811337868480725,
      3.5526530612244898,
      3.7151927437641725,
      3.900952380952381,
      4.08671201814059,
      4.249251700680272,
      4.690430839002268,
      4.899410430839002,
      5.061950113378685,
      5.224489795918367,
      5.340589569160998,
      5.456689342403628,
      5.642448979591837,
      5.735328798185941,
      5.851428571428571,
      6.0836281179138325,
      6.431927437641724,
      6.5712471655328795,
      6.826666666666667,
      7.035646258503402,
      7.198185941043084,
      7.383945578231293,
      7.685804988662132,
      7.801904761904762,
      7.964444444444444,
      8.150204081632653,
      8.243083900226758,
      8.498503401360544,
      8.661043083900227,
      8.823582766439909,
      9.009342403628118,
      9.05578231292517,
      9.264761904761905,
      9.613061224489796,
      9.775600907029478,
      9.822040816326531,
      9.961360544217687,
      10.12390022675737,
      10.379319727891156,
      10.565079365079365,
      10.7740589569161,
      11.122358276643991,
      11.3081179138322,
      11.517097505668934,
      11.679637188208616,
      11.888616780045352,
      12.027936507936507,
      12.07437641723356,
      12.26013605442177,
      12.445895691609977,
      12.631655328798185,
      12.817414965986394,
      13.212154195011339,
      13.630113378684808,
      13.839092970521541,
      14.071292517006803,
      14.210612244897959,
      14.349931972789115,
      14.419591836734694,
      14.582131519274377,
      14.744671201814059,
      14.883990929705215,
      15.046530612244897,
      15.209070294784581,
      15.301950113378684,
      15.464489795918368,
      15.85922902494331,
      16.068208616780044,
      16.253968253968253,
      16.439727891156462,
      16.486167800453515,
      16.62548752834467,
      16.81124716553288,
      17.11310657596372,
      17.22920634920635,
      17.39174603174603,
      17.507845804988662,
      17.647165532879818,
      17.69360544217687,
      17.832925170068027,
      17.949024943310658,
      18.04190476190476,
      18.320544217687075,
      18.45986394557823,
      18.877823129251702,
      19.06358276643991,
      19.272562358276645,
      19.481541950113378,
      19.667301587301587,
      19.82984126984127,
      20.038820861678005,
      20.433560090702947,
      20.64253968253968,
      20.78185941043084,
      20.874739229024943,
      21.060498866213152,
      21.153378684807254,
      21.269478458049885,
      21.31591836734694,
      21.43201814058957,
      21.71065759637188,
      21.89641723356009,
      22.291156462585032,
      22.47691609977324,
      22.68589569160998,
      23.08063492063492,
      23.26639455782313,
      23.475374149659864,
      23.84689342403628,
      24.03265306122449,
      24.2184126984127,
      24.61315192743764,
      24.822131519274375,
      25.007891156462584,
      25.193650793650793,
      25.402630385487527,
      25.588390022675735,
      26.006349206349206,
      26.424308390022677,
      26.865487528344673,
      27.237006802721087,
      27.631746031746033,
      27.74784580498866,
      27.88716553287982,
      28.16580498866213,
      28.398004535147393,
      28.76952380952381,
      28.978503401360545,
      29.164263038548754,
      29.350022675736962,
      29.559002267573696
    ],
    "rhythm_regularity": 0.9175385677916564,
    "syncopation_index": 0.6714285714285714,
    "beat_count": 42,
    "onset_count": 140
  },
  "harmony": {
    "chroma_mean": [
      0.45342859625816345,
      0.35272228717803955,
      0.48425331711769104,
      0.4463350176811218,
      0.5047010183334351,
      0.5278764963150024,
      0.4073292911052704,
      0.49562346935272217,
      0.4387226104736328,
      0.4038200080394745,
      0.38252195715904236,
      0.49027755856513977
    ],
    "chroma_std": [
      0.2825659513473511,
      0.23780234158039093,
      0.28683793544769287,
      0.270658016204834,
      0.2953302264213562,
      0.2832295894622803,
      0.2398204505443573,
      0.32465660572052,
      0.2623198926448822,
      0.2736492156982422,
      0.232804074883461,
      0.28074905276298523
    ],
    "key_estimation": {
      "key": "C_major",
      "confidence": 0.5253776266621305
    },
    "tonal_complexity": 0.05167463794350624
  },
  "quality": {
    "snr_db": 41.49888056827169,
    "dynamic_range_db": 17.860171566799128,
    "rms_energy": 0.1824997365474701,