{
  "tempo_bpm": 99.38401442307692,
  "tempo_confidence": 0.9630333776863803,
  "beat_positions": [
    2.48453514739229,
    3.0650340136054424,
    3.622312925170068,
    4.2260317460317465,
    4.829750566893424,
    5.456689342403628,
    6.060408163265306,
    6.710566893424036,
    7.337505668934241,
    7.964444444444444,
    8.591383219954649,
    9.195102040816327,
    9.798820861678005,
    10.402539682539683,
    10.913378684807256,
    11.42421768707483,
    11.95827664399093,
    12.538775510204081,
    13.188934240362812,
    13.79265306122449,
    14.419591836734694,
    15.023310657596372,
    15.62702947845805,
    16.114648526077097,
    16.648707482993196,
    17.182766439909297,
    17.76326530612245,
    18.3437641723356,
    18.970702947845805,
    19.574421768707484,
    20.17814058956916,
    20.805079365079365,
    21.43201814058957,
    22.01251700680272,
    22.6162358276644,
    23.2431746031746,
    23.870113378684806,
    24.473832199546486,
    25.077551020408162,
    25.68126984126984,
    26.308208616780046,
    26.911927437641722,
    27.538866213151927,
    28.142585034013607,
    28.676643990929705,
    29.210702947845807
  ],
  "onset_times": [
    0.16253968253968254,
    0.34829931972789113,
    0.626938775510204,
    1.0216780045351475,
    1.230657596371882,
    1.555736961451247,
    1.7647165532879818,
    2.461315192743764,
    2.647074829931973,
    3.0418140589569163,
    3.599092970521542,
    3.6687528344671203,
    3.8080725623582765,
    3.9706122448979593,
    4.2260317460317465,
    4.4117913832199545,
    4.574331065759637,
    4.899410430839002,
    5.2477097505668935,
    5.642448979591837,
    5.828208616780046,
    6.060408163265306,
    6.757006802721088,
    6.965986394557823,
    7.360725623582766,
    7.592925170068027,
    7.732244897959184,
    7.9412244897959186,
    7.987664399092971,
    8.266303854875284,
    8.568163265306122,
    8.870022675736962,
    9.195102040816327,
    9.496961451247165,
    9.775600907029478,
    10.00780045351474,
    10.147120181405896,
    10.379319727891156,
    10.7740589569161,
    11.029478458049887,
    11.075918367346938,
    11.3081179138322,
    11.95827664399093,
    12.283356009070294,
    12.515555555555556,
    12.84063492063492,
    13.188934240362812,
    13.769433106575963,
    14.32671201814059,
    14.419591836734694,
    14.698231292517006,
    15.232290249433106,
    15.62702947845805,
    16.091428571428573,
    16.23074829931973,
    16.741587301587302,
    16.834467120181404,
    17.159546485260773,
    17.740045351473924,
    18.06512471655329,
    18.320544217687075,
    18.64562358276644,
    18.94748299319728,
    19.249342403628116,
    19.551201814058956,
    19.89950113378685,
    20.17814058956916,
    20.78185941043084,
    21.083718820861677,
    21.408798185941045,
    21.989297052154196,
    22.175056689342405,
    22.6162358276644,
    23.2431746031746,
    23.521814058956917,
    23.84689342403628,
    23.986213151927437,
    24.19519274376417,
    24.450612244897957,
    24.636371882086166,
    24.891791383219953,
    25.077551020408162,
    25.193650793650793,
    25.425850340136055,
    25.611609977324264,
    25.68126984126984,
    25.98312925170068,
    26.308208616780046,
    26.447528344671202,
    26.63328798185941,
    26.888707482993198,
    27.260226757369615,
    27.538866213151927,
    27.86394557823129,
    28.11936507936508,
    28.444444444444443,
    28.76952380952381,
    29.071383219954647,
    29.350022675736962,
    29.58222222222222
  ],
  "rhythm_regularity": 0.9353684972601309,
  "syncopation_index": 0.55,
  "beat_count": 46,
  "onset_count": 100
}