{
  "chroma_mean": [
    0.2699022889137268,
    0.4400663375854492,
    0.41452547907829285,
    0.4056473970413208,
    0.6913209557533264,
    0.2953682839870453,
    0.480742871761322,
    0.26087647676467896,
    0.4761790633201599,
    0.3876331150531769,
    0.23495642840862274,
    0.48116233944892883
  ],
  "chroma_std": [
    0.17804239690303802,
    0.30654025077819824,
    0.3269972503185272,
    0.26122429966926575,
    0.30318570137023926,
    0.17014965415000916,
    0.28025808930397034,
    0.18082374334335327,
    0.31643959879875183,
    0.28992366790771484,
    0.15637341141700745,
    0.2900239825248718
  ],
  "key_estimation": {
    "key": "C_major",
    "confidence": -0.2609821830577654
  },
  "tonal_complexity": 0.12251673638820648
}