{
  "snr_db": 37.23405986481684,
  "dynamic_range_db": 22.323953210872144,
  "rms_energy": 0.11099492013454437,
  "zero_crossing_rate": 0.08865531386843153
}