{
  "chroma_mean": [
    0.190547913312912,
    0.2290899157524109,
    0.6442510485649109,
    0.26780587434768677,
    0.3682088851928711,
    0.281412273645401,
    0.4061131179332733,
    0.6117435097694397,
    0.2571905553340912,
    0.5469264388084412,
    0.2685685157775879,
    0.39753642678260803
  ],
  "chroma_std": [
    0.10730990022420883,
    0.13434725999832153,
    0.2834392488002777,
    0.15574391186237335,
    0.21236629784107208,
    0.15153741836547852,
    0.19665034115314484,
    0.3594319820404053,
    0.1512959599494934,
    0.3520124852657318,
    0.16214708983898163,
    0.26093143224716187
  ],
  "key_estimation": {
    "key": "C_major",
    "confidence": 0.16152893955636305
  },
  "tonal_complexity": 0.14728502929210663
}