{
  "meta": {
    "path": "../../data/raw/MIREX-like_mood/dataset/Audio/140.mp3",
    "file_hash": "d7df53c3e9420d202d8e98f64619134605431f64",
    "duration_sec": 29.675102040816327,
    "sample_rate": 22050,
    "analysis_timestamp": "2025-10-24T20:21:20.567378",
    "config": {
      "sr": 22050,
      "n_fft": 2048,
      "hop_length": 512,
      "n_mels": 128,
      "n_mfcc": 13,
      "n_chroma": 12,
      "frame_length": 2048,
      "workers": 4,
      "use_crepe": false,
      "save_matrices": false,
      "save_plots": true,
      "force": true,
      "quick": false,
      "verbose": false
    },
    "processing_time_sec": 3.3995261192321777
  },
  "acoustic": {
    "mfcc_mean": [
      -80.92847442626953,
      59.795166015625,
      0.49589261412620544,
      30.916728973388672,
      1.6954433917999268,
      12.722624778747559,
      -5.045511245727539,
      4.943580150604248,
      -4.787695407867432,
      6.060898780822754,
      -1.150039553642273,
      7.883324146270752,
      2.3815970420837402
    ],
    "mfcc_std": [
      58.95216369628906,
      19.636316299438477,
      20.06186866760254,
      14.50838565826416,
      14.58279800415039,
      9.201189994812012,
      10.453041076660156,
      8.723320007324219,
      8.120381355285645,
      7.461925029754639,
      7.564735412597656,
      7.513296127319336,
      7.497631072998047
    ],
    "spectral_centroid_mean": 3002.1303574988992,
    "spectral_centroid_std": 645.4712651844542,
    "spectral_bandwidth_mean": 2740.4488778627806,
    "spectral_bandwidth_std": 303.07918498676923,
    "spectral_rolloff_mean": 6317.8737852142785,
    "spectral_rolloff_std": 990.1103987419485,
    "spectral_flux_mean": 4047.751220703125,
    "spectral_flux_std": 4641.5087890625,
    "spectral_flatness_mean": 0.04761728271842003,
    "spectral_flatness_std": 0.05316052585840225,
    "spectral_slope_mean": -0.00032704948184819144,
    "spectral_spread_mean": 2740.448876924414,
    "spectral_skewness_mean": 0.8771319917619543,
    "spectral_kurtosis_mean": 2.881404895314075
  },
  "rhythm": {
    "tempo_bpm": 112.34714673913044,
    "tempo_confidence": 0.9830439656268642,
    "beat_positions": [
      0.25541950113378686,
      0.8591383219954648,
      1.4628571428571429,
      2.020136054421769,
      2.5774149659863945,
      3.111473922902494,
      3.645532879818594,
      4.2260317460317465,
      4.760090702947846,
      5.317369614512471,
      5.851428571428571,
      6.3854875283446715,
      6.942766439909297,
      7.476825396825397,
      8.010884353741497,
      8.568163265306122,
      9.102222222222222,
      9.636281179138322,
      10.170340136054422,
      10.727619047619047,
      11.261678004535147,
      11.818956916099774,
      12.353015873015874,
      12.910294784580499,
      13.444353741496599,
      13.978412698412699,
      14.512471655328799,
      15.069750566893424,
      15.603809523809524,
      16.16108843537415,
      16.69514739229025,
      17.22920634920635,
      17.786485260770974,
      18.320544217687075,
      18.854603174603174,
      19.4118820861678,
      19.9459410430839,
      20.48,
      21.0140589569161,
      21.571337868480725,
      22.128616780045352,
      22.66267573696145,
      23.219954648526077,
      23.73079365079365,
      24.264852607709752,
      24.822131519274375,
      25.356190476190477,
      25.913469387755104,
      26.447528344671202,
      27.00480725623583,
      27.538866213151927,
      28.07292517006803,
      28.606984126984127,
      29.164263038548754
    ],
    "onset_times": [
      0.16253968253968254,
      0.2786394557823129,
      0.3947392290249433,
      0.6501587301587302,
      0.8591383219954648,
      0.9287981859410431,
      1.18421768707483,
      1.3699773242630386,
      1.486077097505669,
      1.7414965986394557,
      2.020136054421769,
      2.2987755102040817,
      2.5541950113378684,
      2.809614512471655,
      3.111473922902494,
      3.3901133786848074,
      3.622312925170068,
      3.8312925170068026,
      3.924172335600907,
      4.08671201814059,
      4.2260317460317465,
      4.597551020408163,
      4.6439909297052155,
      4.760090702947846,
      4.899410430839002,
      5.015510204081632,
      5.154829931972789,
      5.294149659863946,
      5.596009070294785,
      5.851428571428571,
      6.106848072562358,
      6.339047619047619,
      6.3854875283446715,
      6.640907029478458,
      6.942766439909297,
      7.174965986394557,
      7.453605442176871,
      7.75546485260771,
      7.894784580498866,
      8.010884353741497,
      8.266303854875284,
      8.52172335600907,
      8.568163265306122,
      8.730702947845804,
      8.823582766439909,
      8.93968253968254,
      8.986122448979591,
      9.287981859410431,
      9.357641723356009,
      9.636281179138322,
      9.914920634920636,
      10.170340136054422,
      10.425759637188209,
      10.704399092970522,
      10.89015873015873,
      11.00625850340136,
      11.261678004535147,
      11.493877551020407,
      11.679637188208616,
      11.795736961451247,
      11.95827664399093,
      12.07437641723356,
      12.19047619047619,
      12.329795918367347,
      12.60843537414966,
      12.887074829931972,
      13.165714285714285,
      13.397913832199546,
      13.444353741496599,
      13.56045351473923,
      13.676553287981859,
      13.79265306122449,
      13.955192743764172,
      14.210612244897959,
      14.257052154195012,
      14.396371882086168,
      14.651791383219955,
      14.767891156462586,
      15.046530612244897,
      15.32517006802721,
      15.487709750566893,
      15.603809523809524,
      15.74312925170068,
      15.85922902494331,
      16.021768707482995,
      16.137868480725622,
      16.416507936507937,
      16.671927437641724,
      16.950566893424035,
      17.205986394557822,
      17.507845804988662,
      17.623945578231293,
      17.786485260770974,
      17.902585034013605,
      18.018684807256236,
      18.297324263038547,
      18.575963718820862,
      18.854603174603174,
      19.11002267573696,
      19.388662131519276,
      19.667301587301587,
      19.82984126984127,
      19.9459410430839,
      20.201360544217685,
      20.433560090702947,
      20.48,
      20.897959183673468,
      21.0140589569161,
      21.292698412698414,
      21.5481179138322,
      21.757097505668934,
      21.826757369614512,
      21.942857142857143,
      21.989297052154196,
      22.128616780045352,
      22.244716553287983,
      22.337596371882086,
      22.523356009070294,
      22.639455782312925,
      22.941315192743765,
      23.196734693877552,
      23.45215419501134,
      23.73079365079365,
      24.009433106575965,
      24.19519274376417,
      24.264852607709752,
      24.427392290249433,
      24.52027210884354,
      24.706031746031748,
      24.822131519274375,
      25.10077097505669,
      25.33297052154195,
      25.611609977324264,
      25.890249433106575,
      26.33142857142857,
      26.447528344671202,
      26.63328798185941,
      26.70294784580499,
      26.865487528344673,
      26.9815873015873,
      27.16734693877551,
      27.237006802721087,
      27.515646258503402,
      27.794285714285714,
      28.026485260770976,
      28.07292517006803,
      28.305124716553287,
      28.490884353741496,
      28.606984126984127,
      28.88562358276644,
      29.024943310657598,
      29.141043083900225,
      29.326802721088434,
      29.58222222222222
    ],
    "rhythm_regularity": 0.9683774784176233,
    "syncopation_index": 0.6038961038961039,
    "beat_count": 54,
    "onset_count": 154
  },