{
  "meta": {
    "path": "../../data/raw/MIREX-like_mood/dataset/Audio/814.mp3",
    "file_hash": "893c25b91721d6a8d1bec8d4f6f5caddc8d83d78",
    "duration_sec": 29.76798185941043,
    "sample_rate": 22050,
    "analysis_timestamp": "2025-10-24T20:00:58.661038",
    "config": {
      "sr": 22050,
      "n_fft": 2048,
      "hop_length": 512,
      "n_mels": 128,
      "n_mfcc": 13,
      "n_chroma": 12,
      "frame_length": 2048,
      "workers": 4,
      "use_crepe": false,
      "save_matrices": false,
      "save_plots": true,
      "force": true,
      "quick": false,
      "verbose": false
    },
    "processing_time_sec": 3.7419626712799072
  },
  "acoustic": {
    "mfcc_mean": [
      -146.47315979003906,
      119.40917205810547,
      4.462936878204346,
      33.9482307434082,
      -4.7115159034729,
      10.310590744018555,
      4.303521633148193,
      3.8497257232666016,
      -3.158897876739502,
      6.942417621612549,
      3.5177760124206543,
      4.052403450012207,
      1.9199477434158325
    ],
    "mfcc_std": [
      87.44034576416016,
      36.080265045166016,
      16.546138763427734,
      16.85936737060547,
      10.791207313537598,
      8.905470848083496,
      9.660076141357422,
      7.674017429351807,
      8.428454399108887,
      8.21348762512207,
      6.748019218444824,
      7.885793209075928,
      7.363259315490723
    ],
    "spectral_centroid_mean": 1732.5222280546038,
    "spectral_centroid_std": 806.5508814617883,
    "spectral_bandwidth_mean": 2091.0587083227474,
    "spectral_bandwidth_std": 577.9374439580655,
    "spectral_rolloff_mean": 3786.6213220966483,
    "spectral_rolloff_std": 1896.8290125085168,
    "spectral_flux_mean": 3197.37451171875,
    "spectral_flux_std": 3946.814453125,
    "spectral_flatness_mean": 0.012743473052978516,
    "spectral_flatness_std": 0.03470591455698013,
    "spectral_slope_mean": -0.0005062993775222912,
    "spectral_spread_mean": 2091.05871028496,
    "spectral_skewness_mean": 2.0081636067510202,
    "spectral_kurtosis_mean": 7.858085147796285
  },
  "rhythm": {
    "tempo_bpm": 123.046875,
    "tempo_confidence": 0.9859759922417647,
    "beat_positions": [
      0.5340589569160997,
      0.9984580498866213,
      1.486077097505669,
      1.9736961451247166,
      2.461315192743764,
      2.9257142857142857,
      3.4133333333333336,
      3.900952380952381,
      4.365351473922902,
      4.85297052154195,
      5.340589569160998,
      5.828208616780046,
      6.292607709750567,
      6.780226757369615,
      7.267845804988662,
      7.732244897959184,
      8.243083900226758,
      8.730702947845804,
      9.195102040816327,
      9.682721088435374,
      10.147120181405896,
      10.634739229024943,
      11.099138321995465,
      11.586757369614512,
      12.07437641723356,
      12.538775510204081,
      13.003174603174603,
      13.49079365079365,
      13.955192743764172,
      14.44281179138322,
      14.930430839002268,
      15.394829931972788,
      15.905668934240364,
      16.39328798185941,
      16.857687074829933,
      17.345306122448978,
      17.809705215419502,
      18.297324263038547,
      18.784943310657596,
      19.249342403628116,
      19.760181405895693,
      20.224580498866214,
      20.712199546485262,
      21.176598639455783,
      21.640997732426303,
      22.128616780045352,
      22.6162358276644,
      23.08063492063492,
      23.591473922902495,
      24.055873015873015,
      24.543492063492064,
      25.031111111111112,
      25.495510204081633,
      25.959909297052153
    ],
    "onset_times": [
      0.2786394557823129,
      0.5108390022675737,
      0.7662585034013606,
      0.9984580498866213,
      1.486077097505669,
      1.9504761904761905,
      2.2291156462585033,
      2.4380952380952383,
      2.693514739229025,
      2.9024943310657596,
      3.1811337868480725,
      3.3901133786848074,
      3.6687528344671203,
      3.900952380952381,
      4.156371882086168,
      4.365351473922902,
      4.620770975056689,
      4.85297052154195,
      5.108390022675737,
      5.340589569160998,
      5.804988662131519,
      6.060408163265306,
      6.292607709750567,
      6.548027210884354,
      6.780226757369615,
      7.035646258503402,
      7.244625850340136,
      7.732244897959184,
      8.010884353741497,
      8.219863945578231,
      8.475283446712018,
      8.70748299319728,
      8.93968253968254,
      9.195102040816327,
      9.659501133786849,
      9.93814058956916,
      10.147120181405896,
      10.402539682539683,
      10.611519274376418,
      10.89015873015873,
      11.099138321995465,
      11.354557823129252,
      11.563537414965987,
      11.795736961451247,
      12.051156462585034,
      12.30657596371882,
      12.538775510204081,
      12.794195011337868,
      13.003174603174603,
      13.25859410430839,
      13.49079365079365,
      13.746213151927437,
      13.955192743764172,
      14.210612244897959,
      14.44281179138322,
      14.698231292517006,
      14.930430839002268,
      15.185850340136055,
      15.394829931972788,
      15.673469387755102,
      15.882448979591837,
      16.114648526077097,
      16.370068027210884,
      16.648707482993196,
      16.857687074829933,
      17.136326530612244,
      17.322086167800453,
      17.57750566893424,
      17.809705215419502,
      18.297324263038547,
      18.552743764172334,
      18.76172335600907,
      19.040362811791383,
      19.249342403628116,
      19.736961451247165,
      19.99238095238095,
      20.224580498866214,
      20.688979591836734,
      21.153378684807254,
      21.43201814058957,
      21.640997732426303,
      21.91963718820862,
      22.105396825396827,
      22.38403628117914,
      22.593015873015872,
      22.871655328798187,
      23.08063492063492,
      23.2431746031746,
      23.38249433106576,
      23.56825396825397,
      23.823673469387757,
      24.055873015873015,
      24.288072562358277,
      24.543492063492064,
      24.79891156462585,
      25.007891156462584,
      25.26331065759637,
      25.472290249433108,
      25.727709750566895,
      25.93668934240363,
      26.21532879818594,
      26.424308390022677,
      26.679727891156464,
      26.888707482993198,
      27.144126984126984,
      27.353106575963718,
      27.86394557823129,
      28.11936507936508,
      28.305124716553287,
      28.81596371882086,
      29.280362811791385,
      29.76798185941043
    ],
    "rhythm_regularity": 0.9703512637794554,
    "syncopation_index": 0.5178571428571429,
    "beat_count": 54,
    "onset_count": 112
  },
  "harmony": {
    "chroma_mean": [
      0.34583109617233276,
      0.6098406314849854,
      0.6722660660743713,
      0.4185818135738373,
      0.5487207770347595,
      0.4210801124572754,
      0.4112579822540283,
      0.5020323991775513,
      0.44920018315315247,
      0.6919825673103333,
      0.5694350004196167,
      0.47181323170661926
    ],
    "chroma_std": [
      0.14738230407238007,
      0.19916054606437683,
      0.25678983330726624,
      0.16439276933670044,
      0.2252950370311737,
      0.17968112230300903,
      0.17619608342647552,
      0.2521733045578003,
      0.16857033967971802,
      0.28242677450180054,
      0.26488012075424194,
      0.2061157524585724
    ],
    "key_estimation": {
      "key": "C_major",
      "confidence": -0.23710225175015598
    },
    "tonal_complexity": 0.10512944310903549
  },
  "quality": {
    "snr_db": 35.89913763730996,
    "dynamic_range_db": 20.744260571177353,
    "rms_energy": 0.12878333032131195,
    "zero_crossing_rate": 0.06786500450604054
  },
  "lyrics": {
    "word_count": 207,
    "unique_word_count": 72,
    "sentence_count": 1,
    "avg_words_per_sentence": 207.0,
    "readability": null,
    "sentiment_analysis": null,
    "topic_keywords": [
      "can",
      "not",
      "that",
      "you",
      "I'm",
      "don't",
      "get",
      "You",
      "tell",
      "know"
    ],