{
  "chroma_mean": [
    0.40534457564353943,
    0.7349292039871216,
    0.5354352593421936,
    0.5268571376800537,
    0.4241679608821869,
    0.3807188868522644,
    0.5541167259216309,
    0.38708120584487915,
    0.5053791999816895,
    0.37766534090042114,
    0.451029509305954,
    0.5470985770225525
  ],
  "chroma_std": [
    0.15218181908130646,
    0.2643706202507019,
    0.21733351051807404,
    0.21975499391555786,
    0.1852736920118332,
    0.159989133477211,
    0.23901954293251038,
    0.18630839884281158,
    0.2594830393791199,
    0.182447612285614,
    0.20040956139564514,
    0.3348318040370941
  ],
  "key_estimation": {
    "key": "C_minor",
    "confidence": -0.29577237282720464
  },
  "tonal_complexity": 0.0995757058262825
}