{
  "mfcc_mean": [
    -87.58773040771484,
    76.33407592773438,
    -18.938922882080078,
    23.07505226135254,
    -2.9828357696533203,
    6.425198554992676,
    -1.572054386138916,
    3.871480941772461,
    3.990586280822754,
    -0.06291288137435913,
    -8.22645378112793,
    3.838839292526245,
    -5.9184465408325195
  ],
  "mfcc_std": [
    98.231201171875,
    26.746713638305664,
    22.382129669189453,
    14.498429298400879,
    8.913111686706543,
    10.799873352050781,
    10.693644523620605,
    9.181554794311523,
    7.995408535003662,
    8.204170227050781,
    8.194005966186523,
    7.628244400024414,
    8.746803283691406
  ],
  "spectral_centroid_mean": 2719.165921879577,
  "spectral_centroid_std": 711.2141152105759,
  "spectral_bandwidth_mean": 2467.287331282608,
  "spectral_bandwidth_std": 406.6550049255932,
  "spectral_rolloff_mean": 5442.622314644009,
  "spectral_rolloff_std": 1397.1757277182228,
  "spectral_flux_mean": 3427.146728515625,
  "spectral_flux_std": 3304.46337890625,
  "spectral_flatness_mean": 0.046188291162252426,
  "spectral_flatness_std": 0.052281394600868225,
  "spectral_slope_mean": -0.00041032682668149087,
  "spectral_spread_mean": 2467.287330231954,
  "spectral_skewness_mean": 1.1678416661956088,
  "spectral_kurtosis_mean": 3.960433826590367
}