{
  "snr_db": 72.59801807556788,
  "dynamic_range_db": 20.725041145134753,
  "rms_energy": 0.14649321138858795,
  "zero_crossing_rate": 0.15004939312766444
}