{
  "snr_db": 33.17548202306085,
  "dynamic_range_db": 17.58459234449868,
  "rms_energy": 0.17166076600551605,
  "zero_crossing_rate": 0.09820639848135525
}