{
  "meta": {
    "path": "../../data/raw/CSD/english/wav/en001b.wav",
    "file_hash": "d38ffd20f6a1c61114fc1c02577059337fa80147",
    "duration_sec": 64.8,
    "sample_rate": 22050,
    "analysis_timestamp": "2025-10-24T19:11:11.153024",
    "config": {
      "sr": 22050,
      "n_fft": 2048,
      "hop_length": 512,
      "n_mels": 128,
      "n_mfcc": 13,
      "n_chroma": 12,
      "frame_length": 2048,
      "workers": 4,
      "use_crepe": false,
      "save_matrices": false,
      "save_plots": true,
      "force": true,
      "quick": false,
      "verbose": false
    },
    "processing_time_sec": 5.760671377182007
  },
  "acoustic": {
    "mfcc_mean": [
      -270.1253662109375,
      15.992036819458008,
      -13.109997749328613,
      12.44168472290039,
      -15.778044700622559,
      -15.172572135925293,
      2.0875580310821533,
      -4.85615873336792,
      -9.248180389404297,
      1.9626243114471436,
      -18.515989303588867,
      -6.314576148986816,
      -15.42455768585205
    ],
    "mfcc_std": [
      108.1248779296875,
      38.29212188720703,
      31.192232131958008,
      28.885650634765625,
      17.02693748474121,
      20.28117561340332,
      14.117650032043457,
      16.27340316772461,
      15.914813041687012,
      10.161016464233398,
      14.10387134552002,
      9.530376434326172,
      12.639095306396484
    ],
    "spectral_centroid_mean": 3181.1970825653198,
    "spectral_centroid_std": 1202.3431269299365,
    "spectral_bandwidth_mean": 2611.224919180423,
    "spectral_bandwidth_std": 428.4165165220891,
    "spectral_rolloff_mean": 6100.11881627049,
    "spectral_rolloff_std": 1768.4416016985313,
    "spectral_flux_mean": 1967.4395751953125,
    "spectral_flux_std": 3583.86181640625,
    "spectral_flatness_mean": 0.05434507131576538,
    "spectral_flatness_std": 0.08933907002210617,
    "spectral_slope_mean": -0.00020142954770268506,
    "spectral_spread_mean": 2611.224919580487,
    "spectral_skewness_mean": 1.058212503859738,
    "spectral_kurtosis_mean": 3.9384712002197344
  },
  "rhythm": {
    "tempo_bpm": 99.38401442307692,
    "tempo_confidence": 0.9661842376572293,
    "beat_positions": [
      2.4380952380952383,
      3.0418140589569163,
      3.622312925170068,
      4.20281179138322,
      4.829750566893424,
      5.433469387755102,
      5.9675283446712015,
      6.594467120181406,
      7.22140589569161,
      7.848344671201814,
      8.382403628117913,
      8.962902494331066,
      9.613061224489796,
      10.216780045351474,
      10.797278911564625,
      11.400997732426303,
      12.004716553287983,
      12.60843537414966,
      13.212154195011339,
      13.79265306122449,
      14.396371882086168,
      15.069750566893424,
      15.696689342403628,
      16.32362811791383,
      16.81124716553288,
      17.41496598639456,
      18.018684807256236,
      18.599183673469387,
      19.202902494331067,
      19.82984126984127,
      20.433560090702947,
      21.060498866213152,
      21.66421768707483,
      22.244716553287983,
      22.801995464852606,
      23.42893424036281,
      24.03265306122449,
      24.636371882086166,
      25.240090702947846,
      25.843809523809522,
      26.470748299319727,
      27.00480725623583,
      27.58530612244898,
      28.142585034013607,
      28.792743764172336,
      29.442902494331065,
      30.023401360544216,
      30.65034013605442,
      31.2540589569161,
      31.857777777777777,
      32.46149659863946,
      33.065215419501136,
      33.66893424036281,
      34.27265306122449,
      34.82993197278912,
      35.38721088435374,
      36.014149659863946,
      36.617868480725626,
      37.24480725623583,
      37.82530612244898,
      38.42902494331066,
      39.05596371882086,
      39.68290249433107,
      40.30984126984127,
      40.820680272108845,
      41.44761904761905,
      42.00489795918367,
      42.58539682539683,
      43.1891156462585,
      43.816054421768705,
      44.373333333333335,
      45.04671201814059,
      45.60399092970521,
      46.23092970521542,
      46.81142857142857,
      47.391927437641726,
      47.9956462585034,
      48.64580498866213,
      49.24952380952381,
      49.92290249433107,
      50.41052154195011,
      51.037460317460315,
      51.641179138321995,
      52.244897959183675,
      52.848616780045354,
      53.45233560090703,
      54.05605442176871,
      54.659773242630386,
      55.240272108843534,
      55.82077097505669,
      56.42448979591837,
      57.02820861678005,
      57.608707482993196,
      58.212426303854876,
      58.83936507936508,
      59.466303854875285,
      60.02358276643991,
      60.53442176870748,
      61.207800453514736,
      61.811519274376415,
      62.43845804988662,
      63.0421768707483
    ],
    "onset_times": [
      1.8343764172335602,
      2.414875283446712,
      3.0418140589569163,
      3.4133333333333336,
      3.622312925170068,
      4.20281179138322,
      4.806530612244898,
      5.433469387755102,
      5.944308390022676,
      6.501587301587302,
      6.710566893424036,
      7.198185941043084,
      7.63936507936508,
      7.848344671201814,
      8.266303854875284,
      8.40562358276644,
      8.93968253968254,
      9.58984126984127,
      9.93814058956916,
      10.216780045351474,
      10.518639455782314,
      10.797278911564625,
      11.517097505668934,
      11.981496598639456,
      12.60843537414966,
      13.212154195011339,
      13.630113378684808,
      13.769433106575963,
      14.396371882086168,
      16.32362811791383,
      16.788027210884355,
      17.786485260770974,
      17.99546485260771,
      18.320544217687075,
      18.483083900226756,
      18.76172335600907,
      19.156462585034014,
      20.29424036281179,
      21.037278911564627,
      21.478458049886623,
      21.640997732426303,
      22.244716553287983,
      22.801995464852606,
      23.42893424036281,
      24.03265306122449,
      24.61315192743764,
      24.938231292517006,
      25.240090702947846,
      25.843809523809522,
      26.354648526077096,
      26.470748299319727,
      26.772607709750567,
      27.00480725623583,
      28.11936507936508,
      29.30358276643991,
      29.41968253968254,
      29.88408163265306,
      30.023401360544216,
      32.20607709750567,
      34.27265306122449,
      35.36399092970522,
      35.99092970521542,
      36.617868480725626,
      36.989387755102044,
      37.2215873015873,
      37.755646258503404,
      37.82530612244898,
      38.17360544217687,
      38.40580498866213,
      39.05596371882086,
      39.404263038548756,
      39.566802721088436,
      40.28662131519275,
      40.79746031746032,
      41.19219954648526,
      41.424399092970525,
      42.00489795918367,
      42.5621768707483,
      43.165895691609975,
      43.816054421768705,
      44.11791383219955,
      44.373333333333335,
      45.023492063492064,
      45.58077097505669,
      46.23092970521542,
      46.78820861678005,
      47.206167800453514,
      47.62412698412698,
      47.972426303854874,
      49.295963718820865,
      49.92290249433107,
      50.41052154195011,
      50.758820861678004,
      51.61795918367347,
      51.919818594104306,
      52.082358276643994,
      52.63963718820862,
      52.82539682539682,
      53.91673469387755,
      54.659773242630386,
      55.05451247165533,
      55.21705215419501,
      56.401269841269844,
      57.00498866213152,
      57.608707482993196,
      58.212426303854876,
      58.53750566893424,
      58.816145124716556,
      59.16444444444444,
      59.44308390022676,
      60.00036281179138,
      60.51120181405896,
      61.02204081632653,
      61.23102040816327,
      61.811519274376415,
      62.43845804988662,
      63.018956916099775,
      63.48335600907029,
      63.622675736961455
    ],
    "rhythm_regularity": 0.9416717785931489,
    "syncopation_index": 0.33613445378151263,
    "beat_count": 102,
    "onset_count": 119
  },