{
  "snr_db": 35.520031359996395,
  "dynamic_range_db": 19.599174021603368,
  "rms_energy": 0.14256420731544495,
  "zero_crossing_rate": 0.19051176761630179
}