{
  "mfcc_mean": [
    -59.54069137573242,
    71.832763671875,
    2.455217123031616,
    23.63994598388672,
    9.55053997039795,
    23.384492874145508,
    3.17707896232605,
    10.325358390808105,
    5.040489196777344,
    5.72273063659668,
    1.43659245967865,
    4.899901390075684,
    -4.840403079986572
  ],
  "mfcc_std": [
    65.9655532836914,
    29.382699966430664,
    23.780126571655273,
    12.276795387268066,
    12.96111011505127,
    9.674332618713379,
    8.640767097473145,
    7.888771057128906,
    7.398521423339844,
    7.752967834472656,
    6.847865581512451,
    6.408351421356201,
    6.343026638031006
  ],
  "spectral_centroid_mean": 2849.415059801829,
  "spectral_centroid_std": 847.385397056196,
  "spectral_bandwidth_mean": 2748.4940391462846,
  "spectral_bandwidth_std": 438.25963021089865,
  "spectral_rolloff_mean": 6086.2132364117215,
  "spectral_rolloff_std": 1534.4186155447521,
  "spectral_flux_mean": 6140.64453125,
  "spectral_flux_std": 5920.86328125,
  "spectral_flatness_mean": 0.036347437649965286,
  "spectral_flatness_std": 0.04534953832626343,
  "spectral_slope_mean": -0.0003267149337306322,
  "spectral_spread_mean": 2748.494039084321,
  "spectral_skewness_mean": 0.9997997010470316,
  "spectral_kurtosis_mean": 3.3829871038027752
}