{
  "snr_db": 36.605856901523744,
  "dynamic_range_db": 20.741555026047294,
  "rms_energy": 0.12906761467456818,
  "zero_crossing_rate": 0.1305766057336321
}