{
  "chroma_mean": [
    0.5106195211410522,
    0.3915035128593445,
    0.47412386536598206,
    0.3781048655509949,
    0.6724936962127686,
    0.3216243386268616,
    0.4211525321006775,
    0.6195205450057983,
    0.3840361535549164,
    0.4935110807418823,
    0.34711673855781555,
    0.5145136713981628
  ],
  "chroma_std": [
    0.2735446095466614,
    0.179421067237854,
    0.2190532684326172,
    0.15248367190361023,
    0.2829585373401642,
    0.13473564386367798,
    0.1989850401878357,
    0.25741949677467346,
    0.18470241129398346,
    0.29118627309799194,
    0.1630794256925583,
    0.1901036649942398
  ],
  "key_estimation": {
    "key": "C_major",
    "confidence": 0.5955690482169806
  },
  "tonal_complexity": 0.10328755527734756
}