{
  "chroma_mean": [
    0.49154120683670044,
    0.7421203851699829,
    0.3956717550754547,
    0.4295974671840668,
    0.28714218735694885,
    0.20888857543468475,
    0.21889284253120422,
    0.33386486768722534,
    0.40366730093955994,
    0.30691787600517273,
    0.30025166273117065,
    0.41266170144081116
  ],
  "chroma_std": [
    0.2628208100795746,
    0.30130425095558167,
    0.19753427803516388,
    0.2759706377983093,
    0.19981572031974792,
    0.09705840796232224,
    0.13605527579784393,
    0.21670517325401306,
    0.2447843849658966,
    0.20074699819087982,
    0.17209593951702118,
    0.27969712018966675
  ],
  "key_estimation": {
    "key": "C_minor",
    "confidence": 0.19277514205042795
  },
  "tonal_complexity": 0.1370895355939865
}