{
  "snr_db": 43.840385736065805,
  "dynamic_range_db": 26.738355972808215,
  "rms_energy": 0.08422806859016418,
  "zero_crossing_rate": 0.2244189567834769
}