{
  "tempo_bpm": 161.4990234375,
  "tempo_confidence": 0.9811511092565725,
  "beat_positions": [
    0.16253968253968254,
    0.4876190476190476,
    0.8359183673469388,
    1.207437641723356,
    1.5325170068027212,
    1.9040362811791383,
    2.2755555555555556,
    2.6238548752834467,
    2.972154195011338,
    3.320453514739229,
    3.6687528344671203,
    4.017052154195011,
    4.388571428571429,
    4.73687074829932,
    5.085170068027211,
    5.433469387755102,
    5.7817687074829935,
    6.15328798185941,
    6.524807256235827,
    6.896326530612245,
    7.267845804988662,
    7.63936507936508,
    7.987664399092971,
    8.359183673469389,
    8.70748299319728,
    9.05578231292517,
    9.427301587301587,
    9.798820861678005,
    10.170340136054422,
    10.541859410430838,
    10.913378684807256,
    11.261678004535147,
    11.609977324263038,
    11.95827664399093,
    12.329795918367347,
    12.701315192743763,
    13.072834467120181,
    13.421133786848072,
    13.769433106575963,
    14.164172335600908,
    14.535691609977324,
    14.883990929705215,
    15.255510204081633,
    15.603809523809524,
    15.952108843537415,
    16.34684807256236,
    16.788027210884355,
    17.136326530612244,
    17.507845804988662,
    17.87936507936508,
    18.22766439909297,
    18.575963718820862,
    18.92426303854875,
    19.272562358276645,
    19.620861678004534,
    19.969160997732427,
    20.340680272108845,
    20.688979591836734,
    21.037278911564627,
    21.408798185941045,
    21.78031746031746,
    22.151836734693877,
    22.523356009070294,
    22.894875283446712,
    23.26639455782313,
    23.637913832199548,
    24.009433106575965,
    24.38095238095238,
    24.775691609977326,
    25.14721088435374,
    25.495510204081633,
    25.843809523809522,
    26.21532879818594,
    26.586848072562358,
    26.93514739229025,
    27.30666666666667,
    27.678185941043083,
    28.026485260770976,
    28.421224489795918,
    28.862403628117914
  ],
  "onset_times": [
    0.13931972789115646,
    0.44117913832199546,
    0.4876190476190476,
    0.8126984126984127,
    0.9520181405895691,
    1.0216780045351475,
    1.18421768707483,
    1.3003174603174603,
    1.5325170068027212,
    1.6486167800453515,
    1.7414965986394557,
    1.8808163265306121,
    1.9969160997732427,
    2.2523356009070294,
    2.345215419501134,
    2.716734693877551,
    2.948934240362812,
    3.0650340136054424,
    3.1811337868480725,
    3.320453514739229,
    3.4133333333333336,
    3.645532879818594,
    4.017052154195011,
    4.133151927437642,
    4.458231292517007,
    4.73687074829932,
    4.829750566893424,
    5.061950113378685,
    5.410249433106576,
    5.456689342403628,
    5.758548752834467,
    6.15328798185941,
    6.2693877551020405,
    6.524807256235827,
    6.664126984126984,
    6.873106575963718,
    7.035646258503402,
    7.267845804988662,
    7.360725623582766,
    7.616145124716553,
    7.7090249433106575,
    7.964444444444444,
    8.126984126984127,
    8.335963718820862,
    8.475283446712018,
    8.70748299319728,
    8.823582766439909,
    9.032562358276644,
    9.218321995464853,
    9.404081632653062,
    9.566621315192744,
    9.822040816326531,
    9.914920634920636,
    10.263219954648527,
    10.518639455782314,
    10.89015873015873,
    11.029478458049887,
    11.261678004535147,
    11.354557823129252,
    11.400997732426303,
    11.586757369614512,
    11.77251700680272,
    11.935056689342403,
    12.07437641723356,
    12.469115646258503,
    12.701315192743763,
    12.84063492063492,
    13.049614512471654,
    13.165714285714285,
    13.537233560090703,
    13.769433106575963,
    13.931972789115646,
    14.140952380952381,
    14.187392290249432,
    14.257052154195012,
    14.605351473922903,
    14.86077097505669,
    15.023310657596372,
    15.255510204081633,
    15.603809523809524,
    15.905668934240364,
    15.952108843537415,
    16.091428571428573,
    16.32362811791383,
    16.416507936507937,
    16.764807256235827,
    16.99700680272109,
    17.484625850340137,
    17.740045351473924,
    17.87936507936508,
    18.11156462585034,
    18.22766439909297,
    19.156462585034014,
    19.667301587301587,
    19.9459410430839,
    20.085260770975058,
    20.36390022675737,
    20.48,
    20.805079365079365,
    21.0140589569161,
    21.199818594104308,
    21.43201814058957,
    21.5481179138322,
    21.757097505668934,
    22.128616780045352,
    22.267936507936508,
    22.47691609977324,
    22.639455782312925,
    22.871655328798187,
    23.38249433106576,
    23.637913832199548,
    23.754013605442175,
    24.009433106575965,
    24.125532879818593,
    24.357732426303855,
    24.52027210884354,
    24.729251700680273,
    24.775691609977326,
    24.891791383219953,
    25.123990929705215,
    25.193650793650793,
    25.56517006802721,
    25.63482993197279,
    25.843809523809522,
    26.21532879818594,
    26.377868480725624,
    26.656507936507936,
    26.911927437641722,
    27.09768707482993,
    27.30666666666667,
    27.492426303854874,
    27.654965986394558,
    27.74784580498866,
    28.003265306122447,
    28.398004535147393,
    28.583764172335602,
    28.862403628117914,
    29.1178231292517,
    29.280362811791385,
    29.442902494331065
  ],
  "rhythm_regularity": 0.9471193053774491,
  "syncopation_index": 0.35,
  "beat_count": 80,
  "onset_count": 140
}