{
  "meta": {
    "path": "../../data/raw/MIREX-like_mood/dataset/Audio/233.mp3",
    "file_hash": "9d1d35b883b4c9afa886e5c27518fcc0bc24de02",
    "duration_sec": 29.675102040816327,
    "sample_rate": 22050,
    "analysis_timestamp": "2025-10-24T20:14:00.052744",
    "config": {
      "sr": 22050,
      "n_fft": 2048,
      "hop_length": 512,
      "n_mels": 128,
      "n_mfcc": 13,
      "n_chroma": 12,
      "frame_length": 2048,
      "workers": 4,
      "use_crepe": false,
      "save_matrices": false,
      "save_plots": true,
      "force": true,
      "quick": false,
      "verbose": false
    },
    "processing_time_sec": 2.821826934814453
  },
  "acoustic": {
    "mfcc_mean": [
      -91.26618957519531,
      95.46084594726562,
      -14.384443283081055,
      35.220272064208984,
      -4.227423667907715,
      6.887056350708008,
      3.941974401473999,
      -4.878753185272217,
      1.7129406929016113,
      -4.395467281341553,
      -8.00416088104248,
      0.20711609721183777,
      -6.701574802398682
    ],
    "mfcc_std": [
      69.81388854980469,
      24.956436157226562,
      16.991418838500977,
      14.00545597076416,
      11.527422904968262,
      11.059967041015625,
      9.450468063354492,
      10.97581958770752,
      10.140619277954102,
      9.6003999710083,
      9.005383491516113,
      8.7576265335083,
      8.374653816223145
    ],
    "spectral_centroid_mean": 2248.026565964376,
    "spectral_centroid_std": 614.9144151126249,
    "spectral_bandwidth_mean": 2246.658524444597,
    "spectral_bandwidth_std": 306.27552770183826,
    "spectral_rolloff_mean": 4506.609835412187,
    "spectral_rolloff_std": 1034.553345587291,
    "spectral_flux_mean": 4186.49462890625,
    "spectral_flux_std": 4365.21240234375,
    "spectral_flatness_mean": 0.01302493829280138,
    "spectral_flatness_std": 0.03391306847333908,
    "spectral_slope_mean": -0.00046600164380126643,
    "spectral_spread_mean": 2246.6585259948943,
    "spectral_skewness_mean": 1.4452649518834157,
    "spectral_kurtosis_mean": 5.041190019578337
  },
  "rhythm": {
    "tempo_bpm": 103.359375,
    "tempo_confidence": 0.9860121291840396,
    "beat_positions": [
      0.18575963718820862,
      0.7894784580498866,
      1.3931972789115645,
      1.9736961451247166,
      2.5541950113378684,
      3.1579138321995464,
      3.7384126984126986,
      4.342131519274377,
      4.899410430839002,
      5.50312925170068,
      6.0836281179138325,
      6.664126984126984,
      7.267845804988662,
      7.848344671201814,
      8.452063492063493,
      9.05578231292517,
      9.636281179138322,
      10.193560090702947,
      10.797278911564625,
      11.354557823129252,
      11.935056689342403,
      12.538775510204081,
      13.119274376417234,
      13.699773242630386,
      14.280272108843537,
      14.86077097505669,
      15.441269841269841,
      16.021768707482995,
      16.579047619047618,
      17.159546485260773,
      17.716825396825396,
      18.297324263038547,
      18.854603174603174,
      19.435102040816325,
      20.01560090702948,
      20.59609977324263,
      21.176598639455783,
      21.757097505668934,
      22.337596371882086,
      22.918095238095237,
      23.49859410430839,
      24.079092970521543,
      24.659591836734695,
      25.240090702947846,
      25.797369614512473,
      26.377868480725624,
      26.958367346938775,
      27.538866213151927,
      28.096145124716553
    ],
    "onset_times": [
      0.18575963718820862,
      0.4179591836734694,
      0.7894784580498866,
      1.0448979591836736,
      1.3931972789115645,
      1.5789569160997732,
      1.9504761904761905,
      2.2987755102040817,
      2.345215419501134,
      2.5541950113378684,
      2.9024943310657596,
      3.1579138321995464,
      3.5062131519274375,
      3.7384126984126986,
      4.08671201814059,
      4.31891156462585,
      4.667210884353741,
      4.876190476190477,
      5.479909297052155,
      5.874648526077097,
      6.060408163265306,
      6.431927437641724,
      6.664126984126984,
      7.035646258503402,
      7.244625850340136,
      7.848344671201814,
      8.196643990929704,
      8.452063492063493,
      8.800362811791382,
      9.032562358276644,
      9.404081632653062,
      9.566621315192744,
      9.613061224489796,
      9.914920634920636,
      10.193560090702947,
      10.588299319727891,
      10.7740589569161,
      11.029478458049887,
      11.23845804988662,
      11.354557823129252,
      11.656417233560092,
      11.935056689342403,
      12.515555555555556,
      12.887074829931972,
      13.119274376417234,
      13.25859410430839,
      13.467573696145125,
      13.699773242630386,
      14.048072562358277,
      14.280272108843537,
      14.466031746031746,
      14.698231292517006,
      14.86077097505669,
      15.209070294784581,
      15.32517006802721,
      15.441269841269841,
      15.789569160997733,
      16.021768707482995,
      16.300408163265306,
      16.579047619047618,
      17.020226757369613,
      17.136326530612244,
      17.41496598639456,
      17.716825396825396,
      18.088344671201813,
      18.297324263038547,
      18.483083900226756,
      18.599183673469387,
      18.854603174603174,
      19.17968253968254,
      19.435102040816325,
      19.59764172335601,
      19.99238095238095,
      20.36390022675737,
      20.572879818594103,
      21.153378684807254,
      21.5481179138322,
      21.71065759637188,
      22.105396825396827,
      22.31437641723356,
      22.709115646258503,
      22.918095238095237,
      23.289614512471655,
      23.475374149659864,
      24.055873015873015,
      24.427392290249433,
      24.659591836734695,
      25.21687074829932,
      25.472290249433108,
      25.588390022675735,
      25.797369614512473,
      26.377868480725624,
      26.586848072562358,
      26.749387755102042,
      27.329886621315193,
      27.515646258503402,
      27.817505668934242,
      28.07292517006803,
      28.676643990929705,
      29.048163265306123,
      29.257142857142856,
      29.53578231292517
    ],
    "rhythm_regularity": 0.9756025319490593,
    "syncopation_index": 0.5196078431372549,
    "beat_count": 49,
    "onset_count": 102
  },
  "harmony": {
    "chroma_mean": [
      0.3360622823238373,
      0.5573700070381165,
      0.3740411400794983,
      0.48729708790779114,
      0.43351849913597107,
      0.4747329652309418,
      0.5464361310005188,
      0.3754480481147766,
      0.5050809383392334,
      0.4384992718696594,
      0.5000249743461609,
      0.5268278121948242
    ],
    "chroma_std": [
      0.16958902776241302,
      0.2959897220134735,
      0.180873304605484,
      0.25939059257507324,
      0.24793197214603424,
      0.22186589241027832,
      0.23954546451568604,
      0.1880338191986084,
      0.2729850709438324,
      0.2621164619922638,
      0.2836543023586273,
      0.2805815637111664
    ],
    "key_estimation": {
      "key": "C_minor",
      "confidence": -0.5677418304061435
    },
    "tonal_complexity": 0.06890364736318588
  },
  "quality": {
    "snr_db": 36.06885813084139,
    "dynamic_range_db": 19.37356750391084,
    "rms_energy": 0.14681680500507355,
    "zero_crossing_rate": 0.11607617340207194
  },
  "lyrics": {
    "word_count": 204,
    "unique_word_count": 85,
    "sentence_count": 8,
    "avg_words_per_sentence": 25.5,
    "readability": null,
    "sentiment_analysis": null,
    "topic_keywords": [
      "and",
      "you",
      "come",
      "here",
      "Here",
      "smile",
      "that",
      "all",
      "again",
      "just"
    ],
    "repetition_analysis": {
      "repetition_ratio": 0.5833333333333333,
      "most_common_words": [
        [
          "and",
          14
        ],
        [
          "you",
          12
        ],
        [
          "come",
          6
        ],
        [
          "here",
          5
        ],
        [
          "Here",
          4
        ]
      ]
    }
  }
}