{
  "chroma_mean": [
    0.3479556143283844,
    0.3071528971195221,
    0.41287553310394287,
    0.5052697062492371,
    0.3203433156013489,
    0.39310476183891296,
    0.4075642228126526,
    0.4658719599246979,
    0.3194960951805115,
    0.28002896904945374,
    0.507046639919281,
    0.40400373935699463
  ],
  "chroma_std": [
    0.2360362708568573,
    0.20237907767295837,
    0.2644471824169159,
    0.32222607731819153,
    0.21666230261325836,
    0.28505200147628784,
    0.2863747775554657,
    0.30607104301452637,
    0.22946175932884216,
    0.1967599093914032,
    0.3148362338542938,
    0.2773100435733795
  ],
  "key_estimation": {
    "key": "C_minor",
    "confidence": 0.33577049714801827
  },
  "tonal_complexity": 0.07321303337812424
}