{
  "chroma_mean": [
    0.4750764071941376,
    0.4307563900947571,
    0.6022465825080872,
    0.7168834805488586,
    0.42224961519241333,
    0.4744079113006592,
    0.40796589851379395,
    0.49429112672805786,
    0.5268964767456055,
    0.4434589147567749,
    0.5905693769454956,
    0.3857516348361969
  ],
  "chroma_std": [
    0.25600481033325195,
    0.2148662507534027,
    0.24280373752117157,
    0.26457738876342773,
    0.2068527191877365,
    0.23685038089752197,
    0.2390918880701065,
    0.249928280711174,
    0.28759315609931946,
    0.19930551946163177,
    0.28278276324272156,
    0.2028660923242569
  ],
  "key_estimation": {
    "key": "C_minor",
    "confidence": 0.4936593750019296
  },
  "tonal_complexity": 0.09274300932884216
}