{
  "chroma_mean": [
    0.3691568076610565,
    0.28112173080444336,
    0.2643645107746124,
    0.276301771402359,
    0.34335532784461975,
    0.4979248344898224,
    0.3200155794620514,
    0.37809792160987854,
    0.3122408092021942,
    0.40822476148605347,
    0.38348543643951416,
    0.2974039912223816
  ],
  "chroma_std": [
    0.3705691695213318,
    0.3257445991039276,
    0.3054966926574707,
    0.3164863586425781,
    0.33548426628112793,
    0.40203991532325745,
    0.3137522041797638,
    0.3716662526130676,
    0.324267715215683,
    0.3871980309486389,
    0.38146936893463135,
    0.3292541801929474
  ],
  "key_estimation": {
    "key": "C_major",
    "confidence": 0.4407877974343533
  },
  "tonal_complexity": 0.06442386656999588
}