{
  "mfcc_mean": [
    -87.38890075683594,
    82.47856140136719,
    -10.600702285766602,
    18.28694725036621,
    2.905229091644287,
    1.2667334079742432,
    -4.501094818115234,
    6.370466232299805,
    -2.270042896270752,
    1.2325822114944458,
    -0.2724466323852539,
    7.254772186279297,
    -5.236724376678467
  ],
  "mfcc_std": [
    83.8238754272461,
    23.34145736694336,
    15.318443298339844,
    11.673019409179688,
    9.430635452270508,
    10.793845176696777,
    8.081415176391602,
    6.509278774261475,
    6.78812837600708,
    6.936529159545898,
    6.826826095581055,
    7.344104766845703,
    6.800626277923584
  ],
  "spectral_centroid_mean": 2518.031996610613,
  "spectral_centroid_std": 621.3463411794314,
  "spectral_bandwidth_mean": 2537.540389143651,
  "spectral_bandwidth_std": 361.3460921475384,
  "spectral_rolloff_mean": 5272.36016984094,
  "spectral_rolloff_std": 1396.1798011694266,
  "spectral_flux_mean": 2364.62841796875,
  "spectral_flux_std": 3331.39306640625,
  "spectral_flatness_mean": 0.023327654227614403,
  "spectral_flatness_std": 0.03813856840133667,
  "spectral_slope_mean": -0.00035360366885321047,
  "spectral_spread_mean": 2537.5403881352704,
  "spectral_skewness_mean": 1.354339883167846,
  "spectral_kurtosis_mean": 4.310894870193899
}