{
  "snr_db": 37.09337297624489,
  "dynamic_range_db": 20.25477659792797,
  "rms_energy": 0.13813453912734985,
  "zero_crossing_rate": 0.07547743903928851
}