{
  "mfcc_mean": [
    -53.32674026489258,
    94.20883178710938,
    3.427284002304077,
    21.13902473449707,
    17.937610626220703,
    18.004196166992188,
    1.9751919507980347,
    7.911360263824463,
    2.3019323348999023,
    4.9248046875,
    -1.918323040008545,
    5.3648176193237305,
    -4.310683250427246
  ],
  "mfcc_std": [
    56.107906341552734,
    21.956989288330078,
    12.072890281677246,
    10.412524223327637,
    9.551453590393066,
    7.697838306427002,
    7.304785251617432,
    7.323011875152588,
    7.834129333496094,
    7.466753005981445,
    6.9642333984375,
    6.665243625640869,
    5.790005683898926
  ],
  "spectral_centroid_mean": 2281.2600590151305,
  "spectral_centroid_std": 686.999403545986,
  "spectral_bandwidth_mean": 2615.9408378590415,
  "spectral_bandwidth_std": 370.7897328544237,
  "spectral_rolloff_mean": 5181.631138065627,
  "spectral_rolloff_std": 1550.3956955911854,
  "spectral_flux_mean": 5244.30419921875,
  "spectral_flux_std": 4670.94482421875,
  "spectral_flatness_mean": 0.02142648585140705,
  "spectral_flatness_std": 0.05334538593888283,
  "spectral_slope_mean": -0.0003610735949340402,
  "spectral_spread_mean": 2615.940836772803,
  "spectral_skewness_mean": 1.4900446299968038,
  "spectral_kurtosis_mean": 4.606528866790243
}