{
  "mfcc_mean": [
    -28.460214614868164,
    70.37860107421875,
    -0.9422020316123962,
    36.799922943115234,
    0.5793596506118774,
    8.947769165039062,
    -6.5092267990112305,
    8.786529541015625,
    -11.048614501953125,
    1.432549238204956,
    -5.487859725952148,
    -1.735741138458252,
    -5.8696088790893555
  ],
  "mfcc_std": [
    64.36321258544922,
    22.0389347076416,
    21.525070190429688,
    13.301605224609375,
    11.41269302368164,
    7.373080253601074,
    8.550098419189453,
    7.511728286743164,
    7.665991306304932,
    6.9972028732299805,
    7.608848571777344,
    6.820535659790039,
    5.916711807250977
  ],
  "spectral_centroid_mean": 2809.221227079877,
  "spectral_centroid_std": 675.1779151935497,
  "spectral_bandwidth_mean": 2622.9616446013865,
  "spectral_bandwidth_std": 398.44948394573805,
  "spectral_rolloff_mean": 5887.933669340061,
  "spectral_rolloff_std": 1314.9384535685474,
  "spectral_flux_mean": 7964.7744140625,
  "spectral_flux_std": 5960.115234375,
  "spectral_flatness_mean": 0.03622332215309143,
  "spectral_flatness_std": 0.04190324619412422,
  "spectral_slope_mean": -0.00037201285176806744,
  "spectral_spread_mean": 2622.961643697786,
  "spectral_skewness_mean": 0.9564957810691821,
  "spectral_kurtosis_mean": 3.189483779699521
}