{
  "mfcc_mean": [
    -119.0064926147461,
    82.63091278076172,
    3.1948301792144775,
    25.82615089416504,
    7.740294933319092,
    5.895002841949463,
    2.0499417781829834,
    4.063468933105469,
    -2.1764678955078125,
    8.182117462158203,
    -5.285976886749268,
    3.9956066608428955,
    1.4112704992294312
  ],
  "mfcc_std": [
    93.43006134033203,
    28.32952308654785,
    26.05708885192871,
    14.70981502532959,
    9.58460521697998,
    12.079828262329102,
    9.450690269470215,
    9.166560173034668,
    8.306822776794434,
    8.678990364074707,
    8.828675270080566,
    7.5566487312316895,
    7.099876880645752
  ],
  "spectral_centroid_mean": 2629.7075767929186,
  "spectral_centroid_std": 960.2282967967795,
  "spectral_bandwidth_mean": 2647.156082815969,
  "spectral_bandwidth_std": 489.79313914888417,
  "spectral_rolloff_mean": 5612.328195940398,
  "spectral_rolloff_std": 1743.66072557976,
  "spectral_flux_mean": 2526.36181640625,
  "spectral_flux_std": 2588.236572265625,
  "spectral_flatness_mean": 0.028122015297412872,
  "spectral_flatness_std": 0.03369814530014992,
  "spectral_slope_mean": -0.0003388607751574498,
  "spectral_spread_mean": 2647.156083620746,
  "spectral_skewness_mean": 1.2312549699027742,
  "spectral_kurtosis_mean": 4.167454461888396
}