{
  "meta": {
    "path": "../../data/raw/MIREX-like_mood/dataset/Audio/895.mp3",
    "file_hash": "59f5297411489c9661f67a60805d1bb3811923cf",
    "duration_sec": 30.040816326530614,
    "sample_rate": 22050,
    "analysis_timestamp": "2025-10-24T19:59:01.849876",
    "config": {
      "sr": 22050,
      "n_fft": 2048,
      "hop_length": 512,
      "n_mels": 128,
      "n_mfcc": 13,
      "n_chroma": 12,
      "frame_length": 2048,
      "workers": 4,
      "use_crepe": false,
      "save_matrices": false,
      "save_plots": true,
      "force": true,
      "quick": false,
      "verbose": false
    },
    "processing_time_sec": 2.9065637588500977
  },
  "acoustic": {
    "mfcc_mean": [
      -119.0064926147461,
      82.63091278076172,
      3.1948301792144775,
      25.82615089416504,
      7.740294933319092,
      5.895002841949463,
      2.0499417781829834,
      4.063468933105469,
      -2.1764678955078125,
      8.182117462158203,
      -5.285976886749268,
      3.9956066608428955,
      1.4112704992294312
    ],
    "mfcc_std": [
      93.43006134033203,
      28.32952308654785,
      26.05708885192871,
      14.70981502532959,
      9.58460521697998,
      12.079828262329102,
      9.450690269470215,
      9.166560173034668,
      8.306822776794434,
      8.678990364074707,
      8.828675270080566,
      7.5566487312316895,
      7.099876880645752
    ],
    "spectral_centroid_mean": 2629.7075767929186,
    "spectral_centroid_std": 960.2282967967795,
    "spectral_bandwidth_mean": 2647.156082815969,
    "spectral_bandwidth_std": 489.79313914888417,
    "spectral_rolloff_mean": 5612.328195940398,
    "spectral_rolloff_std": 1743.66072557976,
    "spectral_flux_mean": 2526.36181640625,
    "spectral_flux_std": 2588.236572265625,
    "spectral_flatness_mean": 0.028122015297412872,
    "spectral_flatness_std": 0.03369814530014992,
    "spectral_slope_mean": -0.0003388607751574498,
    "spectral_spread_mean": 2647.156083620746,
    "spectral_skewness_mean": 1.2312549699027742,
    "spectral_kurtosis_mean": 4.167454461888396
  },
  "rhythm": {
    "tempo_bpm": 89.10290948275862,
    "tempo_confidence": 0.977579030437641,
    "beat_positions": [
      0.626938775510204,
      1.230657596371882,
      1.8343764172335602,
      2.48453514739229,
      3.1811337868480725,
      3.877732426303855,
      4.551111111111111,
      5.2477097505668935,
      5.944308390022676,
      6.617687074829932,
      7.267845804988662,
      7.918004535147392,
      8.591383219954649,
      9.287981859410431,
      9.961360544217687,
      10.634739229024943,
      11.331337868480725,
      12.004716553287983,
      12.654875283446712,
      13.328253968253968,
      14.001632653061224,
      14.675011337868481,
      15.348390022675737,
      15.998548752834466,
      16.69514739229025,
      17.368526077097506,
      18.04190476190476,
      18.715283446712018,
      19.388662131519276,
      20.085260770975058,
      20.758639455782312,
      21.408798185941045,
      22.0821768707483,
      22.801995464852606,
      23.45215419501134,
      24.14875283446712,
      24.79891156462585,
      25.472290249433108,
      26.145668934240362,
      26.842267573696144,
      27.515646258503402,
      28.212244897959184,
      28.88562358276644
    ],
    "onset_times": [
      0.4179591836734694,
      0.603718820861678,
      0.9287981859410431,
      1.0913378684807256,
      1.230657596371882,
      1.6253968253968254,
      1.811156462585034,
      2.182675736961451,
      2.461315192743764,
      2.507755102040816,
      3.01859410430839,
      3.1579138321995464,
      3.3436734693877552,
      3.5294331065759637,
      3.7384126984126986,
      3.8545124716553287,
      4.063492063492063,
      4.2260317460317465,
      4.551111111111111,
      4.783310657596372,
      5.2477097505668935,
      5.572789115646258,
      5.944308390022676,
      6.176507936507937,
      6.431927437641724,
      6.594467120181406,
      6.733786848072563,
      6.965986394557823,
      7.1053061224489795,
      7.453605442176871,
      7.732244897959184,
      7.918004535147392,
      8.103764172335602,
      8.40562358276644,
      8.568163265306122,
      8.777142857142858,
      8.870022675736962,
      9.009342403628118,
      9.125442176870749,
      9.264761904761905,
      9.636281179138322,
      9.93814058956916,
      10.309659863945578,
      10.47219954648526,
      10.611519274376418,
      10.936598639455783,
      11.168798185941043,
      11.493877551020407,
      11.656417233560092,
      11.818956916099774,
      11.981496598639456,
      12.167256235827665,
      12.283356009070294,
      12.631655328798185,
      13.305034013605443,
      13.676553287981859,
      13.839092970521541,
      13.978412698412699,
      14.187392290249432,
      14.32671201814059,
      14.489251700680272,
      14.628571428571428,
      14.837551020408164,
      15.000090702947846,
      15.162630385487528,
      15.32517006802721,
      15.51092970521542,
      15.673469387755102,
      15.836009070294784,
      15.998548752834466,
      16.207528344671204,
      16.34684807256236,
      16.555827664399093,
      16.671927437641724,
      16.857687074829933,
      17.182766439909297,
      17.345306122448978,
      17.531065759637187,
      17.69360544217687,
      17.856145124716555,
      18.018684807256236,
      18.204444444444444,
      18.390204081632653,
      18.436643990929706,
      18.715283446712018,
      19.06358276643991,
      19.22612244897959,
      19.365442176870747,
      19.574421768707484,
      19.736961451247165,
      19.87628117913832,
      20.06204081632653,
      20.24780045351474,
      20.387120181405894,
      20.59609977324263,
      20.735419501133787,
      20.921179138321996,
      21.060498866213152,
      21.24625850340136,
      21.385578231292516,
      21.59455782312925,
      21.73387755102041,
      21.89641723356009,
      22.058956916099774,
      22.291156462585032,
      22.430476190476192,
      22.709115646258503,
      22.77877551020408,
      22.96453514739229,
      23.127074829931974,
      23.45215419501134,
      23.637913832199548,
      23.800453514739228,
      23.962993197278912,
      24.14875283446712,
      24.3112925170068,
      24.49705215419501,
      24.61315192743764,
      24.79891156462585,
      24.98467120181406,
      25.10077097505669,
      25.14721088435374,
      25.2865306122449,
      25.472290249433108,
      25.658049886621317,
      25.797369614512473,
      25.843809523809522,
      25.98312925170068,
      26.145668934240362,
      26.33142857142857,
      26.493968253968255,
      26.656507936507936,
      26.81904761904762,
      27.028027210884353,
      27.190566893424037,
      27.329886621315193,
      27.492426303854874,
      27.70140589569161,
      27.840725623582767,
      27.980045351473922,
      28.16580498866213,
      28.212244897959184,
      28.35156462585034,
      28.514104308390024,
      28.723083900226758,
      28.88562358276644,
      29.048163265306123,
      29.41968253968254,
      29.559002267573696,
      29.744761904761905,
      29.90730158730159
    ],
    "rhythm_regularity": 0.9659121306282803,
    "syncopation_index": 0.7086092715231788,
    "beat_count": 43,
    "onset_count": 151
  },
  "harmony": {
    "chroma_mean": [
      0.5520175099372864,
      0.4497220814228058,
      0.5640596747398376,
      0.4571229815483093,
      0.4799327850341797,
      0.320658802986145,
      0.3483906388282776,
      0.5681437849998474,
      0.3759056329727173,
      0.3690369725227356,
      0.35733845829963684,
      0.4151063561439514
    ],