{
  "chroma_mean": [
    0.45382341742515564,
    0.28755199909210205,
    0.2697041928768158,
    0.2580302655696869,
    0.28093013167381287,
    0.2932790219783783,
    0.32166799902915955,
    0.40797460079193115,
    0.41704651713371277,
    0.5972332954406738,
    0.41482365131378174,
    0.3528309762477875
  ],
  "chroma_std": [
    0.4005202353000641,
    0.3225308060646057,
    0.3053697645664215,
    0.2986074388027191,
    0.3000127077102661,
    0.32577481865882874,
    0.32371723651885986,
    0.37074342370033264,
    0.3415452837944031,
    0.3843769431114197,
    0.37081554532051086,
    0.3471950888633728
  ],
  "key_estimation": {
    "key": "C_major",
    "confidence": 0.2786337954737036
  },
  "tonal_complexity": 0.09555400907993317
}