{
  "meta": {
    "path": "../../data/raw/CSD/english/wav/en005a.wav",
    "file_hash": "a706d1215b2a2c6490b35fcca91c6d4f7401c08f",
    "duration_sec": 73.84616780045351,
    "sample_rate": 22050,
    "analysis_timestamp": "2025-10-24T19:12:26.474742",
    "config": {
      "sr": 22050,
      "n_fft": 2048,
      "hop_length": 512,
      "n_mels": 128,
      "n_mfcc": 13,
      "n_chroma": 12,
      "frame_length": 2048,
      "workers": 4,
      "use_crepe": false,
      "save_matrices": false,
      "save_plots": true,
      "force": true,
      "quick": false,
      "verbose": false
    },
    "processing_time_sec": 7.556598901748657
  },
  "acoustic": {
    "mfcc_mean": [
      -301.4386291503906,
      42.18870162963867,
      -31.22687530517578,
      6.156430721282959,
      -13.099099159240723,
      -15.895709037780762,
      6.584356307983398,
      -2.436330556869507,
      4.619593143463135,
      4.5885419845581055,
      -15.893707275390625,
      1.3401724100112915,
      2.668332815170288
    ],
    "mfcc_std": [
      99.92559814453125,
      33.421756744384766,
      31.725976943969727,
      23.36370277404785,
      15.891839981079102,
      20.504655838012695,
      11.943655014038086,
      13.802624702453613,
      10.937382698059082,
      11.68678092956543,
      14.565840721130371,
      10.636924743652344,
      13.456707954406738
    ],
    "spectral_centroid_mean": 2700.0927779804756,
    "spectral_centroid_std": 1500.3653180081592,
    "spectral_bandwidth_mean": 2170.9193039078655,
    "spectral_bandwidth_std": 577.9984841726904,
    "spectral_rolloff_mean": 4708.345541643744,
    "spectral_rolloff_std": 2504.332864408801,
    "spectral_flux_mean": 3221.25732421875,
    "spectral_flux_std": 6384.6689453125,
    "spectral_flatness_mean": 0.09507355839014053,
    "spectral_flatness_std": 0.17276130616664886,
    "spectral_slope_mean": -0.00029505189617475285,
    "spectral_spread_mean": 2170.919302665677,
    "spectral_skewness_mean": 1.69238860706097,
    "spectral_kurtosis_mean": 7.492714480214882
  },
  "rhythm": {
    "tempo_bpm": 129.19921875,
    "tempo_confidence": 0.9771738730703751,
    "beat_positions": [
      3.7384126984126986,
      4.2260317460317465,
      4.690430839002268,
      5.131609977324263,
      5.5495691609977325,
      6.03718820861678,
      6.524807256235827,
      6.965986394557823,
      7.4071655328798185,
      7.87156462585034,
      8.359183673469389,
      8.800362811791382,
      9.241541950113378,
      9.7059410430839,
      10.170340136054422,
      10.634739229024943,
      11.099138321995465,
      11.563537414965987,
      12.027936507936507,
      12.49233560090703,
      12.933514739229025,
      13.421133786848072,
      13.908752834467121,
      14.373151927437641,
      14.814331065759637,
      15.301950113378684,
      15.719909297052155,
      16.207528344671204,
      16.69514739229025,
      17.136326530612244,
      17.600725623582765,
      18.06512471655329,
      18.506303854875284,
      18.970702947845805,
      19.435102040816325,
      19.87628117913832,
      20.29424036281179,
      20.758639455782312,
      21.24625850340136,
      21.71065759637188,
      22.175056689342405,
      22.639455782312925,
      23.103854875283446,
      23.591473922902495,
      24.055873015873015,
      24.49705215419501,
      24.961451247165535,
      25.425850340136055,
      25.890249433106575,
      26.33142857142857,
      26.772607709750567,
      27.213786848072562,
      27.654965986394558,
      28.096145124716553,
      28.583764172335602,
      29.094603174603176,
      29.512562358276643,
      30.046621315192745,
      30.511020408163265,
      30.95219954648526,
      31.393378684807256,
      31.857777777777777,
      32.345396825396826,
      32.80979591836735,
      33.274195011337866,
      33.73859410430839,
      34.202993197278914,
      34.66739229024943,
      35.131791383219955,
      35.59619047619048,
      36.060589569160996,
      36.52498866213152,
      36.989387755102044,
      37.45378684807256,
      37.918185941043085,
      38.38258503401361,
      38.8237641723356,
      39.2649433106576,
      39.70612244897959,
      40.147301587301584,
      40.658140589569165,
      41.09931972789116,
      41.56371882086168,
      42.0281179138322,
      42.4692970521542,
      42.91047619047619,
      43.37487528344671,
      43.83927437641724,
      44.32689342403628,
      44.81451247165533,
      45.3253514739229,
      45.789750566893424,
      46.23092970521542,
      46.69532879818594,
      47.13650793650794,
      47.57768707482993,
      48.01886621315193,
      48.50648526077097,
      48.970884353741496,
      49.43528344671202,
      49.87646258503401,
      50.31764172335601,
      50.73560090702948,
      51.24643990929705,
      51.7340589569161,
      52.19845804988662,
      52.66285714285714,
      53.10403628117914,
      53.56843537414966,
      54.05605442176871,
      54.543673469387755,
      55.00807256235828,
      55.44925170068027,
      55.89043083900227,
      56.35482993197279,
      56.79600907029479,
      57.19074829931973,
      57.7015873015873,
      58.18920634920635,
      58.65360544217687,
      59.11800453514739,
      59.582403628117916,
      60.02358276643991,
      60.48798185941043,
      60.95238095238095,
      61.41678004535147,
      61.90439909297052,
      62.39201814058957,
      62.78675736961451,
      63.27437641723356,
      63.73877551020408,
      64.15673469387755,
      64.59791383219955,
      65.03909297052154,
      65.48027210884354,
      65.94467120181406,
      66.38585034013606,
      66.91990929705216,
      67.4075283446712,
      67.87192743764173,
      68.33632653061224
    ],