{
  "chroma_mean": [
    0.5930736064910889,
    0.6883751153945923,
    0.4968973696231842,
    0.4907059073448181,
    0.5000211596488953,
    0.5095821022987366,
    0.5106653571128845,
    0.5260470509529114,
    0.6780449151992798,
    0.6222855448722839,
    0.6240288615226746,
    0.6027074456214905
  ],
  "chroma_std": [
    0.2088247537612915,
    0.27193862199783325,
    0.2220541536808014,
    0.21637897193431854,
    0.22301647067070007,
    0.23703530430793762,
    0.2152683585882187,
    0.2036357820034027,
    0.23778122663497925,
    0.26045867800712585,
    0.26508164405822754,
    0.24215532839298248
  ],
  "key_estimation": {
    "key": "C_minor",
    "confidence": -0.13379634586418496
  },
  "tonal_complexity": 0.06986434012651443
}