{
  "snr_db": 35.13289173910281,
  "dynamic_range_db": 17.855245072785014,
  "rms_energy": 0.17258092761039734,
  "zero_crossing_rate": 0.0460622159646208
}