{
  "tempo_bpm": 83.35433467741936,
  "tempo_confidence": 0.9723611297142686,
  "beat_positions": [
    3.5294331065759637,
    4.249251700680272,
    4.96907029478458,
    5.642448979591837,
    6.339047619047619,
    7.035646258503402,
    7.75546485260771,
    8.498503401360544,
    9.1718820861678,
    9.914920634920636,
    10.611519274376418,
    11.331337868480725,
    12.027936507936507,
    12.747755102040816,
    13.444353741496599,
    14.117732426303855,
    14.79111111111111,
    15.487709750566893,
    16.184308390022675,
    16.904126984126986,
    17.600725623582765,
    18.413424036281178,
    19.040362811791383,
    19.806621315192743,
    20.48,
    21.13015873015873,
    21.826757369614512,
    22.6162358276644,
    23.336054421768708,
    24.03265306122449,
    24.706031746031748,
    25.402630385487527,
    26.076009070294784,
    26.842267573696144,
    27.562086167800455,
    28.281904761904762,
    28.978503401360545,
    29.675102040816327,
    30.394920634920634,
    31.091519274376417,
    31.7881179138322,
    32.53115646258503,
    33.20453514739229,
    33.90113378684807,
    34.59773242630386,
    35.31755102040816,
    36.014149659863946,
    36.710748299319725,
    37.384126984126986,
    38.080725623582765,
    38.800544217687076,
    39.52036281179139,
    40.24018140589569,
    40.936780045351476,
    41.65659863945578,
    42.37641723356009,
    43.049795918367344,
    43.74639455782313,
    44.44299319727891,
    45.16281179138322,
    45.905850340136055,
    46.625668934240366,
    47.322267573696145,
    47.9956462585034,
    48.76190476190476,
    49.43528344671202,
    50.155102040816324,
    50.85170068027211,
    51.525079365079364,
    52.22167800453515,
    52.94149659863945,
    53.661315192743764,
    54.4043537414966,
    55.077732426303854,
    55.77433106575964,
    56.517369614512475,
    57.213968253968254,
    57.933786848072565,
    58.60716553287982,
    59.3037641723356,
    60.00036281179138,
    60.720181405895694,
    61.41678004535147,
    62.09015873015873,
    62.83319727891156,
    63.52979591836735,
    64.27283446712018,
    64.94621315192744,
    65.66603174603175,
    66.36263038548753,
    67.0592290249433,
    67.75582766439909,
    68.49886621315193,
    69.17224489795919,
    69.86884353741496,
    70.58866213151927,
    71.28526077097506,
    71.98185941043084,
    72.72489795918368,
    73.39827664399093,
    74.09487528344671,
    74.7914739229025,
    75.53451247165533,
    76.2311111111111,
    76.97414965986394,
    77.6475283446712,
    78.34412698412699,
    79.08716553287982,
    79.7837641723356,
    80.5035827664399,
    81.17696145124717,
    81.87356009070295,
    82.59337868480726,
    83.28997732426303,
    83.9633560090703,
    84.5902947845805,
    85.3101133786848,
    86.02993197278911,
    86.819410430839,
    87.56244897959184,
    88.25904761904762,
    88.9556462585034,
    89.62902494331065,
    90.37206349206349,
    91.0918820861678,
    91.81170068027211,
    92.48507936507937,
    93.18167800453514,
    93.8550566893424,
    94.57487528344672,
    95.29469387755103,
    96.01451247165532,
    96.75755102040816,
    97.43092970521542,
    98.1275283446712,
    98.82412698412699,
    99.52072562358276,
    100.24054421768707,
    100.96036281179138,
    101.6801814058957,
    102.37678004535148
  ],
  "onset_times": [
    2.089795918367347,
    2.809614512471655,
    3.3436734693877552,
    3.5294331065759637,
    3.7151927437641725,
    3.8312925170068026,
    3.877732426303855,
    4.2260317460317465,
    4.597551020408163,
    4.9458503401360545,
    5.363809523809524,
    5.526349206349207,
    5.61922902494331,
    5.990748299319728,
    6.339047619047619,
    6.8034467120181406,
    7.035646258503402,
    7.4071655328798185,
    7.75546485260771,
    8.126984126984127,
    8.428843537414966,
    8.498503401360544,
    8.6378231292517,
    9.009342403628118,
    9.1718820861678,
    9.520181405895691,
    9.682721088435374,
    9.891700680272109,
    10.263219954648527,
    10.611519274376418,
    10.866938775510205,
    11.00625850340136,
    11.284897959183674,
    11.331337868480725,
    11.818956916099774,
    12.004716553287983,
    13.049614512471654,
    13.699773242630386,
    14.094512471655328,
    14.280272108843537,
    14.651791383219955,
    14.79111111111111,
    15.09297052154195,
    15.209070294784581,
    15.394829931972788,
    15.557369614512472,
    15.905668934240364,
    16.184308390022675,
    16.648707482993196,
    16.92734693877551,
    17.29886621315193,
    17.57750566893424,
    17.69360544217687,
    18.06512471655329,
    18.413424036281178,
    18.738503401360543,
    19.017142857142858,
    19.458321995464853,
    19.783401360544218,
    20.317460317460316,
    20.526439909297054,
    20.851519274376418,
    21.0140589569161,
    21.13015873015873,
    21.524897959183672,
    21.803537414965987,
    21.89641723356009,
    22.267936507936508,
    22.569795918367348,
    22.6162358276644,
    23.127074829931974,
    23.336054421768708,
    23.49859410430839,
    24.055873015873015,
    24.33451247165533,
    24.68281179138322,
    24.961451247165535,
    25.402630385487527,
    25.93668934240363,
    26.076009070294784,
    26.493968253968255,
    27.00480725623583,
    27.213786848072562,
    27.538866213151927,
    27.956825396825398,
    28.23546485260771,
    28.398004535147393,
    28.606984126984127,
    28.978503401360545,
    29.6518820861678,
    29.814421768707483,
    30.023401360544216,
    30.37170068027211,
    30.72,
    31.091519274376417,
    31.60235827664399,
    31.741678004535146,
    32.13641723356009,
    32.391836734693875,
    32.64725623582766,
    32.833015873015874,
    33.18131519274377,
    33.55283446712018,
    33.80825396825397,
    33.90113378684807,
    34.57451247165533,
    35.27111111111111,
    35.64263038548753,
    36.10702947845805,
    36.29278911564626,
    36.6875283446712,
    37.2215873015873,
    37.36090702947846,
    37.61632653061225,
    37.73242630385487,
    38.080725623582765,
    38.31292517006803,
    38.42902494331066,
    38.638004535147395,
    38.77732426303855,
    39.12562358276644,
    39.21850340136054,
    39.404263038548756,
    39.52036281179139,
    39.72934240362812,
    39.86866213151927,
    40.07764172335601,
    40.216961451247165,
    40.49560090702948,
    40.658140589569165,
    40.820680272108845,
    40.936780045351476,
    41.16897959183674,
    41.308299319727894,
    41.4940589569161,
    41.65659863945578,
    42.074557823129254,
    42.14421768707483,
    42.37641723356009,
    42.887256235827664,
    43.02657596371882,
    43.39809523809524,
    43.56063492063492,
    43.723174603174606,
    43.95537414965986,
    44.11791383219955,
    44.28045351473923,
    44.44299319727891,
    44.74485260770975,
    44.88417233560091,
    45.069931972789114,
    45.16281179138322,
    45.905850340136055,
    46.556009070294785,
    46.88108843537415,
    47.4615873015873,
    47.85632653061224,
    47.9956462585034,
    48.32072562358277,
    48.529705215419504,
    48.64580498866213,
    48.76190476190476,
    48.970884353741496,
    49.11020408163265,
    49.342403628117914,
    49.43528344671202,
    49.64426303854875,
    49.783582766439906,
    50.1318820861678,
    50.41052154195011,
    50.59628117913832,
    50.828480725623585,
    51.17678004535147,
    51.525079365079364,
    51.94303854875283,
    52.19845804988662,
    52.569977324263036,
    52.94149659863945,
    53.38267573696145,
    53.59165532879818,
    53.661315192743764,
    54.05605442176871,
    54.19537414965986,
    54.4043537414966,
    54.659773242630386,
    54.77587301587302,
    55.077732426303854,
    55.309931972789116,
    55.44925170068027,
    55.77433106575964,
    56.14585034013606,
    56.26195011337869,
    56.49414965986394,
    56.540589569161,
    57.213968253968254,
    57.376507936507934,
    57.86412698412698,
    57.933786848072565,
