{
  "snr_db": 58.52713419150959,
  "dynamic_range_db": 19.603494045624853,
  "rms_energy": 0.165219247341156,
  "zero_crossing_rate": 0.12328768715510711
}