{
  "chroma_mean": [
    0.5016230940818787,
    0.23910348117351532,
    0.37249380350112915,
    0.21426670253276825,
    0.3699285387992859,
    0.6228127479553223,
    0.30778202414512634,
    0.4049120247364044,
    0.28262782096862793,
    0.4286484718322754,
    0.33392956852912903,
    0.26632198691368103
  ],
  "chroma_std": [
    0.29615098237991333,
    0.18645447492599487,
    0.28470101952552795,
    0.1476214975118637,
    0.23084092140197754,
    0.3303675055503845,
    0.19671866297721863,
    0.2963249683380127,
    0.21939270198345184,
    0.30049172043800354,
    0.25241929292678833,
    0.2117282599210739
  ],
  "key_estimation": {
    "key": "C_major",
    "confidence": 0.7109751520162104
  },
  "tonal_complexity": 0.11183498054742813
}