{
  "snr_db": 36.639570377653385,
  "dynamic_range_db": 18.66431419953382,
  "rms_energy": 0.1631578654050827,
  "zero_crossing_rate": 0.0860182764574798
}