{
  "snr_db": 36.21605216131683,
  "dynamic_range_db": 20.821394957843168,
  "rms_energy": 0.12912407517433167,
  "zero_crossing_rate": 0.08925589767156862
}