{
  "chroma_mean": [
    0.5983200073242188,
    0.6420903205871582,
    0.7381699681282043,
    0.7820672988891602,
    0.6952793598175049,
    0.6531623005867004,
    0.6271950006484985,
    0.5489633083343506,
    0.5813037157058716,
    0.727789580821991,
    0.8312470316886902,
    0.5722381472587585
  ],
  "chroma_std": [
    0.19678442180156708,
    0.1753697395324707,
    0.1638280749320984,
    0.18576575815677643,
    0.18272702395915985,
    0.1900569051504135,
    0.18266215920448303,
    0.1533542275428772,
    0.18074503540992737,
    0.17457568645477295,
    0.18243658542633057,
    0.1823277324438095
  ],
  "key_estimation": {
    "key": "C_minor",
    "confidence": -0.14857594072831865
  },
  "tonal_complexity": 0.08521752804517746
}