{
  "snr_db": 38.82674801060518,
  "dynamic_range_db": 20.856682602732914,
  "rms_energy": 0.13003703951835632,
  "zero_crossing_rate": 0.0766605380179828
}