{
  "snr_db": 44.89814172918237,
  "dynamic_range_db": 13.894651210016708,
  "rms_energy": 0.268979012966156,
  "zero_crossing_rate": 0.06220132666191244
}