{
  "snr_db": 38.55566236222403,
  "dynamic_range_db": 18.517745589894776,
  "rms_energy": 0.16831296682357788,
  "zero_crossing_rate": 0.12435332601617995
}