{
  "tempo_bpm": 172.265625,
  "tempo_confidence": 0.9865099592418058,
  "beat_positions": [
    0.16253968253968254,
    0.5108390022675737,
    0.8591383219954648,
    1.18421768707483,
    1.555736961451247,
    1.9040362811791383,
    2.2523356009070294,
    2.5774149659863945,
    2.9257142857142857,
    3.274013605442177,
    3.599092970521542,
    3.947392290249433,
    4.295691609977324,
    4.620770975056689,
    4.9458503401360545,
    5.270929705215419,
    5.596009070294785,
    5.944308390022676,
    6.292607709750567,
    6.617687074829932,
    6.942766439909297,
    7.291065759637188,
    7.616145124716553,
    7.964444444444444,
    8.312743764172335,
    8.6378231292517,
    8.986122448979591,
    9.334421768707482,
    9.682721088435374,
    10.00780045351474,
    10.332879818594105,
    10.681179138321996,
    11.00625850340136,
    11.354557823129252,
    11.702857142857143,
    12.051156462585034,
    12.376235827664399,
    12.701315192743763,
    13.049614512471654,
    13.374693877551021,
    13.699773242630386,
    14.048072562358277,
    14.396371882086168,
    14.721451247165533,
    15.046530612244897,
    15.371609977324264,
    15.696689342403628,
    16.021768707482995,
    16.370068027210884,
    16.718367346938777,
    17.066666666666666,
    17.438185941043084,
    17.786485260770974,
    18.134784580498867,
    18.483083900226756,
    18.83138321995465,
    19.13324263038549,
    19.481541950113378,
    19.806621315192743,
    20.131700680272107,
    20.503219954648525,
    20.851519274376418,
    21.199818594104308,
    21.5481179138322,
    21.89641723356009,
    22.221496598639455,
    22.54657596371882,
    22.894875283446712,
    23.2431746031746,
    23.61469387755102,
    23.939773242630384,
    24.288072562358277,
    24.636371882086166,
    24.98467120181406,
    25.33297052154195,
    25.68126984126984,
    26.02956916099773,
    26.354648526077096,
    26.70294784580499,
    27.051247165532878,
    27.39954648526077,
    27.74784580498866,
    28.07292517006803
  ],
  "onset_times": [
    0.13931972789115646,
    0.34829931972789113,
    0.5108390022675737,
    0.6733786848072563,
    0.8591383219954648,
    1.0448979591836736,
    1.18421768707483,
    1.7182766439909296,
    1.9040362811791383,
    2.2523356009070294,
    2.7399546485260773,
    2.9024943310657596,
    3.250793650793651,
    3.575873015873016,
    3.924172335600907,
    4.1099319727891155,
    4.295691609977324,
    4.435011337868481,
    4.620770975056689,
    4.783310657596372,
    4.9458503401360545,
    5.108390022675737,
    5.270929705215419,
    5.456689342403628,
    5.596009070294785,
    5.758548752834467,
    5.944308390022676,
    6.106848072562358,
    6.2693877551020405,
    6.431927437641724,
    6.594467120181406,
    6.640907029478458,
    6.826666666666667,
    6.989206349206349,
    7.267845804988662,
    7.616145124716553,
    7.778684807256236,
    7.918004535147392,
    8.6378231292517,
    8.962902494331066,
    9.079002267573696,
    9.241541950113378,
    9.334421768707482,
    10.00780045351474,
    10.332879818594105,
    10.681179138321996,
    11.00625850340136,
    11.168798185941043,
    11.354557823129252,
    11.54031746031746,
    11.656417233560092,
    12.561995464852608,
    12.701315192743763,
    13.02639455782313,
    13.374693877551021,
    13.931972789115646,
    14.071292517006803,
    14.396371882086168,
    14.605351473922903,
    14.721451247165533,
    15.232290249433106,
    15.394829931972788,
    15.673469387755102,
    15.719909297052155,
    16.068208616780044,
    16.439727891156462,
    16.579047619047618,
    16.741587301587302,
    16.950566893424035,
    17.066666666666666,
    17.41496598639456,
    17.786485260770974,
    18.11156462585034,
    18.250884353741498,
    18.45986394557823,
    18.64562358276644,
    18.83138321995465,
    19.13324263038549,
    19.365442176870747,
    19.481541950113378,
    19.806621315192743,
    20.108480725623583,
    20.17814058956916,
    20.433560090702947,
    20.503219954648525,
    20.66575963718821,
    20.82829931972789,
    21.037278911564627,
    21.176598639455783,
    21.524897959183672,
    21.873197278911565,
    22.221496598639455,
    22.54657596371882,
    22.825215419501134,
    23.591473922902495,
    23.939773242630384,
    24.264852607709752,
    24.61315192743764,
    24.822131519274375,
    24.961451247165535,
    25.170430839002268,
    25.309750566893424,
    25.658049886621317,
    26.006349206349206,
    26.16888888888889,
    26.33142857142857,
    26.679727891156464,
    27.028027210884353,
    27.237006802721087,
    27.376326530612246,
    27.562086167800455,
    27.724625850340136,
    27.910385487528345,
    28.0497052154195,
    28.096145124716553,
    28.23546485260771,
    28.374784580498865,
    29.094603174603176,
    29.257142857142856,
    29.442902494331065
  ],
  "rhythm_regularity": 0.9598246373788698,
  "syncopation_index": 0.325,
  "beat_count": 83,
  "onset_count": 120
}