{
  "meta": {
    "path": "../../data/raw/MIREX-like_mood/dataset/Audio/400.mp3",
    "file_hash": "b6dbfa5eb6c8413c0738ccb7643776eb74bb22eb",
    "duration_sec": 29.58222222222222,
    "sample_rate": 22050,
    "analysis_timestamp": "2025-10-24T20:01:33.186667",
    "config": {
      "sr": 22050,
      "n_fft": 2048,
      "hop_length": 512,
      "n_mels": 128,
      "n_mfcc": 13,
      "n_chroma": 12,
      "frame_length": 2048,
      "workers": 4,
      "use_crepe": false,
      "save_matrices": false,
      "save_plots": true,
      "force": true,
      "quick": false,
      "verbose": false
    },
    "processing_time_sec": 3.8176918029785156
  },
  "acoustic": {
    "mfcc_mean": [
      -77.66059875488281,
      89.98700714111328,
      -22.29535484313965,
      47.30051040649414,
      -1.2817070484161377,
      12.546956062316895,
      -2.6193108558654785,
      9.567760467529297,
      -9.559677124023438,
      4.419900417327881,
      -7.358613014221191,
      -0.8827128410339355,
      -3.2394537925720215
    ],
    "mfcc_std": [
      90.63011932373047,
      23.415634155273438,
      17.783031463623047,
      16.722288131713867,
      13.540152549743652,
      8.908185005187988,
      9.04925537109375,
      7.99381160736084,
      8.60744857788086,
      8.64892292022705,
      7.377514362335205,
      7.991877555847168,
      7.40321683883667
    ],
    "spectral_centroid_mean": 2239.735288931998,
    "spectral_centroid_std": 563.1254782014902,
    "spectral_bandwidth_mean": 2117.0122019052997,
    "spectral_bandwidth_std": 272.1922387327662,
    "spectral_rolloff_mean": 4360.330078125,
    "spectral_rolloff_std": 976.6448066625456,
    "spectral_flux_mean": 4113.69775390625,
    "spectral_flux_std": 2953.39599609375,
    "spectral_flatness_mean": 0.012471082620322704,
    "spectral_flatness_std": 0.03720463067293167,
    "spectral_slope_mean": -0.000555880920076598,
    "spectral_spread_mean": 2117.0122028191063,
    "spectral_skewness_mean": 1.2912199365814039,
    "spectral_kurtosis_mean": 4.643537385269481
  },
  "rhythm": {
    "tempo_bpm": 112.34714673913044,
    "tempo_confidence": 0.9875132841063455,
    "beat_positions": [
      1.5789569160997732,
      2.136235827664399,
      2.693514739229025,
      3.2275736961451247,
      3.7384126984126986,
      4.272471655328798,
      4.806530612244898,
      5.340589569160998,
      5.874648526077097,
      6.3854875283446715,
      6.919546485260771,
      7.430385487528345,
      7.9412244897959186,
      8.498503401360544,
      9.032562358276644,
      9.566621315192744,
      10.100680272108843,
      10.634739229024943,
      11.168798185941043,
      11.702857142857143,
      12.236916099773243,
      12.747755102040816,
      13.281814058956916,
      13.815873015873017,
      14.349931972789115,
      14.883990929705215,
      15.394829931972788,
      15.928888888888888,
      16.46294784580499,
      16.99700680272109,
      17.531065759637187,
      18.06512471655329,
      18.575963718820862,
      19.086802721088436,
      19.620861678004534,
      20.131700680272107,
      20.66575963718821,
      21.199818594104308,
      21.73387755102041,
      22.267936507936508,
      22.77877551020408,
      23.312834467120183,
      23.84689342403628,
      24.357732426303855,
      24.891791383219953,
      25.402630385487527,
      25.93668934240363,
      26.447528344671202,
      26.9815873015873,
      27.492426303854874
    ],
    "onset_times": [
      0.46439909297052157,
      0.9287981859410431,
      1.2770975056689342,
      1.5789569160997732,
      1.8343764172335602,
      2.136235827664399,
      2.391655328798186,
      2.670294784580499,
      3.2043537414965986,
      3.5062131519274375,
      3.7384126984126986,
      4.017052154195011,
      4.272471655328798,
      4.574331065759637,
      4.783310657596372,
      5.317369614512471,
      5.851428571428571,
      6.130068027210885,
      6.3854875283446715,
      6.919546485260771,
      7.174965986394557,
      7.314285714285714,
      7.430385487528345,
      7.685804988662132,
      7.918004535147392,
      8.475283446712018,
      8.753922902494331,
      9.032562358276644,
      9.264761904761905,
      9.543401360544218,
      10.031020408163265,
      10.100680272108843,
      10.611519274376418,
      10.89015873015873,
      11.145578231292516,
      11.447437641723356,
      11.679637188208616,
      12.213696145124716,
      12.72453514739229,
      13.281814058956916,
      13.537233560090703,
      14.349931972789115,
      14.628571428571428,
      14.883990929705215,
      15.139410430839002,
      15.371609977324264,
      15.673469387755102,
      15.928888888888888,
      16.184308390022675,
      16.46294784580499,
      16.973786848072564,
      17.2756462585034,
      17.507845804988662,
      17.76326530612245,
      18.552743764172334,
      19.06358276643991,
      19.620861678004534,
      19.853061224489796,
      20.131700680272107,
      20.66575963718821,
      21.176598639455783,
      21.73387755102041,
      21.989297052154196,
      22.244716553287983,
      22.523356009070294,
      22.77877551020408,
      23.289614512471655,
      23.823673469387757,
      24.102312925170068,
      24.357732426303855,
      24.636371882086166,
      24.86857142857143,
      25.170430839002268,
      25.379410430839002,
      25.658049886621317,
      25.913469387755104,
      26.192108843537415,
      26.447528344671202,
      26.958367346938775,
      27.237006802721087,
      27.492426303854874,
      27.74784580498866,
      28.003265306122447,
      28.258684807256238,
      28.53732426303855,
      28.792743764172336,
      29.048163265306123,
      29.58222222222222
    ],
    "rhythm_regularity": 0.9760902077703829,
    "syncopation_index": 0.4431818181818182,
    "beat_count": 50,
    "onset_count": 88
  },
  "harmony": {
    "chroma_mean": [
      0.5827265381813049,
      0.39920076727867126,
      0.47933071851730347,
      0.45487138628959656,
      0.5870745182037354,
      0.4681859314441681,
      0.5095683336257935,
      0.6686246991157532,
      0.49097195267677307,
      0.655219316482544,
      0.4127574861049652,
      0.5286047458648682
    ],
    "chroma_std": [
      0.290681391954422,
      0.22127234935760498,
      0.2456790655851364,
      0.22809991240501404,
      0.24681058526039124,
      0.24938179552555084,
      0.22378794848918915,
      0.2651469111442566,
      0.19441527128219604,
      0.2567836046218872,
      0.15630069375038147,
      0.23970521986484528
    ],
    "key_estimation": {
      "key": "C_major",
      "confidence": 0.6896955137296996
    },
    "tonal_complexity": 0.083917535841465
  },
  "quality": {
    "snr_db": 36.918349305792894,
    "dynamic_range_db": 18.15072071126115,
    "rms_energy": 0.1644410789012909,
    "zero_crossing_rate": 0.12821001838235294
  },
  "lyrics": {
    "word_count": 166,
    "unique_word_count": 93,
    "sentence_count": 15,
    "avg_words_per_sentence": 11.066666666666666,
    "readability": null,
    "sentiment_analysis": null,
    "topic_keywords": [
      "and",
      "rock,",
      "island.",
      "have",
      "the",
      "never",
      "And",
      "deep",
      "I've",
      "It's"
    ],
    "repetition_analysis": {
      "repetition_ratio": 0.43975903614457834,
      "most_common_words": [
        [
          "and",
          4
        ],
        [
          "rock,",
          4
        ],
        [
          "island.",
          4
        ],
        [
          "have",
          4
        ],
        [
          "the",
          3
        ]
      ]
    }
  }
}