{
  "mfcc_mean": [
    -32.15283203125,
    93.64456176757812,
    -35.02347183227539,
    35.001182556152344,
    -2.70721173286438,
    25.93364906311035,
    -5.441434383392334,
    13.257439613342285,
    -7.957318305969238,
    11.049368858337402,
    4.050307750701904,
    4.231234550476074,
    -6.018199443817139
  ],
  "mfcc_std": [
    52.60869216918945,
    22.569128036499023,
    16.61604881286621,
    14.280759811401367,
    8.198736190795898,
    8.505005836486816,
    8.156047821044922,
    5.963649749755859,
    6.983480453491211,
    6.7312517166137695,
    6.243904113769531,
    7.015595436096191,
    6.684020042419434
  ],
  "spectral_centroid_mean": 2345.4510879122527,
  "spectral_centroid_std": 414.5641017159476,
  "spectral_bandwidth_mean": 2174.4038771557066,
  "spectral_bandwidth_std": 301.853029517403,
  "spectral_rolloff_mean": 4758.612017864947,
  "spectral_rolloff_std": 951.936660757151,
  "spectral_flux_mean": 4643.05810546875,
  "spectral_flux_std": 3043.395751953125,
  "spectral_flatness_mean": 0.019119007512927055,
  "spectral_flatness_std": 0.03156249597668648,
  "spectral_slope_mean": -0.0005977457843147141,
  "spectral_spread_mean": 2174.403876513808,
  "spectral_skewness_mean": 1.1906537246277178,
  "spectral_kurtosis_mean": 3.985702778207882
}