{
  "mfcc_mean": [
    -106.12869262695312,
    127.15740203857422,
    -3.94683837890625,
    35.74121856689453,
    -15.942432403564453,
    8.903200149536133,
    -20.687631607055664,
    -10.393620491027832,
    -19.162498474121094,
    -11.250901222229004,
    -12.049002647399902,
    -7.30412483215332,
    -16.14679718017578
  ],
  "mfcc_std": [
    64.62788391113281,
    25.431493759155273,
    19.54790496826172,
    16.025634765625,
    12.524829864501953,
    9.624825477600098,
    10.118511199951172,
    8.454395294189453,
    8.449784278869629,
    8.168877601623535,
    8.703142166137695,
    7.468868732452393,
    7.05305814743042
  ],
  "spectral_centroid_mean": 1496.6473740115587,
  "spectral_centroid_std": 436.18456492035193,
  "spectral_bandwidth_mean": 1866.1692727368538,
  "spectral_bandwidth_std": 357.0439164359365,
  "spectral_rolloff_mean": 3164.3033574203478,
  "spectral_rolloff_std": 1194.39251773477,
  "spectral_flux_mean": 6174.15185546875,
  "spectral_flux_std": 5623.1611328125,
  "spectral_flatness_mean": 0.0033975793048739433,
  "spectral_flatness_std": 0.029474129900336266,
  "spectral_slope_mean": -0.0005855264450495301,
  "spectral_spread_mean": 1866.169269722784,
  "spectral_skewness_mean": 2.1431040478124754,
  "spectral_kurtosis_mean": 7.978780008987135
}