{
  "mfcc_mean": [
    -74.90811920166016,
    98.79682159423828,
    8.667106628417969,
    22.070425033569336,
    0.12840193510055542,
    8.96132755279541,
    -3.5060384273529053,
    -0.9322567582130432,
    -2.1079392433166504,
    4.913968086242676,
    -5.985147476196289,
    -5.219935417175293,
    -6.990896701812744
  ],
  "mfcc_std": [
    95.95966339111328,
    30.124685287475586,
    23.22174072265625,
    16.937070846557617,
    13.50432300567627,
    10.876463890075684,
    11.320938110351562,
    10.776741981506348,
    9.592747688293457,
    8.874930381774902,
    9.251081466674805,
    9.398577690124512,
    8.558213233947754
  ],
  "spectral_centroid_mean": 2050.243565533949,
  "spectral_centroid_std": 800.0522771686361,
  "spectral_bandwidth_mean": 2370.116280831521,
  "spectral_bandwidth_std": 569.8315403368927,
  "spectral_rolloff_mean": 4517.226893767977,
  "spectral_rolloff_std": 1720.5533565374387,
  "spectral_flux_mean": 9095.7236328125,
  "spectral_flux_std": 10969.015625,
  "spectral_flatness_mean": 0.015144107863307,
  "spectral_flatness_std": 0.02948366105556488,
  "spectral_slope_mean": -0.0002862326038698509,
  "spectral_spread_mean": 2370.1162805972976,
  "spectral_skewness_mean": 1.7696141054666819,
  "spectral_kurtosis_mean": 7.067713419618615
}