{
  "mfcc_mean": [
    -35.756351470947266,
    69.08462524414062,
    -9.922687530517578,
    35.86931610107422,
    5.168917655944824,
    11.793153762817383,
    2.9089322090148926,
    4.936194896697998,
    -1.3527655601501465,
    5.274387836456299,
    -4.307832717895508,
    2.469867467880249,
    -3.1737217903137207
  ],
  "mfcc_std": [
    63.72793960571289,
    20.580257415771484,
    17.913110733032227,
    13.403297424316406,
    8.546908378601074,
    8.814501762390137,
    7.049280643463135,
    6.195807933807373,
    6.602762699127197,
    6.319295883178711,
    6.417032718658447,
    6.517011642456055,
    6.814298152923584
  ],
  "spectral_centroid_mean": 2803.3510127177638,
  "spectral_centroid_std": 555.6630666846858,
  "spectral_bandwidth_mean": 2546.307236234024,
  "spectral_bandwidth_std": 270.32266783269154,
  "spectral_rolloff_mean": 5583.541021742854,
  "spectral_rolloff_std": 1021.6601378005774,
  "spectral_flux_mean": 5451.162109375,
  "spectral_flux_std": 4045.001953125,
  "spectral_flatness_mean": 0.0395708791911602,
  "spectral_flatness_std": 0.056428901851177216,
  "spectral_slope_mean": -0.0003848649776354955,
  "spectral_spread_mean": 2546.307239162245,
  "spectral_skewness_mean": 1.0322285132020912,
  "spectral_kurtosis_mean": 3.5038786319167747
}