{
  "chroma_mean": [
    0.12043992429971695,
    0.16836769878864288,
    0.1234123557806015,
    0.12862257659435272,
    0.5656816363334656,
    0.12571099400520325,
    0.35580629110336304,
    0.1180138811469078,
    0.1728837937116623,
    0.35637879371643066,
    0.1319609135389328,
    0.25529932975769043
  ],
  "chroma_std": [
    0.07954797148704529,
    0.11295196413993835,
    0.08592439442873001,
    0.09233808517456055,
    0.3935209810733795,
    0.09674306958913803,
    0.3920523524284363,
    0.07441350817680359,
    0.1745867133140564,
    0.39194464683532715,
    0.10467781871557236,
    0.20396411418914795
  ],
  "key_estimation": {
    "key": "C_major",
    "confidence": -0.0038001178574576214
  },
  "tonal_complexity": 0.13456057012081146
}