{
  "snr_db": 34.188870446157196,
  "dynamic_range_db": 20.393428959027304,
  "rms_energy": 0.12767638266086578,
  "zero_crossing_rate": 0.18020186383051845
}