{
  "snr_db": 35.12265967151252,
  "dynamic_range_db": 19.326908953424603,
  "rms_energy": 0.14601801335811615,
  "zero_crossing_rate": 0.10248790559030492
}