{
  "tempo_bpm": 143.5546875,
  "tempo_confidence": 0.9872663936466944,
  "beat_positions": [
    0.16253968253968254,
    0.5804988662131519,
    0.9752380952380952,
    1.3931972789115645,
    1.811156462585034,
    2.2058956916099772,
    2.6238548752834467,
    3.0418140589569163,
    3.4133333333333336,
    3.8545124716553287,
    4.272471655328798,
    4.667210884353741,
    5.085170068027211,
    5.50312925170068,
    5.897868480725624,
    6.315827664399093,
    6.710566893424036,
    7.128526077097506,
    7.523265306122449,
    7.918004535147392,
    8.335963718820862,
    8.753922902494331,
    9.148662131519274,
    9.566621315192744,
    9.961360544217687,
    10.379319727891156,
    10.7740589569161,
    11.19201814058957,
    11.586757369614512,
    12.004716553287983,
    12.399455782312925,
    12.817414965986394,
    13.212154195011339,
    13.630113378684808,
    14.02485260770975,
    14.419591836734694,
    14.837551020408164,
    15.232290249433106,
    15.650249433106575,
    16.068208616780044,
    16.46294784580499,
    16.880907029478458,
    17.29886621315193,
    17.69360544217687,
    18.088344671201813,
    18.506303854875284,
    18.901043083900227,
    19.319002267573698,
    19.71374149659864,
    20.131700680272107,
    20.526439909297054,
    20.94439909297052,
    21.339138321995463,
    21.757097505668934,
    22.151836734693877,
    22.569795918367348,
    22.987755102040815,
    23.405714285714286,
    23.800453514739228,
    24.2184126984127,
    24.61315192743764,
    25.031111111111112,
    25.425850340136055,
    25.843809523809522,
    26.23854875283447,
    26.656507936507936,
    27.051247165532878
  ],
  "onset_times": [
    0.13931972789115646,
    0.18575963718820862,
    0.37151927437641724,
    0.5804988662131519,
    0.7662585034013606,
    1.1609977324263039,
    1.3931972789115645,
    1.811156462585034,
    1.9969160997732427,
    2.182675736961451,
    2.391655328798186,
    2.5309750566893423,
    3.0418140589569163,
    3.3901133786848074,
    3.622312925170068,
    3.8545124716553287,
    4.249251700680272,
    4.667210884353741,
    4.829750566893424,
    5.085170068027211,
    5.479909297052155,
    5.688888888888889,
    5.897868480725624,
    6.0836281179138325,
    6.292607709750567,
    6.501587301587302,
    6.6873469387755105,
    6.896326530612245,
    7.1053061224489795,
    7.314285714285714,
    7.523265306122449,
    7.7090249433106575,
    7.918004535147392,
    8.312743764172335,
    8.52172335600907,
    8.730702947845804,
    8.93968253968254,
    9.05578231292517,
    9.148662131519274,
    9.311201814058958,
    9.566621315192744,
    9.775600907029478,
    9.93814058956916,
    10.379319727891156,
    10.541859410430838,
    10.7740589569161,
    10.983038548752834,
    11.168798185941043,
    11.563537414965987,
    11.77251700680272,
    11.981496598639456,
    12.19047619047619,
    12.376235827664399,
    12.585215419501134,
    12.794195011337868,
    13.003174603174603,
    13.188934240362812,
    13.397913832199546,
    13.606893424036281,
    13.815873015873017,
    14.001632653061224,
    14.233832199546486,
    14.628571428571428,
    14.837551020408164,
    15.046530612244897,
    15.209070294784581,
    15.418049886621315,
    15.580589569160997,
    15.81278911564626,
    16.021768707482995,
    16.068208616780044,
    16.253968253968253,
    16.370068027210884,
    16.46294784580499,
    16.834467120181404,
    16.880907029478458,
    17.066666666666666,
    17.2756462585034,
    17.46140589569161,
    17.670385487528346,
    17.902585034013605,
    18.088344671201813,
    18.483083900226756,
    18.715283446712018,
    18.901043083900227,
    19.11002267573696,
    19.29578231292517,
    19.52798185941043,
    19.690521541950112,
    19.922721088435374,
    20.108480725623583,
    20.317460317460316,
    20.526439909297054,
    20.712199546485262,
    20.921179138321996,
    21.153378684807254,
    21.339138321995463,
    21.5481179138322,
    21.73387755102041,
    21.989297052154196,
    22.151836734693877,
    22.360816326530614,
    22.54657596371882,
    22.77877551020408,
    22.96453514739229,
    23.38249433106576,
    23.54503401360544,
    23.777233560090703,
    23.986213151927437,
    24.171972789115646,
    24.2184126984127,
    24.427392290249433,
    24.589931972789117,
    25.007891156462584,
    25.240090702947846,
    25.425850340136055,
    25.63482993197279,
    25.820589569160997,
    26.05278911564626,
    26.23854875283447,
    26.447528344671202,
    26.63328798185941,
    26.865487528344673,
    27.028027210884353,
    27.237006802721087,
    27.445986394557824,
    27.654965986394558,
    27.86394557823129,
    28.305124716553287,
    28.490884353741496,
    29.1178231292517
  ],
  "rhythm_regularity": 0.9683414459761254,
  "syncopation_index": 0.4580152671755725,
  "beat_count": 67,
  "onset_count": 131
}