{
  "chroma_mean": [
    0.24133329093456268,
    0.3215651512145996,
    0.47149205207824707,
    0.3042163848876953,
    0.3983142673969269,
    0.32342419028282166,
    0.4755876660346985,
    0.4566628038883209,
    0.3817114233970642,
    0.5926991105079651,
    0.28773340582847595,
    0.3570187985897064
  ],
  "chroma_std": [
    0.16607940196990967,
    0.20315368473529816,
    0.29071012139320374,
    0.170316681265831,
    0.26065149903297424,
    0.17652682960033417,
    0.25296759605407715,
    0.28572598099708557,
    0.19267041981220245,
    0.3143216669559479,
    0.13975194096565247,
    0.2632220685482025
  ],
  "key_estimation": {
    "key": "C_major",
    "confidence": -0.039114190944984285
  },
  "tonal_complexity": 0.09546785056591034
}