{
  "mfcc_mean": [
    -214.71224975585938,
    129.20455932617188,
    6.974646091461182,
    6.894318103790283,
    -10.393186569213867,
    -11.92588996887207,
    -13.095868110656738,
    -10.298492431640625,
    -13.739624977111816,
    -14.76041030883789,
    -5.134121417999268,
    -11.134105682373047,
    -3.2740278244018555
  ],
  "mfcc_std": [
    87.75398254394531,
    40.85186767578125,
    19.5277042388916,
    18.471269607543945,
    11.26638412475586,
    12.307469367980957,
    10.034541130065918,
    9.246186256408691,
    10.22846794128418,
    10.371514320373535,
    9.624186515808105,
    13.448169708251953,
    13.239105224609375
  ],
  "spectral_centroid_mean": 1388.2340100036486,
  "spectral_centroid_std": 668.5146731967387,
  "spectral_bandwidth_mean": 1742.8781785937558,
  "spectral_bandwidth_std": 594.9163326393613,
  "spectral_rolloff_mean": 2555.7588745785283,
  "spectral_rolloff_std": 1588.752819403536,
  "spectral_flux_mean": 2128.31103515625,
  "spectral_flux_std": 3948.521484375,
  "spectral_flatness_mean": 0.00414004223421216,
  "spectral_flatness_std": 0.04567885026335716,
  "spectral_slope_mean": -0.0004941470947919734,
  "spectral_spread_mean": 1742.8781782591277,
  "spectral_skewness_mean": 3.122299065073772,
  "spectral_kurtosis_mean": 16.785270336655625
}