{
  "chroma_mean": [
    0.44183021783828735,
    0.5011428594589233,
    0.3406623601913452,
    0.45655936002731323,
    0.43420329689979553,
    0.48028162121772766,
    0.6148090362548828,
    0.6808732748031616,
    0.796139657497406,
    0.5284736752510071,
    0.4234861731529236,
    0.5376042723655701
  ],
  "chroma_std": [
    0.1637183278799057,
    0.2526469826698303,
    0.15381671488285065,
    0.17452335357666016,
    0.1711331456899643,
    0.17493651807308197,
    0.23055125772953033,
    0.22316360473632812,
    0.23518960177898407,
    0.17950527369976044,
    0.1584276258945465,
    0.2667847275733948
  ],
  "key_estimation": {
    "key": "C_minor",
    "confidence": -0.0038364519963279076
  },
  "tonal_complexity": 0.11986411362886429
}