{
  "mfcc_mean": [
    -34.20143508911133,
    76.14348602294922,
    -28.550661087036133,
    29.18317413330078,
    4.7373948097229,
    1.4422913789749146,
    -6.490382671356201,
    1.4462802410125732,
    -0.9133786559104919,
    -0.6269004344940186,
    -4.185333728790283,
    2.948591709136963,
    -7.046160697937012
  ],
  "mfcc_std": [
    82.65522003173828,
    17.8795223236084,
    19.780019760131836,
    12.31929874420166,
    10.074193000793457,
    8.288076400756836,
    8.211613655090332,
    7.552535533905029,
    8.735760688781738,
    7.2715678215026855,
    6.902002334594727,
    6.01821756362915,
    6.113424301147461
  ],
  "spectral_centroid_mean": 2603.966995930873,
  "spectral_centroid_std": 524.8162384726966,
  "spectral_bandwidth_mean": 2355.8699288016815,
  "spectral_bandwidth_std": 318.28667840391137,
  "spectral_rolloff_mean": 5023.854795021291,
  "spectral_rolloff_std": 1164.102046732651,
  "spectral_flux_mean": 5587.5703125,
  "spectral_flux_std": 3758.505615234375,
  "spectral_flatness_mean": 0.03938140347599983,
  "spectral_flatness_std": 0.04346255958080292,
  "spectral_slope_mean": -0.0004065292150626953,
  "spectral_spread_mean": 2355.86992750951,
  "spectral_skewness_mean": 1.3077231259347937,
  "spectral_kurtosis_mean": 4.499950004220736
}