{
  "tempo_bpm": 83.35433467741936,
  "tempo_confidence": 0.9657319159750576,
  "beat_positions": [
    0.16253968253968254,
    0.7894784580498866,
    1.3931972789115645,
    1.9969160997732427,
    2.716734693877551,
    3.4597732426303853,
    4.179591836734694,
    4.876190476190477,
    5.61922902494331,
    6.3854875283446715,
    7.128526077097506,
    7.87156462585034,
    8.591383219954649,
    9.311201814058958,
    10.054240362811791,
    10.7740589569161,
    11.493877551020407,
    12.236916099773243,
    12.956734693877552,
    13.722993197278912,
    14.44281179138322,
    15.162630385487528,
    15.905668934240364,
    16.62548752834467,
    17.345306122448978,
    18.088344671201813,
    18.83138321995465,
    19.574421768707484,
    20.29424036281179,
    21.0140589569161,
    21.73387755102041,
    22.47691609977324,
    23.196734693877552,
    23.939773242630384,
    24.68281179138322,
    25.425850340136055,
    26.16888888888889,
    26.911927437641722,
    27.654965986394558,
    28.374784580498865
  ],
  "onset_times": [
    0.13931972789115646,
    0.4876190476190476,
    1.0448979591836736,
    1.253877551020408,
    1.787936507936508,
    1.9969160997732427,
    2.182675736961451,
    2.345215419501134,
    2.5309750566893423,
    2.716734693877551,
    2.9024943310657596,
    3.250793650793651,
    3.436553287981859,
    3.645532879818594,
    3.9706122448979593,
    4.156371882086168,
    4.435011337868481,
    4.690430839002268,
    4.876190476190477,
    5.131609977324263,
    5.410249433106576,
    5.596009070294785,
    6.3854875283446715,
    6.757006802721088,
    6.942766439909297,
    7.128526077097506,
    7.337505668934241,
    7.662585034013605,
    7.848344671201814,
    8.057324263038549,
    8.219863945578231,
    8.40562358276644,
    8.591383219954649,
    9.125442176870749,
    9.311201814058958,
    9.659501133786849,
    9.845260770975056,
    10.054240362811791,
    10.402539682539683,
    10.565079365079365,
    10.750839002267574,
    11.122358276643991,
    11.470657596371883,
    12.027936507936507,
    12.213696145124716,
    12.747755102040816,
    12.933514739229025,
    12.979954648526077,
    13.25859410430839,
    13.49079365079365,
    13.699773242630386,
    13.978412698412699,
    14.094512471655328,
    14.257052154195012,
    14.419591836734694,
    14.97687074829932,
    15.162630385487528,
    15.348390022675737,
    15.51092970521542,
    15.696689342403628,
    15.882448979591837,
    16.23074829931973,
    16.439727891156462,
    16.62548752834467,
    16.834467120181404,
    16.973786848072564,
    17.345306122448978,
    17.902585034013605,
    18.088344671201813,
    18.436643990929706,
    18.622403628117915,
    18.808163265306124,
    19.342222222222222,
    19.551201814058956,
    19.89950113378685,
    20.085260770975058,
    20.271020408163267,
    20.54965986394558,
    20.82829931972789,
    21.0140589569161,
    21.5481179138322,
    21.687437641723356,
    21.73387755102041,
    22.105396825396827,
    22.453696145124717,
    22.825215419501134,
    23.034195011337868,
    23.173514739229024,
    23.73079365079365,
    23.939773242630384,
    24.125532879818593,
    24.49705215419501,
    24.68281179138322,
    25.240090702947846,
    25.425850340136055,
    25.611609977324264,
    25.774149659863944,
    25.93668934240363,
    25.98312925170068,
    26.145668934240362,
    26.70294784580499,
    26.888707482993198,
    27.028027210884353,
    27.260226757369615,
    27.422766439909296,
    27.654965986394558,
    28.003265306122447,
    28.11936507936508,
    28.374784580498865,
    28.53732426303855,
    28.746303854875283,
    29.1178231292517,
    29.6518820861678
  ],
  "rhythm_regularity": 0.9509476068288022,
  "syncopation_index": 0.6460176991150443,
  "beat_count": 40,
  "onset_count": 113
}