{
  "tempo_bpm": 143.5546875,
  "tempo_confidence": 0.9848694182095377,
  "beat_positions": [
    0.18575963718820862,
    0.5804988662131519,
    1.0216780045351475,
    1.4396371882086167,
    1.8575963718820863,
    2.2755555555555556,
    2.693514739229025,
    3.0882539682539685,
    3.5062131519274375,
    3.924172335600907,
    4.342131519274377,
    4.760090702947846,
    5.178049886621316,
    5.596009070294785,
    6.013968253968254,
    6.455147392290249,
    6.873106575963718,
    7.291065759637188,
    7.7090249433106575,
    8.103764172335602,
    8.544943310657596,
    8.93968253968254,
    9.357641723356009,
    9.775600907029478,
    10.193560090702947,
    10.588299319727891,
    10.983038548752834,
    11.400997732426303,
    11.818956916099774,
    12.236916099773243,
    12.631655328798185,
    13.049614512471654,
    13.467573696145125,
    13.885532879818594,
    14.280272108843537,
    14.698231292517006,
    15.116190476190477,
    15.534149659863946,
    15.928888888888888,
    16.34684807256236,
    16.764807256235827,
    17.182766439909297,
    17.600725623582765,
    17.99546485260771,
    18.413424036281178,
    18.83138321995465,
    19.249342403628116,
    19.667301587301587,
    20.06204081632653,
    20.48,
    20.897959183673468,
    21.31591836734694,
    21.71065759637188,
    22.128616780045352,
    22.54657596371882,
    22.96453514739229,
    23.38249433106576,
    23.800453514739228,
    24.2184126984127,
    24.61315192743764,
    25.031111111111112,
    25.44907029478458,
    25.843809523809522,
    26.261768707482993,
    26.679727891156464,
    27.09768707482993,
    27.515646258503402,
    27.93360544217687,
    28.374784580498865,
    28.83918367346939,
    29.326802721088434
  ],
  "onset_times": [
    0.13931972789115646,
    0.18575963718820862,
    0.37151927437641724,
    0.5340589569160997,
    0.8591383219954648,
    1.0216780045351475,
    1.207437641723356,
    1.4164172335600906,
    1.5789569160997732,
    1.8343764172335602,
    2.043356009070295,
    2.2523356009070294,
    2.36843537414966,
    2.5541950113378684,
    2.670294784580499,
    2.8560544217687074,
    3.0650340136054424,
    3.274013605442177,
    3.320453514739229,
    3.5062131519274375,
    3.622312925170068,
    3.7848526077097504,
    3.924172335600907,
    4.040272108843538,
    4.249251700680272,
    4.342131519274377,
    4.504671201814059,
    4.760090702947846,
    4.9458503401360545,
    4.992290249433107,
    5.178049886621316,
    5.363809523809524,
    5.50312925170068,
    5.596009070294785,
    5.804988662131519,
    5.990748299319728,
    6.130068027210885,
    6.246167800453515,
    6.431927437641724,
    6.640907029478458,
    6.757006802721088,
    6.873106575963718,
    7.058866213151927,
    7.22140589569161,
    7.291065759637188,
    7.383945578231293,
    7.523265306122449,
    7.592925170068027,
    7.7090249433106575,
    7.894784580498866,
    8.103764172335602,
    8.312743764172335,
    8.428843537414966,
    8.52172335600907,
    8.730702947845804,
    8.777142857142858,
    8.93968253968254,
    9.032562358276644,
    9.195102040816327,
    9.357641723356009,
    9.47374149659864,
    9.543401360544218,
    9.752380952380953,
    9.798820861678005,
    9.961360544217687,
    10.170340136054422,
    10.356099773242631,
    10.634739229024943,
    10.820498866213152,
    10.95981859410431,
    11.168798185941043,
    11.400997732426303,
    11.633197278911565,
    11.702857142857143,
    11.818956916099774,
    12.004716553287983,
    12.213696145124716,
    12.515555555555556,
    12.631655328798185,
    12.817414965986394,
    12.910294784580499,
    13.049614512471654,
    13.25859410430839,
    13.374693877551021,
    13.467573696145125,
    13.653333333333334,
    13.862312925170068,
    14.001632653061224,
    14.164172335600908,
    14.303492063492063,
    14.489251700680272,
    14.698231292517006,
    14.86077097505669,
    15.000090702947846,
    15.162630385487528,
    15.371609977324264,
    15.534149659863946,
    15.789569160997733,
    15.928888888888888,
    16.091428571428573,
    16.34684807256236,
    16.579047619047618,
    16.973786848072564,
    17.182766439909297,
    17.29886621315193,
    17.57750566893424,
    17.786485260770974,
    17.99546485260771,
    18.22766439909297,
    18.320544217687075,
    18.52952380952381,
    18.622403628117915,
    18.738503401360543,
    18.83138321995465,
    18.92426303854875,
    19.13324263038549,
    19.435102040816325,
    19.667301587301587,
    19.89950113378685,
    20.06204081632653,
    20.29424036281179,
    20.59609977324263,
    20.78185941043084,
    20.897959183673468,
    21.083718820861677,
    21.292698412698414,
    21.571337868480725,
    21.71065759637188,
    21.89641723356009,
    22.128616780045352,
    22.337596371882086,
    22.453696145124717,
    22.66267573696145,
    22.871655328798187,
    22.96453514739229,
    23.56825396825397,
    23.800453514739228,
    23.893333333333334,
    24.055873015873015,
    24.241632653061224,
    24.404172335600908,
    24.61315192743764,
    24.752471655328797,
    24.91501133786848,
    25.031111111111112,
    25.21687074829932,
    25.425850340136055,
    25.541950113378686,
    25.727709750566895,
    25.843809523809522,
    26.02956916099773,
    26.21532879818594,
    26.261768707482993,
    26.656507936507936,
    26.865487528344673,
    26.93514739229025,
    27.074467120181406,
    27.190566893424037,
    27.376326530612246,
    27.492426303854874,
    27.70140589569161,
    27.74784580498866,
    27.910385487528345,
    28.212244897959184,
    28.328344671201815,
    28.490884353741496,
    28.63020408163265,
    28.723083900226758,
    28.83918367346939,
    29.024943310657598,
    29.141043083900225,
    29.326802721088434,
    29.53578231292517
  ],
  "rhythm_regularity": 0.9630962990377391,
  "syncopation_index": 0.5202312138728323,
  "beat_count": 71,
  "onset_count": 173
}