{
  "meta": {
    "path": "../../data/raw/MIREX-like_mood/dataset/Audio/311.mp3",
    "file_hash": "ce8b86098540196309595de2d84f5e31b42df672",
    "duration_sec": 29.628662131519274,
    "sample_rate": 22050,
    "analysis_timestamp": "2025-10-24T20:07:44.182832",
    "config": {
      "sr": 22050,
      "n_fft": 2048,
      "hop_length": 512,
      "n_mels": 128,
      "n_mfcc": 13,
      "n_chroma": 12,
      "frame_length": 2048,
      "workers": 4,
      "use_crepe": false,
      "save_matrices": false,
      "save_plots": true,
      "force": true,
      "quick": false,
      "verbose": false
    },
    "processing_time_sec": 2.669912576675415
  },
  "acoustic": {
    "mfcc_mean": [
      -201.58326721191406,
      72.28627014160156,
      12.693359375,
      33.718570709228516,
      8.95394515991211,
      19.991107940673828,
      0.883247435092926,
      11.477117538452148,
      -6.153384208679199,
      12.283306121826172,
      -4.5084075927734375,
      3.8034942150115967,
      -4.947628021240234
    ],
    "mfcc_std": [
      88.26150512695312,
      27.04879379272461,
      25.7053279876709,
      19.320087432861328,
      13.33907699584961,
      10.395665168762207,
      9.652619361877441,
      8.8735990524292,
      11.734882354736328,
      10.987287521362305,
      7.039336204528809,
      7.692588806152344,
      7.970038414001465
    ],
    "spectral_centroid_mean": 2519.303722053223,
    "spectral_centroid_std": 797.7004042414541,
    "spectral_bandwidth_mean": 2672.665225756636,
    "spectral_bandwidth_std": 430.55971178218215,
    "spectral_rolloff_mean": 5788.0727267582715,
    "spectral_rolloff_std": 1524.159198768364,
    "spectral_flux_mean": 1042.4293212890625,
    "spectral_flux_std": 1988.4859619140625,
    "spectral_flatness_mean": 0.016590742394328117,
    "spectral_flatness_std": 0.05265705659985542,
    "spectral_slope_mean": -0.00035692395900676206,
    "spectral_spread_mean": 2672.665226847536,
    "spectral_skewness_mean": 1.1325561482754114,
    "spectral_kurtosis_mean": 3.634140925219753
  },
  "rhythm": {
    "tempo_bpm": 86.1328125,
    "tempo_confidence": 0.9644790941243602,
    "beat_positions": [
      0.18575963718820862,
      0.8823582766439909,
      1.7182766439909296,
      2.5774149659863945,
      3.297233560090703,
      3.9938321995464854,
      4.667210884353741,
      5.410249433106576,
      6.130068027210885,
      6.826666666666667,
      7.546485260770975,
      8.266303854875284,
      8.962902494331066,
      9.659501133786849,
      10.379319727891156,
      11.099138321995465,
      11.795736961451247,
      12.49233560090703,
      13.188934240362812,
      13.885532879818594,
      14.582131519274377,
      15.27873015873016,
      15.975328798185942,
      16.69514739229025,
      17.41496598639456,
      18.088344671201813,
      18.808163265306124,
      19.504761904761907,
      20.201360544217685,
      20.897959183673468,
      21.59455782312925,
      22.31437641723356,
      23.010975056689343,
      23.684353741496597,
      24.38095238095238,
      25.10077097505669,
      25.774149659863944,
      26.447528344671202
    ],
    "onset_times": [
      0.16253968253968254,
      0.5108390022675737,
      0.8591383219954648,
      1.18421768707483,
      1.3699773242630386,
      1.6950566893424037,
      2.066575963718821,
      2.2291156462585033,
      2.5774149659863945,
      3.111473922902494,
      3.297233560090703,
      3.622312925170068,
      3.9706122448979593,
      4.31891156462585,
      4.667210884353741,
      5.410249433106576,
      5.642448979591837,
      6.106848072562358,
      6.292607709750567,
      6.664126984126984,
      6.780226757369615,
      6.826666666666667,
      7.174965986394557,
      7.523265306122449,
      8.243083900226758,
      8.614603174603175,
      8.93968253968254,
      9.148662131519274,
      9.496961451247165,
      9.659501133786849,
      9.845260770975056,
      10.031020408163265,
      10.356099773242631,
      11.075918367346938,
      11.19201814058957,
      11.284897959183674,
      11.447437641723356,
      11.586757369614512,
      11.77251700680272,
      11.95827664399093,
      12.097596371882085,
      12.26013605442177,
      12.469115646258503,
      12.84063492063492,
      13.188934240362812,
      13.537233560090703,
      13.722993197278912,
      13.885532879818594,
      14.071292517006803,
      14.233832199546486,
      14.419591836734694,
      14.55891156462585,
      14.744671201814059,
      14.930430839002268,
      15.116190476190477,
      15.27873015873016,
      15.487709750566893,
      15.62702947845805,
      15.952108843537415,
      16.69514739229025,
      16.973786848072564,
      17.39174603174603,
      17.57750566893424,
      17.925804988662133,
      18.06512471655329,
      18.413424036281178,
      18.45986394557823,
      18.622403628117915,
      18.784943310657596,
      18.99392290249433,
      19.13324263038549,
      19.342222222222222,
      19.481541950113378,
      19.690521541950112,
      20.038820861678005,
      20.201360544217685,
      20.36390022675737,
      20.54965986394558,
      20.712199546485262,
      20.874739229024943,
      21.083718820861677,
      21.223038548752836,
      21.571337868480725,
      21.942857142857143,
      22.0821768707483,
      22.291156462585032,
      22.639455782312925,
      22.801995464852606,
      22.987755102040815,
      23.173514739229024,
      23.475374149659864,
      23.521814058956917,
      23.684353741496597,
      24.03265306122449,
      24.2184126984127,
      24.38095238095238,
      24.729251700680273,
      25.077551020408162,
      25.26331065759637,
      25.425850340136055,
      25.588390022675735,
      25.75092970521542,
      25.93668934240363,
      26.09922902494331,
      26.284988662131518,
      26.424308390022677,
      26.610068027210886,
      26.772607709750567,
      27.12090702947846,
      27.46920634920635,
      27.654965986394558,
      27.817505668934242,
      27.980045351473922,
      28.35156462585034,
      28.490884353741496,
      28.83918367346939,
      29.024943310657598,
      29.18748299319728,
      29.373242630385487,
      29.512562358276643
    ],
    "rhythm_regularity": 0.9481117568483773,
    "syncopation_index": 0.6666666666666666,
    "beat_count": 38,
    "onset_count": 120
  },
  "harmony": {
    "chroma_mean": [
      0.5164088010787964,
      0.3932309150695801,
      0.3743998408317566,
      0.31612539291381836,
      0.4103949964046478,
      0.5968257188796997,
      0.47998055815696716,
      0.507642924785614,
      0.3891206383705139,
      0.47266337275505066,
      0.41536498069763184,
      0.3594984710216522
    ],
    "chroma_std": [
      0.31498199701309204,
      0.2507910430431366,
      0.21808138489723206,
      0.18478772044181824,
      0.24322456121444702,
      0.3091276288032532,
      0.27550947666168213,
      0.2930830121040344,
      0.23016729950904846,
      0.3003008961677551,
      0.28951969742774963,
      0.23327527940273285
    ],
    "key_estimation": {
      "key": "C_major",
      "confidence": 0.6100659673772387
    },
    "tonal_complexity": 0.0763036385178566
  },
  "quality": {
    "snr_db": 37.933265637227024,
    "dynamic_range_db": 24.455599586640094,
    "rms_energy": 0.08627041429281235,
    "zero_crossing_rate": 0.09008884653974158
  },
  "lyrics": {
    "word_count": 201,
    "unique_word_count": 40,
    "sentence_count": 1,
    "avg_words_per_sentence": 201.0,
    "readability": null,
    "sentiment_analysis": null,
    "topic_keywords": [
      "get",
      "Ooh-oo",
      "child",
      "Some",
      "brighter",
      "Things",
      "are",
      "gonna",
      "easier",
      "Things'll"
    ],
    "repetition_analysis": {
      "repetition_ratio": 0.8009950248756219,