{
  "chroma_mean": [
    0.2557758688926697,
    0.2849375009536743,
    0.2465021163225174,
    0.3423357605934143,
    0.4053589701652527,
    0.2739648222923279,
    0.3085707128047943,
    0.2268989086151123,
    0.34582841396331787,
    0.24075984954833984,
    0.24660368263721466,
    0.30684319138526917
  ],
  "chroma_std": [
    0.3200697600841522,
    0.3510584533214569,
    0.31066685914993286,
    0.34520500898361206,
    0.3968334496021271,
    0.3107573091983795,
    0.35166168212890625,
    0.2726565897464752,
    0.367550253868103,
    0.29963773488998413,
    0.28576263785362244,
    0.3360805809497833
  ],
  "key_estimation": {
    "key": "C_minor",
    "confidence": -0.18193600662826148
  },
  "tonal_complexity": 0.051174696534872055
}