{
  "tempo_bpm": 89.10290948275862,
  "tempo_confidence": 0.9721042464178135,
  "beat_positions": [
    0.301859410430839,
    1.1377777777777778,
    1.811156462585034,
    2.461315192743764,
    3.111473922902494,
    3.7848526077097504,
    4.435011337868481,
    5.085170068027211,
    5.758548752834467,
    6.408707482993197,
    7.082086167800454,
    7.732244897959184,
    8.40562358276644,
    9.05578231292517,
    9.729160997732427,
    10.379319727891156,
    11.052698412698414,
    11.72607709750567,
    12.422675736961452,
    13.096054421768708,
    13.769433106575963,
    14.44281179138322,
    15.09297052154195,
    15.766349206349206,
    16.439727891156462,
    17.11310657596372,
    17.76326530612245,
    18.436643990929706,
    19.086802721088436,
    19.760181405895693,
    20.410340136054423,
    21.083718820861677,
    21.757097505668934,
    22.407256235827663,
    23.08063492063492,
    23.73079365079365,
    24.404172335600908,
    25.054331065759637,
    25.704489795918366,
    26.354648526077096,
    27.028027210884353,
    27.70140589569161,
    28.374784580498865,
    29.024943310657598
  ],
  "onset_times": [
    0.13931972789115646,
    0.34829931972789113,
    0.46439909297052157,
    0.7894784580498866,
    0.9752380952380952,
    1.1145578231292517,
    1.3235374149659864,
    1.4628571428571429,
    1.6718367346938776,
    1.787936507936508,
    2.1130158730158732,
    2.2987755102040817,
    2.461315192743764,
    2.647074829931973,
    2.786394557823129,
    2.972154195011338,
    3.111473922902494,
    3.4597732426303853,
    3.622312925170068,
    3.7616326530612243,
    4.1099319727891155,
    4.295691609977324,
    4.435011337868481,
    4.760090702947846,
    4.9458503401360545,
    5.061950113378685,
    5.410249433106576,
    5.642448979591837,
    5.735328798185941,
    5.944308390022676,
    6.0836281179138325,
    6.2693877551020405,
    6.408707482993197,
    6.733786848072563,
    6.919546485260771,
    7.058866213151927,
    7.4071655328798185,
    7.569705215419501,
    7.732244897959184,
    8.057324263038549,
    8.382403628117913,
    8.70748299319728,
    8.916462585034013,
    9.05578231292517,
    9.380861678004536,
    9.729160997732427,
    10.031020408163265,
    10.379319727891156,
    10.704399092970522,
    11.052698412698414,
    11.261678004535147,
    11.377777777777778,
    11.563537414965987,
    11.72607709750567,
    12.051156462585034,
    12.399455782312925,
    12.747755102040816,
    12.956734693877552,
    13.072834467120181,
    13.421133786848072,
    13.630113378684808,
    13.746213151927437,
    13.955192743764172,
    14.094512471655328,
    14.280272108843537,
    14.419591836734694,
    14.744671201814059,
    14.97687074829932,
    15.069750566893424,
    15.116190476190477,
    15.441269841269841,
    15.62702947845805,
    15.766349206349206,
    15.952108843537415,
    16.091428571428573,
    16.27718820861678,
    16.416507936507937,
    16.648707482993196,
    16.764807256235827,
    16.950566893424035,
    17.08988662131519,
    17.2756462585034,
    17.438185941043084,
    17.600725623582765,
    17.76326530612245,
    17.949024943310658,
    18.088344671201813,
    18.413424036281178,
    18.738503401360543,
    18.92426303854875,
    19.086802721088436,
    19.435102040816325,
    19.620861678004534,
    19.760181405895693,
    19.969160997732427,
    20.085260770975058,
    20.271020408163267,
    20.387120181405894,
    20.433560090702947,
    20.59609977324263,
    20.735419501133787,
    20.921179138321996,
    21.060498866213152,
    21.408798185941045,
    21.59455782312925,
    21.73387755102041,
    22.035736961451246,
    22.0821768707483,
    22.267936507936508,
    22.407256235827663,
    22.569795918367348,
    22.732335600907028,
    22.918095238095237,
    23.057414965986396,
    23.26639455782313,
    23.405714285714286,
    23.591473922902495,
    23.73079365079365,
    24.055873015873015,
    24.241632653061224,
    24.38095238095238,
    25.031111111111112,
    25.356190476190477,
    25.541950113378686,
    25.704489795918366,
    26.354648526077096,
    26.70294784580499,
    26.888707482993198,
    27.028027210884353,
    27.213786848072562,
    27.353106575963718,
    27.562086167800455,
    27.678185941043083,
    28.026485260770976,
    28.189024943310656,
    28.35156462585034,
    28.53732426303855,
    28.676643990929705,
    29.00172335600907,
    29.350022675736962,
    29.53578231292517
  ],
  "rhythm_regularity": 0.9570401608550155,
  "syncopation_index": 0.6737588652482269,
  "beat_count": 44,
  "onset_count": 141
}