{
  "mfcc_mean": [
    -120.7039566040039,
    98.93394470214844,
    8.972506523132324,
    32.786773681640625,
    9.675920486450195,
    10.879464149475098,
    2.8086822032928467,
    12.645499229431152,
    -1.8399021625518799,
    7.358330249786377,
    -3.906278610229492,
    4.0867438316345215,
    -4.088643550872803
  ],
  "mfcc_std": [
    68.90118408203125,
    36.76469802856445,
    23.236234664916992,
    12.092572212219238,
    10.101213455200195,
    8.403980255126953,
    8.382832527160645,
    8.087628364562988,
    8.944209098815918,
    10.300276756286621,
    8.42873477935791,
    8.215872764587402,
    6.990488052368164
  ],
  "spectral_centroid_mean": 2064.311078285309,
  "spectral_centroid_std": 1068.5736769164062,
  "spectral_bandwidth_mean": 2363.9466228397814,
  "spectral_bandwidth_std": 496.21010152315745,
  "spectral_rolloff_mean": 4447.414571778489,
  "spectral_rolloff_std": 1933.384929725482,
  "spectral_flux_mean": 2920.210693359375,
  "spectral_flux_std": 3317.00634765625,
  "spectral_flatness_mean": 0.014481974765658379,
  "spectral_flatness_std": 0.05285729840397835,
  "spectral_slope_mean": -0.00039658906757549905,
  "spectral_spread_mean": 2363.9466219005344,
  "spectral_skewness_mean": 1.672733328926015,
  "spectral_kurtosis_mean": 6.006613878411128
}