{
  "meta": {
    "path": "../../data/raw/MIREX-like_mood/dataset/Audio/662.mp3",
    "file_hash": "837e7b30698854386eb96bbe7df583a4d9b2bc4f",
    "duration_sec": 29.675102040816327,
    "sample_rate": 22050,
    "analysis_timestamp": "2025-10-24T20:25:16.601028",
    "config": {
      "sr": 22050,
      "n_fft": 2048,
      "hop_length": 512,
      "n_mels": 128,
      "n_mfcc": 13,
      "n_chroma": 12,
      "frame_length": 2048,
      "workers": 4,
      "use_crepe": false,
      "save_matrices": false,
      "save_plots": true,
      "force": true,
      "quick": false,
      "verbose": false
    },
    "processing_time_sec": 3.3364641666412354
  },
  "acoustic": {
    "mfcc_mean": [
      -120.7039566040039,
      98.93394470214844,
      8.972506523132324,
      32.786773681640625,
      9.675920486450195,
      10.879464149475098,
      2.8086822032928467,
      12.645499229431152,
      -1.8399021625518799,
      7.358330249786377,
      -3.906278610229492,
      4.0867438316345215,
      -4.088643550872803
    ],
    "mfcc_std": [
      68.90118408203125,
      36.76469802856445,
      23.236234664916992,
      12.092572212219238,
      10.101213455200195,
      8.403980255126953,
      8.382832527160645,
      8.087628364562988,
      8.944209098815918,
      10.300276756286621,
      8.42873477935791,
      8.215872764587402,
      6.990488052368164
    ],
    "spectral_centroid_mean": 2064.311078285309,
    "spectral_centroid_std": 1068.5736769164062,
    "spectral_bandwidth_mean": 2363.9466228397814,
    "spectral_bandwidth_std": 496.21010152315745,
    "spectral_rolloff_mean": 4447.414571778489,
    "spectral_rolloff_std": 1933.384929725482,
    "spectral_flux_mean": 2920.210693359375,
    "spectral_flux_std": 3317.00634765625,
    "spectral_flatness_mean": 0.014481974765658379,
    "spectral_flatness_std": 0.05285729840397835,
    "spectral_slope_mean": -0.00039658906757549905,
    "spectral_spread_mean": 2363.9466219005344,
    "spectral_skewness_mean": 1.672733328926015,
    "spectral_kurtosis_mean": 6.006613878411128
  },
  "rhythm": {
    "tempo_bpm": 123.046875,
    "tempo_confidence": 0.981475238685666,
    "beat_positions": [
      0.3947392290249433,
      0.8591383219954648,
      1.3467573696145125,
      1.8343764172335602,
      2.3219954648526078,
      2.809614512471655,
      3.297233560090703,
      3.8080725623582765,
      4.295691609977324,
      4.783310657596372,
      5.270929705215419,
      5.758548752834467,
      6.222947845804988,
      6.733786848072563,
      7.22140589569161,
      7.7090249433106575,
      8.196643990929704,
      8.684263038548753,
      9.1718820861678,
      9.613061224489796,
      10.054240362811791,
      10.495419501133787,
      10.936598639455783,
      11.400997732426303,
      11.911836734693878,
      12.376235827664399,
      12.863854875283447,
      13.351473922902494,
      13.839092970521541,
      14.32671201814059,
      14.814331065759637,
      15.301950113378684,
      15.789569160997733,
      16.27718820861678,
      16.764807256235827,
      17.2756462585034,
      17.786485260770974,
      18.274104308390022,
      18.76172335600907,
      19.249342403628116,
      19.736961451247165,
      20.224580498866214,
      20.758639455782312,
      21.24625850340136,
      21.73387755102041,
      22.221496598639455,
      22.732335600907028,
      23.219954648526077,
      23.707573696145126,
      24.171972789115646,
      24.706031746031748,
      25.193650793650793,
      25.704489795918366,
      26.192108843537415,
      26.679727891156464,
      27.190566893424037,
      27.678185941043083,
      28.142585034013607,
      28.65342403628118,
      29.141043083900225
    ],
    "onset_times": [
      0.13931972789115646,
      0.37151927437641724,
      0.626938775510204,
      0.8591383219954648,
      0.9984580498866213,
      1.1145578231292517,
      1.3235374149659864,
      1.486077097505669,
      1.5789569160997732,
      1.811156462585034,
      1.9736961451247166,
      2.066575963718821,
      2.2987755102040817,
      2.461315192743764,
      2.5541950113378684,
      2.786394557823129,
      2.948934240362812,
      3.0650340136054424,
      3.274013605442177,
      3.5294331065759637,
      3.7848526077097504,
      4.040272108843538,
      4.272471655328798,
      4.527891156462585,
      4.760090702947846,
      5.015510204081632,
      5.2477097505668935,
      5.50312925170068,
      5.758548752834467,
      5.897868480725624,
      5.990748299319728,
      6.222947845804988,
      6.3854875283446715,
      6.478367346938776,
      6.710566893424036,
      6.873106575963718,
      6.965986394557823,
      7.198185941043084,
      7.453605442176871,
      7.685804988662132,
      7.825124716553288,
      7.9412244897959186,
      8.17342403628118,
      8.452063492063493,
      8.684263038548753,
      8.916462585034013,
      9.1718820861678,
      9.427301587301587,
      9.682721088435374,
      9.914920634920636,
      10.170340136054422,
      10.681179138321996,
      10.913378684807256,
      11.122358276643991,
      11.168798185941043,
      11.400997732426303,
      11.656417233560092,
      11.911836734693878,
      12.144036281179138,
      12.376235827664399,
      12.631655328798185,
      12.863854875283447,
      13.096054421768708,
      13.351473922902494,
      13.583673469387755,
      13.815873015873017,
      13.862312925170068,
      14.071292517006803,
      14.140952380952381,
      14.32671201814059,
      14.582131519274377,
      14.814331065759637,
      15.023310657596372,
      15.27873015873016,
      15.534149659863946,
      15.789569160997733,
      15.998548752834466,
      16.04498866213152,
      16.253968253968253,
      16.62548752834467,
      16.788027210884355,
      17.08988662131519,
      17.252426303854875,
      17.57750566893424,
      17.786485260770974,
      18.018684807256236,
      18.297324263038547,
      18.506303854875284,
      18.76172335600907,
      18.99392290249433,
      19.22612244897959,
      19.481541950113378,
      19.736961451247165,
      19.99238095238095,
      20.108480725623583,
      20.201360544217685,
      20.503219954648525,
      20.735419501133787,
      20.96761904761905,
      21.24625850340136,
      21.478458049886623,
      21.73387755102041,
      21.942857142857143,
      21.989297052154196,
      22.19827664399093,
      22.453696145124717,
      22.709115646258503,
      22.96453514739229,
      23.103854875283446,
      23.196734693877552,
      23.475374149659864,
      23.707573696145126,
      23.962993197278912,
      24.14875283446712,
      24.450612244897957,
      24.68281179138322,
      24.938231292517006,
      25.193650793650793,
      25.402630385487527,
      25.704489795918366,
      25.913469387755104,
      26.16888888888889,
      26.447528344671202,
      26.679727891156464,
      26.911927437641722,
      27.190566893424037,
      27.39954648526077,
      27.654965986394558,
      27.88716553287982,
      28.142585034013607,
      28.374784580498865,
      28.63020408163265,
      28.862403628117914,
      29.141043083900225,
      29.41968253968254
    ],
    "rhythm_regularity": 0.9612614578084594,
    "syncopation_index": 0.562962962962963,
    "beat_count": 60,
    "onset_count": 135
  },
  "harmony": {
    "chroma_mean": [
      0.418940007686615,
      0.29843854904174805,
      0.328110009431839,
      0.24179239571094513,
      0.42466890811920166,
      0.26784515380859375,
      0.3408137857913971,
      0.5664789080619812,
      0.2985190153121948,
      0.321225643157959,
      0.2864331007003784,
      0.526782751083374
    ],