{
  "tempo_bpm": 129.19921875,
  "tempo_confidence": 0.980117596263426,
  "beat_positions": [
    0.4179591836734694,
    0.8591383219954648,
    1.3235374149659864,
    1.8343764172335602,
    2.2987755102040817,
    2.786394557823129,
    3.274013605442177,
    3.7384126984126986,
    4.20281179138322,
    4.6439909297052155,
    5.131609977324263,
    5.596009070294785,
    6.0836281179138325,
    6.548027210884354,
    7.058866213151927,
    7.546485260770975,
    8.010884353741497,
    8.475283446712018,
    8.93968253968254,
    9.427301587301587,
    9.914920634920636,
    10.402539682539683,
    10.866938775510205,
    11.354557823129252,
    11.842176870748299,
    12.283356009070294,
    12.747755102040816,
    13.235374149659863,
    13.722993197278912,
    14.210612244897959,
    14.698231292517006,
    15.185850340136055,
    15.650249433106575,
    16.091428571428573,
    16.555827664399093,
    17.04344671201814,
    17.531065759637187,
    17.99546485260771,
    18.483083900226756,
    18.970702947845805,
    19.435102040816325,
    19.89950113378685,
    20.36390022675737,
    20.851519274376418,
    21.339138321995463,
    21.803537414965987,
    22.291156462585032,
    22.755555555555556,
    23.2431746031746,
    23.707573696145126,
    24.171972789115646,
    24.659591836734695,
    25.14721088435374,
    25.63482993197279,
    26.122448979591837,
    26.586848072562358,
    27.051247165532878,
    27.515646258503402,
    27.980045351473922,
    28.46766439909297,
    28.93206349206349,
    29.30358276643991
  ],
  "onset_times": [
    0.16253968253968254,
    0.3947392290249433,
    0.5108390022675737,
    0.626938775510204,
    0.7430385487528345,
    0.8591383219954648,
    1.0913378684807256,
    1.3235374149659864,
    1.486077097505669,
    1.5789569160997732,
    1.811156462585034,
    2.066575963718821,
    2.2058956916099772,
    2.2987755102040817,
    2.5309750566893423,
    2.7631746031746034,
    3.01859410430839,
    3.1579138321995464,
    3.250793650793651,
    3.5062131519274375,
    3.7151927437641725,
    3.9938321995464854,
    4.20281179138322,
    4.31891156462585,
    4.435011337868481,
    4.527891156462585,
    4.620770975056689,
    4.876190476190477,
    5.131609977324263,
    5.572789115646258,
    5.828208616780046,
    6.060408163265306,
    6.246167800453515,
    6.339047619047619,
    6.548027210884354,
    6.780226757369615,
    6.965986394557823,
    7.267845804988662,
    7.360725623582766,
    7.523265306122449,
    7.685804988662132,
    8.010884353741497,
    8.126984126984127,
    8.219863945578231,
    8.335963718820862,
    8.452063492063493,
    8.684263038548753,
    8.916462585034013,
    9.195102040816327,
    9.404081632653062,
    9.891700680272109,
    10.147120181405896,
    10.379319727891156,
    10.611519274376418,
    10.843718820861678,
    11.099138321995465,
    11.331337868480725,
    11.609977324263038,
    11.818956916099774,
    11.935056689342403,
    12.051156462585034,
    12.167256235827665,
    12.283356009070294,
    12.49233560090703,
    12.747755102040816,
    13.003174603174603,
    13.235374149659863,
    13.49079365079365,
    13.630113378684808,
    13.722993197278912,
    13.931972789115646,
    14.187392290249432,
    14.419591836734694,
    14.605351473922903,
    14.675011337868481,
    14.907210884353741,
    15.162630385487528,
    15.394829931972788,
    15.62702947845805,
    15.766349206349206,
    15.85922902494331,
    15.975328798185942,
    16.068208616780044,
    16.32362811791383,
    16.532607709750568,
    16.788027210884355,
    17.020226757369613,
    17.531065759637187,
    17.76326530612245,
    17.99546485260771,
    18.204444444444444,
    18.483083900226756,
    18.715283446712018,
    18.94748299319728,
    19.202902494331067,
    19.435102040816325,
    19.551201814058956,
    19.667301587301587,
    19.783401360544218,
    19.89950113378685,
    20.108480725623583,
    20.340680272108845,
    20.59609977324263,
    20.82829931972789,
    21.060498866213152,
    21.31591836734694,
    21.571337868480725,
    21.803537414965987,
    22.01251700680272,
    22.221496598639455,
    22.291156462585032,
    22.50013605442177,
    22.755555555555556,
    23.010975056689343,
    23.219954648526077,
    23.359274376417233,
    23.475374149659864,
    23.56825396825397,
    23.684353741496597,
    23.91655328798186,
    24.14875283446712,
    24.636371882086166,
    24.91501133786848,
    25.14721088435374,
    25.379410430839002,
    25.611609977324264,
    25.843809523809522,
    26.09922902494331,
    26.586848072562358,
    26.865487528344673,
    27.028027210884353,
    27.16734693877551,
    27.260226757369615,
    27.376326530612246,
    27.492426303854874,
    27.74784580498866,
    27.956825396825398,
    28.444444444444443,
    28.69986394557823,
    28.93206349206349,
    29.18748299319728,
    29.396462585034012,
    29.675102040816327
  ],
  "rhythm_regularity": 0.9571610527508873,
  "syncopation_index": 0.5244755244755245,
  "beat_count": 62,
  "onset_count": 143
}