{
  "chroma_mean": [
    0.6833598017692566,
    0.5291526317596436,
    0.48391255736351013,
    0.5081413388252258,
    0.573104202747345,
    0.5941726565361023,
    0.5210866332054138,
    0.6888160705566406,
    0.552788496017456,
    0.6437861323356628,
    0.7674584984779358,
    0.6042323708534241
  ],
  "chroma_std": [
    0.23387223482131958,
    0.19245053827762604,
    0.17021439969539642,
    0.1995803266763687,
    0.2308410108089447,
    0.19440369307994843,
    0.1707112044095993,
    0.2147979885339737,
    0.16635556519031525,
    0.1965431123971939,
    0.21231406927108765,
    0.1785946637392044
  ],
  "key_estimation": {
    "key": "C_major",
    "confidence": 0.39484427957620766
  },
  "tonal_complexity": 0.08203335106372833
}