{
  "chroma_mean": [
    0.19737067818641663,
    0.25652995705604553,
    0.3308113217353821,
    0.28606122732162476,
    0.5463431477546692,
    0.2813144326210022,
    0.34953492879867554,
    0.38568541407585144,
    0.38794341683387756,
    0.7375602722167969,
    0.2749820053577423,
    0.3493189513683319
  ],
  "chroma_std": [
    0.1970106065273285,
    0.2016323208808899,
    0.29783812165260315,
    0.2169981598854065,
    0.2781802713871002,
    0.20760715007781982,
    0.2461308240890503,
    0.2246834635734558,
    0.25428512692451477,
    0.2954168915748596,
    0.24243523180484772,
    0.29864126443862915
  ],
  "key_estimation": {
    "key": "C_major",
    "confidence": 0.031187585923045477
  },
  "tonal_complexity": 0.14008833467960358
}