{
  "mfcc_mean": [
    -140.07955932617188,
    134.90232849121094,
    -13.853645324707031,
    14.991296768188477,
    -11.114163398742676,
    0.2161126732826233,
    -16.252695083618164,
    -0.13271072506904602,
    -13.639896392822266,
    -6.309147357940674,
    -17.102842330932617,
    -7.676025390625,
    -5.2627739906311035
  ],
  "mfcc_std": [
    75.1008071899414,
    38.45203399658203,
    18.946701049804688,
    15.098967552185059,
    13.290725708007812,
    10.268842697143555,
    12.295624732971191,
    9.490462303161621,
    9.407665252685547,
    9.440471649169922,
    8.558477401733398,
    9.044593811035156,
    7.5097856521606445
  ],
  "spectral_centroid_mean": 1592.768607069928,
  "spectral_centroid_std": 816.0923689494317,
  "spectral_bandwidth_mean": 1802.7223203193305,
  "spectral_bandwidth_std": 589.3360686273277,
  "spectral_rolloff_mean": 3145.9068423411886,
  "spectral_rolloff_std": 1769.6321179965357,
  "spectral_flux_mean": 3419.435546875,
  "spectral_flux_std": 4105.279296875,
  "spectral_flatness_mean": 0.008397160097956657,
  "spectral_flatness_std": 0.03539811819791794,
  "spectral_slope_mean": -0.0006381025501942181,
  "spectral_spread_mean": 1802.722324246291,
  "spectral_skewness_mean": 2.2937143825418143,
  "spectral_kurtosis_mean": 9.88535438040903
}