{
  "tempo_bpm": 92.28515625,
  "tempo_confidence": 0.9589281257907655,
  "beat_positions": [
    0.18575963718820862,
    0.8126984126984127,
    1.509297052154195,
    2.2291156462585033,
    2.8560544217687074,
    3.4829931972789114,
    4.063492063492063,
    4.6439909297052155,
    5.178049886621316,
    5.758548752834467,
    6.339047619047619,
    6.919546485260771,
    7.500045351473923,
    8.080544217687075,
    8.70748299319728,
    9.357641723356009,
    9.984580498866213,
    10.727619047619047,
    11.400997732426303,
    12.027936507936507,
    12.654875283446712,
    13.281814058956916,
    13.931972789115646,
    14.55891156462585,
    15.185850340136055,
    15.789569160997733,
    16.416507936507937,
    17.04344671201814,
    17.69360544217687,
    18.3437641723356,
    19.017142857142858,
    19.736961451247165,
    20.410340136054423,
    21.060498866213152,
    21.71065759637188,
    22.360816326530614,
    23.010975056689343,
    23.684353741496597,
    24.33451247165533,
    25.054331065759637,
    25.658049886621317,
    26.308208616780046,
    26.9815873015873,
    27.631746031746033,
    28.305124716553287,
    28.978503401360545
  ],
  "onset_times": [
    0.13931972789115646,
    0.4179591836734694,
    0.5340589569160997,
    0.8126984126984127,
    0.905578231292517,
    1.2770975056689342,
    1.7414965986394557,
    2.020136054421769,
    2.2291156462585033,
    2.391655328798186,
    2.8328344671201813,
    3.0650340136054424,
    3.250793650793651,
    3.3436734693877552,
    3.4829931972789114,
    3.8312925170068026,
    4.620770975056689,
    4.73687074829932,
    4.85297052154195,
    4.992290249433107,
    5.108390022675737,
    5.154829931972789,
    5.317369614512471,
    5.38702947845805,
    5.456689342403628,
    5.758548752834467,
    5.944308390022676,
    6.640907029478458,
    6.710566893424036,
    6.919546485260771,
    7.174965986394557,
    7.314285714285714,
    7.476825396825397,
    7.662585034013605,
    8.080544217687075,
    8.986122448979591,
    9.357641723356009,
    9.543401360544218,
    9.752380952380953,
    9.868480725623582,
    9.961360544217687,
    10.100680272108843,
    10.24,
    10.402539682539683,
    10.704399092970522,
    11.075918367346938,
    11.377777777777778,
    11.493877551020407,
    11.633197278911565,
    11.842176870748299,
    12.120816326530612,
    12.631655328798185,
    13.119274376417234,
    13.281814058956916,
    13.421133786848072,
    13.583673469387755,
    13.79265306122449,
    13.839092970521541,
    13.931972789115646,
    14.32671201814059,
    14.512471655328799,
    14.744671201814059,
    14.814331065759637,
    14.97687074829932,
    15.301950113378684,
    15.534149659863946,
    15.766349206349206,
    15.882448979591837,
    16.068208616780044,
    16.23074829931973,
    16.46294784580499,
    16.69514739229025,
    16.857687074829933,
    17.29886621315193,
    18.204444444444444,
    18.320544217687075,
    18.506303854875284,
    18.738503401360543,
    18.877823129251702,
    18.99392290249433,
    19.388662131519276,
    19.551201814058956,
    19.736961451247165,
    19.969160997732427,
    20.410340136054423,
    20.503219954648525,
    20.805079365079365,
    21.176598639455783,
    21.36235827664399,
    21.5481179138322,
    21.942857142857143,
    22.6162358276644,
    22.66267573696145,
    22.987755102040815,
    23.173514739229024,
    23.42893424036281,
    23.661133786848072,
    23.91655328798186,
    23.962993197278912,
    24.3112925170068,
    24.589931972789117,
    25.031111111111112,
    25.379410430839002,
    25.495510204081633,
    25.63482993197279,
    26.284988662131518,
    26.51718820861678,
    26.772607709750567,
    26.9815873015873,
    27.12090702947846,
    27.376326530612246,
    27.422766439909296,
    27.515646258503402,
    27.608526077097505,
    27.77106575963719,
    27.956825396825398,
    28.07292517006803,
    28.23546485260771,
    28.46766439909297,
    28.65342403628118,
    28.723083900226758,
    28.978503401360545,
    29.280362811791385,
    29.442902494331065
  ],
  "rhythm_regularity": 0.9330596581630741,
  "syncopation_index": 0.6532258064516129,
  "beat_count": 46,
  "onset_count": 124
}