{
  "chroma_mean": [
    0.4848140478134155,
    0.31261971592903137,
    0.3984353542327881,
    0.37917089462280273,
    0.23185917735099792,
    0.42208048701286316,
    0.2424202710390091,
    0.4902814030647278,
    0.3952980041503906,
    0.37397292256355286,
    0.5441496968269348,
    0.2926149368286133
  ],
  "chroma_std": [
    0.33790984749794006,
    0.24361258745193481,
    0.2623310983181,
    0.2981194853782654,
    0.16770875453948975,
    0.27098333835601807,
    0.1864425092935562,
    0.29454946517944336,
    0.3215636909008026,
    0.251860111951828,
    0.31734511256217957,
    0.20388513803482056
  ],
  "key_estimation": {
    "key": "C_minor",
    "confidence": 0.5912300792271931
  },
  "tonal_complexity": 0.093772754073143
}