{
  "tempo_bpm": 107.666015625,
  "tempo_confidence": 0.9720363378574656,
  "beat_positions": [
    0.9287981859410431,
    1.509297052154195,
    2.043356009070295,
    2.6006349206349206,
    3.1579138321995464,
    3.7151927437641725,
    4.272471655328798,
    4.829750566893424,
    5.38702947845805,
    5.944308390022676,
    6.478367346938776,
    7.035646258503402,
    7.569705215419501,
    8.126984126984127,
    8.661043083900227,
    9.125442176870749,
    9.729160997732427,
    10.286439909297052,
    10.820498866213152,
    11.354557823129252,
    11.888616780045352,
    12.469115646258503,
    13.02639455782313,
    13.606893424036281,
    14.140952380952381,
    14.698231292517006,
    15.185850340136055,
    15.74312925170068,
    16.300408163265306,
    16.857687074829933,
    17.39174603174603,
    17.972244897959182,
    18.599183673469387,
    19.17968253968254,
    19.71374149659864,
    20.224580498866214,
    20.78185941043084,
    21.36235827664399,
    21.91963718820862,
    22.47691609977324,
    23.034195011337868,
    23.591473922902495,
    24.14875283446712,
    24.706031746031748,
    25.33297052154195,
    25.86702947845805,
    26.377868480725624
  ],
  "onset_times": [
    0.16253968253968254,
    0.2786394557823129,
    0.5340589569160997,
    0.6733786848072563,
    0.9287981859410431,
    1.207437641723356,
    1.486077097505669,
    1.6718367346938776,
    1.787936507936508,
    2.043356009070295,
    2.345215419501134,
    2.48453514739229,
    2.7631746031746034,
    3.1346938775510202,
    3.9938321995464854,
    4.249251700680272,
    4.504671201814059,
    4.690430839002268,
    4.85297052154195,
    5.061950113378685,
    5.224489795918367,
    5.363809523809524,
    5.642448979591837,
    5.804988662131519,
    5.944308390022676,
    6.106848072562358,
    6.199727891156463,
    6.478367346938776,
    6.733786848072563,
    6.919546485260771,
    7.035646258503402,
    7.174965986394557,
    7.314285714285714,
    7.569705215419501,
    7.848344671201814,
    8.103764172335602,
    8.266303854875284,
    8.544943310657596,
    8.661043083900227,
    8.916462585034013,
    9.079002267573696,
    9.334421768707482,
    9.729160997732427,
    10.263219954648527,
    10.425759637188209,
    10.541859410430838,
    10.820498866213152,
    11.075918367346938,
    11.215238095238096,
    11.354557823129252,
    11.493877551020407,
    11.888616780045352,
    12.167256235827665,
    12.469115646258503,
    12.72453514739229,
    12.910294784580499,
    13.003174603174603,
    13.188934240362812,
    13.444353741496599,
    13.606893424036281,
    13.862312925170068,
    14.117732426303855,
    14.419591836734694,
    14.698231292517006,
    14.907210884353741,
    15.139410430839002,
    15.418049886621315,
    15.557369614512472,
    15.719909297052155,
    15.81278911564626,
    16.114648526077097,
    16.370068027210884,
    16.555827664399093,
    16.671927437641724,
    16.950566893424035,
    17.22920634920635,
    17.39174603174603,
    17.531065759637187,
    17.670385487528346,
    17.949024943310658,
    18.04190476190476,
    18.22766439909297,
    18.599183673469387,
    18.901043083900227,
    19.17968253968254,
    19.458321995464853,
    19.690521541950112,
    20.06204081632653,
    20.201360544217685,
    20.317460317460316,
    20.456780045351476,
    20.758639455782312,
    21.037278911564627,
    21.176598639455783,
    21.36235827664399,
    21.61777777777778,
    21.73387755102041,
    21.89641723356009,
    22.151836734693877,
    22.291156462585032,
    22.453696145124717,
    22.732335600907028,
    22.84843537414966,
    23.034195011337868,
    23.38249433106576,
    23.684353741496597,
    23.91655328798186,
    23.962993197278912,
    24.125532879818593,
    24.404172335600908,
    24.68281179138322,
    24.822131519274375,
    25.077551020408162,
    25.33297052154195,
    25.63482993197279,
    25.93668934240363,
    26.122448979591837,
    26.308208616780046,
    26.377868480725624,
    26.656507936507936,
    26.911927437641722,
    27.562086167800455,
    27.794285714285714,
    27.86394557823129,
    28.11936507936508,
    28.374784580498865,
    28.421224489795918,
    28.606984126984127,
    29.00172335600907,
    29.164263038548754,
    29.442902494331065,
    29.559002267573696
  ],
  "rhythm_regularity": 0.9480007049314787,
  "syncopation_index": 0.6287878787878788,
  "beat_count": 47,
  "onset_count": 132
}