{
  "chroma_mean": [
    0.5164088010787964,
    0.3932309150695801,
    0.3743998408317566,
    0.31612539291381836,
    0.4103949964046478,
    0.5968257188796997,
    0.47998055815696716,
    0.507642924785614,
    0.3891206383705139,
    0.47266337275505066,
    0.41536498069763184,
    0.3594984710216522
  ],
  "chroma_std": [
    0.31498199701309204,
    0.2507910430431366,
    0.21808138489723206,
    0.18478772044181824,
    0.24322456121444702,
    0.3091276288032532,
    0.27550947666168213,
    0.2930830121040344,
    0.23016729950904846,
    0.3003008961677551,
    0.28951969742774963,
    0.23327527940273285
  ],
  "key_estimation": {
    "key": "C_major",
    "confidence": 0.6100659673772387
  },
  "tonal_complexity": 0.0763036385178566
}