{
  "mfcc_mean": [
    -52.310543060302734,
    88.31028747558594,
    -11.980301856994629,
    26.69974136352539,
    4.237132549285889,
    11.068328857421875,
    0.9815397262573242,
    6.784149169921875,
    2.001958131790161,
    5.238452911376953,
    -2.9274823665618896,
    4.310153007507324,
    -3.8856678009033203
  ],
  "mfcc_std": [
    65.96648406982422,
    18.535293579101562,
    15.87523078918457,
    12.315129280090332,
    10.925539016723633,
    8.556417465209961,
    7.453657150268555,
    7.552703857421875,
    6.593620300292969,
    7.21015739440918,
    6.317866802215576,
    7.307671546936035,
    6.1124396324157715
  ],
  "spectral_centroid_mean": 2432.2677574942345,
  "spectral_centroid_std": 445.5846127880669,
  "spectral_bandwidth_mean": 2438.9432954569575,
  "spectral_bandwidth_std": 262.57215001867104,
  "spectral_rolloff_mean": 4942.950966682879,
  "spectral_rolloff_std": 908.1914806959595,
  "spectral_flux_mean": 4651.822265625,
  "spectral_flux_std": 3388.292236328125,
  "spectral_flatness_mean": 0.024516673758625984,
  "spectral_flatness_std": 0.03455544263124466,
  "spectral_slope_mean": -0.0004133279604458413,
  "spectral_spread_mean": 2438.9432964204657,
  "spectral_skewness_mean": 1.3185629521660953,
  "spectral_kurtosis_mean": 4.291970341085269
}