{
  "tempo_bpm": 89.10290948275862,
  "tempo_confidence": 0.9859916169237917,
  "beat_positions": [
    0.18575963718820862,
    0.8591383219954648,
    1.5325170068027212,
    2.2291156462585033,
    2.8792743764172335,
    3.575873015873016,
    4.2260317460317465,
    4.899410430839002,
    5.596009070294785,
    6.2693877551020405,
    6.942766439909297,
    7.63936507936508,
    8.312743764172335,
    8.986122448979591,
    9.682721088435374,
    10.356099773242631,
    11.052698412698414,
    11.72607709750567,
    12.399455782312925,
    13.049614512471654,
    13.746213151927437,
    14.419591836734694,
    15.09297052154195,
    15.789569160997733,
    16.46294784580499,
    17.159546485260773,
    17.832925170068027,
    18.506303854875284,
    19.17968253968254,
    19.82984126984127,
    20.526439909297054,
    21.223038548752836,
    21.89641723356009,
    22.593015873015872,
    23.26639455782313,
    23.962993197278912,
    24.636371882086166,
    25.309750566893424,
    25.98312925170068,
    26.656507936507936,
    27.329886621315193
  ],
  "onset_times": [
    0.16253968253968254,
    0.8591383219954648,
    1.3003174603174603,
    1.5325170068027212,
    1.7647165532879818,
    1.9736961451247166,
    2.2058956916099772,
    2.4380952380952383,
    2.647074829931973,
    2.8792743764172335,
    3.320453514739229,
    3.5526530612244898,
    3.9938321995464854,
    4.20281179138322,
    4.713650793650793,
    4.899410430839002,
    5.572789115646258,
    5.921088435374149,
    6.03718820861678,
    6.246167800453515,
    6.478367346938776,
    6.710566893424036,
    6.942766439909297,
    7.198185941043084,
    7.383945578231293,
    7.616145124716553,
    7.848344671201814,
    8.057324263038549,
    8.289523809523809,
    8.544943310657596,
    8.730702947845804,
    8.986122448979591,
    9.450521541950113,
    9.682721088435374,
    9.914920634920636,
    10.100680272108843,
    10.797278911564625,
    11.029478458049887,
    11.377777777777778,
    11.493877551020407,
    11.702857142857143,
    11.95827664399093,
    12.167256235827665,
    12.399455782312925,
    12.654875283446712,
    12.817414965986394,
    13.02639455782313,
    13.072834467120181,
    13.25859410430839,
    13.305034013605443,
    13.514013605442177,
    13.746213151927437,
    13.978412698412699,
    14.187392290249432,
    14.419591836734694,
    15.069750566893424,
    15.766349206349206,
    16.021768707482995,
    16.23074829931973,
    16.46294784580499,
    16.81124716553288,
    16.92734693877551,
    17.136326530612244,
    17.368526077097506,
    17.57750566893424,
    17.809705215419502,
    18.06512471655329,
    18.274104308390022,
    18.483083900226756,
    18.738503401360543,
    18.94748299319728,
    19.17968253968254,
    19.574421768707484,
    19.82984126984127,
    20.29424036281179,
    20.526439909297054,
    20.897959183673468,
    21.199818594104308,
    21.66421768707483,
    21.89641723356009,
    22.128616780045352,
    22.569795918367348,
    22.801995464852606,
    23.010975056689343,
    23.26639455782313,
    23.49859410430839,
    23.707573696145126,
    23.939773242630384,
    24.171972789115646,
    24.404172335600908,
    24.636371882086166,
    25.054331065759637,
    25.2865306122449,
    25.727709750566895,
    25.98312925170068,
    26.656507936507936,
    27.074467120181406,
    27.30666666666667,
    27.794285714285714,
    28.026485260770976,
    28.46766439909297,
    28.69986394557823,
    29.164263038548754,
    29.373242630385487
  ],
  "rhythm_regularity": 0.9790637497852518,
  "syncopation_index": 0.6057692307692307,
  "beat_count": 41,
  "onset_count": 104
}