{
  "chroma_mean": [
    0.5852006077766418,
    0.3945431709289551,
    0.6121703386306763,
    0.4135822653770447,
    0.4779907464981079,
    0.35632720589637756,
    0.39264702796936035,
    0.6320644617080688,
    0.4549476206302643,
    0.5784815549850464,
    0.4293651282787323,
    0.47186174988746643
  ],
  "chroma_std": [
    0.2682257294654846,
    0.12821029126644135,
    0.2538791000843048,
    0.19358278810977936,
    0.2204093188047409,
    0.1583089530467987,
    0.14746776223182678,
    0.2649405002593994,
    0.13376258313655853,
    0.2536187767982483,
    0.13004367053508759,
    0.17014506459236145
  ],
  "key_estimation": {
    "key": "C_major",
    "confidence": 0.6255747651607042
  },
  "tonal_complexity": 0.09088999778032303
}