{
  "chroma_mean": [
    0.18251004815101624,
    0.3092676103115082,
    0.33411046862602234,
    0.27024200558662415,
    0.5435382723808289,
    0.48870912194252014,
    0.6010860204696655,
    0.5040858387947083,
    0.45536959171295166,
    0.9607687592506409,
    0.30833756923675537,
    0.22650662064552307
  ],
  "chroma_std": [
    0.07709105312824249,
    0.17496170103549957,
    0.1693606823682785,
    0.11718195676803589,
    0.17091305553913116,
    0.21349243819713593,
    0.2734455466270447,
    0.22276192903518677,
    0.1720079928636551,
    0.10570573061704636,
    0.09370101988315582,
    0.10950488597154617
  ],
  "key_estimation": {
    "key": "C_major",
    "confidence": 0.019221153086954768
  },
  "tonal_complexity": 0.20415723323822021
}