{
  "snr_db": 35.87956183758572,
  "dynamic_range_db": 20.07528055942755,
  "rms_energy": 0.13775305449962616,
  "zero_crossing_rate": 0.11098590752251371
}