{
  "tempo_bpm": 107.666015625,
  "tempo_confidence": 0.9743048540665624,
  "beat_positions": [
    0.6733786848072563,
    1.18421768707483,
    1.787936507936508,
    2.345215419501134,
    2.948934240362812,
    3.5294331065759637,
    4.063492063492063,
    4.597551020408163,
    5.131609977324263,
    5.688888888888889,
    6.222947845804988,
    6.780226757369615,
    7.337505668934241,
    7.918004535147392,
    8.475283446712018,
    9.05578231292517,
    9.659501133786849,
    10.263219954648527,
    10.820498866213152,
    11.354557823129252,
    11.888616780045352,
    12.445895691609977,
    13.02639455782313,
    13.56045351473923,
    14.094512471655328,
    14.605351473922903,
    15.139410430839002,
    15.719909297052155,
    16.34684807256236,
    16.904126984126986,
    17.531065759637187,
    18.134784580498867,
    18.715283446712018,
    19.29578231292517,
    19.853061224489796,
    20.433560090702947,
    20.990839002267574,
    21.5481179138322,
    22.128616780045352,
    22.709115646258503,
    23.26639455782313,
    23.823673469387757,
    24.38095238095238,
    24.938231292517006,
    25.495510204081633,
    26.076009070294784,
    26.610068027210886,
    27.190566893424037,
    27.74784580498866,
    28.328344671201815,
    28.88562358276644
  ],
  "onset_times": [
    0.37151927437641724,
    0.6501587301587302,
    1.1377777777777778,
    1.787936507936508,
    2.089795918367347,
    2.2755555555555556,
    2.6238548752834467,
    3.0418140589569163,
    3.297233560090703,
    3.5294331065759637,
    4.31891156462585,
    4.597551020408163,
    5.131609977324263,
    5.688888888888889,
    5.944308390022676,
    6.15328798185941,
    6.501587301587302,
    6.780226757369615,
    6.919546485260771,
    7.1053061224489795,
    8.196643990929704,
    8.475283446712018,
    8.800362811791382,
    9.05578231292517,
    9.311201814058958,
    9.93814058956916,
    10.147120181405896,
    10.24,
    10.518639455782314,
    10.843718820861678,
    11.609977324263038,
    11.888616780045352,
    12.167256235827665,
    12.747755102040816,
    13.02639455782313,
    13.072834467120181,
    13.188934240362812,
    13.397913832199546,
    13.885532879818594,
    14.489251700680272,
    15.023310657596372,
    15.116190476190477,
    15.418049886621315,
    15.580589569160997,
    15.696689342403628,
    16.04498866213152,
    16.34684807256236,
    16.46294784580499,
    16.69514739229025,
    16.880907029478458,
    17.205986394557822,
    17.252426303854875,
    17.531065759637187,
    17.69360544217687,
    17.832925170068027,
    18.11156462585034,
    18.692063492063493,
    18.99392290249433,
    19.272562358276645,
    19.574421768707484,
    19.853061224489796,
    20.131700680272107,
    20.410340136054423,
    20.712199546485262,
    20.990839002267574,
    21.385578231292516,
    21.73387755102041,
    22.128616780045352,
    22.47691609977324,
    22.709115646258503,
    23.2431746031746,
    23.823673469387757,
    24.079092970521543,
    24.38095238095238,
    24.91501133786848,
    25.21687074829932,
    25.472290249433108,
    25.774149659863944,
    26.076009070294784,
    26.354648526077096,
    26.610068027210886,
    26.911927437641722,
    27.190566893424037,
    27.562086167800455,
    27.74784580498866,
    28.862403628117914,
    29.164263038548754,
    29.442902494331065
  ],
  "rhythm_regularity": 0.9532600136148127,
  "syncopation_index": 0.5340909090909091,
  "beat_count": 51,
  "onset_count": 88
}