{
  "snr_db": 36.38401322948626,
  "dynamic_range_db": 19.157513094383155,
  "rms_energy": 0.15235739946365356,
  "zero_crossing_rate": 0.08586839999511336
}