{
  "chroma_mean": [
    0.42424967885017395,
    0.38809019327163696,
    0.42566031217575073,
    0.46829283237457275,
    0.8565243482589722,
    0.6427524089813232,
    0.5457698702812195,
    0.46725866198539734,
    0.37829869985580444,
    0.3805699944496155,
    0.3687996566295624,
    0.4489000141620636
  ],
  "chroma_std": [
    0.17442195117473602,
    0.16360218822956085,
    0.16078460216522217,
    0.16694459319114685,
    0.21978861093521118,
    0.24712176620960236,
    0.2501446008682251,
    0.2234465628862381,
    0.1919727772474289,
    0.24435216188430786,
    0.1872488260269165,
    0.18752482533454895
  ],
  "key_estimation": {
    "key": "C_major",
    "confidence": 0.2749705129092097
  },
  "tonal_complexity": 0.13566240668296814
}