{
  "meta": {
    "path": "../../data/raw/MIREX-like_mood/dataset/Audio/837.mp3",
    "file_hash": "c54e626c96c0b8718cd09b946f5519f9b68e3eb7",
    "duration_sec": 29.675102040816327,
    "sample_rate": 22050,
    "analysis_timestamp": "2025-10-24T20:02:56.609174",
    "config": {
      "sr": 22050,
      "n_fft": 2048,
      "hop_length": 512,
      "n_mels": 128,
      "n_mfcc": 13,
      "n_chroma": 12,
      "frame_length": 2048,
      "workers": 4,
      "use_crepe": false,
      "save_matrices": false,
      "save_plots": true,
      "force": true,
      "quick": false,
      "verbose": false
    },
    "processing_time_sec": 3.3351314067840576
  },
  "acoustic": {
    "mfcc_mean": [
      -168.11468505859375,
      56.04522705078125,
      8.79658031463623,
      56.670677185058594,
      4.551735877990723,
      23.417024612426758,
      -9.265398979187012,
      13.224281311035156,
      -6.505739688873291,
      12.536008834838867,
      1.4981530904769897,
      1.5024205446243286,
      -0.6526702642440796
    ],
    "mfcc_std": [
      102.69452667236328,
      30.96820640563965,
      32.60454559326172,
      17.605663299560547,
      12.622819900512695,
      9.201560020446777,
      12.090341567993164,
      8.838010787963867,
      11.206277847290039,
      9.675094604492188,
      10.124436378479004,
      8.312113761901855,
      8.207530975341797
    ],
    "spectral_centroid_mean": 2769.3411316641595,
    "spectral_centroid_std": 950.0713873716697,
    "spectral_bandwidth_mean": 2503.132102671589,
    "spectral_bandwidth_std": 372.85187198130865,
    "spectral_rolloff_mean": 5602.26096361293,
    "spectral_rolloff_std": 1379.9661170269069,
    "spectral_flux_mean": 2732.75732421875,
    "spectral_flux_std": 3609.8310546875,
    "spectral_flatness_mean": 0.02199961245059967,
    "spectral_flatness_std": 0.0484248585999012,
    "spectral_slope_mean": -0.00038704202316750783,
    "spectral_spread_mean": 2503.132102256672,
    "spectral_skewness_mean": 0.8680155352904759,
    "spectral_kurtosis_mean": 3.3485899163347366
  },
  "rhythm": {
    "tempo_bpm": 83.35433467741936,
    "tempo_confidence": 0.9845137502983672,
    "beat_positions": [
      0.5804988662131519,
      1.3003174603174603,
      1.9969160997732427,
      2.716734693877551,
      3.436553287981859,
      4.156371882086168,
      4.85297052154195,
      5.572789115646258,
      6.2693877551020405,
      6.989206349206349,
      7.7090249433106575,
      8.428843537414966,
      9.125442176870749,
      9.868480725623582,
      10.565079365079365,
      11.284897959183674,
      11.981496598639456,
      12.72453514739229,
      13.421133786848072,
      14.117732426303855,
      14.837551020408164,
      15.557369614512472,
      16.253968253968253,
      16.99700680272109,
      17.716825396825396,
      18.413424036281178,
      19.11002267573696,
      19.82984126984127,
      20.54965986394558,
      21.269478458049885,
      21.989297052154196,
      22.68589569160998,
      23.405714285714286,
      24.14875283446712,
      24.845351473922904,
      25.56517006802721,
      26.261768707482993,
      27.00480725623583,
      27.70140589569161,
      28.398004535147393
    ],
    "onset_times": [
      0.2089795918367347,
      0.37151927437641724,
      0.5572789115646258,
      0.7430385487528345,
      0.8823582766439909,
      1.1145578231292517,
      1.2770975056689342,
      1.6253968253968254,
      1.9969160997732427,
      2.345215419501134,
      2.5309750566893423,
      2.716734693877551,
      3.0650340136054424,
      3.250793650793651,
      3.4133333333333336,
      3.7848526077097504,
      4.133151927437642,
      4.481451247165533,
      4.85297052154195,
      5.038730158730159,
      5.178049886621316,
      5.5495691609977325,
      5.897868480725624,
      6.0836281179138325,
      6.2693877551020405,
      6.455147392290249,
      6.617687074829932,
      6.989206349206349,
      7.337505668934241,
      7.685804988662132,
      8.034104308390022,
      8.40562358276644,
      8.753922902494331,
      8.93968253968254,
      9.125442176870749,
      9.311201814058958,
      9.47374149659864,
      9.845260770975056,
      10.193560090702947,
      10.541859410430838,
      10.913378684807256,
      11.261678004535147,
      11.470657596371883,
      11.633197278911565,
      11.795736961451247,
      11.981496598639456,
      12.213696145124716,
      12.329795918367347,
      12.701315192743763,
      13.02639455782313,
      13.25859410430839,
      13.397913832199546,
      13.583673469387755,
      13.746213151927437,
      13.931972789115646,
      14.117732426303855,
      14.466031746031746,
      14.651791383219955,
      14.814331065759637,
      15.185850340136055,
      15.348390022675737,
      15.557369614512472,
      15.719909297052155,
      15.905668934240364,
      16.23074829931973,
      16.602267573696146,
      16.973786848072564,
      17.159546485260773,
      17.69360544217687,
      17.87936507936508,
      18.204444444444444,
      18.390204081632653,
      18.599183673469387,
      18.76172335600907,
      18.92426303854875,
      19.086802721088436,
      19.29578231292517,
      19.620861678004534,
      19.82984126984127,
      19.99238095238095,
      20.36390022675737,
      20.526439909297054,
      20.735419501133787,
      20.897959183673468,
      21.060498866213152,
      21.24625850340136,
      21.43201814058957,
      21.61777777777778,
      21.966077097505668,
      22.337596371882086,
      22.523356009070294,
      22.68589569160998,
      23.034195011337868,
      23.219954648526077,
      23.38249433106576,
      23.754013605442175,
      24.14875283446712,
      24.49705215419501,
      24.822131519274375,
      25.193650793650793,
      25.356190476190477,
      25.541950113378686,
      25.913469387755104,
      26.05278911564626,
      26.261768707482993,
      26.610068027210886,
      26.9815873015873,
      27.329886621315193,
      27.678185941043083,
      28.026485260770976,
      28.212244897959184,
      28.374784580498865,
      28.746303854875283,
      28.908843537414967,
      29.094603174603176,
      29.442902494331065
    ],
    "rhythm_regularity": 0.9779468367051369,
    "syncopation_index": 0.6551724137931034,
    "beat_count": 40,
    "onset_count": 116
  },
  "harmony": {
    "chroma_mean": [
      0.42424967885017395,
      0.38809019327163696,
      0.42566031217575073,
      0.46829283237457275,
      0.8565243482589722,
      0.6427524089813232,
      0.5457698702812195,
      0.46725866198539734,
      0.37829869985580444,
      0.3805699944496155,
      0.3687996566295624,
      0.4489000141620636
    ],
    "chroma_std": [
      0.17442195117473602,
      0.16360218822956085,
      0.16078460216522217,
      0.16694459319114685,
      0.21978861093521118,
      0.24712176620960236,
      0.2501446008682251,
      0.2234465628862381,
      0.1919727772474289,
      0.24435216188430786,
      0.1872488260269165,
      0.18752482533454895
    ],
    "key_estimation": {
      "key": "C_major",
      "confidence": 0.2749705129092097
    },
    "tonal_complexity": 0.13566240668296814
  },
  "quality": {
    "snr_db": 38.261973521686286,
    "dynamic_range_db": 22.796433593913044,
    "rms_energy": 0.10488779097795486,
    "zero_crossing_rate": 0.14060476629691165
  },
  "lyrics": {
    "word_count": 137,
    "unique_word_count": 62,
    "sentence_count": 1,
    "avg_words_per_sentence": 137.0,
    "readability": null,
    "sentiment_analysis": null,
    "topic_keywords": [
      "the",
      "I'm",
      "Staring",
      "dead",
      "Arab",
      "beach",
      "can",
      "alive",
      "stranger",
      "Killing"
    ],
    "repetition_analysis": {
      "repetition_ratio": 0.5474452554744526,