{
  "tempo_bpm": 135.99917763157896,
  "tempo_confidence": 0.9788468246002481,
  "beat_positions": [
    0.16253968253968254,
    0.5572789115646258,
    0.9520181405895691,
    1.3467573696145125,
    1.811156462585034,
    2.2523356009070294,
    2.670294784580499,
    3.111473922902494,
    3.599092970521542,
    4.040272108843538,
    4.504671201814059,
    4.9458503401360545,
    5.410249433106576,
    5.851428571428571,
    6.292607709750567,
    6.733786848072563,
    7.174965986394557,
    7.616145124716553,
    8.080544217687075,
    8.544943310657596,
    8.986122448979591,
    9.427301587301587,
    9.845260770975056,
    10.263219954648527,
    10.7740589569161,
    11.215238095238096,
    11.656417233560092,
    12.097596371882085,
    12.561995464852608,
    13.02639455782313,
    13.467573696145125,
    13.908752834467121,
    14.349931972789115,
    14.79111111111111,
    15.232290249433106,
    15.696689342403628,
    16.137868480725622,
    16.555827664399093,
    16.973786848072564,
    17.41496598639456,
    17.87936507936508,
    18.3437641723356,
    18.784943310657596,
    19.202902494331067,
    19.690521541950112,
    20.131700680272107,
    20.572879818594103,
    21.0140589569161,
    21.478458049886623,
    21.942857142857143,
    22.38403628117914,
    22.801995464852606,
    23.289614512471655,
    23.754013605442175,
    24.171972789115646,
    24.636371882086166,
    25.077551020408162,
    25.518730158730158,
    25.959909297052153,
    26.40108843537415,
    26.865487528344673,
    27.329886621315193,
    27.77106575963719,
    28.23546485260771,
    28.676643990929705,
    29.1178231292517,
    29.53578231292517
  ],
  "onset_times": [
    0.13931972789115646,
    0.25541950113378686,
    0.4876190476190476,
    0.9287981859410431,
    1.1145578231292517,
    1.253877551020408,
    1.5789569160997732,
    1.787936507936508,
    1.8343764172335602,
    2.1130158730158732,
    2.2291156462585033,
    2.36843537414966,
    2.461315192743764,
    2.5774149659863945,
    2.670294784580499,
    2.809614512471655,
    3.01859410430839,
    3.111473922902494,
    3.250793650793651,
    3.3668934240362813,
    3.5526530612244898,
    4.017052154195011,
    4.063492063492063,
    4.249251700680272,
    4.481451247165533,
    4.922630385487528,
    5.154829931972789,
    5.38702947845805,
    5.61922902494331,
    5.688888888888889,
    5.828208616780046,
    6.176507936507937,
    6.292607709750567,
    6.3854875283446715,
    6.501587301587302,
    6.617687074829932,
    6.710566893424036,
    6.965986394557823,
    7.174965986394557,
    7.4071655328798185,
    7.592925170068027,
    7.825124716553288,
    7.87156462585034,
    8.057324263038549,
    8.289523809523809,
    8.544943310657596,
    8.730702947845804,
    8.846802721088435,
    8.986122448979591,
    9.427301587301587,
    9.752380952380953,
    9.868480725623582,
    9.984580498866213,
    10.077460317460318,
    10.24,
    10.379319727891156,
    10.518639455782314,
    10.750839002267574,
    10.983038548752834,
    11.215238095238096,
    11.633197278911565,
    11.888616780045352,
    12.07437641723356,
    12.329795918367347,
    12.538775510204081,
    13.188934240362812,
    13.444353741496599,
    13.908752834467121,
    14.094512471655328,
    14.349931972789115,
    14.582131519274377,
    14.767891156462586,
    14.907210884353741,
    15.023310657596372,
    15.069750566893424,
    15.232290249433106,
    15.464489795918368,
    15.673469387755102,
    15.905668934240364,
    16.021768707482995,
    16.114648526077097,
    16.23074829931973,
    16.439727891156462,
    16.764807256235827,
    16.950566893424035,
    17.159546485260773,
    17.2756462585034,
    17.39174603174603,
    17.484625850340137,
    17.647165532879818,
    17.87936507936508,
    18.3437641723356,
    18.52952380952381,
    18.76172335600907,
    19.040362811791383,
    19.202902494331067,
    19.435102040816325,
    19.667301587301587,
    19.87628117913832,
    20.154920634920636,
    20.271020408163267,
    20.340680272108845,
    20.54965986394558,
    20.805079365079365,
    21.0140589569161,
    21.478458049886623,
    21.942857142857143,
    22.128616780045352,
    22.360816326530614,
    22.77877551020408,
    23.034195011337868,
    23.289614512471655,
    23.49859410430839,
    23.73079365079365,
    23.939773242630384,
    24.171972789115646,
    24.427392290249433,
    24.822131519274375,
    25.077551020408162,
    25.541950113378686,
    25.727709750566895,
    25.959909297052153,
    26.21532879818594,
    26.63328798185941,
    26.865487528344673,
    27.30666666666667,
    27.515646258503402,
    27.74784580498866,
    27.980045351473922,
    28.65342403628118,
    28.862403628117914,
    29.094603174603176,
    29.30358276643991,
    29.53578231292517
  ],
  "rhythm_regularity": 0.9514428848128503,
  "syncopation_index": 0.4701492537313433,
  "beat_count": 67,
  "onset_count": 134
}