{
  "mfcc_mean": [
    -224.26014709472656,
    114.95365142822266,
    5.528998851776123,
    34.145565032958984,
    20.784719467163086,
    2.0461442470550537,
    3.1227803230285645,
    9.15440845489502,
    -1.74808669090271,
    -2.242091417312622,
    1.214755654335022,
    1.6054699420928955,
    0.7859858870506287
  ],
  "mfcc_std": [
    90.19151306152344,
    29.095558166503906,
    31.62438201904297,
    11.150999069213867,
    10.359642028808594,
    9.659395217895508,
    8.5049467086792,
    7.32135009765625,
    10.109042167663574,
    9.064282417297363,
    8.32100772857666,
    7.341560363769531,
    8.010026931762695
  ],
  "spectral_centroid_mean": 1559.4992051786223,
  "spectral_centroid_std": 582.2699546594055,
  "spectral_bandwidth_mean": 2076.4745424292983,
  "spectral_bandwidth_std": 482.3779331732917,
  "spectral_rolloff_mean": 3102.2773117315573,
  "spectral_rolloff_std": 1524.537660684382,
  "spectral_flux_mean": 1456.412841796875,
  "spectral_flux_std": 3544.991455078125,
  "spectral_flatness_mean": 0.0031964497175067663,
  "spectral_flatness_std": 0.028759168460965157,
  "spectral_slope_mean": -0.00043079889750757,
  "spectral_spread_mean": 2076.4745420938275,
  "spectral_skewness_mean": 2.3640852227099125,
  "spectral_kurtosis_mean": 9.517871803521135
}