{
  "chroma_mean": [
    0.4287467896938324,
    0.547583818435669,
    0.48682233691215515,
    0.42784106731414795,
    0.5824671387672424,
    0.38691607117652893,
    0.4745577275753021,
    0.31826362013816833,
    0.46206653118133545,
    0.6048948168754578,
    0.4601975381374359,
    0.5966222286224365
  ],
  "chroma_std": [
    0.19168390333652496,
    0.24689221382141113,
    0.2567876875400543,
    0.21851050853729248,
    0.28014075756073,
    0.19350767135620117,
    0.2564065456390381,
    0.1450766772031784,
    0.2281191647052765,
    0.27642273902893066,
    0.20021751523017883,
    0.2691461741924286
  ],
  "key_estimation": {
    "key": "C_major",
    "confidence": -0.3225113275892238
  },
  "tonal_complexity": 0.08426305651664734
}