{
  "meta": {
    "path": "../../data/raw/MIREX-like_mood/dataset/Audio/793.mp3",
    "file_hash": "1eceede0392077f1d7162f17e32593d71ec9aab6",
    "duration_sec": 29.675102040816327,
    "sample_rate": 22050,
    "analysis_timestamp": "2025-10-24T20:12:00.721099",
    "config": {
      "sr": 22050,
      "n_fft": 2048,
      "hop_length": 512,
      "n_mels": 128,
      "n_mfcc": 13,
      "n_chroma": 12,
      "frame_length": 2048,
      "workers": 4,
      "use_crepe": false,
      "save_matrices": false,
      "save_plots": true,
      "force": true,
      "quick": false,
      "verbose": false
    },
    "processing_time_sec": 2.80094313621521
  },
  "acoustic": {
    "mfcc_mean": [
      -223.9412384033203,
      131.26272583007812,
      -37.28318405151367,
      -5.816464900970459,
      -19.785545349121094,
      -10.566266059875488,
      -19.927162170410156,
      -21.97816276550293,
      -22.951112747192383,
      -16.470022201538086,
      -10.684088706970215,
      1.435779333114624,
      -4.1870927810668945
    ],
    "mfcc_std": [
      55.651493072509766,
      28.090190887451172,
      14.740851402282715,
      14.78221321105957,
      10.584197998046875,
      6.570083141326904,
      8.664650917053223,
      6.868312358856201,
      6.565182685852051,
      7.402687072753906,
      10.336512565612793,
      12.725419044494629,
      13.893712997436523
    ],
    "spectral_centroid_mean": 1205.0377570139858,
    "spectral_centroid_std": 289.6425258293183,
    "spectral_bandwidth_mean": 1320.9278637361313,
    "spectral_bandwidth_std": 354.72679958599343,
    "spectral_rolloff_mean": 1962.7539902389562,
    "spectral_rolloff_std": 695.0559970632396,
    "spectral_flux_mean": 2222.415771484375,
    "spectral_flux_std": 3237.801025390625,
    "spectral_flatness_mean": 0.0014072576304897666,
    "spectral_flatness_std": 0.029046382755041122,
    "spectral_slope_mean": -0.0006085544846906958,
    "spectral_spread_mean": 1320.9278672766443,
    "spectral_skewness_mean": 3.3191438725872664,
    "spectral_kurtosis_mean": 18.28506794508898
  },
  "rhythm": {
    "tempo_bpm": 117.45383522727273,
    "tempo_confidence": 0.97859754278706,
    "beat_positions": [
      0.7662585034013606,
      1.2770975056689342,
      1.7647165532879818,
      2.2755555555555556,
      2.786394557823129,
      3.274013605442177,
      3.7616326530612243,
      4.249251700680272,
      4.760090702947846,
      5.270929705215419,
      5.735328798185941,
      6.222947845804988,
      6.710566893424036,
      7.244625850340136,
      7.732244897959184,
      8.266303854875284,
      8.777142857142858,
      9.264761904761905,
      9.798820861678005,
      10.286439909297052,
      10.843718820861678,
      11.331337868480725,
      11.818956916099774,
      12.30657596371882,
      12.84063492063492,
      13.305034013605443,
      13.79265306122449,
      14.303492063492063,
      14.79111111111111,
      15.301950113378684,
      15.81278911564626,
      16.32362811791383,
      16.834467120181404,
      17.322086167800453,
      17.786485260770974,
      18.250884353741498,
      18.76172335600907,
      19.29578231292517,
      19.783401360544218,
      20.29424036281179,
      20.805079365079365,
      21.292698412698414,
      21.803537414965987,
      22.267936507936508,
      22.825215419501134,
      23.312834467120183,
      23.800453514739228,
      24.288072562358277,
      24.79891156462585,
      25.2865306122449,
      25.797369614512473,
      26.33142857142857,
      26.81904761904762,
      27.30666666666667
    ],
    "onset_times": [
      0.13931972789115646,
      0.46439909297052157,
      0.7430385487528345,
      1.0913378684807256,
      1.2770975056689342,
      1.5789569160997732,
      1.7414965986394557,
      2.1130158730158732,
      2.2755555555555556,
      2.693514739229025,
      3.1579138321995464,
      3.622312925170068,
      3.6687528344671203,
      4.2260317460317465,
      4.481451247165533,
      4.73687074829932,
      4.922630385487528,
      5.201269841269841,
      5.270929705215419,
      5.712108843537415,
      6.199727891156463,
      6.8034467120181406,
      7.22140589569161,
      7.7090249433106575,
      7.918004535147392,
      8.057324263038549,
      8.196643990929704,
      8.753922902494331,
      8.93968253968254,
      9.241541950113378,
      9.520181405895691,
      9.566621315192744,
      9.7059410430839,
      9.845260770975056,
      10.286439909297052,
      10.820498866213152,
      11.075918367346938,
      11.400997732426303,
      11.54031746031746,
      11.795736961451247,
      12.30657596371882,
      12.794195011337868,
      12.84063492063492,
      14.303492063492063,
      14.44281179138322,
      14.628571428571428,
      14.79111111111111,
      15.000090702947846,
      15.116190476190477,
      15.162630385487528,
      15.32517006802721,
      15.51092970521542,
      15.557369614512472,
      16.32362811791383,
      16.532607709750568,
      16.81124716553288,
      16.99700680272109,
      17.159546485260773,
      17.22920634920635,
      17.39174603174603,
      17.438185941043084,
      17.786485260770974,
      18.22766439909297,
      18.436643990929706,
      18.622403628117915,
      18.715283446712018,
      19.249342403628116,
      19.783401360544218,
      20.24780045351474,
      20.387120181405894,
      20.78185941043084,
      20.94439909297052,
      21.24625850340136,
      21.687437641723356,
      21.803537414965987,
      22.244716553287983,
      22.68589569160998,
      22.801995464852606,
      23.196734693877552,
      23.777233560090703,
      24.264852607709752,
      24.52027210884354,
      24.845351473922904,
      24.961451247165535,
      25.26331065759637,
      25.63482993197279,
      25.774149659863944,
      26.02956916099773,
      26.192108843537415,
      26.33142857142857,
      26.679727891156464,
      27.30666666666667,
      27.654965986394558,
      28.81596371882086
    ],
    "rhythm_regularity": 0.9563255154003547,
    "syncopation_index": 0.43617021276595747,
    "beat_count": 54,
    "onset_count": 94
  },
  "harmony": {
    "chroma_mean": [
      0.4235861301422119,
      0.1302787810564041,
      0.271767795085907,
      0.3126315474510193,
      0.09294401854276657,
      0.23710790276527405,
      0.1922122985124588,
      0.31222566962242126,
      0.18906569480895996,
      0.09087492525577545,
      0.08576369285583496,
      0.16659130156040192
    ],
    "chroma_std": [
      0.3859431743621826,
      0.19437840580940247,
      0.32594671845436096,
      0.3505062758922577,
      0.11157257109880447,
      0.29983848333358765,
      0.2615312933921814,
      0.33437618613243103,
      0.304056316614151,
      0.1092209592461586,
      0.11692482233047485,
      0.2271951287984848
    ],
    "key_estimation": {
      "key": "C_minor",
      "confidence": 0.8812279738104154
    },
    "tonal_complexity": 0.10142970830202103
  },
  "quality": {
    "snr_db": 36.41502734166737,
    "dynamic_range_db": 18.1674261394468,
    "rms_energy": 0.17018795013427734,
    "zero_crossing_rate": 0.05662420897673964
  },
  "lyrics": {}
}