{
  "snr_db": 34.16830417778604,
  "dynamic_range_db": 19.766444302395907,
  "rms_energy": 0.13570930063724518,
  "zero_crossing_rate": 0.15360196971525097
}