{
  "meta": {
    "path": "../../data/raw/MIREX-like_mood/dataset/Audio/208.mp3",
    "file_hash": "6592a546f715baadf1620202fb7a29d8af830d6a",
    "duration_sec": 29.675102040816327,
    "sample_rate": 22050,
    "analysis_timestamp": "2025-10-24T20:23:45.058021",
    "config": {
      "sr": 22050,
      "n_fft": 2048,
      "hop_length": 512,
      "n_mels": 128,
      "n_mfcc": 13,
      "n_chroma": 12,
      "frame_length": 2048,
      "workers": 4,
      "use_crepe": false,
      "save_matrices": false,
      "save_plots": true,
      "force": true,
      "quick": false,
      "verbose": false
    },
    "processing_time_sec": 3.2106924057006836
  },
  "acoustic": {
    "mfcc_mean": [
      -59.96001052856445,
      85.08753204345703,
      2.58506441116333,
      24.792835235595703,
      10.490460395812988,
      8.503551483154297,
      1.0681993961334229,
      -1.125561237335205,
      -6.65438175201416,
      2.550105571746826,
      -9.430811882019043,
      0.8636044859886169,
      -14.077414512634277
    ],
    "mfcc_std": [
      60.94916915893555,
      25.25621223449707,
      19.565202713012695,
      11.937217712402344,
      11.829581260681152,
      9.986231803894043,
      8.151382446289062,
      8.462855339050293,
      8.270284652709961,
      7.708649635314941,
      8.058415412902832,
      7.092360019683838,
      7.1183600425720215
    ],
    "spectral_centroid_mean": 2553.688284876101,
    "spectral_centroid_std": 778.6871853237978,
    "spectral_bandwidth_mean": 2658.264674704332,
    "spectral_bandwidth_std": 289.52975571374935,
    "spectral_rolloff_mean": 5532.282262448691,
    "spectral_rolloff_std": 1317.268894067292,
    "spectral_flux_mean": 5306.5908203125,
    "spectral_flux_std": 3973.75927734375,
    "spectral_flatness_mean": 0.02638358250260353,
    "spectral_flatness_std": 0.04120570048689842,
    "spectral_slope_mean": -0.0003525364479266592,
    "spectral_spread_mean": 2658.2646735393546,
    "spectral_skewness_mean": 1.2806124983590412,
    "spectral_kurtosis_mean": 3.9320702568428847
  },
  "rhythm": {
    "tempo_bpm": 143.5546875,
    "tempo_confidence": 0.9784781776239838,
    "beat_positions": [
      0.16253968253968254,
      0.5804988662131519,
      0.9984580498866213,
      1.3931972789115645,
      1.811156462585034,
      2.2291156462585033,
      2.647074829931973,
      3.0650340136054424,
      3.575873015873016,
      4.017052154195011,
      4.481451247165533,
      4.9458503401360545,
      5.363809523809524,
      5.758548752834467,
      6.176507936507937,
      6.594467120181406,
      7.058866213151927,
      7.500045351473923,
      7.918004535147392,
      8.335963718820862,
      8.753922902494331,
      9.148662131519274,
      9.566621315192744,
      9.984580498866213,
      10.402539682539683,
      10.797278911564625,
      11.215238095238096,
      11.633197278911565,
      12.051156462585034,
      12.469115646258503,
      12.887074829931972,
      13.281814058956916,
      13.676553287981859,
      14.094512471655328,
      14.512471655328799,
      14.930430839002268,
      15.348390022675737,
      15.836009070294784,
      16.253968253968253,
      16.671927437641724,
      17.08988662131519,
      17.531065759637187,
      17.949024943310658,
      18.390204081632653,
      18.83138321995465,
      19.22612244897959,
      19.644081632653062,
      20.06204081632653,
      20.48,
      20.897959183673468,
      21.292698412698414,
      21.71065759637188,
      22.128616780045352,
      22.54657596371882,
      22.941315192743765,
      23.359274376417233,
      23.777233560090703,
      24.19519274376417,
      24.589931972789117,
      24.98467120181406,
      25.402630385487527,
      25.820589569160997,
      26.23854875283447,
      26.63328798185941,
      27.074467120181406,
      27.492426303854874,
      27.956825396825398,
      28.421224489795918,
      28.83918367346939,
      29.280362811791385
    ],
    "onset_times": [
      0.13931972789115646,
      0.2786394557823129,
      0.5340589569160997,
      0.5804988662131519,
      0.6965986394557823,
      0.8359183673469388,
      0.9984580498866213,
      1.1145578231292517,
      1.230657596371882,
      1.3699773242630386,
      1.6486167800453515,
      1.811156462585034,
      2.043356009070295,
      2.2291156462585033,
      2.36843537414966,
      2.48453514739229,
      2.7631746031746034,
      2.9024943310657596,
      3.0418140589569163,
      3.1811337868480725,
      3.320453514739229,
      3.436553287981859,
      3.575873015873016,
      3.8545124716553287,
      3.9938321995464854,
      4.133151927437642,
      4.249251700680272,
      4.667210884353741,
      4.9458503401360545,
      5.085170068027211,
      5.224489795918367,
      5.363809523809524,
      5.50312925170068,
      5.61922902494331,
      5.735328798185941,
      6.013968253968254,
      6.176507936507937,
      6.431927437641724,
      6.5712471655328795,
      6.757006802721088,
      6.849886621315193,
      7.128526077097506,
      7.244625850340136,
      7.476825396825397,
      7.662585034013605,
      7.778684807256236,
      7.894784580498866,
      8.034104308390022,
      8.196643990929704,
      8.335963718820862,
      8.452063492063493,
      8.591383219954649,
      8.753922902494331,
      8.893242630385487,
      9.009342403628118,
      9.287981859410431,
      9.427301587301587,
      9.566621315192744,
      9.682721088435374,
      9.845260770975056,
      9.961360544217687,
      10.100680272108843,
      10.379319727891156,
      10.518639455782314,
      10.65795918367347,
      10.797278911564625,
      10.913378684807256,
      11.075918367346938,
      11.215238095238096,
      11.470657596371883,
      11.633197278911565,
      11.749297052154194,
      11.888616780045352,
      12.051156462585034,
      12.167256235827665,
      12.30657596371882,
      12.585215419501134,
      12.72453514739229,
      12.863854875283447,
      12.979954648526077,
      13.142494331065759,
      13.25859410430839,
      13.397913832199546,
      13.676553287981859,
      13.815873015873017,
      14.071292517006803,
      14.257052154195012,
      14.373151927437641,
      14.512471655328799,
      14.767891156462586,
      14.930430839002268,
      15.069750566893424,
      15.185850340136055,
      15.32517006802721,
      15.580589569160997,
      15.85922902494331,
      15.998548752834466,
      16.23074829931973,
      16.416507936507937,
      16.532607709750568,
      16.671927437641724,
      16.973786848072564,
      17.252426303854875,
      17.507845804988662,
      17.949024943310658,
      18.11156462585034,
      18.250884353741498,
      18.36698412698413,
      18.52952380952381,
      18.668843537414965,
      18.808163265306124,
      18.970702947845805,
      19.13324263038549,
      19.342222222222222,
      19.504761904761907,
      19.59764172335601,
      19.760181405895693,
      19.922721088435374,
      20.17814058956916,
      20.456780045351476,
      20.619319727891156,
      20.735419501133787,
      20.874739229024943,
      21.037278911564627,
      21.153378684807254,
      21.292698412698414,
      21.43201814058957,
      21.71065759637188,
      21.966077097505668,
      22.128616780045352,
      22.244716553287983,
      22.360816326530614,
      22.66267573696145,
      22.801995464852606,
      22.918095238095237,
      23.08063492063492,
      23.219954648526077,
      23.359274376417233,
      23.475374149659864,
      23.61469387755102,
      23.777233560090703,
      23.893333333333334,
      24.171972789115646,
      24.3112925170068,
      24.450612244897957,
      24.56671201814059,
      24.845351473922904,
      25.10077097505669,
      25.26331065759637,
      25.518730158730158,
      25.797369614512473,
      26.076009070294784,
      26.21532879818594,
      26.354648526077096,
      26.493968253968255,
      26.610068027210886,
