{
  "tempo_bpm": 71.77734375,
  "tempo_confidence": 0.972801860554119,
  "beat_positions": [
    0.16253968253968254,
    0.8359183673469388,
    1.6486167800453515,
    2.48453514739229,
    3.320453514739229,
    4.133151927437642,
    4.96907029478458,
    5.7817687074829935,
    6.617687074829932,
    7.453605442176871,
    8.266303854875284,
    9.102222222222222,
    9.93814058956916,
    10.750839002267574,
    11.586757369614512,
    12.422675736961452,
    13.25859410430839,
    14.094512471655328,
    14.907210884353741,
    15.74312925170068,
    16.579047619047618,
    17.39174603174603,
    18.22766439909297,
    19.06358276643991,
    19.89950113378685,
    20.712199546485262,
    21.5481179138322,
    22.38403628117914,
    23.196734693877552,
    24.03265306122449,
    24.86857142857143,
    25.68126984126984,
    26.51718820861678,
    27.353106575963718,
    28.189024943310656,
    29.00172335600907
  ],
  "onset_times": [
    0.13931972789115646,
    0.34829931972789113,
    0.6501587301587302,
    0.8126984126984127,
    0.9984580498866213,
    1.207437641723356,
    1.486077097505669,
    1.6486167800453515,
    1.9040362811791383,
    2.461315192743764,
    3.297233560090703,
    3.5294331065759637,
    3.8545124716553287,
    4.1099319727891155,
    4.388571428571429,
    4.551111111111111,
    4.597551020408163,
    4.829750566893424,
    4.9458503401360545,
    5.363809523809524,
    5.7817687074829935,
    5.990748299319728,
    6.176507936507937,
    6.455147392290249,
    6.617687074829932,
    6.849886621315193,
    6.965986394557823,
    7.430385487528345,
    7.7090249433106575,
    8.126984126984127,
    8.266303854875284,
    8.52172335600907,
    8.661043083900227,
    9.079002267573696,
    9.334421768707482,
    9.496961451247165,
    9.93814058956916,
    10.170340136054422,
    10.286439909297052,
    10.750839002267574,
    11.122358276643991,
    11.42421768707483,
    11.586757369614512,
    12.004716553287983,
    12.399455782312925,
    12.817414965986394,
    13.003174603174603,
    13.235374149659863,
    13.444353741496599,
    13.676553287981859,
    13.908752834467121,
    14.071292517006803,
    14.44281179138322,
    14.744671201814059,
    14.907210884353741,
    15.301950113378684,
    15.719909297052155,
    16.114648526077097,
    16.34684807256236,
    16.555827664399093,
    16.788027210884355,
    17.39174603174603,
    17.647165532879818,
    17.786485260770974,
    18.04190476190476,
    18.22766439909297,
    18.45986394557823,
    18.575963718820862,
    19.06358276643991,
    19.481541950113378,
    19.87628117913832,
    20.29424036281179,
    20.59609977324263,
    20.712199546485262,
    21.0140589569161,
    21.13015873015873,
    21.385578231292516,
    21.5481179138322,
    21.826757369614512,
    21.966077097505668,
    22.360816326530614,
    22.66267573696145,
    22.77877551020408,
    23.010975056689343,
    23.196734693877552,
    23.54503401360544,
    23.91655328798186,
    24.03265306122449,
    24.288072562358277,
    24.56671201814059,
    24.68281179138322,
    24.86857142857143,
    25.2865306122449,
    25.68126984126984,
    25.913469387755104,
    26.122448979591837,
    26.493968253968255,
    26.749387755102042,
    26.93514739229025,
    27.353106575963718,
    27.74784580498866,
    28.026485260770976,
    28.189024943310656,
    28.398004535147393,
    28.583764172335602,
    28.69986394557823,
    29.00172335600907,
    29.373242630385487,
    29.53578231292517,
    29.6518820861678
  ],
  "rhythm_regularity": 0.9660687479779302,
  "syncopation_index": 0.6727272727272727,
  "beat_count": 36,
  "onset_count": 110
}