{
  "chroma_mean": [
    0.5022981762886047,
    0.31404808163642883,
    0.44750332832336426,
    0.3850891590118408,
    0.25101083517074585,
    0.3022744059562683,
    0.32413601875305176,
    0.7220996618270874,
    0.37571489810943604,
    0.371155709028244,
    0.6424022912979126,
    0.49842602014541626
  ],
  "chroma_std": [
    0.28613126277923584,
    0.157375767827034,
    0.2015157788991928,
    0.29048073291778564,
    0.11664684861898422,
    0.1451186239719391,
    0.14986975491046906,
    0.25741711258888245,
    0.1864805370569229,
    0.14896222949028015,
    0.2671654522418976,
    0.15181958675384521
  ],
  "key_estimation": {
    "key": "C_minor",
    "confidence": 0.4294645313755023
  },
  "tonal_complexity": 0.1360252946615219
}