{
  "chroma_mean": [
    0.4694131314754486,
    0.4631546139717102,
    0.47892701625823975,
    0.6366748809814453,
    0.47959068417549133,
    0.4727950394153595,
    0.4680221974849701,
    0.48740318417549133,
    0.5550975799560547,
    0.45162224769592285,
    0.5013132095336914,
    0.43741488456726074
  ],
  "chroma_std": [
    0.25012585520744324,
    0.23721419274806976,
    0.22063177824020386,
    0.2991340160369873,
    0.22662071883678436,
    0.24084216356277466,
    0.24722826480865479,
    0.24285635352134705,
    0.28467804193496704,
    0.23050548136234283,
    0.2514093816280365,
    0.22517350316047668
  ],
  "key_estimation": {
    "key": "C_minor",
    "confidence": 0.4724205224601612
  },
  "tonal_complexity": 0.05183324217796326
}