{
  "meta": {
    "path": "../../data/raw/MIREX-like_mood/dataset/Audio/133.mp3",
    "file_hash": "a3d222bad13038cd686579d9797bb3ed45c1a10e",
    "duration_sec": 26.842267573696144,
    "sample_rate": 22050,
    "analysis_timestamp": "2025-10-24T20:24:47.868719",
    "config": {
      "sr": 22050,
      "n_fft": 2048,
      "hop_length": 512,
      "n_mels": 128,
      "n_mfcc": 13,
      "n_chroma": 12,
      "frame_length": 2048,
      "workers": 4,
      "use_crepe": false,
      "save_matrices": false,
      "save_plots": true,
      "force": true,
      "quick": false,
      "verbose": false
    },
    "processing_time_sec": 2.9485068321228027
  },
  "acoustic": {
    "mfcc_mean": [
      -99.18720245361328,
      99.06817626953125,
      -4.740133285522461,
      31.5299072265625,
      0.9668502807617188,
      13.218584060668945,
      -4.4300031661987305,
      1.625340223312378,
      0.37254050374031067,
      -1.4843207597732544,
      -6.393080711364746,
      -4.486525058746338,
      -2.4724349975585938
    ],
    "mfcc_std": [
      96.64103698730469,
      28.670808792114258,
      30.972827911376953,
      13.705132484436035,
      8.185693740844727,
      7.2921953201293945,
      5.950856685638428,
      6.516849994659424,
      6.736690044403076,
      6.591726303100586,
      6.051870346069336,
      5.877462863922119,
      6.036537170410156
    ],
    "spectral_centroid_mean": 2119.9198891151423,
    "spectral_centroid_std": 722.8219242554572,
    "spectral_bandwidth_mean": 2271.893328490419,
    "spectral_bandwidth_std": 492.889559436663,
    "spectral_rolloff_mean": 4441.600022114034,
    "spectral_rolloff_std": 1612.3353872056575,
    "spectral_flux_mean": 4049.46533203125,
    "spectral_flux_std": 3844.531494140625,
    "spectral_flatness_mean": 0.020876433700323105,
    "spectral_flatness_std": 0.043078359216451645,
    "spectral_slope_mean": -0.000444626059728368,
    "spectral_spread_mean": 2271.893327010871,
    "spectral_skewness_mean": 1.6177007126935348,
    "spectral_kurtosis_mean": 5.704875268647759
  },
  "rhythm": {
    "tempo_bpm": 123.046875,
    "tempo_confidence": 0.985651925958825,
    "beat_positions": [
      0.5340589569160997,
      1.0216780045351475,
      1.509297052154195,
      2.020136054421769,
      2.507755102040816,
      2.995374149659864,
      3.5062131519274375,
      3.9938321995464854,
      4.481451247165533,
      4.96907029478458,
      5.479909297052155,
      5.990748299319728,
      6.478367346938776,
      6.965986394557823,
      7.453605442176871,
      7.964444444444444,
      8.452063492063493,
      8.93968253968254,
      9.427301587301587,
      9.93814058956916,
      10.425759637188209,
      10.913378684807256,
      11.400997732426303,
      11.888616780045352,
      12.376235827664399,
      12.863854875283447,
      13.351473922902494,
      13.839092970521541,
      14.303492063492063,
      14.79111111111111,
      15.255510204081633,
      15.74312925170068,
      16.23074829931973,
      16.741587301587302,
      17.205986394557822,
      17.716825396825396,
      18.18122448979592,
      18.692063492063493,
      19.156462585034014,
      19.667301587301587,
      20.131700680272107,
      20.64253968253968,
      21.106938775510205,
      21.59455782312925,
      22.0821768707483,
      22.569795918367348,
      23.034195011337868,
      23.521814058956917,
      24.009433106575965,
      24.52027210884354,
      25.007891156462584,
      25.495510204081633,
      25.98312925170068,
      26.447528344671202
    ],
    "onset_times": [
      0.13931972789115646,
      0.2786394557823129,
      0.5108390022675737,
      0.7662585034013606,
      1.0216780045351475,
      1.509297052154195,
      1.7647165532879818,
      1.9969160997732427,
      2.36843537414966,
      2.507755102040816,
      2.7399546485260773,
      2.995374149659864,
      3.274013605442177,
      3.4829931972789114,
      3.9938321995464854,
      4.249251700680272,
      4.481451247165533,
      4.713650793650793,
      4.96907029478458,
      5.456689342403628,
      5.9675283446712015,
      6.455147392290249,
      6.942766439909297,
      7.244625850340136,
      7.453605442176871,
      7.685804988662132,
      7.9412244897959186,
      8.428843537414966,
      8.661043083900227,
      8.916462585034013,
      9.1718820861678,
      9.404081632653062,
      9.636281179138322,
      9.914920634920636,
      10.402539682539683,
      10.65795918367347,
      10.89015873015873,
      11.168798185941043,
      11.656417233560092,
      12.120816326530612,
      12.60843537414966,
      13.351473922902494,
      13.839092970521541,
      14.303492063492063,
      15.023310657596372,
      15.232290249433106,
      15.487709750566893,
      15.74312925170068,
      15.975328798185942,
      16.207528344671204,
      16.46294784580499,
      16.741587301587302,
      16.973786848072564,
      17.205986394557822,
      17.46140589569161,
      17.69360544217687,
      17.925804988662133,
      18.04190476190476,
      18.18122448979592,
      18.320544217687075,
      18.436643990929706,
      18.668843537414965,
      18.92426303854875,
      19.156462585034014,
      19.4118820861678,
      19.667301587301587,
      19.89950113378685,
      20.131700680272107,
      20.387120181405894,
      20.619319727891156,
      20.874739229024943,
      21.106938775510205,
      21.36235827664399,
      21.59455782312925,
      21.826757369614512,
      21.966077097505668,
      22.058956916099774,
      22.54657596371882,
      23.010975056689343,
      23.26639455782313,
      23.521814058956917,
      23.777233560090703,
      24.009433106575965,
      24.264852607709752,
      24.427392290249433,
      24.52027210884354,
      24.752471655328797,
      24.98467120181406,
      25.472290249433108,
      25.727709750566895,
      25.913469387755104,
      25.98312925170068,
      26.192108843537415,
      26.447528344671202,
      26.726167800453513
    ],
    "rhythm_regularity": 0.970227154613197,
    "syncopation_index": 0.4631578947368421,
    "beat_count": 54,
    "onset_count": 95
  },
  "harmony": {
    "chroma_mean": [
      0.3092191219329834,
      0.3837795555591583,
      0.35054662823677063,
      0.3496340215206146,
      0.5055608749389648,
      0.3725433349609375,
      0.5919772982597351,
      0.48612719774246216,
      0.4881304204463959,
      0.7168792486190796,
      0.3461780250072479,
      0.38425952196121216
    ],
    "chroma_std": [
      0.16548870503902435,
      0.1932695209980011,
      0.2334250807762146,
      0.1731748729944229,
      0.24590395390987396,
      0.17857031524181366,
      0.300612211227417,
      0.2727164328098297,
      0.18942226469516754,
      0.2905232906341553,
      0.17249204218387604,
      0.24434508383274078
    ],
    "key_estimation": {
      "key": "C_major",
      "confidence": -0.061354789063737085
    },
    "tonal_complexity": 0.11597126722335815
  },
  "quality": {
    "snr_db": 36.21656890314873,
    "dynamic_range_db": 18.81548413278886,
    "rms_energy": 0.1573030799627304,
    "zero_crossing_rate": 0.09713251877160761
  },
  "lyrics": {
    "word_count": 239,
    "unique_word_count": 52,
    "sentence_count": 1,
    "avg_words_per_sentence": 239.0,
    "readability": null,
    "sentiment_analysis": null,
    "topic_keywords": [
      "you",
      "I'm",
      "and",
      "Come",
      "your",
      "lonely",
      "baby",
      "'Cause",
      "rescue",
      "baby)"
    ],
    "repetition_analysis": {
      "repetition_ratio": 0.7824267782426778,
      "most_common_words": [
        [
          "you",
          14
        ],
        [
          "I'm",
          11
        ],
        [
          "and",
          11
        ],
        [
          "Come",
          9
        ],
        [
          "your",
          8
        ]
      ]
    }
  }
}