{
  "chroma_mean": [
    0.45080041885375977,
    0.670735776424408,
    0.40157490968704224,
    0.4198562502861023,
    0.32871076464653015,
    0.34150931239128113,
    0.39997240900993347,
    0.30305445194244385,
    0.4463396966457367,
    0.35149458050727844,
    0.42968544363975525,
    0.3802778422832489
  ],
  "chroma_std": [
    0.1942010372877121,
    0.3012109398841858,
    0.18890993297100067,
    0.2910696268081665,
    0.18094848096370697,
    0.2153342217206955,
    0.2770906686782837,
    0.17662465572357178,
    0.3216296434402466,
    0.2201727330684662,
    0.2679908275604248,
    0.21169324219226837
  ],
  "key_estimation": {
    "key": "C_minor",
    "confidence": -0.049553340801430736
  },
  "tonal_complexity": 0.09067606925964355
}