{
  "mfcc_mean": [
    -35.666255950927734,
    59.451988220214844,
    -6.198980331420898,
    28.686132431030273,
    3.175736665725708,
    9.84499740600586,
    0.16258496046066284,
    10.075551986694336,
    -3.0919721126556396,
    3.3091647624969482,
    2.077587842941284,
    0.06437340378761292,
    -2.8923003673553467
  ],
  "mfcc_std": [
    81.48187255859375,
    16.076021194458008,
    13.1266450881958,
    9.346931457519531,
    9.283366203308105,
    6.592973709106445,
    6.8604416847229,
    7.245620250701904,
    4.66385555267334,
    5.254160404205322,
    5.908202648162842,
    5.317760944366455,
    5.671356678009033
  ],
  "spectral_centroid_mean": 3078.9054391703653,
  "spectral_centroid_std": 550.0363238992162,
  "spectral_bandwidth_mean": 2715.568532703268,
  "spectral_bandwidth_std": 274.5147791618834,
  "spectral_rolloff_mean": 6253.2910118073205,
  "spectral_rolloff_std": 989.4197199365466,
  "spectral_flux_mean": 3240.771240234375,
  "spectral_flux_std": 2219.413818359375,
  "spectral_flatness_mean": 0.06050529703497887,
  "spectral_flatness_std": 0.04502741992473602,
  "spectral_slope_mean": -0.000334706609652927,
  "spectral_spread_mean": 2715.56853085826,
  "spectral_skewness_mean": 0.9173495612266787,
  "spectral_kurtosis_mean": 3.2829259513992546
}