{
  "snr_db": 34.310846238084345,
  "dynamic_range_db": 19.524595412652808,
  "rms_energy": 0.14074833691120148,
  "zero_crossing_rate": 0.13877059853142076
}