{
  "mfcc_mean": [
    -36.222896575927734,
    96.93360900878906,
    -14.094106674194336,
    31.70060157775879,
    2.110914468765259,
    11.090412139892578,
    2.6714723110198975,
    3.1707708835601807,
    -2.2527081966400146,
    2.8352725505828857,
    -4.741146564483643,
    -0.351705938577652,
    -5.007933616638184
  ],
  "mfcc_std": [
    91.73282623291016,
    30.4912109375,
    14.577147483825684,
    14.0728178024292,
    9.232617378234863,
    8.48435115814209,
    7.759835720062256,
    7.55086612701416,
    7.027225494384766,
    8.793675422668457,
    7.086214065551758,
    7.1462883949279785,
    6.417956829071045
  ],
  "spectral_centroid_mean": 2153.912461859185,
  "spectral_centroid_std": 603.9369342911978,
  "spectral_bandwidth_mean": 2265.393622964821,
  "spectral_bandwidth_std": 452.59146174099374,
  "spectral_rolloff_mean": 4479.84276617874,
  "spectral_rolloff_std": 1246.6279161301388,
  "spectral_flux_mean": 8498.22265625,
  "spectral_flux_std": 9217.5068359375,
  "spectral_flatness_mean": 0.023359784856438637,
  "spectral_flatness_std": 0.024880308657884598,
  "spectral_slope_mean": -0.00035312380622953046,
  "spectral_spread_mean": 2265.393623327878,
  "spectral_skewness_mean": 1.5214467155857163,
  "spectral_kurtosis_mean": 5.549853197486612
}