{
  "tempo_bpm": 89.10290948275862,
  "tempo_confidence": 0.9864985508336594,
  "beat_positions": [
    0.23219954648526078,
    0.9287981859410431,
    1.6021768707482993,
    2.2755555555555556,
    2.948934240362812,
    3.622312925170068,
    4.31891156462585,
    4.992290249433107,
    5.6656689342403626,
    6.362267573696145,
    7.058866213151927,
    7.75546485260771,
    8.428843537414966,
    9.102222222222222,
    9.798820861678005,
    10.47219954648526,
    11.19201814058957,
    11.865396825396825,
    12.585215419501134,
    13.25859410430839,
    13.955192743764172,
    14.628571428571428,
    15.32517006802721,
    15.998548752834466,
    16.69514739229025,
    17.368526077097506,
    18.04190476190476,
    18.738503401360543,
    19.435102040816325,
    20.131700680272107,
    20.805079365079365,
    21.501678004535147,
    22.175056689342405,
    22.84843537414966,
    23.54503401360544,
    24.241632653061224,
    24.91501133786848,
    25.611609977324264,
    26.284988662131518,
    26.958367346938775,
    27.654965986394558,
    28.328344671201815
  ],
  "onset_times": [
    0.23219954648526078,
    0.44117913832199546,
    0.5804988662131519,
    0.905578231292517,
    1.1609977324263039,
    1.2770975056689342,
    1.6021768707482993,
    1.811156462585034,
    1.9504761904761905,
    2.182675736961451,
    2.2755555555555556,
    2.6238548752834467,
    2.948934240362812,
    3.1579138321995464,
    3.297233560090703,
    3.5294331065759637,
    3.622312925170068,
    3.9938321995464854,
    4.295691609977324,
    4.527891156462585,
    4.6439909297052155,
    4.876190476190477,
    4.992290249433107,
    5.201269841269841,
    5.340589569160998,
    5.6656689342403626,
    6.246167800453515,
    6.339047619047619,
    6.733786848072563,
    6.942766439909297,
    7.058866213151927,
    7.4071655328798185,
    7.63936507936508,
    7.732244897959184,
    7.964444444444444,
    8.103764172335602,
    8.428843537414966,
    8.661043083900227,
    8.753922902494331,
    8.962902494331066,
    9.102222222222222,
    9.47374149659864,
    9.798820861678005,
    10.00780045351474,
    10.170340136054422,
    10.332879818594105,
    10.448979591836734,
    10.495419501133787,
    10.843718820861678,
    11.168798185941043,
    11.377777777777778,
    11.54031746031746,
    11.72607709750567,
    11.842176870748299,
    12.236916099773243,
    12.585215419501134,
    12.933514739229025,
    13.25859410430839,
    13.49079365079365,
    13.606893424036281,
    13.955192743764172,
    14.164172335600908,
    14.512471655328799,
    14.628571428571428,
    14.97687074829932,
    15.32517006802721,
    15.557369614512472,
    15.673469387755102,
    15.882448979591837,
    15.998548752834466,
    16.23074829931973,
    16.34684807256236,
    16.671927437641724,
    16.904126984126986,
    17.020226757369613,
    17.22920634920635,
    17.345306122448978,
    17.69360544217687,
    18.04190476190476,
    18.250884353741498,
    18.413424036281178,
    18.599183673469387,
    18.715283446712018,
    18.94748299319728,
    19.11002267573696,
    19.4118820861678,
    19.644081632653062,
    19.783401360544218,
    19.99238095238095,
    20.108480725623583,
    20.410340136054423,
    20.805079365079365,
    21.153378684807254,
    21.478458049886623,
    21.687437641723356,
    21.826757369614512,
    22.175056689342405,
    22.407256235827663,
    22.732335600907028,
    22.84843537414966,
    23.219954648526077,
    23.42893424036281,
    23.54503401360544,
    23.893333333333334,
    24.125532879818593,
    24.241632653061224,
    24.450612244897957,
    24.589931972789117,
    24.91501133786848,
    25.14721088435374,
    25.26331065759637,
    25.472290249433108,
    25.611609977324264,
    25.774149659863944,
    25.959909297052153,
    26.284988662131518,
    26.493968253968255,
    26.63328798185941,
    26.81904761904762,
    26.958367346938775,
    27.260226757369615,
    27.631746031746033,
    27.840725623582767,
    27.956825396825398,
    28.212244897959184,
    28.328344671201815,
    28.63020408163265,
    29.048163265306123,
    29.326802721088434,
    29.373242630385487
  ],
  "rhythm_regularity": 0.9800280231841411,
  "syncopation_index": 0.6538461538461539,
  "beat_count": 42,
  "onset_count": 130
}