{
  "tempo_bpm": 107.666015625,
  "tempo_confidence": 0.9693987787892182,
  "beat_positions": [
    2.182675736961451,
    2.7399546485260773,
    3.274013605442177,
    3.8312925170068026,
    4.388571428571429,
    4.876190476190477,
    5.38702947845805,
    5.944308390022676,
    6.478367346938776,
    6.989206349206349,
    7.523265306122449,
    8.057324263038549,
    8.591383219954649,
    9.148662131519274,
    9.7059410430839,
    10.24,
    10.7740589569161,
    11.331337868480725,
    11.888616780045352,
    12.399455782312925,
    12.956734693877552,
    13.49079365079365,
    14.02485260770975,
    14.535691609977324,
    15.046530612244897,
    15.580589569160997,
    16.114648526077097,
    16.648707482993196,
    17.182766439909297,
    17.740045351473924,
    18.297324263038547,
    18.784943310657596,
    19.272562358276645,
    19.87628117913832,
    20.456780045351476,
    20.990839002267574,
    21.524897959183672,
    22.035736961451246,
    22.54657596371882,
    23.08063492063492,
    23.591473922902495,
    24.125532879818593,
    24.659591836734695,
    25.21687074829932,
    25.774149659863944,
    26.33142857142857,
    26.865487528344673,
    27.515646258503402,
    28.16580498866213,
    28.69986394557823,
    29.257142857142856,
    29.791201814058958,
    30.441360544217687,
    31.068299319727892,
    31.62557823129252,
    32.13641723356009,
    32.670476190476194,
    33.20453514739229,
    33.73859410430839,
    34.29587301587301,
    34.853151927437644,
    35.41043083900227,
    35.944489795918365,
    36.47854875283447,
    37.03582766439909,
    37.56988662131519,
    38.12716553287982,
    38.66122448979592,
    39.172063492063494,
    39.68290249433107,
    40.216961451247165,
    40.72780045351474,
    41.26185941043084,
    41.795918367346935,
    42.353197278911566,
    42.887256235827664,
    43.46775510204082,
    44.00181405895692
  ],
  "onset_times": [
    2.089795918367347,
    2.159455782312925,
    2.414875283446712,
    2.7631746031746034,
    2.995374149659864,
    3.274013605442177,
    3.8312925170068026,
    4.040272108843538,
    4.365351473922902,
    4.504671201814059,
    5.921088435374149,
    6.130068027210885,
    6.478367346938776,
    6.780226757369615,
    7.4071655328798185,
    7.523265306122449,
    7.569705215419501,
    7.848344671201814,
    8.312743764172335,
    8.452063492063493,
    8.568163265306122,
    8.614603174603175,
    9.148662131519274,
    9.450521541950113,
    9.58984126984127,
    9.7059410430839,
    10.24,
    10.356099773242631,
    10.681179138321996,
    10.7740589569161,
    11.052698412698414,
    11.3081179138322,
    11.563537414965987,
    11.749297052154194,
    11.865396825396825,
    12.120816326530612,
    12.26013605442177,
    12.399455782312925,
    12.631655328798185,
    12.933514739229025,
    13.328253968253968,
    13.885532879818594,
    14.02485260770975,
    14.535691609977324,
    14.721451247165533,
    15.046530612244897,
    15.116190476190477,
    15.348390022675737,
    15.836009070294784,
    15.975328798185942,
    16.091428571428573,
    16.16108843537415,
    16.32362811791383,
    16.741587301587302,
    16.99700680272109,
    17.159546485260773,
    17.205986394557822,
    17.740045351473924,
    18.018684807256236,
    18.297324263038547,
    18.94748299319728,
    19.272562358276645,
    19.319002267573698,
    19.574421768707484,
    19.760181405895693,
    19.87628117913832,
    20.108480725623583,
    20.433560090702947,
    20.66575963718821,
    20.851519274376418,
    20.96761904761905,
    21.199818594104308,
    21.501678004535147,
    21.873197278911565,
    22.6162358276644,
    23.336054421768708,
    23.56825396825397,
    24.2184126984127,
    24.49705215419501,
    24.636371882086166,
    24.961451247165535,
    25.2865306122449,
    25.56517006802721,
    25.75092970521542,
    26.308208616780046,
    26.586848072562358,
    26.842267573696144,
    27.492426303854874,
    27.77106575963719,
    27.910385487528345,
    28.0497052154195,
    28.16580498866213,
    28.35156462585034,
    28.444444444444443,
    28.69986394557823,
    28.862403628117914,
    29.024943310657598,
    29.094603174603176,
    29.257142857142856,
    29.53578231292517,
    29.76798185941043,
    30.06984126984127,
    30.48780045351474,
    31.091519274376417,
    31.60235827664399,
    31.811337868480727,
    32.113197278911564,
    33.065215419501136,
    33.18131519274377,
    33.45995464852608,
    34.08689342403628,
    34.27265306122449,
    34.853151927437644,
    35.15501133786848,
    35.41043083900227,
    36.1534693877551,
    36.47854875283447,
    36.75718820861678,
    36.87328798185941,
    37.03582766439909,
    37.24480725623583,
    37.54666666666667,
    37.8485260770975,
    38.10394557823129,
    38.33614512471655,
    38.638004535147395,
    39.77578231292517,
    40.44916099773243,
    40.72780045351474,
    40.983219954648526,
    41.633378684807255,
    41.795918367346935,
    42.05133786848072,
    42.58539682539683,
    42.74793650793651,
    42.86403628117914,
    42.91047619047619,
    43.44453514739229,
    43.74639455782313,
    44.00181405895692,
    44.7912925170068
  ],
  "rhythm_regularity": 0.9418764763011583,
  "syncopation_index": 0.49645390070921985,
  "beat_count": 78,
  "onset_count": 141
}