{
  "snr_db": 34.814341917415376,
  "dynamic_range_db": 17.926689624222192,
  "rms_energy": 0.17230747640132904,
  "zero_crossing_rate": 0.07374077648553558
}