{
  "meta": {
    "path": "../../data/raw/MIREX-like_mood/dataset/Audio/709.mp3",
    "file_hash": "dfb3b21b0f99d90a10c80295c01d830ddca7ef98",
    "duration_sec": 29.675102040816327,
    "sample_rate": 22050,
    "analysis_timestamp": "2025-10-24T20:03:24.125930",
    "config": {
      "sr": 22050,
      "n_fft": 2048,
      "hop_length": 512,
      "n_mels": 128,
      "n_mfcc": 13,
      "n_chroma": 12,
      "frame_length": 2048,
      "workers": 4,
      "use_crepe": false,
      "save_matrices": false,
      "save_plots": true,
      "force": true,
      "quick": false,
      "verbose": false
    },
    "processing_time_sec": 3.19348406791687
  },
  "acoustic": {
    "mfcc_mean": [
      -94.87014770507812,
      118.4961166381836,
      -5.992714881896973,
      23.57122230529785,
      8.874126434326172,
      -3.880465507507324,
      -4.232500076293945,
      -1.2289135456085205,
      -6.6788554191589355,
      0.517370343208313,
      -2.6662604808807373,
      2.9697084426879883,
      -1.7871201038360596
    ],
    "mfcc_std": [
      66.32905578613281,
      29.5854434967041,
      20.094972610473633,
      14.738815307617188,
      13.536581039428711,
      9.783910751342773,
      10.261422157287598,
      8.852680206298828,
      9.813929557800293,
      8.635286331176758,
      9.223380088806152,
      7.749634265899658,
      7.982419967651367
    ],
    "spectral_centroid_mean": 1825.7807176423607,
    "spectral_centroid_std": 629.2798009524577,
    "spectral_bandwidth_mean": 2215.8762134622098,
    "spectral_bandwidth_std": 516.6385925461227,
    "spectral_rolloff_mean": 3824.694203845778,
    "spectral_rolloff_std": 1590.8492816091039,
    "spectral_flux_mean": 4784.8408203125,
    "spectral_flux_std": 5092.82763671875,
    "spectral_flatness_mean": 0.011626821011304855,
    "spectral_flatness_std": 0.03319474682211876,
    "spectral_slope_mean": -0.0004230390914229638,
    "spectral_spread_mean": 2215.8762165414546,
    "spectral_skewness_mean": 2.035211726023803,
    "spectral_kurtosis_mean": 7.501530865344946
  },
  "rhythm": {
    "tempo_bpm": 107.666015625,
    "tempo_confidence": 0.9850985430813155,
    "beat_positions": [
      0.9520181405895691,
      1.509297052154195,
      2.066575963718821,
      2.647074829931973,
      3.2043537414965986,
      3.7848526077097504,
      4.342131519274377,
      4.899410430839002,
      5.479909297052155,
      6.03718820861678,
      6.617687074829932,
      7.174965986394557,
      7.732244897959184,
      8.312743764172335,
      8.846802721088435,
      9.404081632653062,
      9.984580498866213,
      10.541859410430838,
      11.099138321995465,
      11.679637188208616,
      12.236916099773243,
      12.817414965986394,
      13.374693877551021,
      13.931972789115646,
      14.512471655328799,
      15.09297052154195,
      15.650249433106575,
      16.207528344671204,
      16.788027210884355,
      17.368526077097506,
      17.925804988662133,
      18.45986394557823,
      19.06358276643991,
      19.644081632653062,
      20.201360544217685,
      20.758639455782312,
      21.339138321995463,
      21.89641723356009,
      22.453696145124717,
      23.034195011337868,
      23.591473922902495,
      24.171972789115646,
      24.706031746031748,
      25.26331065759637,
      25.820589569160997,
      26.40108843537415,
      26.958367346938775,
      27.538866213151927,
      28.096145124716553,
      28.676643990929705,
      29.210702947845807
    ],
    "onset_times": [
      0.13931972789115646,
      0.37151927437641724,
      0.9520181405895691,
      1.230657596371882,
      1.787936507936508,
      2.066575963718821,
      2.345215419501134,
      2.5309750566893423,
      2.6238548752834467,
      3.1811337868480725,
      3.436553287981859,
      3.4829931972789114,
      4.017052154195011,
      4.31891156462585,
      4.620770975056689,
      4.899410430839002,
      5.456689342403628,
      5.758548752834467,
      6.03718820861678,
      6.339047619047619,
      6.617687074829932,
      6.896326530612245,
      6.989206349206349,
      7.174965986394557,
      7.732244897959184,
      8.010884353741497,
      8.289523809523809,
      8.591383219954649,
      8.730702947845804,
      8.846802721088435,
      9.125442176870749,
      9.380861678004536,
      9.682721088435374,
      9.961360544217687,
      10.263219954648527,
      10.541859410430838,
      10.7740589569161,
      10.843718820861678,
      11.00625850340136,
      11.099138321995465,
      11.400997732426303,
      11.447437641723356,
      11.656417233560092,
      11.981496598639456,
      12.19047619047619,
      12.236916099773243,
      12.515555555555556,
      12.817414965986394,
      13.096054421768708,
      13.374693877551021,
      13.653333333333334,
      13.931972789115646,
      14.233832199546486,
      14.512471655328799,
      14.767891156462586,
      15.09297052154195,
      15.348390022675737,
      15.650249433106575,
      15.928888888888888,
      16.184308390022675,
      16.416507936507937,
      16.532607709750568,
      16.788027210884355,
      17.066666666666666,
      17.368526077097506,
      17.647165532879818,
      17.925804988662133,
      18.22766439909297,
      18.413424036281178,
      18.45986394557823,
      18.76172335600907,
      19.06358276643991,
      19.365442176870747,
      19.89950113378685,
      20.06204081632653,
      20.17814058956916,
      20.48,
      20.735419501133787,
      21.060498866213152,
      21.339138321995463,
      21.59455782312925,
      22.175056689342405,
      22.453696145124717,
      22.732335600907028,
      23.010975056689343,
      23.312834467120183,
      23.591473922902495,
      23.870113378684806,
      24.14875283446712,
      24.427392290249433,
      24.706031746031748,
      24.98467120181406,
      25.26331065759637,
      25.472290249433108,
      25.56517006802721,
      25.820589569160997,
      26.09922902494331,
      26.40108843537415,
      26.656507936507936,
      26.93514739229025,
      27.237006802721087,
      27.515646258503402,
      27.794285714285714,
      28.07292517006803,
      28.374784580498865,
      28.676643990929705,
      28.93206349206349,
      29.210702947845807,
      29.466122448979593
    ],
    "rhythm_regularity": 0.9732350082581723,
    "syncopation_index": 0.5412844036697247,
    "beat_count": 51,
    "onset_count": 109
  },
  "harmony": {
    "chroma_mean": [
      0.31373703479766846,
      0.37698259949684143,
      0.6005957126617432,
      0.3364919424057007,
      0.44394466280937195,
      0.3907972276210785,
      0.49300602078437805,
      0.5733502507209778,
      0.5273026823997498,
      0.5816313028335571,
      0.390137255191803,
      0.4376445412635803
    ],
    "chroma_std": [
      0.16316968202590942,
      0.23917677998542786,
      0.30562013387680054,
      0.1796020269393921,
      0.25665944814682007,
      0.18905162811279297,
      0.23567251861095428,
      0.2618647813796997,
      0.24708156287670135,
      0.26921606063842773,
      0.20835621654987335,
      0.26384273171424866
    ],
    "key_estimation": {
      "key": "C_major",
      "confidence": -0.016276584789660032
    },
    "tonal_complexity": 0.09431710094213486
  },
  "quality": {
    "snr_db": 34.814341917415376,
    "dynamic_range_db": 17.926689624222192,
    "rms_energy": 0.17230747640132904,
    "zero_crossing_rate": 0.07374077648553558
  },
  "lyrics": {
    "word_count": 171,
    "unique_word_count": 110,
    "sentence_count": 9,
    "avg_words_per_sentence": 19.0,
    "readability": null,
    "sentiment_analysis": null,
    "topic_keywords": [
      "the",
      "and",
      "we'll",
      "lonely",
      "know",
      "with",
      "sad",
      "that",
      "all",
      "smile"
    ],
    "repetition_analysis": {
      "repetition_ratio": 0.35672514619883045,