{
  "chroma_mean": [
    0.4808218777179718,
    0.4859423339366913,
    0.5351710319519043,
    0.6222995519638062,
    0.5577144026756287,
    0.6589075922966003,
    0.5952057242393494,
    0.6290916800498962,
    0.8204566836357117,
    0.6305490732192993,
    0.5962737202644348,
    0.4864071011543274
  ],
  "chroma_std": [
    0.16119636595249176,
    0.17889289557933807,
    0.16597242653369904,
    0.21597465872764587,
    0.20947428047657013,
    0.21709509193897247,
    0.2277257740497589,
    0.1920674443244934,
    0.23908616602420807,
    0.18024010956287384,
    0.18110042810440063,
    0.16040857136249542
  ],
  "key_estimation": {
    "key": "C_minor",
    "confidence": 0.014242242457273442
  },
  "tonal_complexity": 0.09112215787172318
}