{
  "chroma_mean": [
    0.9400568604469299,
    0.7816787362098694,
    0.6247677206993103,
    0.6475155353546143,
    0.7287805676460266,
    0.8420731425285339,
    0.5833252668380737,
    0.6591293811798096,
    0.5716431736946106,
    0.623680830001831,
    0.5029805302619934,
    0.4401175379753113
  ],
  "chroma_std": [
    0.10110920667648315,
    0.14418330788612366,
    0.11569701135158539,
    0.12386281043291092,
    0.14868271350860596,
    0.14023759961128235,
    0.12928660213947296,
    0.12296082079410553,
    0.11486396193504333,
    0.11693399399518967,
    0.10932378470897675,
    0.10685832798480988
  ],
  "key_estimation": {
    "key": "C_major",
    "confidence": 0.642281146282873
  },
  "tonal_complexity": 0.13554522395133972
}