{
  "mfcc_mean": [
    -54.228271484375,
    51.402976989746094,
    27.99399185180664,
    50.340824127197266,
    14.969621658325195,
    11.83176326751709,
    4.325880527496338,
    7.1974711418151855,
    -3.07619571685791,
    -2.4778192043304443,
    -0.9739393591880798,
    2.7312891483306885,
    -4.215959072113037
  ],
  "mfcc_std": [
    77.34330749511719,
    19.2647762298584,
    14.696069717407227,
    9.789140701293945,
    7.883406162261963,
    6.798363208770752,
    6.833775520324707,
    5.2130126953125,
    5.767753601074219,
    5.533366680145264,
    5.661256790161133,
    5.178975582122803,
    5.0266876220703125
  ],
  "spectral_centroid_mean": 3140.7201631766343,
  "spectral_centroid_std": 654.5638576967661,
  "spectral_bandwidth_mean": 3013.70983663523,
  "spectral_bandwidth_std": 331.25192468429077,
  "spectral_rolloff_mean": 6879.210213667905,
  "spectral_rolloff_std": 1161.2863569279875,
  "spectral_flux_mean": 5702.4599609375,
  "spectral_flux_std": 4376.43701171875,
  "spectral_flatness_mean": 0.04532509297132492,
  "spectral_flatness_std": 0.06589675694704056,
  "spectral_slope_mean": -0.00025725291706755863,
  "spectral_spread_mean": 3020.7953627381467,
  "spectral_skewness_mean": 0.7696066036667748,
  "spectral_kurtosis_mean": 2.5977736862643006
}