{
  "chroma_mean": [
    0.35389602184295654,
    0.4709763824939728,
    0.4510638117790222,
    0.4969632029533386,
    0.5556622743606567,
    0.6474972367286682,
    0.6371591091156006,
    0.4767620265483856,
    0.38652077317237854,
    0.3212997019290924,
    0.3159922659397125,
    0.310658723115921
  ],
  "chroma_std": [
    0.22617489099502563,
    0.28704264760017395,
    0.27353808283805847,
    0.26500314474105835,
    0.28251513838768005,
    0.2802823483943939,
    0.2578854262828827,
    0.25857600569725037,
    0.20805469155311584,
    0.1958841234445572,
    0.20980696380138397,
    0.18942171335220337
  ],
  "key_estimation": {
    "key": "C_major",
    "confidence": 0.008485899340501552
  },
  "tonal_complexity": 0.11391323059797287
}