{
  "snr_db": 34.167149456012744,
  "dynamic_range_db": 19.899036341201594,
  "rms_energy": 0.13359899818897247,
  "zero_crossing_rate": 0.14505092346049575
}