{
  "mfcc_mean": [
    -13.97048282623291,
    55.75657272338867,
    -31.233495712280273,
    42.82221984863281,
    10.763681411743164,
    7.826924800872803,
    2.7055001258850098,
    12.687166213989258,
    -2.7968578338623047,
    5.518641948699951,
    -2.844816207885742,
    6.657810688018799,
    -8.849650382995605
  ],
  "mfcc_std": [
    57.13490676879883,
    13.9403715133667,
    10.754815101623535,
    11.018474578857422,
    9.726858139038086,
    8.119629859924316,
    7.771718502044678,
    6.8976616859436035,
    6.516008377075195,
    6.880890369415283,
    6.448762893676758,
    6.035553455352783,
    5.724125862121582
  ],
  "spectral_centroid_mean": 2974.4629280788104,
  "spectral_centroid_std": 380.91479217692313,
  "spectral_bandwidth_mean": 2382.724900612924,
  "spectral_bandwidth_std": 237.80134668252413,
  "spectral_rolloff_mean": 5464.374385353548,
  "spectral_rolloff_std": 908.0850314207825,
  "spectral_flux_mean": 5329.595703125,
  "spectral_flux_std": 3144.5419921875,
  "spectral_flatness_mean": 0.04663309454917908,
  "spectral_flatness_std": 0.03587556630373001,
  "spectral_slope_mean": -0.00041986330929618385,
  "spectral_spread_mean": 2382.724900622578,
  "spectral_skewness_mean": 0.9925415319058655,
  "spectral_kurtosis_mean": 3.5934520671057104
}