{
  "meta": {
    "path": "../../data/raw/MIREX-like_mood/dataset/Audio/162.mp3",
    "file_hash": "fe9fd11ab1755bafa7cf10ec0f6b754996cd4192",
    "duration_sec": 29.675102040816327,
    "sample_rate": 22050,
    "analysis_timestamp": "2025-10-24T20:07:32.494972",
    "config": {
      "sr": 22050,
      "n_fft": 2048,
      "hop_length": 512,
      "n_mels": 128,
      "n_mfcc": 13,
      "n_chroma": 12,
      "frame_length": 2048,
      "workers": 4,
      "use_crepe": false,
      "save_matrices": false,
      "save_plots": true,
      "force": true,
      "quick": false,
      "verbose": false
    },
    "processing_time_sec": 2.8837332725524902
  },
  "acoustic": {
    "mfcc_mean": [
      -13.97048282623291,
      55.75657272338867,
      -31.233495712280273,
      42.82221984863281,
      10.763681411743164,
      7.826924800872803,
      2.7055001258850098,
      12.687166213989258,
      -2.7968578338623047,
      5.518641948699951,
      -2.844816207885742,
      6.657810688018799,
      -8.849650382995605
    ],
    "mfcc_std": [
      57.13490676879883,
      13.9403715133667,
      10.754815101623535,
      11.018474578857422,
      9.726858139038086,
      8.119629859924316,
      7.771718502044678,
      6.8976616859436035,
      6.516008377075195,
      6.880890369415283,
      6.448762893676758,
      6.035553455352783,
      5.724125862121582
    ],
    "spectral_centroid_mean": 2974.4629280788104,
    "spectral_centroid_std": 380.91479217692313,
    "spectral_bandwidth_mean": 2382.724900612924,
    "spectral_bandwidth_std": 237.80134668252413,
    "spectral_rolloff_mean": 5464.374385353548,
    "spectral_rolloff_std": 908.0850314207825,
    "spectral_flux_mean": 5329.595703125,
    "spectral_flux_std": 3144.5419921875,
    "spectral_flatness_mean": 0.04663309454917908,
    "spectral_flatness_std": 0.03587556630373001,
    "spectral_slope_mean": -0.00041986330929618385,
    "spectral_spread_mean": 2382.724900622578,
    "spectral_skewness_mean": 0.9925415319058655,
    "spectral_kurtosis_mean": 3.5934520671057104
  },
  "rhythm": {
    "tempo_bpm": 135.99917763157896,
    "tempo_confidence": 0.988871741258406,
    "beat_positions": [
      0.13931972789115646,
      0.5804988662131519,
      1.0216780045351475,
      1.4628571428571429,
      1.9040362811791383,
      2.345215419501134,
      2.809614512471655,
      3.250793650793651,
      3.6919727891156464,
      4.133151927437642,
      4.574331065759637,
      5.015510204081632,
      5.456689342403628,
      5.921088435374149,
      6.362267573696145,
      6.826666666666667,
      7.267845804988662,
      7.732244897959184,
      8.17342403628118,
      8.614603174603175,
      9.05578231292517,
      9.496961451247165,
      9.93814058956916,
      10.402539682539683,
      10.843718820861678,
      11.3081179138322,
      11.749297052154194,
      12.19047619047619,
      12.654875283446712,
      13.096054421768708,
      13.537233560090703,
      14.001632653061224,
      14.466031746031746,
      14.907210884353741,
      15.371609977324264,
      15.81278911564626,
      16.27718820861678,
      16.718367346938777,
      17.182766439909297,
      17.623945578231293,
      18.06512471655329,
      18.52952380952381,
      18.970702947845805,
      19.435102040816325,
      19.87628117913832,
      20.340680272108845,
      20.78185941043084,
      21.223038548752836,
      21.687437641723356,
      22.128616780045352,
      22.593015873015872,
      23.057414965986396,
      23.521814058956917,
      23.962993197278912,
      24.404172335600908,
      24.86857142857143,
      25.33297052154195,
      25.797369614512473,
      26.261768707482993,
      26.70294784580499,
      27.144126984126984,
      27.58530612244898
    ],
    "onset_times": [
      0.13931972789115646,
      0.34829931972789113,
      0.5572789115646258,
      0.9984580498866213,
      1.4628571428571429,
      1.9040362811791383,
      2.345215419501134,
      2.786394557823129,
      3.01859410430839,
      3.2275736961451247,
      3.575873015873016,
      3.6687528344671203,
      4.133151927437642,
      4.574331065759637,
      5.015510204081632,
      5.456689342403628,
      5.921088435374149,
      6.362267573696145,
      6.8034467120181406,
      7.244625850340136,
      7.732244897959184,
      8.150204081632653,
      8.591383219954649,
      9.05578231292517,
      9.311201814058958,
      9.496961451247165,
      9.93814058956916,
      10.402539682539683,
      10.843718820861678,
      11.075918367346938,
      11.3081179138322,
      11.749297052154194,
      12.19047619047619,
      12.631655328798185,
      13.096054421768708,
      13.537233560090703,
      13.978412698412699,
      14.44281179138322,
      14.675011337868481,
      14.837551020408164,
      14.907210884353741,
      15.348390022675737,
      15.789569160997733,
      16.27718820861678,
      17.159546485260773,
      17.623945578231293,
      17.786485260770974,
      18.06512471655329,
      18.52952380952381,
      18.970702947845805,
      19.4118820861678,
      19.87628117913832,
      20.317460317460316,
      20.78185941043084,
      21.223038548752836,
      21.687437641723356,
      21.91963718820862,
      22.128616780045352,
      22.593015873015872,
      23.49859410430839,
      23.962993197278912,
      24.404172335600908,
      24.79891156462585,
      24.86857142857143,
      25.56517006802721,
      26.006349206349206,
      26.23854875283447,
      26.470748299319727,
      26.679727891156464,
      26.911927437641722,
      27.144126984126984,
      27.353106575963718,
      27.58530612244898,
      27.794285714285714,
      28.026485260770976,
      28.258684807256238,
      28.46766439909297,
      28.583764172335602,
      28.792743764172336,
      28.978503401360545,
      29.094603174603176,
      29.30358276643991
    ],
    "rhythm_regularity": 0.9749885862959484,
    "syncopation_index": 0.2682926829268293,
    "beat_count": 62,
    "onset_count": 82
  },
  "harmony": {
    "chroma_mean": [
      0.38112199306488037,
      0.44215527176856995,
      0.6776113510131836,
      0.4647093117237091,
      0.7651565670967102,
      0.4203713536262512,
      0.41084232926368713,
      0.3584819734096527,
      0.42557600140571594,
      0.5455566644668579,
      0.360665887594223,
      0.469880610704422
    ],
    "chroma_std": [
      0.16139480471611023,
      0.17097866535186768,
      0.29495978355407715,
      0.15601198375225067,
      0.27056950330734253,
      0.17844434082508087,
      0.14880041778087616,
      0.1425214409828186,
      0.1547912210226059,
      0.25352582335472107,
      0.1447233259677887,
      0.19277961552143097
    ],
    "key_estimation": {
      "key": "C_major",
      "confidence": 0.04313412967622921
    },
    "tonal_complexity": 0.12124203145503998
  },
  "quality": {
    "snr_db": 33.09007336391234,
    "dynamic_range_db": 17.372589460125916,
    "rms_energy": 0.17446623742580414,
    "zero_crossing_rate": 0.19408549770328382
  },
  "lyrics": {
    "word_count": 214,
    "unique_word_count": 148,
    "sentence_count": 11,
    "avg_words_per_sentence": 19.454545454545453,
    "readability": null,
    "sentiment_analysis": null,
    "topic_keywords": [
      "the",
      "you",
      "got",
      "your",
      "have",
      "it's",
      "night",
      "going",
      "Hitch",
      "ride"
    ],
    "repetition_analysis": {
      "repetition_ratio": 0.30841121495327106,
      "most_common_words": [
        [
          "the",
          11
        ],
        [
          "you",
          5
        ],
        [
          "got",
          4
        ],
        [
          "your",
          3
        ],
        [
          "have",
          3
        ]
      ]
    }
  }
}