{
  "snr_db": 33.50248777678375,
  "dynamic_range_db": 18.342751913290968,
  "rms_energy": 0.15822315216064453,
  "zero_crossing_rate": 0.1302008252296716
}