{
  "chroma_mean": [
    0.22413043677806854,
    0.3311960697174072,
    0.3719934821128845,
    0.22621002793312073,
    0.4882696866989136,
    0.23061856627464294,
    0.3747463524341583,
    0.4586566984653473,
    0.3015354573726654,
    0.6270628571510315,
    0.22115443646907806,
    0.35345959663391113
  ],
  "chroma_std": [
    0.19415055215358734,
    0.2575252950191498,
    0.25165417790412903,
    0.16936659812927246,
    0.31644734740257263,
    0.18611231446266174,
    0.27923107147216797,
    0.34946873784065247,
    0.22968359291553497,
    0.3557451367378235,
    0.18853963911533356,
    0.278656929731369
  ],
  "key_estimation": {
    "key": "C_major",
    "confidence": 0.14934709454825437
  },
  "tonal_complexity": 0.12024713307619095
}