{
  "snr_db": 35.273645583981654,
  "dynamic_range_db": 19.397153817481517,
  "rms_energy": 0.14491035044193268,
  "zero_crossing_rate": 0.1479083695758405
}