{
  "chroma_mean": [
    0.28059861063957214,
    0.691948652267456,
    0.28018590807914734,
    0.3815973401069641,
    0.4074980616569519,
    0.333607017993927,
    0.46759283542633057,
    0.32213789224624634,
    0.4802316427230835,
    0.25563278794288635,
    0.2217731475830078,
    0.32385772466659546
  ],
  "chroma_std": [
    0.20217815041542053,
    0.3247640132904053,
    0.20233756303787231,
    0.2657812833786011,
    0.28298288583755493,
    0.2746933400630951,
    0.31825512647628784,
    0.2656692564487457,
    0.3306082487106323,
    0.20200034976005554,
    0.1682356894016266,
    0.24250423908233643
  ],
  "key_estimation": {
    "key": "C_minor",
    "confidence": -0.2928820841981996
  },
  "tonal_complexity": 0.12373284250497818
}