{
  "tempo_bpm": 107.666015625,
  "tempo_confidence": 0.9885662428555155,
  "beat_positions": [
    0.5340589569160997,
    1.1145578231292517,
    1.6718367346938776,
    2.2291156462585033,
    2.809614512471655,
    3.3901133786848074,
    3.947392290249433,
    4.527891156462585,
    5.085170068027211,
    5.6656689342403626,
    6.222947845804988,
    6.8034467120181406,
    7.360725623582766,
    7.9412244897959186,
    8.498503401360544,
    9.05578231292517,
    9.636281179138322,
    10.216780045351474,
    10.797278911564625,
    11.377777777777778,
    11.95827664399093,
    12.515555555555556,
    13.096054421768708,
    13.653333333333334,
    14.233832199546486,
    14.814331065759637,
    15.371609977324264,
    15.928888888888888,
    16.486167800453515,
    17.066666666666666,
    17.623945578231293,
    18.18122448979592,
    18.738503401360543,
    19.319002267573698,
    19.87628117913832,
    20.456780045351476,
    21.0140589569161,
    21.571337868480725,
    22.128616780045352,
    22.709115646258503,
    23.26639455782313,
    23.84689342403628,
    24.404172335600908,
    24.961451247165535,
    25.541950113378686,
    26.09922902494331,
    26.656507936507936
  ],
  "onset_times": [
    0.13931972789115646,
    0.23219954648526078,
    0.4179591836734694,
    0.5340589569160997,
    0.6965986394557823,
    0.8126984126984127,
    0.9752380952380952,
    1.3931972789115645,
    1.6718367346938776,
    1.9504761904761905,
    2.2291156462585033,
    2.507755102040816,
    2.786394557823129,
    3.0882539682539685,
    3.3668934240362813,
    3.645532879818594,
    3.924172335600907,
    4.1099319727891155,
    4.2260317460317465,
    4.504671201814059,
    4.783310657596372,
    5.085170068027211,
    5.2477097505668935,
    5.363809523809524,
    5.50312925170068,
    5.944308390022676,
    6.222947845804988,
    6.501587301587302,
    6.664126984126984,
    6.780226757369615,
    7.082086167800454,
    7.360725623582766,
    7.546485260770975,
    7.662585034013605,
    7.918004535147392,
    8.080544217687075,
    8.196643990929704,
    8.243083900226758,
    8.475283446712018,
    8.6378231292517,
    8.777142857142858,
    9.032562358276644,
    9.334421768707482,
    9.636281179138322,
    9.914920634920636,
    10.193560090702947,
    10.495419501133787,
    10.797278911564625,
    11.075918367346938,
    11.377777777777778,
    11.54031746031746,
    11.656417233560092,
    11.95827664399093,
    12.120816326530612,
    12.236916099773243,
    12.515555555555556,
    12.794195011337868,
    13.235374149659863,
    13.630113378684808,
    13.931972789115646,
    14.187392290249432,
    14.233832199546486,
    14.466031746031746,
    14.512471655328799,
    14.814331065759637,
    14.97687074829932,
    15.27873015873016,
    15.371609977324264,
    15.650249433106575,
    15.81278911564626,
    15.928888888888888,
    16.207528344671204,
    16.486167800453515,
    16.648707482993196,
    16.764807256235827,
    16.950566893424035,
    17.04344671201814,
    17.205986394557822,
    17.345306122448978,
    17.600725623582765,
    17.832925170068027,
    18.06512471655329,
    18.18122448979592,
    18.390204081632653,
    18.483083900226756,
    18.715283446712018,
    18.76172335600907,
    19.017142857142858,
    19.319002267573698,
    19.504761904761907,
    19.760181405895693,
    19.87628117913832,
    20.154920634920636,
    20.433560090702947,
    20.735419501133787,
    20.990839002267574,
    21.269478458049885,
    21.43201814058957,
    21.571337868480725,
    21.71065759637188,
    21.849977324263037,
    22.128616780045352,
    22.360816326530614,
    22.593015873015872,
    22.709115646258503,
    22.918095238095237,
    22.987755102040815,
    23.2431746031746,
    23.521814058956917,
    23.84689342403628,
    24.009433106575965,
    24.288072562358277,
    24.404172335600908,
    24.68281179138322,
    24.961451247165535,
    25.240090702947846,
    25.541950113378686,
    25.820589569160997,
    25.98312925170068,
    26.09922902494331,
    26.261768707482993,
    26.377868480725624,
    26.656507936507936,
    26.911927437641722,
    27.144126984126984,
    27.237006802721087,
    27.46920634920635,
    27.538866213151927,
    27.794285714285714,
    28.096145124716553,
    28.35156462585034,
    28.514104308390024,
    28.65342403628118,
    28.792743764172336,
    28.908843537414967,
    29.210702947845807,
    29.280362811791385,
    29.489342403628118
  ],
  "rhythm_regularity": 0.9796329969113072,
  "syncopation_index": 0.6594202898550725,
  "beat_count": 47,
  "onset_count": 138
}