{
  "chroma_mean": [
    0.5223520398139954,
    0.6078145503997803,
    0.5901985764503479,
    0.5461464524269104,
    0.6370691657066345,
    0.4972982704639435,
    0.4881402850151062,
    0.437265008687973,
    0.5763662457466125,
    0.5615572929382324,
    0.47534671425819397,
    0.5920560956001282
  ],
  "chroma_std": [
    0.2145320475101471,
    0.24593548476696014,
    0.2546898424625397,
    0.21565984189510345,
    0.2870279848575592,
    0.21402329206466675,
    0.230183407664299,
    0.21377359330654144,
    0.229104682803154,
    0.25269779562950134,
    0.22069533169269562,
    0.2553599178791046
  ],
  "key_estimation": {
    "key": "C_major",
    "confidence": -0.22423879750157943
  },
  "tonal_complexity": 0.05803220346570015
}