{
  "meta": {
    "path": "../../data/raw/MIREX-like_mood/dataset/Audio/606.mp3",
    "file_hash": "f54a6b67d4286e5bf537f9399706daf8cba6e833",
    "duration_sec": 29.675102040816327,
    "sample_rate": 22050,
    "analysis_timestamp": "2025-10-24T20:25:14.459826",
    "config": {
      "sr": 22050,
      "n_fft": 2048,
      "hop_length": 512,
      "n_mels": 128,
      "n_mfcc": 13,
      "n_chroma": 12,
      "frame_length": 2048,
      "workers": 4,
      "use_crepe": false,
      "save_matrices": false,
      "save_plots": true,
      "force": true,
      "quick": false,
      "verbose": false
    },
    "processing_time_sec": 3.187013626098633
  },
  "acoustic": {
    "mfcc_mean": [
      -100.08715057373047,
      81.18958282470703,
      -0.6795511841773987,
      30.553762435913086,
      4.17471981048584,
      4.18794059753418,
      -5.160898208618164,
      -4.153613567352295,
      1.6476067304611206,
      1.8558796644210815,
      -4.310174942016602,
      1.8138642311096191,
      0.16132833063602448
    ],
    "mfcc_std": [
      76.12944793701172,
      36.20236587524414,
      24.163293838500977,
      15.35926342010498,
      12.03536319732666,
      12.592841148376465,
      10.375329971313477,
      9.079873085021973,
      9.919517517089844,
      7.810566425323486,
      7.3203229904174805,
      8.275483131408691,
      8.006339073181152
    ],
    "spectral_centroid_mean": 2700.9146449130503,
    "spectral_centroid_std": 933.8330316784452,
    "spectral_bandwidth_mean": 2577.009155726428,
    "spectral_bandwidth_std": 530.0865888927364,
    "spectral_rolloff_mean": 5612.421470325939,
    "spectral_rolloff_std": 1823.980117699585,
    "spectral_flux_mean": 3241.314453125,
    "spectral_flux_std": 4071.699951171875,
    "spectral_flatness_mean": 0.03922814503312111,
    "spectral_flatness_std": 0.050668612122535706,
    "spectral_slope_mean": -0.00036293334478269097,
    "spectral_spread_mean": 2577.009155321482,
    "spectral_skewness_mean": 1.2060514813651226,
    "spectral_kurtosis_mean": 4.23599913731565
  },
  "rhythm": {
    "tempo_bpm": 107.666015625,
    "tempo_confidence": 0.9885662428555155,
    "beat_positions": [
      0.5340589569160997,
      1.1145578231292517,
      1.6718367346938776,
      2.2291156462585033,
      2.809614512471655,
      3.3901133786848074,
      3.947392290249433,
      4.527891156462585,
      5.085170068027211,
      5.6656689342403626,
      6.222947845804988,
      6.8034467120181406,
      7.360725623582766,
      7.9412244897959186,
      8.498503401360544,
      9.05578231292517,
      9.636281179138322,
      10.216780045351474,
      10.797278911564625,
      11.377777777777778,
      11.95827664399093,
      12.515555555555556,
      13.096054421768708,
      13.653333333333334,
      14.233832199546486,
      14.814331065759637,
      15.371609977324264,
      15.928888888888888,
      16.486167800453515,
      17.066666666666666,
      17.623945578231293,
      18.18122448979592,
      18.738503401360543,
      19.319002267573698,
      19.87628117913832,
      20.456780045351476,
      21.0140589569161,
      21.571337868480725,
      22.128616780045352,
      22.709115646258503,
      23.26639455782313,
      23.84689342403628,
      24.404172335600908,
      24.961451247165535,
      25.541950113378686,
      26.09922902494331,
      26.656507936507936
    ],
    "onset_times": [
      0.13931972789115646,
      0.23219954648526078,
      0.4179591836734694,
      0.5340589569160997,
      0.6965986394557823,
      0.8126984126984127,
      0.9752380952380952,
      1.3931972789115645,
      1.6718367346938776,
      1.9504761904761905,
      2.2291156462585033,
      2.507755102040816,
      2.786394557823129,
      3.0882539682539685,
      3.3668934240362813,
      3.645532879818594,
      3.924172335600907,
      4.1099319727891155,
      4.2260317460317465,
      4.504671201814059,
      4.783310657596372,
      5.085170068027211,
      5.2477097505668935,
      5.363809523809524,
      5.50312925170068,
      5.944308390022676,
      6.222947845804988,
      6.501587301587302,
      6.664126984126984,
      6.780226757369615,
      7.082086167800454,
      7.360725623582766,
      7.546485260770975,
      7.662585034013605,
      7.918004535147392,
      8.080544217687075,
      8.196643990929704,
      8.243083900226758,
      8.475283446712018,
      8.6378231292517,
      8.777142857142858,
      9.032562358276644,
      9.334421768707482,
      9.636281179138322,
      9.914920634920636,
      10.193560090702947,
      10.495419501133787,
      10.797278911564625,
      11.075918367346938,
      11.377777777777778,
      11.54031746031746,
      11.656417233560092,
      11.95827664399093,
      12.120816326530612,
      12.236916099773243,
      12.515555555555556,
      12.794195011337868,
      13.235374149659863,
      13.630113378684808,
      13.931972789115646,
      14.187392290249432,
      14.233832199546486,
      14.466031746031746,
      14.512471655328799,
      14.814331065759637,
      14.97687074829932,
      15.27873015873016,
      15.371609977324264,
      15.650249433106575,
      15.81278911564626,
      15.928888888888888,
      16.207528344671204,
      16.486167800453515,
      16.648707482993196,
      16.764807256235827,
      16.950566893424035,
      17.04344671201814,
      17.205986394557822,
      17.345306122448978,
      17.600725623582765,
      17.832925170068027,
      18.06512471655329,
      18.18122448979592,
      18.390204081632653,
      18.483083900226756,
      18.715283446712018,
      18.76172335600907,
      19.017142857142858,
      19.319002267573698,
      19.504761904761907,
      19.760181405895693,
      19.87628117913832,
      20.154920634920636,
      20.433560090702947,
      20.735419501133787,
      20.990839002267574,
      21.269478458049885,
      21.43201814058957,
      21.571337868480725,
      21.71065759637188,
      21.849977324263037,
      22.128616780045352,
      22.360816326530614,
      22.593015873015872,
      22.709115646258503,
      22.918095238095237,
      22.987755102040815,
      23.2431746031746,
      23.521814058956917,
      23.84689342403628,
      24.009433106575965,
      24.288072562358277,
      24.404172335600908,
      24.68281179138322,
      24.961451247165535,
      25.240090702947846,
      25.541950113378686,
      25.820589569160997,
      25.98312925170068,
      26.09922902494331,
      26.261768707482993,
      26.377868480725624,
      26.656507936507936,
      26.911927437641722,
      27.144126984126984,
      27.237006802721087,
      27.46920634920635,
      27.538866213151927,
      27.794285714285714,
      28.096145124716553,
      28.35156462585034,
      28.514104308390024,
      28.65342403628118,
      28.792743764172336,
      28.908843537414967,
      29.210702947845807,
      29.280362811791385,
      29.489342403628118
    ],
    "rhythm_regularity": 0.9796329969113072,
    "syncopation_index": 0.6594202898550725,
    "beat_count": 47,
    "onset_count": 138
  },
  "harmony": {
    "chroma_mean": [
      0.5223520398139954,
      0.6078145503997803,
      0.5901985764503479,
      0.5461464524269104,
      0.6370691657066345,
      0.4972982704639435,
      0.4881402850151062,
      0.437265008687973,
      0.5763662457466125,
      0.5615572929382324,
      0.47534671425819397,
      0.5920560956001282
    ],
    "chroma_std": [
      0.2145320475101471,
      0.24593548476696014,
      0.2546898424625397,
      0.21565984189510345,
      0.2870279848575592,
      0.21402329206466675,
      0.230183407664299,
      0.21377359330654144,
      0.229104682803154,
      0.25269779562950134,
      0.22069533169269562,
      0.2553599178791046
    ],
    "key_estimation": {
      "key": "C_major",
      "confidence": -0.22423879750157943
    },
    "tonal_complexity": 0.05803220346570015
  },
  "quality": {
    "snr_db": 36.564032470782,