{
  "meta": {
    "path": "../../data/raw/MIREX-like_mood/dataset/Audio/728.mp3",
    "file_hash": "c801486e85e773efb3c7edf18f16420821dae35c",
    "duration_sec": 29.72154195011338,
    "sample_rate": 22050,
    "analysis_timestamp": "2025-10-24T20:04:13.245505",
    "config": {
      "sr": 22050,
      "n_fft": 2048,
      "hop_length": 512,
      "n_mels": 128,
      "n_mfcc": 13,
      "n_chroma": 12,
      "frame_length": 2048,
      "workers": 4,
      "use_crepe": false,
      "save_matrices": false,
      "save_plots": true,
      "force": true,
      "quick": false,
      "verbose": false
    },
    "processing_time_sec": 3.6597282886505127
  },
  "acoustic": {
    "mfcc_mean": [
      -184.9612274169922,
      123.87614440917969,
      -11.975369453430176,
      24.338220596313477,
      16.34626007080078,
      -8.107000350952148,
      13.760909080505371,
      -9.940710067749023,
      -4.87563419342041,
      2.292492628097534,
      -5.006208419799805,
      -1.6202260255813599,
      -9.111185073852539
    ],
    "mfcc_std": [
      78.88233947753906,
      35.487693786621094,
      27.889732360839844,
      12.974507331848145,
      12.971924781799316,
      15.647512435913086,
      13.730268478393555,
      12.489761352539062,
      9.482098579406738,
      8.09847640991211,
      7.411067485809326,
      7.7033209800720215,
      7.240804672241211
    ],
    "spectral_centroid_mean": 1801.034526802302,
    "spectral_centroid_std": 850.9011801091953,
    "spectral_bandwidth_mean": 2120.4494231860835,
    "spectral_bandwidth_std": 541.8773247689412,
    "spectral_rolloff_mean": 3529.3693167264346,
    "spectral_rolloff_std": 1694.9194786477801,
    "spectral_flux_mean": 1430.6207275390625,
    "spectral_flux_std": 2537.7412109375,
    "spectral_flatness_mean": 0.01095788087695837,
    "spectral_flatness_std": 0.03444726765155792,
    "spectral_slope_mean": -0.00044822285498065335,
    "spectral_spread_mean": 2120.4494224547443,
    "spectral_skewness_mean": 2.2261569175843676,
    "spectral_kurtosis_mean": 9.408498435169683
  },
  "rhythm": {
    "tempo_bpm": 135.99917763157896,
    "tempo_confidence": 0.9910021475915062,
    "beat_positions": [
      0.5804988662131519,
      1.0216780045351475,
      1.4628571428571429,
      1.9040362811791383,
      2.3219954648526078,
      2.7631746031746034,
      3.2043537414965986,
      3.645532879818594,
      4.08671201814059,
      4.527891156462585,
      4.96907029478458,
      5.410249433106576,
      5.851428571428571,
      6.315827664399093,
      6.757006802721088,
      7.198185941043084,
      7.616145124716553,
      8.057324263038549,
      8.498503401360544,
      8.916462585034013,
      9.357641723356009,
      9.798820861678005,
      10.24,
      10.681179138321996,
      11.122358276643991,
      11.563537414965987,
      12.004716553287983,
      12.445895691609977,
      12.887074829931972,
      13.351473922902494,
      13.769433106575963,
      14.210612244897959,
      14.675011337868481,
      15.116190476190477,
      15.557369614512472,
      15.998548752834466,
      16.439727891156462,
      16.880907029478458,
      17.29886621315193,
      17.740045351473924,
      18.18122448979592,
      18.622403628117915,
      19.06358276643991,
      19.504761904761907,
      19.9459410430839,
      20.387120181405894,
      20.82829931972789,
      21.269478458049885,
      21.71065759637188,
      22.151836734693877,
      22.569795918367348,
      23.010975056689343,
      23.45215419501134,
      23.893333333333334,
      24.357732426303855,
      24.79891156462585,
      25.240090702947846,
      25.68126984126984,
      26.122448979591837,
      26.563628117913833,
      27.00480725623583,
      27.445986394557824,
      27.88716553287982,
      28.328344671201815,
      28.76952380952381,
      29.210702947845807
    ],
    "onset_times": [
      0.13931972789115646,
      0.3250793650793651,
      0.5804988662131519,
      0.7894784580498866,
      0.9984580498866213,
      1.230657596371882,
      1.4396371882086167,
      1.6486167800453515,
      1.8808163265306121,
      2.1130158730158732,
      2.2987755102040817,
      2.7631746031746034,
      2.972154195011338,
      3.1811337868480725,
      3.4133333333333336,
      3.622312925170068,
      3.8545124716553287,
      3.9706122448979593,
      4.295691609977324,
      4.504671201814059,
      4.783310657596372,
      4.9458503401360545,
      5.178049886621316,
      5.38702947845805,
      5.828208616780046,
      6.292607709750567,
      6.455147392290249,
      6.710566893424036,
      6.965986394557823,
      7.174965986394557,
      7.500045351473923,
      7.616145124716553,
      8.034104308390022,
      8.266303854875284,
      8.475283446712018,
      8.70748299319728,
      8.916462585034013,
      9.148662131519274,
      9.334421768707482,
      9.58984126984127,
      9.798820861678005,
      10.031020408163265,
      10.24,
      10.448979591836734,
      10.681179138321996,
      10.89015873015873,
      11.122358276643991,
      11.54031746031746,
      11.795736961451247,
      11.981496598639456,
      12.236916099773243,
      12.422675736961452,
      12.678095238095239,
      12.887074829931972,
      13.119274376417234,
      13.328253968253968,
      13.56045351473923,
      13.769433106575963,
      14.001632653061224,
      14.210612244897959,
      14.44281179138322,
      14.651791383219955,
      14.930430839002268,
      15.09297052154195,
      15.32517006802721,
      15.534149659863946,
      15.766349206349206,
      15.975328798185942,
      16.23074829931973,
      16.439727891156462,
      16.880907029478458,
      17.08988662131519,
      17.29886621315193,
      17.531065759637187,
      17.740045351473924,
      17.972244897959182,
      18.18122448979592,
      18.599183673469387,
      18.854603174603174,
      19.040362811791383,
      19.272562358276645,
      19.481541950113378,
      19.71374149659864,
      19.9459410430839,
      20.36390022675737,
      20.572879818594103,
      20.619319727891156,
      20.82829931972789,
      21.0140589569161,
      21.060498866213152,
      21.269478458049885,
      21.478458049886623,
      21.71065759637188,
      21.942857142857143,
      22.128616780045352,
      22.360816326530614,
      22.569795918367348,
      22.6162358276644,
      22.801995464852606,
      23.010975056689343,
      23.2431746031746,
      23.45215419501134,
      23.707573696145126,
      23.893333333333334,
      24.125532879818593,
      24.357732426303855,
      24.56671201814059,
      24.775691609977326,
      25.007891156462584,
      25.240090702947846,
      25.472290249433108,
      25.68126984126984,
      25.890249433106575,
      26.122448979591837,
      26.354648526077096,
      26.563628117913833,
      26.772607709750567,
      26.9815873015873,
      27.422766439909296,
      27.631746031746033,
      27.88716553287982,
      28.096145124716553,
      28.328344671201815,
      28.53732426303855,
      28.746303854875283,
      29.00172335600907,
      29.18748299319728,
      29.41968253968254,
      29.628662131519274
    ],
    "rhythm_regularity": 0.9793864314239437,
    "syncopation_index": 0.4883720930232558,
    "beat_count": 66,
    "onset_count": 129
  },
  "harmony": {
    "chroma_mean": [
      0.3152925372123718,
      0.3521638810634613,
      0.5102487802505493,
      0.30420228838920593,
      0.47875672578811646,
      0.37553128600120544,
      0.5198280811309814,
      0.5577784180641174,
      0.49353036284446716,
      0.8482928276062012,
      0.4051295518875122,
      0.3715533912181854
    ],